{
  "format_version":"1.16.100",
  "animation_controllers":{
    "controller.animation.sabo":{
      "states":{
        "default":{
          "transitions":[
            {"attack1":"variable.attack_time"}
          ]
        },
        "attack1":{
          "transitions":[
            {"state2":"!variable.attack_time"}
          ]
        },
        "state2":{
          "transitions":[
            {"default":"!query.has_target || query.is_in_water"},
            {"attack2":"variable.attack_time"}
          ]
        },
        "attack2":{
          "transitions":[
            {"state3":"!variable.attack_time"}
          ]
        },
        "state3":{
          "transitions":[
            {"k":"query.variant == 27000"},
            {"kurouzu":"query.variant == 270"},
            {"default":"!query.has_target || query.is_in_water"},
            {"attack3":"variable.attack_time"}
          ]
        },
        "attack3":{
          "transitions":[
            {"default":"!variable.attack_time"}
          ],
          "on_entry":[
            "/summon op_asa:sabo_attack",
            "/particle op_asa:kaenryuo_particle2 ^^1^1"
          ]
        },
        "kurouzu":{
          "transitions":[
            {"default":"query.variant == 0"}
          ]
        },
        "k":{}
      }
    }
  }
}