{
	"file_path": "C:\\Users\\fiddy\\AppData\\Local\\Packages\\Microsoft.MinecraftUWP_8wekyb3d8bbwe\\LocalState\\games\\com.mojang\\development_behavior_packs\\H_DecorB\\blocks\\effect_blocks\\effect_block_eyes.json",
	"file_type": "block",
	"format_version": 1,
	"file_uuid": "bb3e303a_8732_477a_a7a6_38cc63e0e978",
	"file_version": 194,
	"cache_content": {
		"children": [
			{
				"data": "1.17.0",
				"key": "format_version"
			},
			{
				"open": {
					"format_version": "1.17.0",
					"minecraft:block": {
						"description": {
							"identifier": "boi:effect_block_eyes",
							"properties": {
								"minecraft:direction": {}
							}
						},
						"components": {
							"minecraft:block_light_absorption": 0,
							"minecraft:destroy_time": 0.3,
							"minecraft:explosion_resistance": 1,
							"minecraft:on_interact": {
								"target": "self",
								"event": "advance_stage"
							},
							"minecraft:map_color": "#864332",
							"minecraft:material_instances": {
								"*": {
									"texture": "effect_block",
									"render_method": "opaque"
								}
							},
							"minecraft:geometry": "geometry.effect.block",
							"minecraft:entity_collision": false,
							"minecraft:pick_collision": {
								"origin": [
									-4,
									0,
									-4
								],
								"size": [
									8,
									2,
									8
								]
							},
							"minecraft:on_placed": {
								"event": "placed_effect"
							}
						},
						"permutations": [
							{
								"condition": "q.block_property('minecraft:direction') == 0",
								"components": {
									"minecraft:ticking": {
										"looping": true,
										"range": [
											1,
											1
										],
										"on_tick": {
											"event": "effect"
										}
									}
								}
							},
							{
								"condition": "q.block_property('minecraft:direction') == 1",
								"components": {
									"minecraft:ticking": {
										"looping": true,
										"range": [
											1,
											1
										],
										"on_tick": {
											"event": "effect_above"
										}
									}
								}
							},
							{
								"condition": "q.block_property('minecraft:direction') == 2",
								"components": {
									"minecraft:ticking": {
										"looping": true,
										"range": [
											1,
											1
										],
										"on_tick": {
											"event": "effect_below"
										}
									}
								}
							},
							{
								"condition": "q.block_property('minecraft:direction') == 3",
								"components": {
									"minecraft:material_instances": {
										"*": {
											"texture": "effect_block",
											"render_method": "opaque"
										}
									}
								}
							}
						],
						"events": {
							"advance_stage": {
								"sequence": [
									{
										"set_block_property": {
											"minecraft:direction": 0
										},
										"condition": "query.block_property('minecraft:direction')==3",
										"run_command": {
											"command": [
												"title @a[r=4] actionbar Effect: On"
											]
										},
										"trigger": {
											"event": "effect"
										}
									},
									{
										"set_block_property": {
											"minecraft:direction": "query.block_property('minecraft:direction')+1"
										},
										"condition": "query.block_property('minecraft:direction')<3"
									},
									{
										"run_command": {
											"command": [
												"playsound random.click @a ~~~ 1 0.9"
											]
										}
									},
									{
										"condition": "query.block_property('minecraft:direction')==0",
										"run_command": {
											"command": [
												"title @a[r=4] actionbar Effect: Block Above"
											]
										},
										"trigger": {
											"event": "effect_above"
										}
									},
									{
										"condition": "query.block_property('minecraft:direction')==1",
										"run_command": {
											"command": [
												"title @a[r=4] actionbar Effect: Block Below"
											]
										},
										"trigger": {
											"event": "effect_below"
										}
									},
									{
										"condition": "query.block_property('minecraft:direction')==2",
										"run_command": {
											"command": [
												"title @a[r=4] actionbar Effect: Off"
											]
										}
									}
								]
							},
							"effect_above": {
								"randomize": [
									{
										"weight": 100,
										"run_command": {
											"command": [
												"particle boi:eyes_open ~~2~"
											]
										}
									},
									{
										"weight": 10,
										"run_command": {
											"command": [
												"particle boi:eyes_closed ~~2~"
											]
										}
									}
								]
							},
							"effect_below": {
								"randomize": [
									{
										"weight": 100,
										"run_command": {
											"command": [
												"particle boi:eyes_open ~~-2~"
											]
										}
									},
									{
										"weight": 10,
										"run_command": {
											"command": [
												"particle boi:eyes_closed ~~-2~"
											]
										}
									}
								]
							},
							"effect": {
								"randomize": [
									{
										"weight": 100,
										"run_command": {
											"command": [
												"particle boi:eyes_open ~~~"
											]
										}
									},
									{
										"weight": 10,
										"run_command": {
											"command": [
												"particle boi:eyes_closed ~~~"
											]
										}
									}
								]
							},
							"placed_effect": {
								"sequence": [
									{
										"condition": "query.block_property('minecraft:direction')==0",
										"trigger": {
											"event": "effect"
										}
									}
								]
							}
						}
					}
				},
				"key": "minecraft:block",
				"children": [
					{
						"open": {
							"description": {
								"identifier": "boi:effect_block_eyes",
								"properties": {
									"minecraft:direction": {}
								}
							},
							"components": {
								"minecraft:block_light_absorption": 0,
								"minecraft:destroy_time": 0.3,
								"minecraft:explosion_resistance": 1,
								"minecraft:on_interact": {
									"target": "self",
									"event": "advance_stage"
								},
								"minecraft:map_color": "#864332",
								"minecraft:material_instances": {
									"*": {
										"texture": "effect_block",
										"render_method": "opaque"
									}
								},
								"minecraft:geometry": "geometry.effect.block",
								"minecraft:entity_collision": false,
								"minecraft:pick_collision": {
									"origin": [
										-4,
										0,
										-4
									],
									"size": [
										8,
										2,
										8
									]
								},
								"minecraft:on_placed": {
									"event": "placed_effect"
								}
							},
							"permutations": [
								{
									"condition": "q.block_property('minecraft:direction') == 0",
									"components": {
										"minecraft:ticking": {
											"looping": true,
											"range": [
												1,
												1
											],
											"on_tick": {
												"event": "effect"
											}
										}
									}
								},
								{
									"condition": "q.block_property('minecraft:direction') == 1",
									"components": {
										"minecraft:ticking": {
											"looping": true,
											"range": [
												1,
												1
											],
											"on_tick": {
												"event": "effect_above"
											}
										}
									}
								},
								{
									"condition": "q.block_property('minecraft:direction') == 2",
									"components": {
										"minecraft:ticking": {
											"looping": true,
											"range": [
												1,
												1
											],
											"on_tick": {
												"event": "effect_below"
											}
										}
									}
								},
								{
									"condition": "q.block_property('minecraft:direction') == 3",
									"components": {
										"minecraft:material_instances": {
											"*": {
												"texture": "effect_block",
												"render_method": "opaque"
											}
										}
									}
								}
							],
							"events": {
								"advance_stage": {
									"sequence": [
										{
											"set_block_property": {
												"minecraft:direction": 0
											},
											"condition": "query.block_property('minecraft:direction')==3",
											"run_command": {
												"command": [
													"title @a[r=4] actionbar Effect: On"
												]
											},
											"trigger": {
												"event": "effect"
											}
										},
										{
											"set_block_property": {
												"minecraft:direction": "query.block_property('minecraft:direction')+1"
											},
											"condition": "query.block_property('minecraft:direction')<3"
										},
										{
											"run_command": {
												"command": [
													"playsound random.click @a ~~~ 1 0.9"
												]
											}
										},
										{
											"condition": "query.block_property('minecraft:direction')==0",
											"run_command": {
												"command": [
													"title @a[r=4] actionbar Effect: Block Above"
												]
											},
											"trigger": {
												"event": "effect_above"
											}
										},
										{
											"condition": "query.block_property('minecraft:direction')==1",
											"run_command": {
												"command": [
													"title @a[r=4] actionbar Effect: Block Below"
												]
											},
											"trigger": {
												"event": "effect_below"
											}
										},
										{
											"condition": "query.block_property('minecraft:direction')==2",
											"run_command": {
												"command": [
													"title @a[r=4] actionbar Effect: Off"
												]
											}
										}
									]
								},
								"effect_above": {
									"randomize": [
										{
											"weight": 100,
											"run_command": {
												"command": [
													"particle boi:eyes_open ~~2~"
												]
											}
										},
										{
											"weight": 10,
											"run_command": {
												"command": [
													"particle boi:eyes_closed ~~2~"
												]
											}
										}
									]
								},
								"effect_below": {
									"randomize": [
										{
											"weight": 100,
											"run_command": {
												"command": [
													"particle boi:eyes_open ~~-2~"
												]
											}
										},
										{
											"weight": 10,
											"run_command": {
												"command": [
													"particle boi:eyes_closed ~~-2~"
												]
											}
										}
									]
								},
								"effect": {
									"randomize": [
										{
											"weight": 100,
											"run_command": {
												"command": [
													"particle boi:eyes_open ~~~"
												]
											}
										},
										{
											"weight": 10,
											"run_command": {
												"command": [
													"particle boi:eyes_closed ~~~"
												]
											}
										}
									]
								},
								"placed_effect": {
									"sequence": [
										{
											"condition": "query.block_property('minecraft:direction')==0",
											"trigger": {
												"event": "effect"
											}
										}
									]
								}
							}
						},
						"key": "description",
						"is_minified": true,
						"children": {
							"identifier": "boi:effect_block_eyes",
							"properties": {
								"minecraft:direction": {}
							}
						}
					},
					{
						"open": {
							"description": {
								"identifier": "boi:effect_block_eyes",
								"properties": {
									"minecraft:direction": {}
								}
							},
							"components": {
								"minecraft:block_light_absorption": 0,
								"minecraft:destroy_time": 0.3,
								"minecraft:explosion_resistance": 1,
								"minecraft:on_interact": {
									"target": "self",
									"event": "advance_stage"
								},
								"minecraft:map_color": "#864332",
								"minecraft:material_instances": {
									"*": {
										"texture": "effect_block",
										"render_method": "opaque"
									}
								},
								"minecraft:geometry": "geometry.effect.block",
								"minecraft:entity_collision": false,
								"minecraft:pick_collision": {
									"origin": [
										-4,
										0,
										-4
									],
									"size": [
										8,
										2,
										8
									]
								},
								"minecraft:on_placed": {
									"event": "placed_effect"
								}
							},
							"permutations": [
								{
									"condition": "q.block_property('minecraft:direction') == 0",
									"components": {
										"minecraft:ticking": {
											"looping": true,
											"range": [
												1,
												1
											],
											"on_tick": {
												"event": "effect"
											}
										}
									}
								},
								{
									"condition": "q.block_property('minecraft:direction') == 1",
									"components": {
										"minecraft:ticking": {
											"looping": true,
											"range": [
												1,
												1
											],
											"on_tick": {
												"event": "effect_above"
											}
										}
									}
								},
								{
									"condition": "q.block_property('minecraft:direction') == 2",
									"components": {
										"minecraft:ticking": {
											"looping": true,
											"range": [
												1,
												1
											],
											"on_tick": {
												"event": "effect_below"
											}
										}
									}
								},
								{
									"condition": "q.block_property('minecraft:direction') == 3",
									"components": {
										"minecraft:material_instances": {
											"*": {
												"texture": "effect_block",
												"render_method": "opaque"
											}
										}
									}
								}
							],
							"events": {
								"advance_stage": {
									"sequence": [
										{
											"set_block_property": {
												"minecraft:direction": 0
											},
											"condition": "query.block_property('minecraft:direction')==3",
											"run_command": {
												"command": [
													"title @a[r=4] actionbar Effect: On"
												]
											},
											"trigger": {
												"event": "effect"
											}
										},
										{
											"set_block_property": {
												"minecraft:direction": "query.block_property('minecraft:direction')+1"
											},
											"condition": "query.block_property('minecraft:direction')<3"
										},
										{
											"run_command": {
												"command": [
													"playsound random.click @a ~~~ 1 0.9"
												]
											}
										},
										{
											"condition": "query.block_property('minecraft:direction')==0",
											"run_command": {
												"command": [
													"title @a[r=4] actionbar Effect: Block Above"
												]
											},
											"trigger": {
												"event": "effect_above"
											}
										},
										{
											"condition": "query.block_property('minecraft:direction')==1",
											"run_command": {
												"command": [
													"title @a[r=4] actionbar Effect: Block Below"
												]
											},
											"trigger": {
												"event": "effect_below"
											}
										},
										{
											"condition": "query.block_property('minecraft:direction')==2",
											"run_command": {
												"command": [
													"title @a[r=4] actionbar Effect: Off"
												]
											}
										}
									]
								},
								"effect_above": {
									"randomize": [
										{
											"weight": 100,
											"run_command": {
												"command": [
													"particle boi:eyes_open ~~2~"
												]
											}
										},
										{
											"weight": 10,
											"run_command": {
												"command": [
													"particle boi:eyes_closed ~~2~"
												]
											}
										}
									]
								},
								"effect_below": {
									"randomize": [
										{
											"weight": 100,
											"run_command": {
												"command": [
													"particle boi:eyes_open ~~-2~"
												]
											}
										},
										{
											"weight": 10,
											"run_command": {
												"command": [
													"particle boi:eyes_closed ~~-2~"
												]
											}
										}
									]
								},
								"effect": {
									"randomize": [
										{
											"weight": 100,
											"run_command": {
												"command": [
													"particle boi:eyes_open ~~~"
												]
											}
										},
										{
											"weight": 10,
											"run_command": {
												"command": [
													"particle boi:eyes_closed ~~~"
												]
											}
										}
									]
								},
								"placed_effect": {
									"sequence": [
										{
											"condition": "query.block_property('minecraft:direction')==0",
											"trigger": {
												"event": "effect"
											}
										}
									]
								}
							}
						},
						"key": "components",
						"children": [
							{
								"data": "0",
								"key": "minecraft:block_light_absorption"
							},
							{
								"data": "0.3",
								"key": "minecraft:destroy_time"
							},
							{
								"data": "1",
								"key": "minecraft:explosion_resistance"
							},
							{
								"key": "minecraft:on_interact",
								"is_minified": true,
								"children": {
									"target": "self",
									"event": "advance_stage"
								}
							},
							{
								"data": "#864332",
								"key": "minecraft:map_color"
							},
							{
								"key": "minecraft:material_instances",
								"is_minified": true,
								"children": {
									"*": {
										"texture": "effect_block",
										"render_method": "opaque"
									}
								}
							},
							{
								"data": "geometry.effect.block",
								"key": "minecraft:geometry"
							},
							{
								"data": "false",
								"key": "minecraft:entity_collision"
							},
							{
								"key": "minecraft:pick_collision",
								"children": [
									{
										"open": {
											"origin": [
												-4,
												0,
												-4
											],
											"size": [
												8,
												2,
												8
											]
										},
										"key": "origin",
										"is_minified": true,
										"children": [
											-4,
											0,
											-4
										]
									},
									{
										"open": {
											"origin": [
												-4,
												0,
												-4
											],
											"size": [
												8,
												2,
												8
											]
										},
										"key": "size",
										"is_minified": true,
										"children": [
											8,
											2,
											8
										]
									}
								]
							},
							{
								"key": "minecraft:on_placed",
								"is_minified": true,
								"children": {
									"event": "placed_effect"
								}
							}
						]
					},
					{
						"open": {
							"description": {
								"identifier": "boi:effect_block_eyes",
								"properties": {
									"minecraft:direction": {}
								}
							},
							"components": {
								"minecraft:block_light_absorption": 0,
								"minecraft:destroy_time": 0.3,
								"minecraft:explosion_resistance": 1,
								"minecraft:on_interact": {
									"target": "self",
									"event": "advance_stage"
								},
								"minecraft:map_color": "#864332",
								"minecraft:material_instances": {
									"*": {
										"texture": "effect_block",
										"render_method": "opaque"
									}
								},
								"minecraft:geometry": "geometry.effect.block",
								"minecraft:entity_collision": false,
								"minecraft:pick_collision": {
									"origin": [
										-4,
										0,
										-4
									],
									"size": [
										8,
										2,
										8
									]
								},
								"minecraft:on_placed": {
									"event": "placed_effect"
								}
							},
							"permutations": [
								{
									"condition": "q.block_property('minecraft:direction') == 0",
									"components": {
										"minecraft:ticking": {
											"looping": true,
											"range": [
												1,
												1
											],
											"on_tick": {
												"event": "effect"
											}
										}
									}
								},
								{
									"condition": "q.block_property('minecraft:direction') == 1",
									"components": {
										"minecraft:ticking": {
											"looping": true,
											"range": [
												1,
												1
											],
											"on_tick": {
												"event": "effect_above"
											}
										}
									}
								},
								{
									"condition": "q.block_property('minecraft:direction') == 2",
									"components": {
										"minecraft:ticking": {
											"looping": true,
											"range": [
												1,
												1
											],
											"on_tick": {
												"event": "effect_below"
											}
										}
									}
								},
								{
									"condition": "q.block_property('minecraft:direction') == 3",
									"components": {
										"minecraft:material_instances": {
											"*": {
												"texture": "effect_block",
												"render_method": "opaque"
											}
										}
									}
								}
							],
							"events": {
								"advance_stage": {
									"sequence": [
										{
											"set_block_property": {
												"minecraft:direction": 0
											},
											"condition": "query.block_property('minecraft:direction')==3",
											"run_command": {
												"command": [
													"title @a[r=4] actionbar Effect: On"
												]
											},
											"trigger": {
												"event": "effect"
											}
										},
										{
											"set_block_property": {
												"minecraft:direction": "query.block_property('minecraft:direction')+1"
											},
											"condition": "query.block_property('minecraft:direction')<3"
										},
										{
											"run_command": {
												"command": [
													"playsound random.click @a ~~~ 1 0.9"
												]
											}
										},
										{
											"condition": "query.block_property('minecraft:direction')==0",
											"run_command": {
												"command": [
													"title @a[r=4] actionbar Effect: Block Above"
												]
											},
											"trigger": {
												"event": "effect_above"
											}
										},
										{
											"condition": "query.block_property('minecraft:direction')==1",
											"run_command": {
												"command": [
													"title @a[r=4] actionbar Effect: Block Below"
												]
											},
											"trigger": {
												"event": "effect_below"
											}
										},
										{
											"condition": "query.block_property('minecraft:direction')==2",
											"run_command": {
												"command": [
													"title @a[r=4] actionbar Effect: Off"
												]
											}
										}
									]
								},
								"effect_above": {
									"randomize": [
										{
											"weight": 100,
											"run_command": {
												"command": [
													"particle boi:eyes_open ~~2~"
												]
											}
										},
										{
											"weight": 10,
											"run_command": {
												"command": [
													"particle boi:eyes_closed ~~2~"
												]
											}
										}
									]
								},
								"effect_below": {
									"randomize": [
										{
											"weight": 100,
											"run_command": {
												"command": [
													"particle boi:eyes_open ~~-2~"
												]
											}
										},
										{
											"weight": 10,
											"run_command": {
												"command": [
													"particle boi:eyes_closed ~~-2~"
												]
											}
										}
									]
								},
								"effect": {
									"randomize": [
										{
											"weight": 100,
											"run_command": {
												"command": [
													"particle boi:eyes_open ~~~"
												]
											}
										},
										{
											"weight": 10,
											"run_command": {
												"command": [
													"particle boi:eyes_closed ~~~"
												]
											}
										}
									]
								},
								"placed_effect": {
									"sequence": [
										{
											"condition": "query.block_property('minecraft:direction')==0",
											"trigger": {
												"event": "effect"
											}
										}
									]
								}
							}
						},
						"key": "permutations",
						"children": [
							{
								"open": [
									{
										"condition": "q.block_property('minecraft:direction') == 0",
										"components": {
											"minecraft:ticking": {
												"looping": true,
												"range": [
													1,
													1
												],
												"on_tick": {
													"event": "effect"
												}
											}
										}
									},
									{
										"condition": "q.block_property('minecraft:direction') == 1",
										"components": {
											"minecraft:ticking": {
												"looping": true,
												"range": [
													1,
													1
												],
												"on_tick": {
													"event": "effect_above"
												}
											}
										}
									},
									{
										"condition": "q.block_property('minecraft:direction') == 2",
										"components": {
											"minecraft:ticking": {
												"looping": true,
												"range": [
													1,
													1
												],
												"on_tick": {
													"event": "effect_below"
												}
											}
										}
									},
									{
										"condition": "q.block_property('minecraft:direction') == 3",
										"components": {
											"minecraft:material_instances": {
												"*": {
													"texture": "effect_block",
													"render_method": "opaque"
												}
											}
										}
									}
								],
								"children": [
									{
										"data": "q.block_property('minecraft:direction') == 0",
										"key": "condition"
									},
									{
										"open": {
											"condition": "q.block_property('minecraft:direction') == 0",
											"components": {
												"minecraft:ticking": {
													"looping": true,
													"range": [
														1,
														1
													],
													"on_tick": {
														"event": "effect"
													}
												}
											}
										},
										"key": "components",
										"children": [
											{
												"open": {
													"minecraft:ticking": {
														"looping": true,
														"range": [
															1,
															1
														],
														"on_tick": {
															"event": "effect"
														}
													}
												},
												"key": "minecraft:ticking",
												"children": [
													{
														"data": "true",
														"key": "looping"
													},
													{
														"open": {
															"looping": true,
															"range": [
																1,
																1
															],
															"on_tick": {
																"event": "effect"
															}
														},
														"key": "range",
														"is_minified": true,
														"children": [
															1,
															1
														]
													},
													{
														"key": "on_tick",
														"is_minified": true,
														"children": {
															"event": "effect"
														}
													}
												]
											}
										]
									}
								]
							},
							{
								"open": [
									{
										"condition": "q.block_property('minecraft:direction') == 0",
										"components": {
											"minecraft:ticking": {
												"looping": true,
												"range": [
													1,
													1
												],
												"on_tick": {
													"event": "effect"
												}
											}
										}
									},
									{
										"condition": "q.block_property('minecraft:direction') == 1",
										"components": {
											"minecraft:ticking": {
												"looping": true,
												"range": [
													1,
													1
												],
												"on_tick": {
													"event": "effect_above"
												}
											}
										}
									},
									{
										"condition": "q.block_property('minecraft:direction') == 2",
										"components": {
											"minecraft:ticking": {
												"looping": true,
												"range": [
													1,
													1
												],
												"on_tick": {
													"event": "effect_below"
												}
											}
										}
									},
									{
										"condition": "q.block_property('minecraft:direction') == 3",
										"components": {
											"minecraft:material_instances": {
												"*": {
													"texture": "effect_block",
													"render_method": "opaque"
												}
											}
										}
									}
								],
								"children": [
									{
										"data": "q.block_property('minecraft:direction') == 1",
										"key": "condition"
									},
									{
										"open": {
											"condition": "q.block_property('minecraft:direction') == 1",
											"components": {
												"minecraft:ticking": {
													"looping": true,
													"range": [
														1,
														1
													],
													"on_tick": {
														"event": "effect_above"
													}
												}
											}
										},
										"key": "components",
										"children": [
											{
												"open": {
													"minecraft:ticking": {
														"looping": true,
														"range": [
															1,
															1
														],
														"on_tick": {
															"event": "effect_above"
														}
													}
												},
												"key": "minecraft:ticking",
												"children": [
													{
														"data": "true",
														"key": "looping"
													},
													{
														"open": {
															"looping": true,
															"range": [
																1,
																1
															],
															"on_tick": {
																"event": "effect_above"
															}
														},
														"key": "range",
														"is_minified": true,
														"children": [
															1,
															1
														]
													},
													{
														"key": "on_tick",
														"is_minified": true,
														"children": {
															"event": "effect_above"
														}
													}
												]
											}
										]
									}
								]
							},
							{
								"open": [
									{
										"condition": "q.block_property('minecraft:direction') == 0",
										"components": {
											"minecraft:ticking": {
												"looping": true,
												"range": [
													1,
													1
												],
												"on_tick": {
													"event": "effect"
												}
											}
										}
									},
									{
										"condition": "q.block_property('minecraft:direction') == 1",
										"components": {
											"minecraft:ticking": {
												"looping": true,
												"range": [
													1,
													1
												],
												"on_tick": {
													"event": "effect_above"
												}
											}
										}
									},
									{
										"condition": "q.block_property('minecraft:direction') == 2",
										"components": {
											"minecraft:ticking": {
												"looping": true,
												"range": [
													1,
													1
												],
												"on_tick": {
													"event": "effect_below"
												}
											}
										}
									},
									{
										"condition": "q.block_property('minecraft:direction') == 3",
										"components": {
											"minecraft:material_instances": {
												"*": {
													"texture": "effect_block",
													"render_method": "opaque"
												}
											}
										}
									}
								],
								"children": [
									{
										"data": "q.block_property('minecraft:direction') == 2",
										"key": "condition"
									},
									{
										"open": {
											"condition": "q.block_property('minecraft:direction') == 2",
											"components": {
												"minecraft:ticking": {
													"looping": true,
													"range": [
														1,
														1
													],
													"on_tick": {
														"event": "effect_below"
													}
												}
											}
										},
										"key": "components",
										"children": [
											{
												"open": {
													"minecraft:ticking": {
														"looping": true,
														"range": [
															1,
															1
														],
														"on_tick": {
															"event": "effect_below"
														}
													}
												},
												"key": "minecraft:ticking",
												"children": [
													{
														"data": "true",
														"key": "looping"
													},
													{
														"open": {
															"looping": true,
															"range": [
																1,
																1
															],
															"on_tick": {
																"event": "effect_below"
															}
														},
														"key": "range",
														"is_minified": true,
														"children": [
															1,
															1
														]
													},
													{
														"key": "on_tick",
														"is_minified": true,
														"children": {
															"event": "effect_below"
														}
													}
												]
											}
										]
									}
								]
							},
							{
								"open": [
									{
										"condition": "q.block_property('minecraft:direction') == 0",
										"components": {
											"minecraft:ticking": {
												"looping": true,
												"range": [
													1,
													1
												],
												"on_tick": {
													"event": "effect"
												}
											}
										}
									},
									{
										"condition": "q.block_property('minecraft:direction') == 1",
										"components": {
											"minecraft:ticking": {
												"looping": true,
												"range": [
													1,
													1
												],
												"on_tick": {
													"event": "effect_above"
												}
											}
										}
									},
									{
										"condition": "q.block_property('minecraft:direction') == 2",
										"components": {
											"minecraft:ticking": {
												"looping": true,
												"range": [
													1,
													1
												],
												"on_tick": {
													"event": "effect_below"
												}
											}
										}
									},
									{
										"condition": "q.block_property('minecraft:direction') == 3",
										"components": {
											"minecraft:material_instances": {
												"*": {
													"texture": "effect_block",
													"render_method": "opaque"
												}
											}
										}
									}
								],
								"children": [
									{
										"data": "q.block_property('minecraft:direction') == 3",
										"key": "condition"
									},
									{
										"open": {
											"condition": "q.block_property('minecraft:direction') == 3",
											"components": {
												"minecraft:material_instances": {
													"*": {
														"texture": "effect_block",
														"render_method": "opaque"
													}
												}
											}
										},
										"key": "components",
										"children": [
											{
												"open": {
													"minecraft:material_instances": {
														"*": {
															"texture": "effect_block",
															"render_method": "opaque"
														}
													}
												},
												"key": "minecraft:material_instances",
												"children": [
													{
														"open": {
															"*": {
																"texture": "effect_block",
																"render_method": "opaque"
															}
														},
														"key": "*",
														"is_minified": true,
														"children": {
															"texture": "effect_block",
															"render_method": "opaque"
														}
													}
												]
											}
										]
									}
								]
							}
						]
					},
					{
						"open": {
							"description": {
								"identifier": "boi:effect_block_eyes",
								"properties": {
									"minecraft:direction": {}
								}
							},
							"components": {
								"minecraft:block_light_absorption": 0,
								"minecraft:destroy_time": 0.3,
								"minecraft:explosion_resistance": 1,
								"minecraft:on_interact": {
									"target": "self",
									"event": "advance_stage"
								},
								"minecraft:map_color": "#864332",
								"minecraft:material_instances": {
									"*": {
										"texture": "effect_block",
										"render_method": "opaque"
									}
								},
								"minecraft:geometry": "geometry.effect.block",
								"minecraft:entity_collision": false,
								"minecraft:pick_collision": {
									"origin": [
										-4,
										0,
										-4
									],
									"size": [
										8,
										2,
										8
									]
								},
								"minecraft:on_placed": {
									"event": "placed_effect"
								}
							},
							"permutations": [
								{
									"condition": "q.block_property('minecraft:direction') == 0",
									"components": {
										"minecraft:ticking": {
											"looping": true,
											"range": [
												1,
												1
											],
											"on_tick": {
												"event": "effect"
											}
										}
									}
								},
								{
									"condition": "q.block_property('minecraft:direction') == 1",
									"components": {
										"minecraft:ticking": {
											"looping": true,
											"range": [
												1,
												1
											],
											"on_tick": {
												"event": "effect_above"
											}
										}
									}
								},
								{
									"condition": "q.block_property('minecraft:direction') == 2",
									"components": {
										"minecraft:ticking": {
											"looping": true,
											"range": [
												1,
												1
											],
											"on_tick": {
												"event": "effect_below"
											}
										}
									}
								},
								{
									"condition": "q.block_property('minecraft:direction') == 3",
									"components": {
										"minecraft:material_instances": {
											"*": {
												"texture": "effect_block",
												"render_method": "opaque"
											}
										}
									}
								}
							],
							"events": {
								"advance_stage": {
									"sequence": [
										{
											"set_block_property": {
												"minecraft:direction": 0
											},
											"condition": "query.block_property('minecraft:direction')==3",
											"run_command": {
												"command": [
													"title @a[r=4] actionbar Effect: On"
												]
											},
											"trigger": {
												"event": "effect"
											}
										},
										{
											"set_block_property": {
												"minecraft:direction": "query.block_property('minecraft:direction')+1"
											},
											"condition": "query.block_property('minecraft:direction')<3"
										},
										{
											"run_command": {
												"command": [
													"playsound random.click @a ~~~ 1 0.9"
												]
											}
										},
										{
											"condition": "query.block_property('minecraft:direction')==0",
											"run_command": {
												"command": [
													"title @a[r=4] actionbar Effect: Block Above"
												]
											},
											"trigger": {
												"event": "effect_above"
											}
										},
										{
											"condition": "query.block_property('minecraft:direction')==1",
											"run_command": {
												"command": [
													"title @a[r=4] actionbar Effect: Block Below"
												]
											},
											"trigger": {
												"event": "effect_below"
											}
										},
										{
											"condition": "query.block_property('minecraft:direction')==2",
											"run_command": {
												"command": [
													"title @a[r=4] actionbar Effect: Off"
												]
											}
										}
									]
								},
								"effect_above": {
									"randomize": [
										{
											"weight": 100,
											"run_command": {
												"command": [
													"particle boi:eyes_open ~~2~"
												]
											}
										},
										{
											"weight": 10,
											"run_command": {
												"command": [
													"particle boi:eyes_closed ~~2~"
												]
											}
										}
									]
								},
								"effect_below": {
									"randomize": [
										{
											"weight": 100,
											"run_command": {
												"command": [
													"particle boi:eyes_open ~~-2~"
												]
											}
										},
										{
											"weight": 10,
											"run_command": {
												"command": [
													"particle boi:eyes_closed ~~-2~"
												]
											}
										}
									]
								},
								"effect": {
									"randomize": [
										{
											"weight": 100,
											"run_command": {
												"command": [
													"particle boi:eyes_open ~~~"
												]
											}
										},
										{
											"weight": 10,
											"run_command": {
												"command": [
													"particle boi:eyes_closed ~~~"
												]
											}
										}
									]
								},
								"placed_effect": {
									"sequence": [
										{
											"condition": "query.block_property('minecraft:direction')==0",
											"trigger": {
												"event": "effect"
											}
										}
									]
								}
							}
						},
						"key": "events",
						"children": [
							{
								"open": {
									"advance_stage": {
										"sequence": [
											{
												"set_block_property": {
													"minecraft:direction": 0
												},
												"condition": "query.block_property('minecraft:direction')==3",
												"run_command": {
													"command": [
														"title @a[r=4] actionbar Effect: On"
													]
												},
												"trigger": {
													"event": "effect"
												}
											},
											{
												"set_block_property": {
													"minecraft:direction": "query.block_property('minecraft:direction')+1"
												},
												"condition": "query.block_property('minecraft:direction')<3"
											},
											{
												"run_command": {
													"command": [
														"playsound random.click @a ~~~ 1 0.9"
													]
												}
											},
											{
												"condition": "query.block_property('minecraft:direction')==0",
												"run_command": {
													"command": [
														"title @a[r=4] actionbar Effect: Block Above"
													]
												},
												"trigger": {
													"event": "effect_above"
												}
											},
											{
												"condition": "query.block_property('minecraft:direction')==1",
												"run_command": {
													"command": [
														"title @a[r=4] actionbar Effect: Block Below"
													]
												},
												"trigger": {
													"event": "effect_below"
												}
											},
											{
												"condition": "query.block_property('minecraft:direction')==2",
												"run_command": {
													"command": [
														"title @a[r=4] actionbar Effect: Off"
													]
												}
											}
										]
									},
									"effect_above": {
										"randomize": [
											{
												"weight": 100,
												"run_command": {
													"command": [
														"particle boi:eyes_open ~~2~"
													]
												}
											},
											{
												"weight": 10,
												"run_command": {
													"command": [
														"particle boi:eyes_closed ~~2~"
													]
												}
											}
										]
									},
									"effect_below": {
										"randomize": [
											{
												"weight": 100,
												"run_command": {
													"command": [
														"particle boi:eyes_open ~~-2~"
													]
												}
											},
											{
												"weight": 10,
												"run_command": {
													"command": [
														"particle boi:eyes_closed ~~-2~"
													]
												}
											}
										]
									},
									"effect": {
										"randomize": [
											{
												"weight": 100,
												"run_command": {
													"command": [
														"particle boi:eyes_open ~~~"
													]
												}
											},
											{
												"weight": 10,
												"run_command": {
													"command": [
														"particle boi:eyes_closed ~~~"
													]
												}
											}
										]
									},
									"placed_effect": {
										"sequence": [
											{
												"condition": "query.block_property('minecraft:direction')==0",
												"trigger": {
													"event": "effect"
												}
											}
										]
									}
								},
								"key": "advance_stage",
								"children": [
									{
										"open": {
											"sequence": [
												{
													"set_block_property": {
														"minecraft:direction": 0
													},
													"condition": "query.block_property('minecraft:direction')==3",
													"run_command": {
														"command": [
															"title @a[r=4] actionbar Effect: On"
														]
													},
													"trigger": {
														"event": "effect"
													}
												},
												{
													"set_block_property": {
														"minecraft:direction": "query.block_property('minecraft:direction')+1"
													},
													"condition": "query.block_property('minecraft:direction')<3"
												},
												{
													"run_command": {
														"command": [
															"playsound random.click @a ~~~ 1 0.9"
														]
													}
												},
												{
													"condition": "query.block_property('minecraft:direction')==0",
													"run_command": {
														"command": [
															"title @a[r=4] actionbar Effect: Block Above"
														]
													},
													"trigger": {
														"event": "effect_above"
													}
												},
												{
													"condition": "query.block_property('minecraft:direction')==1",
													"run_command": {
														"command": [
															"title @a[r=4] actionbar Effect: Block Below"
														]
													},
													"trigger": {
														"event": "effect_below"
													}
												},
												{
													"condition": "query.block_property('minecraft:direction')==2",
													"run_command": {
														"command": [
															"title @a[r=4] actionbar Effect: Off"
														]
													}
												}
											]
										},
										"key": "sequence",
										"children": [
											{
												"children": [
													{
														"key": "set_block_property",
														"is_minified": true,
														"children": {
															"minecraft:direction": 0
														}
													},
													{
														"data": "query.block_property('minecraft:direction')==3",
														"key": "condition"
													},
													{
														"key": "run_command",
														"children": [
															{
																"open": {
																	"command": [
																		"title @a[r=4] actionbar Effect: On"
																	]
																},
																"key": "command",
																"is_minified": true,
																"children": [
																	"title @a[r=4] actionbar Effect: On"
																]
															}
														]
													},
													{
														"key": "trigger",
														"is_minified": true,
														"children": {
															"event": "effect"
														}
													}
												]
											},
											{
												"children": [
													{
														"open": {
															"set_block_property": {
																"minecraft:direction": "query.block_property('minecraft:direction')+1"
															},
															"condition": "query.block_property('minecraft:direction')<3"
														},
														"key": "set_block_property",
														"is_minified": true,
														"children": {
															"minecraft:direction": "query.block_property('minecraft:direction')+1"
														}
													},
													{
														"data": "query.block_property('minecraft:direction')<3",
														"key": "condition"
													}
												]
											},
											{
												"children": [
													{
														"key": "run_command",
														"children": [
															{
																"open": {
																	"command": [
																		"playsound random.click @a ~~~ 1 0.9"
																	]
																},
																"key": "command",
																"is_minified": true,
																"children": [
																	"playsound random.click @a ~~~ 1 0.9"
																]
															}
														]
													}
												]
											},
											{
												"children": [
													{
														"data": "query.block_property('minecraft:direction')==0",
														"key": "condition"
													},
													{
														"open": {
															"condition": "query.block_property('minecraft:direction')==0",
															"run_command": {
																"command": [
																	"title @a[r=4] actionbar Effect: Block Above"
																]
															},
															"trigger": {
																"event": "effect_above"
															}
														},
														"key": "run_command",
														"children": [
															{
																"open": {
																	"command": [
																		"title @a[r=4] actionbar Effect: Block Above"
																	]
																},
																"key": "command",
																"is_minified": true,
																"children": [
																	"title @a[r=4] actionbar Effect: Block Above"
																]
															}
														]
													},
													{
														"open": {
															"condition": "query.block_property('minecraft:direction')==0",
															"run_command": {
																"command": [
																	"title @a[r=4] actionbar Effect: Block Above"
																]
															},
															"trigger": {
																"event": "effect_above"
															}
														},
														"key": "trigger",
														"is_minified": true,
														"children": {
															"event": "effect_above"
														}
													}
												]
											},
											{
												"children": [
													{
														"open": {
															"condition": "query.block_property('minecraft:direction')==1",
															"run_command": {
																"command": [
																	"title @a[r=4] actionbar Effect: Block Below"
																]
															},
															"trigger": {
																"event": "effect_below"
															}
														},
														"data": "query.block_property('minecraft:direction')==1",
														"key": "condition"
													},
													{
														"open": {
															"condition": "query.block_property('minecraft:direction')==1",
															"run_command": {
																"command": [
																	"title @a[r=4] actionbar Effect: Block Below"
																]
															},
															"trigger": {
																"event": "effect_below"
															}
														},
														"key": "run_command",
														"children": [
															{
																"open": {
																	"command": [
																		"title @a[r=4] actionbar Effect: Block Below"
																	]
																},
																"key": "command",
																"is_minified": true,
																"children": [
																	"title @a[r=4] actionbar Effect: Block Below"
																]
															}
														]
													},
													{
														"open": {
															"condition": "query.block_property('minecraft:direction')==1",
															"run_command": {
																"command": [
																	"title @a[r=4] actionbar Effect: Block Below"
																]
															},
															"trigger": {
																"event": "effect_below"
															}
														},
														"key": "trigger",
														"is_minified": true,
														"children": {
															"event": "effect_below"
														}
													}
												]
											},
											{
												"children": [
													{
														"open": {
															"condition": "query.block_property('minecraft:direction')==2",
															"run_command": {
																"command": [
																	"title @a[r=4] actionbar Effect: Off"
																]
															}
														},
														"data": "query.block_property('minecraft:direction')==2",
														"key": "condition"
													},
													{
														"open": {
															"condition": "query.block_property('minecraft:direction')==2",
															"run_command": {
																"command": [
																	"title @a[r=4] actionbar Effect: Off"
																]
															}
														},
														"key": "run_command",
														"children": [
															{
																"open": {
																	"command": [
																		"title @a[r=4] actionbar Effect: Off"
																	]
																},
																"key": "command",
																"is_minified": true,
																"children": [
																	"title @a[r=4] actionbar Effect: Off"
																]
															}
														]
													}
												]
											}
										]
									}
								]
							},
							{
								"key": "effect_above",
								"children": [
									{
										"open": {
											"randomize": [
												{
													"weight": 100,
													"run_command": {
														"command": [
															"particle boi:eyes_open ~~2~"
														]
													}
												},
												{
													"weight": 10,
													"run_command": {
														"command": [
															"particle boi:eyes_closed ~~2~"
														]
													}
												}
											]
										},
										"key": "randomize",
										"children": [
											{
												"open": [
													{
														"weight": 100,
														"run_command": {
															"command": [
																"particle boi:eyes_open ~~2~"
															]
														}
													},
													{
														"weight": 10,
														"run_command": {
															"command": [
																"particle boi:eyes_closed ~~2~"
															]
														}
													}
												],
												"children": [
													{
														"data": "100",
														"key": "weight"
													},
													{
														"open": {
															"weight": 100,
															"run_command": {
																"command": [
																	"particle boi:eyes_open ~~2~"
																]
															}
														},
														"key": "run_command",
														"children": [
															{
																"open": {
																	"command": [
																		"particle boi:eyes_open ~~2~"
																	]
																},
																"key": "command",
																"is_minified": true,
																"children": [
																	"particle boi:eyes_open ~~2~"
																]
															}
														]
													}
												]
											},
											{
												"open": [
													{
														"weight": 100,
														"run_command": {
															"command": [
																"particle boi:eyes_open ~~2~"
															]
														}
													},
													{
														"weight": 10,
														"run_command": {
															"command": [
																"particle boi:eyes_closed ~~2~"
															]
														}
													}
												],
												"children": [
													{
														"data": "10",
														"key": "weight"
													},
													{
														"open": {
															"weight": 10,
															"run_command": {
																"command": [
																	"particle boi:eyes_closed ~~2~"
																]
															}
														},
														"key": "run_command",
														"children": [
															{
																"open": {
																	"command": [
																		"particle boi:eyes_closed ~~2~"
																	]
																},
																"key": "command",
																"is_minified": true,
																"children": [
																	"particle boi:eyes_closed ~~2~"
																]
															}
														]
													}
												]
											}
										]
									}
								]
							},
							{
								"key": "effect_below",
								"children": [
									{
										"open": {
											"randomize": [
												{
													"weight": 100,
													"run_command": {
														"command": [
															"particle boi:eyes_open ~~-2~"
														]
													}
												},
												{
													"weight": 10,
													"run_command": {
														"command": [
															"particle boi:eyes_closed ~~-2~"
														]
													}
												}
											]
										},
										"key": "randomize",
										"children": [
											{
												"open": [
													{
														"weight": 100,
														"run_command": {
															"command": [
																"particle boi:eyes_open ~~-2~"
															]
														}
													},
													{
														"weight": 10,
														"run_command": {
															"command": [
																"particle boi:eyes_closed ~~-2~"
															]
														}
													}
												],
												"children": [
													{
														"data": "100",
														"key": "weight"
													},
													{
														"open": {
															"weight": 100,
															"run_command": {
																"command": [
																	"particle boi:eyes_open ~~-2~"
																]
															}
														},
														"key": "run_command",
														"children": [
															{
																"open": {
																	"command": [
																		"particle boi:eyes_open ~~-2~"
																	]
																},
																"key": "command",
																"is_minified": true,
																"children": [
																	"particle boi:eyes_open ~~-2~"
																]
															}
														]
													}
												]
											},
											{
												"open": [
													{
														"weight": 100,
														"run_command": {
															"command": [
																"particle boi:eyes_open ~~-2~"
															]
														}
													},
													{
														"weight": 10,
														"run_command": {
															"command": [
																"particle boi:eyes_closed ~~-2~"
															]
														}
													}
												],
												"children": [
													{
														"data": "10",
														"key": "weight"
													},
													{
														"open": {
															"weight": 10,
															"run_command": {
																"command": [
																	"particle boi:eyes_closed ~~-2~"
																]
															}
														},
														"key": "run_command",
														"children": [
															{
																"open": {
																	"command": [
																		"particle boi:eyes_closed ~~-2~"
																	]
																},
																"key": "command",
																"is_minified": true,
																"children": [
																	"particle boi:eyes_closed ~~-2~"
																]
															}
														]
													}
												]
											}
										]
									}
								]
							},
							{
								"open": {
									"advance_stage": {
										"sequence": [
											{
												"set_block_property": {
													"minecraft:direction": 0
												},
												"condition": "query.block_property('minecraft:direction')==3",
												"run_command": {
													"command": [
														"title @a[r=4] actionbar Effect: On"
													]
												},
												"trigger": {
													"event": "effect"
												}
											},
											{
												"set_block_property": {
													"minecraft:direction": "query.block_property('minecraft:direction')+1"
												},
												"condition": "query.block_property('minecraft:direction')<3"
											},
											{
												"run_command": {
													"command": [
														"playsound random.click @a ~~~ 1 0.9"
													]
												}
											},
											{
												"condition": "query.block_property('minecraft:direction')==0",
												"run_command": {
													"command": [
														"title @a[r=4] actionbar Effect: Block Above"
													]
												},
												"trigger": {
													"event": "effect_above"
												}
											},
											{
												"condition": "query.block_property('minecraft:direction')==1",
												"run_command": {
													"command": [
														"title @a[r=4] actionbar Effect: Block Below"
													]
												},
												"trigger": {
													"event": "effect_below"
												}
											},
											{
												"condition": "query.block_property('minecraft:direction')==2",
												"run_command": {
													"command": [
														"title @a[r=4] actionbar Effect: Off"
													]
												}
											}
										]
									},
									"effect_above": {
										"randomize": [
											{
												"weight": 100,
												"run_command": {
													"command": [
														"particle boi:eyes_open ~~2~"
													]
												}
											},
											{
												"weight": 10,
												"run_command": {
													"command": [
														"particle boi:eyes_closed ~~2~"
													]
												}
											}
										]
									},
									"effect_below": {
										"randomize": [
											{
												"weight": 100,
												"run_command": {
													"command": [
														"particle boi:eyes_open ~~-2~"
													]
												}
											},
											{
												"weight": 10,
												"run_command": {
													"command": [
														"particle boi:eyes_closed ~~-2~"
													]
												}
											}
										]
									},
									"effect": {
										"randomize": [
											{
												"weight": 100,
												"run_command": {
													"command": [
														"particle boi:eyes_open ~~~"
													]
												}
											},
											{
												"weight": 10,
												"run_command": {
													"command": [
														"particle boi:eyes_closed ~~~"
													]
												}
											}
										]
									},
									"placed_effect": {
										"sequence": [
											{
												"condition": "query.block_property('minecraft:direction')==0",
												"trigger": {
													"event": "effect"
												}
											}
										]
									}
								},
								"key": "effect",
								"children": [
									{
										"open": {
											"randomize": [
												{
													"weight": 100,
													"run_command": {
														"command": [
															"particle boi:eyes_open ~~~"
														]
													}
												},
												{
													"weight": 10,
													"run_command": {
														"command": [
															"particle boi:eyes_closed ~~~"
														]
													}
												}
											]
										},
										"key": "randomize",
										"children": [
											{
												"open": [
													{
														"weight": 100,
														"run_command": {
															"command": [
																"particle boi:eyes_open ~~~"
															]
														}
													},
													{
														"weight": 10,
														"run_command": {
															"command": [
																"particle boi:eyes_closed ~~~"
															]
														}
													}
												],
												"children": [
													{
														"data": "100",
														"key": "weight"
													},
													{
														"open": {
															"weight": 100,
															"run_command": {
																"command": [
																	"particle boi:eyes_open ~~~"
																]
															}
														},
														"key": "run_command",
														"children": [
															{
																"open": {
																	"command": [
																		"particle boi:eyes_open ~~~"
																	]
																},
																"key": "command",
																"is_minified": true,
																"children": [
																	"particle boi:eyes_open ~~~"
																]
															}
														]
													}
												]
											},
											{
												"open": [
													{
														"weight": 100,
														"run_command": {
															"command": [
																"particle boi:eyes_open ~~~"
															]
														}
													},
													{
														"weight": 10,
														"run_command": {
															"command": [
																"particle boi:eyes_closed ~~~"
															]
														}
													}
												],
												"children": [
													{
														"open": {
															"weight": 10,
															"run_command": {
																"command": [
																	"particle boi:eyes_closed ~~~"
																]
															}
														},
														"data": "10",
														"key": "weight"
													},
													{
														"open": {
															"weight": 10,
															"run_command": {
																"command": [
																	"particle boi:eyes_closed ~~~"
																]
															}
														},
														"key": "run_command",
														"children": [
															{
																"open": {
																	"command": [
																		"particle boi:eyes_closed ~~~"
																	]
																},
																"key": "command",
																"is_minified": true,
																"children": [
																	"particle boi:eyes_closed ~~~"
																]
															}
														]
													}
												]
											}
										]
									}
								]
							},
							{
								"key": "placed_effect",
								"children": [
									{
										"open": {
											"sequence": [
												{
													"condition": "query.block_property('minecraft:direction')==0",
													"trigger": {
														"event": "effect"
													}
												}
											]
										},
										"key": "sequence",
										"children": [
											{
												"open": [
													{
														"condition": "query.block_property('minecraft:direction')==0",
														"trigger": {
															"event": "effect"
														}
													}
												],
												"children": [
													{
														"data": "query.block_property('minecraft:direction')==0",
														"key": "condition"
													},
													{
														"open": {
															"condition": "query.block_property('minecraft:direction')==0",
															"trigger": {
																"event": "effect"
															}
														},
														"key": "trigger",
														"is_minified": true,
														"children": {
															"event": "effect"
														}
													}
												]
											}
										]
									}
								]
							}
						]
					}
				]
			}
		]
	}
}