{
  "resource_pack_name": "vanilla",
  "texture_name": "atlas.items",
  "texture_data": {
    "egg_camel": {
      "textures": "textures/items/egg_camel"
    },
    "egg_lion": {
      "textures": "textures/items/egg_lion"
    },
    "egg_penguin": {
      "textures": "textures/items/egg_penguin"
    },
    "egg_tiger": {
      "textures": "textures/items/egg_tiger"
    },
    "egg_elephant": {
      "textures": "textures/items/egg_elephant"
    },
    "egg_deer": {
      "textures": "textures/items/egg_deer"
    },
    "egg_panther": {
      "textures": "textures/items/egg_panther"
    },
    "egg_frog": {
      "textures": "textures/items/egg_frog"
    },
    "egg_crocodile": {
      "textures": "textures/items/egg_crocodile"
    },
    "egg_mouse": {
      "textures": "textures/items/egg_mouse"
    },
    "gallardo": {
      "textures": "textures/items/gallardo"
    },
    "bench": {
      "textures": "textures/items/bench"
    },
    "christmas_tree": {
      "textures": "textures/items/christmas_tree"
    },
    "tivi": {
      "textures": "textures/items/tivi"
    },
    "closet": {
      "textures": "textures/items/closet"
    },
    "laptop": {
      "textures": "textures/items/laptop"
    },
    "piano": {
      "textures": "textures/items/piano"
    },
    "armchairs": {
      "textures": "textures/items/armchairs"
    },
    "chair": {
      "textures": "textures/items/chair"
    },
    "big_table": {
      "textures": "textures/items/big_table"
    },
    "small_table": {
      "textures": "textures/items/small_table"
    },
    "drone": {
      "textures": "textures/items/drone"
    },
    "colorful_gifts": {
      "textures": "textures/items/colorful_gifts"
    },
    "mr:choco_bar": {
      "textures": "textures/items/pamobile/mr_choco_bar"
    },
    "mr_skull_scythe": {
      "textures": "textures/items/pamobile/mr_skull_scythe"
    },
    "mr:halloween_soul": {
      "textures": "textures/items/pamobile/mr_halloween_soul"
    },
    "mr:candy": {
      "textures": "textures/items/pamobile/mr_candy"
    },
    "mr_killer_knife": {
      "textures": "textures/items/pamobile/mr_killer_knife"
    },
    "mr_grim_cosplay": {
      "textures": [
        "textures/items/pamobile/mr_grim_cosplay"
      ]
    },
    "mr_spooky_hunger_helmet": {
      "textures": [
        "textures/items/pamobile/mr_spooky_hunger_helmet"
      ]
    },
    "mr_spooky_hunger_boots": {
      "textures": [
        "textures/items/pamobile/mr_spooky_hunger_boots"
      ]
    },
    "mr_spooky_hunger_cgestplate": {
      "textures": [
        "textures/items/pamobile/mr_spooky_hunger_cgestplate"
      ]
    },
    "mr:nightmarentine_crystal": {
      "textures": "textures/items/pamobile/mr_nightmarentine_crystal"
    },
    "mr_spooky_hunger_leggings": {
      "textures": [
        "textures/items/pamobile/mr_spooky_hunger_leggings"
      ]
    },
    "mr_killer_cosplay": {
      "textures": [
        "textures/items/pamobile/mr_killer_cosplay"
      ]
    },
    "mr:frankenstein": {
      "textures": "textures/items/pamobile/mr_frankenstein"
    },
    "mr:killer_clown": {
      "textures": "textures/items/pamobile/mr_killer_clown"
    },
    "mr:dracula": {
      "textures": "textures/items/pamobile/mr_dracula"
    },
    "mr:candy_demon": {
      "textures": "textures/items/pamobile/mr_candy_demon"
    },
    "mr:spooky_guardian": {
      "textures": "textures/items/pamobile/mr_spooky_guardian"
    },
    "mr:michael_myers": {
      "textures": "textures/items/pamobile/mr_michael_myers"
    },
    "mr:scarecrow": {
      "textures": "textures/items/pamobile/mr_scarecrow"
    }
  }
}