{
	"format_version": "1.16.100",
	"minecraft:item": {
		"description": {
			"category": "nature",
			"identifier": "stk:mink"
		},
		"components": {
			"minecraft:render_offsets": {
				"main_hand": {
					"first_person": {
						"scale": [
							0,
							0,
							0
						]
					},
					"third_person": {
						"scale": [
							0,
							0,
							0
						]
					}
				}
			},
			"minecraft:max_stack_size": 1,
			"minecraft:enchantable": {
				"value": 10,
				"slot": "armor_head"
			},
			"minecraft:damageable": {
				"max_damage": 10000000,
				"damage_chance": {
					"min": 10000000,
					"max": 10000000
				},
				"repair_items": [
					"minecraft:diamond",
					"minecraft:diamond"
				]
			},
			"minecraft:icon": {
				"texture": "mink"
			},
			"minecraft:display_name": {
				"value": "§l§bmink (Bunny) §cRace"
			},
			"minecraft:armor": {
				"protection": 0
			},
			"minecraft:wearable": {
				"slot": "slot.armor.head"
			},
			"minecraft:on_use": {
				"on_use": {
					"event": "super"
				}
			}
		},
		"events": {
			"super": {
				"run_command": {
					"command": [
						"say Selected mink race §a[mink Race]",
						"clear @s stk:skypian",
						"clear @s stk:fishman",
						"clear @s stk:human",
						"clear @s stk:mink2",
						"tag @s add mink"
					]
				}
			}
		}
	}
}









