{
	"file_path": "C:\\Users\\fiddy\\AppData\\Local\\Packages\\Microsoft.MinecraftUWP_8wekyb3d8bbwe\\LocalState\\games\\com.mojang\\development_behavior_packs\\H_DecorB\\blocks\\sound_blocks\\sound_block_cave_sounds.json",
	"file_type": "block",
	"format_version": 1,
	"file_uuid": "159ebd76_ceb0_474e_8352_7d329a543550",
	"file_version": 157,
	"cache_content": {
		"children": [
			{
				"data": "1.17.0",
				"key": "format_version"
			},
			{
				"open": {
					"format_version": "1.17.0",
					"minecraft:block": {
						"description": {
							"identifier": "boi:sound_block_cave_sounds",
							"properties": {
								"boi:direction": [
									0,
									1,
									2,
									3
								]
							}
						},
						"components": {
							"minecraft:block_light_absorption": 0,
							"minecraft:destroy_time": 0.3,
							"minecraft:explosion_resistance": 1,
							"minecraft:on_interact": {
								"target": "self",
								"event": "advance_stage"
							},
							"minecraft:map_color": "#864332",
							"minecraft:unit_cube": {}
						},
						"permutations": [
							{
								"condition": "q.block_property('boi:direction') == 0",
								"components": {
									"minecraft:material_instances": {
										"*": {
											"texture": "sound_block_0",
											"render_method": "opaque",
											"ambient_occlusion": true,
											"face_dimming": true
										}
									}
								}
							},
							{
								"condition": "q.block_property('boi:direction') == 1",
								"components": {
									"minecraft:material_instances": {
										"*": {
											"texture": "sound_block_1",
											"render_method": "opaque"
										}
									},
									"minecraft:ticking": {
										"looping": true,
										"range": [
											10,
											120
										],
										"on_tick": {
											"event": "sound"
										}
									}
								}
							},
							{
								"condition": "q.block_property('boi:direction') == 2",
								"components": {
									"minecraft:material_instances": {
										"*": {
											"texture": "sound_block_2",
											"render_method": "opaque"
										}
									},
									"minecraft:ticking": {
										"looping": true,
										"range": [
											10,
											80
										],
										"on_tick": {
											"event": "sound"
										}
									}
								}
							},
							{
								"condition": "q.block_property('boi:direction') == 3",
								"components": {
									"minecraft:material_instances": {
										"*": {
											"texture": "sound_block_3",
											"render_method": "opaque"
										}
									},
									"minecraft:ticking": {
										"looping": true,
										"range": [
											10,
											40
										],
										"on_tick": {
											"event": "sound"
										}
									}
								}
							}
						],
						"events": {
							"advance_stage": {
								"sequence": [
									{
										"set_block_property": {
											"boi:direction": 0
										},
										"condition": "query.block_property('boi:direction')==3",
										"run_command": {
											"command": [
												"title @a[r=4] actionbar Sound: Off"
											]
										}
									},
									{
										"set_block_property": {
											"boi:direction": "query.block_property('boi:direction')+1"
										},
										"condition": "query.block_property('boi:direction')<3",
										"trigger": {
											"event": "sound"
										}
									},
									{
										"run_command": {
											"command": [
												"playsound random.click @a ~~~ 1 0.9"
											]
										}
									},
									{
										"condition": "query.block_property('boi:direction')==0",
										"run_command": {
											"command": [
												"title @a[r=4] actionbar Sound: Very Infrequent"
											]
										}
									},
									{
										"condition": "query.block_property('boi:direction')==1",
										"run_command": {
											"command": [
												"title @a[r=4] actionbar Sound: Infrequent"
											]
										}
									},
									{
										"condition": "query.block_property('boi:direction')==2",
										"run_command": {
											"command": [
												"title @a[r=4] actionbar Sound: Frequent"
											]
										}
									}
								]
							},
							"sound": {
								"run_command": {
									"command": [
										"playsound ambient.cave @a ~~~ 3",
										"particle minecraft:critical_hit_emitter ~~0.5~"
									]
								}
							}
						}
					}
				},
				"key": "minecraft:block",
				"children": [
					{
						"open": {
							"description": {
								"identifier": "boi:sound_block_cave_sounds",
								"properties": {
									"boi:direction": [
										0,
										1,
										2,
										3
									]
								}
							},
							"components": {
								"minecraft:block_light_absorption": 0,
								"minecraft:destroy_time": 0.3,
								"minecraft:explosion_resistance": 1,
								"minecraft:on_interact": {
									"target": "self",
									"event": "advance_stage"
								},
								"minecraft:map_color": "#864332",
								"minecraft:unit_cube": {}
							},
							"permutations": [
								{
									"condition": "q.block_property('boi:direction') == 0",
									"components": {
										"minecraft:material_instances": {
											"*": {
												"texture": "sound_block_0",
												"render_method": "opaque",
												"ambient_occlusion": true,
												"face_dimming": true
											}
										}
									}
								},
								{
									"condition": "q.block_property('boi:direction') == 1",
									"components": {
										"minecraft:material_instances": {
											"*": {
												"texture": "sound_block_1",
												"render_method": "opaque"
											}
										},
										"minecraft:ticking": {
											"looping": true,
											"range": [
												10,
												120
											],
											"on_tick": {
												"event": "sound"
											}
										}
									}
								},
								{
									"condition": "q.block_property('boi:direction') == 2",
									"components": {
										"minecraft:material_instances": {
											"*": {
												"texture": "sound_block_2",
												"render_method": "opaque"
											}
										},
										"minecraft:ticking": {
											"looping": true,
											"range": [
												10,
												80
											],
											"on_tick": {
												"event": "sound"
											}
										}
									}
								},
								{
									"condition": "q.block_property('boi:direction') == 3",
									"components": {
										"minecraft:material_instances": {
											"*": {
												"texture": "sound_block_3",
												"render_method": "opaque"
											}
										},
										"minecraft:ticking": {
											"looping": true,
											"range": [
												10,
												40
											],
											"on_tick": {
												"event": "sound"
											}
										}
									}
								}
							],
							"events": {
								"advance_stage": {
									"sequence": [
										{
											"set_block_property": {
												"boi:direction": 0
											},
											"condition": "query.block_property('boi:direction')==3",
											"run_command": {
												"command": [
													"title @a[r=4] actionbar Sound: Off"
												]
											}
										},
										{
											"set_block_property": {
												"boi:direction": "query.block_property('boi:direction')+1"
											},
											"condition": "query.block_property('boi:direction')<3",
											"trigger": {
												"event": "sound"
											}
										},
										{
											"run_command": {
												"command": [
													"playsound random.click @a ~~~ 1 0.9"
												]
											}
										},
										{
											"condition": "query.block_property('boi:direction')==0",
											"run_command": {
												"command": [
													"title @a[r=4] actionbar Sound: Very Infrequent"
												]
											}
										},
										{
											"condition": "query.block_property('boi:direction')==1",
											"run_command": {
												"command": [
													"title @a[r=4] actionbar Sound: Infrequent"
												]
											}
										},
										{
											"condition": "query.block_property('boi:direction')==2",
											"run_command": {
												"command": [
													"title @a[r=4] actionbar Sound: Frequent"
												]
											}
										}
									]
								},
								"sound": {
									"run_command": {
										"command": [
											"playsound ambient.cave @a ~~~ 3",
											"particle minecraft:critical_hit_emitter ~~0.5~"
										]
									}
								}
							}
						},
						"key": "description",
						"children": [
							{
								"open": {
									"identifier": "boi:sound_block_cave_sounds",
									"properties": {
										"boi:direction": [
											0,
											1,
											2,
											3
										]
									}
								},
								"data": "boi:sound_block_cave_sounds",
								"key": "identifier"
							},
							{
								"open": {
									"identifier": "boi:sound_block_cave_sounds",
									"properties": {
										"boi:direction": [
											0,
											1,
											2,
											3
										]
									}
								},
								"key": "properties",
								"children": [
									{
										"open": {
											"boi:direction": [
												0,
												1,
												2,
												3
											]
										},
										"key": "boi:direction",
										"is_minified": true,
										"children": [
											0,
											1,
											2,
											3
										]
									}
								]
							}
						]
					},
					{
						"open": {
							"description": {
								"identifier": "boi:sound_block_cave_sounds",
								"properties": {
									"boi:direction": [
										0,
										1,
										2,
										3
									]
								}
							},
							"components": {
								"minecraft:block_light_absorption": 0,
								"minecraft:destroy_time": 0.3,
								"minecraft:explosion_resistance": 1,
								"minecraft:on_interact": {
									"target": "self",
									"event": "advance_stage"
								},
								"minecraft:map_color": "#864332",
								"minecraft:unit_cube": {}
							},
							"permutations": [
								{
									"condition": "q.block_property('boi:direction') == 0",
									"components": {
										"minecraft:material_instances": {
											"*": {
												"texture": "sound_block_0",
												"render_method": "opaque",
												"ambient_occlusion": true,
												"face_dimming": true
											}
										}
									}
								},
								{
									"condition": "q.block_property('boi:direction') == 1",
									"components": {
										"minecraft:material_instances": {
											"*": {
												"texture": "sound_block_1",
												"render_method": "opaque"
											}
										},
										"minecraft:ticking": {
											"looping": true,
											"range": [
												10,
												120
											],
											"on_tick": {
												"event": "sound"
											}
										}
									}
								},
								{
									"condition": "q.block_property('boi:direction') == 2",
									"components": {
										"minecraft:material_instances": {
											"*": {
												"texture": "sound_block_2",
												"render_method": "opaque"
											}
										},
										"minecraft:ticking": {
											"looping": true,
											"range": [
												10,
												80
											],
											"on_tick": {
												"event": "sound"
											}
										}
									}
								},
								{
									"condition": "q.block_property('boi:direction') == 3",
									"components": {
										"minecraft:material_instances": {
											"*": {
												"texture": "sound_block_3",
												"render_method": "opaque"
											}
										},
										"minecraft:ticking": {
											"looping": true,
											"range": [
												10,
												40
											],
											"on_tick": {
												"event": "sound"
											}
										}
									}
								}
							],
							"events": {
								"advance_stage": {
									"sequence": [
										{
											"set_block_property": {
												"boi:direction": 0
											},
											"condition": "query.block_property('boi:direction')==3",
											"run_command": {
												"command": [
													"title @a[r=4] actionbar Sound: Off"
												]
											}
										},
										{
											"set_block_property": {
												"boi:direction": "query.block_property('boi:direction')+1"
											},
											"condition": "query.block_property('boi:direction')<3",
											"trigger": {
												"event": "sound"
											}
										},
										{
											"run_command": {
												"command": [
													"playsound random.click @a ~~~ 1 0.9"
												]
											}
										},
										{
											"condition": "query.block_property('boi:direction')==0",
											"run_command": {
												"command": [
													"title @a[r=4] actionbar Sound: Very Infrequent"
												]
											}
										},
										{
											"condition": "query.block_property('boi:direction')==1",
											"run_command": {
												"command": [
													"title @a[r=4] actionbar Sound: Infrequent"
												]
											}
										},
										{
											"condition": "query.block_property('boi:direction')==2",
											"run_command": {
												"command": [
													"title @a[r=4] actionbar Sound: Frequent"
												]
											}
										}
									]
								},
								"sound": {
									"run_command": {
										"command": [
											"playsound ambient.cave @a ~~~ 3",
											"particle minecraft:critical_hit_emitter ~~0.5~"
										]
									}
								}
							}
						},
						"key": "components",
						"is_minified": true,
						"children": {
							"minecraft:block_light_absorption": 0,
							"minecraft:destroy_time": 0.3,
							"minecraft:explosion_resistance": 1,
							"minecraft:on_interact": {
								"target": "self",
								"event": "advance_stage"
							},
							"minecraft:map_color": "#864332",
							"minecraft:unit_cube": {}
						}
					},
					{
						"open": {
							"description": {
								"identifier": "boi:sound_block_cave_sounds",
								"properties": {
									"boi:direction": [
										0,
										1,
										2,
										3
									]
								}
							},
							"components": {
								"minecraft:block_light_absorption": 0,
								"minecraft:destroy_time": 0.3,
								"minecraft:explosion_resistance": 1,
								"minecraft:on_interact": {
									"target": "self",
									"event": "advance_stage"
								},
								"minecraft:map_color": "#864332",
								"minecraft:unit_cube": {}
							},
							"permutations": [
								{
									"condition": "q.block_property('boi:direction') == 0",
									"components": {
										"minecraft:material_instances": {
											"*": {
												"texture": "sound_block_0",
												"render_method": "opaque",
												"ambient_occlusion": true,
												"face_dimming": true
											}
										}
									}
								},
								{
									"condition": "q.block_property('boi:direction') == 1",
									"components": {
										"minecraft:material_instances": {
											"*": {
												"texture": "sound_block_1",
												"render_method": "opaque"
											}
										},
										"minecraft:ticking": {
											"looping": true,
											"range": [
												10,
												120
											],
											"on_tick": {
												"event": "sound"
											}
										}
									}
								},
								{
									"condition": "q.block_property('boi:direction') == 2",
									"components": {
										"minecraft:material_instances": {
											"*": {
												"texture": "sound_block_2",
												"render_method": "opaque"
											}
										},
										"minecraft:ticking": {
											"looping": true,
											"range": [
												10,
												80
											],
											"on_tick": {
												"event": "sound"
											}
										}
									}
								},
								{
									"condition": "q.block_property('boi:direction') == 3",
									"components": {
										"minecraft:material_instances": {
											"*": {
												"texture": "sound_block_3",
												"render_method": "opaque"
											}
										},
										"minecraft:ticking": {
											"looping": true,
											"range": [
												10,
												40
											],
											"on_tick": {
												"event": "sound"
											}
										}
									}
								}
							],
							"events": {
								"advance_stage": {
									"sequence": [
										{
											"set_block_property": {
												"boi:direction": 0
											},
											"condition": "query.block_property('boi:direction')==3",
											"run_command": {
												"command": [
													"title @a[r=4] actionbar Sound: Off"
												]
											}
										},
										{
											"set_block_property": {
												"boi:direction": "query.block_property('boi:direction')+1"
											},
											"condition": "query.block_property('boi:direction')<3",
											"trigger": {
												"event": "sound"
											}
										},
										{
											"run_command": {
												"command": [
													"playsound random.click @a ~~~ 1 0.9"
												]
											}
										},
										{
											"condition": "query.block_property('boi:direction')==0",
											"run_command": {
												"command": [
													"title @a[r=4] actionbar Sound: Very Infrequent"
												]
											}
										},
										{
											"condition": "query.block_property('boi:direction')==1",
											"run_command": {
												"command": [
													"title @a[r=4] actionbar Sound: Infrequent"
												]
											}
										},
										{
											"condition": "query.block_property('boi:direction')==2",
											"run_command": {
												"command": [
													"title @a[r=4] actionbar Sound: Frequent"
												]
											}
										}
									]
								},
								"sound": {
									"run_command": {
										"command": [
											"playsound ambient.cave @a ~~~ 3",
											"particle minecraft:critical_hit_emitter ~~0.5~"
										]
									}
								}
							}
						},
						"key": "permutations",
						"children": [
							{
								"open": [
									{
										"condition": "q.block_property('boi:direction') == 0",
										"components": {
											"minecraft:material_instances": {
												"*": {
													"texture": "sound_block_0",
													"render_method": "opaque",
													"ambient_occlusion": true,
													"face_dimming": true
												}
											}
										}
									},
									{
										"condition": "q.block_property('boi:direction') == 1",
										"components": {
											"minecraft:material_instances": {
												"*": {
													"texture": "sound_block_1",
													"render_method": "opaque"
												}
											},
											"minecraft:ticking": {
												"looping": true,
												"range": [
													10,
													120
												],
												"on_tick": {
													"event": "sound"
												}
											}
										}
									},
									{
										"condition": "q.block_property('boi:direction') == 2",
										"components": {
											"minecraft:material_instances": {
												"*": {
													"texture": "sound_block_2",
													"render_method": "opaque"
												}
											},
											"minecraft:ticking": {
												"looping": true,
												"range": [
													10,
													80
												],
												"on_tick": {
													"event": "sound"
												}
											}
										}
									},
									{
										"condition": "q.block_property('boi:direction') == 3",
										"components": {
											"minecraft:material_instances": {
												"*": {
													"texture": "sound_block_3",
													"render_method": "opaque"
												}
											},
											"minecraft:ticking": {
												"looping": true,
												"range": [
													10,
													40
												],
												"on_tick": {
													"event": "sound"
												}
											}
										}
									}
								],
								"children": [
									{
										"open": {
											"condition": "q.block_property('boi:direction') == 0",
											"components": {
												"minecraft:material_instances": {
													"*": {
														"texture": "sound_block_0",
														"render_method": "opaque",
														"ambient_occlusion": true,
														"face_dimming": true
													}
												}
											}
										},
										"data": "q.block_property('boi:direction') == 0",
										"key": "condition"
									},
									{
										"open": {
											"condition": "q.block_property('boi:direction') == 0",
											"components": {
												"minecraft:material_instances": {
													"*": {
														"texture": "sound_block_0",
														"render_method": "opaque",
														"ambient_occlusion": true,
														"face_dimming": true
													}
												}
											}
										},
										"key": "components",
										"children": [
											{
												"open": {
													"minecraft:material_instances": {
														"*": {
															"texture": "sound_block_0",
															"render_method": "opaque",
															"ambient_occlusion": true,
															"face_dimming": true
														}
													}
												},
												"key": "minecraft:material_instances",
												"children": [
													{
														"open": {
															"*": {
																"texture": "sound_block_0",
																"render_method": "opaque",
																"ambient_occlusion": true,
																"face_dimming": true
															}
														},
														"key": "*",
														"is_minified": true,
														"children": {
															"texture": "sound_block_0",
															"render_method": "opaque",
															"ambient_occlusion": true,
															"face_dimming": true
														}
													}
												]
											}
										]
									}
								]
							},
							{
								"open": [
									{
										"condition": "q.block_property('boi:direction') == 0",
										"components": {
											"minecraft:material_instances": {
												"*": {
													"texture": "sound_block_0",
													"render_method": "opaque",
													"ambient_occlusion": true,
													"face_dimming": true
												}
											}
										}
									},
									{
										"condition": "q.block_property('boi:direction') == 1",
										"components": {
											"minecraft:material_instances": {
												"*": {
													"texture": "sound_block_1",
													"render_method": "opaque"
												}
											},
											"minecraft:ticking": {
												"looping": true,
												"range": [
													10,
													120
												],
												"on_tick": {
													"event": "sound"
												}
											}
										}
									},
									{
										"condition": "q.block_property('boi:direction') == 2",
										"components": {
											"minecraft:material_instances": {
												"*": {
													"texture": "sound_block_2",
													"render_method": "opaque"
												}
											},
											"minecraft:ticking": {
												"looping": true,
												"range": [
													10,
													80
												],
												"on_tick": {
													"event": "sound"
												}
											}
										}
									},
									{
										"condition": "q.block_property('boi:direction') == 3",
										"components": {
											"minecraft:material_instances": {
												"*": {
													"texture": "sound_block_3",
													"render_method": "opaque"
												}
											},
											"minecraft:ticking": {
												"looping": true,
												"range": [
													10,
													40
												],
												"on_tick": {
													"event": "sound"
												}
											}
										}
									}
								],
								"children": [
									{
										"open": {
											"condition": "q.block_property('boi:direction') == 1",
											"components": {
												"minecraft:material_instances": {
													"*": {
														"texture": "sound_block_1",
														"render_method": "opaque"
													}
												},
												"minecraft:ticking": {
													"looping": true,
													"range": [
														10,
														120
													],
													"on_tick": {
														"event": "sound"
													}
												}
											}
										},
										"data": "q.block_property('boi:direction') == 1",
										"key": "condition"
									},
									{
										"open": {
											"condition": "q.block_property('boi:direction') == 1",
											"components": {
												"minecraft:material_instances": {
													"*": {
														"texture": "sound_block_1",
														"render_method": "opaque"
													}
												},
												"minecraft:ticking": {
													"looping": true,
													"range": [
														10,
														120
													],
													"on_tick": {
														"event": "sound"
													}
												}
											}
										},
										"key": "components",
										"children": [
											{
												"open": {
													"minecraft:material_instances": {
														"*": {
															"texture": "sound_block_1",
															"render_method": "opaque"
														}
													},
													"minecraft:ticking": {
														"looping": true,
														"range": [
															10,
															120
														],
														"on_tick": {
															"event": "sound"
														}
													}
												},
												"key": "minecraft:material_instances",
												"children": [
													{
														"open": {
															"*": {
																"texture": "sound_block_1",
																"render_method": "opaque"
															}
														},
														"key": "*",
														"is_minified": true,
														"children": {
															"texture": "sound_block_1",
															"render_method": "opaque"
														}
													}
												]
											},
											{
												"key": "minecraft:ticking",
												"children": [
													{
														"data": "true",
														"key": "looping"
													},
													{
														"open": {
															"looping": true,
															"range": [
																10,
																120
															],
															"on_tick": {
																"event": "sound"
															}
														},
														"key": "range",
														"is_minified": true,
														"children": [
															10,
															120
														]
													},
													{
														"key": "on_tick",
														"is_minified": true,
														"children": {
															"event": "sound"
														}
													}
												]
											}
										]
									}
								]
							},
							{
								"open": [
									{
										"condition": "q.block_property('boi:direction') == 0",
										"components": {
											"minecraft:material_instances": {
												"*": {
													"texture": "sound_block_0",
													"render_method": "opaque",
													"ambient_occlusion": true,
													"face_dimming": true
												}
											}
										}
									},
									{
										"condition": "q.block_property('boi:direction') == 1",
										"components": {
											"minecraft:material_instances": {
												"*": {
													"texture": "sound_block_1",
													"render_method": "opaque"
												}
											},
											"minecraft:ticking": {
												"looping": true,
												"range": [
													10,
													120
												],
												"on_tick": {
													"event": "sound"
												}
											}
										}
									},
									{
										"condition": "q.block_property('boi:direction') == 2",
										"components": {
											"minecraft:material_instances": {
												"*": {
													"texture": "sound_block_2",
													"render_method": "opaque"
												}
											},
											"minecraft:ticking": {
												"looping": true,
												"range": [
													10,
													80
												],
												"on_tick": {
													"event": "sound"
												}
											}
										}
									},
									{
										"condition": "q.block_property('boi:direction') == 3",
										"components": {
											"minecraft:material_instances": {
												"*": {
													"texture": "sound_block_3",
													"render_method": "opaque"
												}
											},
											"minecraft:ticking": {
												"looping": true,
												"range": [
													10,
													40
												],
												"on_tick": {
													"event": "sound"
												}
											}
										}
									}
								],
								"children": [
									{
										"open": {
											"condition": "q.block_property('boi:direction') == 2",
											"components": {
												"minecraft:material_instances": {
													"*": {
														"texture": "sound_block_2",
														"render_method": "opaque"
													}
												},
												"minecraft:ticking": {
													"looping": true,
													"range": [
														10,
														80
													],
													"on_tick": {
														"event": "sound"
													}
												}
											}
										},
										"data": "q.block_property('boi:direction') == 2",
										"key": "condition"
									},
									{
										"open": {
											"condition": "q.block_property('boi:direction') == 2",
											"components": {
												"minecraft:material_instances": {
													"*": {
														"texture": "sound_block_2",
														"render_method": "opaque"
													}
												},
												"minecraft:ticking": {
													"looping": true,
													"range": [
														10,
														80
													],
													"on_tick": {
														"event": "sound"
													}
												}
											}
										},
										"key": "components",
										"children": [
											{
												"open": {
													"minecraft:material_instances": {
														"*": {
															"texture": "sound_block_2",
															"render_method": "opaque"
														}
													},
													"minecraft:ticking": {
														"looping": true,
														"range": [
															10,
															80
														],
														"on_tick": {
															"event": "sound"
														}
													}
												},
												"key": "minecraft:material_instances",
												"children": [
													{
														"open": {
															"*": {
																"texture": "sound_block_2",
																"render_method": "opaque"
															}
														},
														"key": "*",
														"is_minified": true,
														"children": {
															"texture": "sound_block_2",
															"render_method": "opaque"
														}
													}
												]
											},
											{
												"key": "minecraft:ticking",
												"children": [
													{
														"data": "true",
														"key": "looping"
													},
													{
														"open": {
															"looping": true,
															"range": [
																10,
																80
															],
															"on_tick": {
																"event": "sound"
															}
														},
														"key": "range",
														"is_minified": true,
														"children": [
															10,
															80
														]
													},
													{
														"key": "on_tick",
														"is_minified": true,
														"children": {
															"event": "sound"
														}
													}
												]
											}
										]
									}
								]
							},
							{
								"open": [
									{
										"condition": "q.block_property('boi:direction') == 0",
										"components": {
											"minecraft:material_instances": {
												"*": {
													"texture": "sound_block_0",
													"render_method": "opaque",
													"ambient_occlusion": true,
													"face_dimming": true
												}
											}
										}
									},
									{
										"condition": "q.block_property('boi:direction') == 1",
										"components": {
											"minecraft:material_instances": {
												"*": {
													"texture": "sound_block_1",
													"render_method": "opaque"
												}
											},
											"minecraft:ticking": {
												"looping": true,
												"range": [
													10,
													120
												],
												"on_tick": {
													"event": "sound"
												}
											}
										}
									},
									{
										"condition": "q.block_property('boi:direction') == 2",
										"components": {
											"minecraft:material_instances": {
												"*": {
													"texture": "sound_block_2",
													"render_method": "opaque"
												}
											},
											"minecraft:ticking": {
												"looping": true,
												"range": [
													10,
													80
												],
												"on_tick": {
													"event": "sound"
												}
											}
										}
									},
									{
										"condition": "q.block_property('boi:direction') == 3",
										"components": {
											"minecraft:material_instances": {
												"*": {
													"texture": "sound_block_3",
													"render_method": "opaque"
												}
											},
											"minecraft:ticking": {
												"looping": true,
												"range": [
													10,
													40
												],
												"on_tick": {
													"event": "sound"
												}
											}
										}
									}
								],
								"children": [
									{
										"open": {
											"condition": "q.block_property('boi:direction') == 3",
											"components": {
												"minecraft:material_instances": {
													"*": {
														"texture": "sound_block_3",
														"render_method": "opaque"
													}
												},
												"minecraft:ticking": {
													"looping": true,
													"range": [
														10,
														40
													],
													"on_tick": {
														"event": "sound"
													}
												}
											}
										},
										"data": "q.block_property('boi:direction') == 3",
										"key": "condition"
									},
									{
										"open": {
											"condition": "q.block_property('boi:direction') == 3",
											"components": {
												"minecraft:material_instances": {
													"*": {
														"texture": "sound_block_3",
														"render_method": "opaque"
													}
												},
												"minecraft:ticking": {
													"looping": true,
													"range": [
														10,
														40
													],
													"on_tick": {
														"event": "sound"
													}
												}
											}
										},
										"key": "components",
										"children": [
											{
												"open": {
													"minecraft:material_instances": {
														"*": {
															"texture": "sound_block_3",
															"render_method": "opaque"
														}
													},
													"minecraft:ticking": {
														"looping": true,
														"range": [
															10,
															40
														],
														"on_tick": {
															"event": "sound"
														}
													}
												},
												"key": "minecraft:material_instances",
												"children": [
													{
														"open": {
															"*": {
																"texture": "sound_block_3",
																"render_method": "opaque"
															}
														},
														"key": "*",
														"is_minified": true,
														"children": {
															"texture": "sound_block_3",
															"render_method": "opaque"
														}
													}
												]
											},
											{
												"key": "minecraft:ticking",
												"children": [
													{
														"data": "true",
														"key": "looping"
													},
													{
														"open": {
															"looping": true,
															"range": [
																10,
																40
															],
															"on_tick": {
																"event": "sound"
															}
														},
														"key": "range",
														"is_minified": true,
														"children": [
															10,
															40
														]
													},
													{
														"key": "on_tick",
														"is_minified": true,
														"children": {
															"event": "sound"
														}
													}
												]
											}
										]
									}
								]
							}
						]
					},
					{
						"open": {
							"description": {
								"identifier": "boi:sound_block_cave_sounds",
								"properties": {
									"boi:direction": [
										0,
										1,
										2,
										3
									]
								}
							},
							"components": {
								"minecraft:block_light_absorption": 0,
								"minecraft:destroy_time": 0.3,
								"minecraft:explosion_resistance": 1,
								"minecraft:on_interact": {
									"target": "self",
									"event": "advance_stage"
								},
								"minecraft:map_color": "#864332",
								"minecraft:unit_cube": {}
							},
							"permutations": [
								{
									"condition": "q.block_property('boi:direction') == 0",
									"components": {
										"minecraft:material_instances": {
											"*": {
												"texture": "sound_block_0",
												"render_method": "opaque",
												"ambient_occlusion": true,
												"face_dimming": true
											}
										}
									}
								},
								{
									"condition": "q.block_property('boi:direction') == 1",
									"components": {
										"minecraft:material_instances": {
											"*": {
												"texture": "sound_block_1",
												"render_method": "opaque"
											}
										},
										"minecraft:ticking": {
											"looping": true,
											"range": [
												10,
												120
											],
											"on_tick": {
												"event": "sound"
											}
										}
									}
								},
								{
									"condition": "q.block_property('boi:direction') == 2",
									"components": {
										"minecraft:material_instances": {
											"*": {
												"texture": "sound_block_2",
												"render_method": "opaque"
											}
										},
										"minecraft:ticking": {
											"looping": true,
											"range": [
												10,
												80
											],
											"on_tick": {
												"event": "sound"
											}
										}
									}
								},
								{
									"condition": "q.block_property('boi:direction') == 3",
									"components": {
										"minecraft:material_instances": {
											"*": {
												"texture": "sound_block_3",
												"render_method": "opaque"
											}
										},
										"minecraft:ticking": {
											"looping": true,
											"range": [
												10,
												40
											],
											"on_tick": {
												"event": "sound"
											}
										}
									}
								}
							],
							"events": {
								"advance_stage": {
									"sequence": [
										{
											"set_block_property": {
												"boi:direction": 0
											},
											"condition": "query.block_property('boi:direction')==3",
											"run_command": {
												"command": [
													"title @a[r=4] actionbar Sound: Off"
												]
											}
										},
										{
											"set_block_property": {
												"boi:direction": "query.block_property('boi:direction')+1"
											},
											"condition": "query.block_property('boi:direction')<3",
											"trigger": {
												"event": "sound"
											}
										},
										{
											"run_command": {
												"command": [
													"playsound random.click @a ~~~ 1 0.9"
												]
											}
										},
										{
											"condition": "query.block_property('boi:direction')==0",
											"run_command": {
												"command": [
													"title @a[r=4] actionbar Sound: Very Infrequent"
												]
											}
										},
										{
											"condition": "query.block_property('boi:direction')==1",
											"run_command": {
												"command": [
													"title @a[r=4] actionbar Sound: Infrequent"
												]
											}
										},
										{
											"condition": "query.block_property('boi:direction')==2",
											"run_command": {
												"command": [
													"title @a[r=4] actionbar Sound: Frequent"
												]
											}
										}
									]
								},
								"sound": {
									"run_command": {
										"command": [
											"playsound ambient.cave @a ~~~ 3",
											"particle minecraft:critical_hit_emitter ~~0.5~"
										]
									}
								}
							}
						},
						"key": "events",
						"children": [
							{
								"open": {
									"advance_stage": {
										"sequence": [
											{
												"set_block_property": {
													"boi:direction": 0
												},
												"condition": "query.block_property('boi:direction')==3",
												"run_command": {
													"command": [
														"title @a[r=4] actionbar Sound: Off"
													]
												}
											},
											{
												"set_block_property": {
													"boi:direction": "query.block_property('boi:direction')+1"
												},
												"condition": "query.block_property('boi:direction')<3",
												"trigger": {
													"event": "sound"
												}
											},
											{
												"run_command": {
													"command": [
														"playsound random.click @a ~~~ 1 0.9"
													]
												}
											},
											{
												"condition": "query.block_property('boi:direction')==0",
												"run_command": {
													"command": [
														"title @a[r=4] actionbar Sound: Very Infrequent"
													]
												}
											},
											{
												"condition": "query.block_property('boi:direction')==1",
												"run_command": {
													"command": [
														"title @a[r=4] actionbar Sound: Infrequent"
													]
												}
											},
											{
												"condition": "query.block_property('boi:direction')==2",
												"run_command": {
													"command": [
														"title @a[r=4] actionbar Sound: Frequent"
													]
												}
											}
										]
									},
									"sound": {
										"run_command": {
											"command": [
												"playsound ambient.cave @a ~~~ 3",
												"particle minecraft:critical_hit_emitter ~~0.5~"
											]
										}
									}
								},
								"key": "advance_stage",
								"children": [
									{
										"open": {
											"sequence": [
												{
													"set_block_property": {
														"boi:direction": 0
													},
													"condition": "query.block_property('boi:direction')==3",
													"run_command": {
														"command": [
															"title @a[r=4] actionbar Sound: Off"
														]
													}
												},
												{
													"set_block_property": {
														"boi:direction": "query.block_property('boi:direction')+1"
													},
													"condition": "query.block_property('boi:direction')<3",
													"trigger": {
														"event": "sound"
													}
												},
												{
													"run_command": {
														"command": [
															"playsound random.click @a ~~~ 1 0.9"
														]
													}
												},
												{
													"condition": "query.block_property('boi:direction')==0",
													"run_command": {
														"command": [
															"title @a[r=4] actionbar Sound: Very Infrequent"
														]
													}
												},
												{
													"condition": "query.block_property('boi:direction')==1",
													"run_command": {
														"command": [
															"title @a[r=4] actionbar Sound: Infrequent"
														]
													}
												},
												{
													"condition": "query.block_property('boi:direction')==2",
													"run_command": {
														"command": [
															"title @a[r=4] actionbar Sound: Frequent"
														]
													}
												}
											]
										},
										"key": "sequence",
										"children": [
											{
												"open": [
													{
														"set_block_property": {
															"boi:direction": 0
														},
														"condition": "query.block_property('boi:direction')==3",
														"run_command": {
															"command": [
																"title @a[r=4] actionbar Sound: Off"
															]
														}
													},
													{
														"set_block_property": {
															"boi:direction": "query.block_property('boi:direction')+1"
														},
														"condition": "query.block_property('boi:direction')<3",
														"trigger": {
															"event": "sound"
														}
													},
													{
														"run_command": {
															"command": [
																"playsound random.click @a ~~~ 1 0.9"
															]
														}
													},
													{
														"condition": "query.block_property('boi:direction')==0",
														"run_command": {
															"command": [
																"title @a[r=4] actionbar Sound: Very Infrequent"
															]
														}
													},
													{
														"condition": "query.block_property('boi:direction')==1",
														"run_command": {
															"command": [
																"title @a[r=4] actionbar Sound: Infrequent"
															]
														}
													},
													{
														"condition": "query.block_property('boi:direction')==2",
														"run_command": {
															"command": [
																"title @a[r=4] actionbar Sound: Frequent"
															]
														}
													}
												],
												"children": [
													{
														"open": {
															"set_block_property": {
																"boi:direction": 0
															},
															"condition": "query.block_property('boi:direction')==3",
															"run_command": {
																"command": [
																	"title @a[r=4] actionbar Sound: Off"
																]
															}
														},
														"key": "set_block_property",
														"is_minified": true,
														"children": {
															"boi:direction": 0
														}
													},
													{
														"open": {
															"set_block_property": {
																"boi:direction": 0
															},
															"condition": "query.block_property('boi:direction')==3",
															"run_command": {
																"command": [
																	"title @a[r=4] actionbar Sound: Off"
																]
															}
														},
														"data": "query.block_property('boi:direction')==3",
														"key": "condition"
													},
													{
														"key": "run_command",
														"children": [
															{
																"open": {
																	"command": [
																		"title @a[r=4] actionbar Sound: Off"
																	]
																},
																"key": "command",
																"is_minified": true,
																"children": [
																	"title @a[r=4] actionbar Sound: Off"
																]
															}
														]
													}
												]
											},
											{
												"open": [
													{
														"set_block_property": {
															"boi:direction": 0
														},
														"condition": "query.block_property('boi:direction')==3",
														"run_command": {
															"command": [
																"title @a[r=4] actionbar Sound: Off"
															]
														}
													},
													{
														"set_block_property": {
															"boi:direction": "query.block_property('boi:direction')+1"
														},
														"condition": "query.block_property('boi:direction')<3",
														"trigger": {
															"event": "sound"
														}
													},
													{
														"run_command": {
															"command": [
																"playsound random.click @a ~~~ 1 0.9"
															]
														}
													},
													{
														"condition": "query.block_property('boi:direction')==0",
														"run_command": {
															"command": [
																"title @a[r=4] actionbar Sound: Very Infrequent"
															]
														}
													},
													{
														"condition": "query.block_property('boi:direction')==1",
														"run_command": {
															"command": [
																"title @a[r=4] actionbar Sound: Infrequent"
															]
														}
													},
													{
														"condition": "query.block_property('boi:direction')==2",
														"run_command": {
															"command": [
																"title @a[r=4] actionbar Sound: Frequent"
															]
														}
													}
												],
												"children": [
													{
														"open": {
															"set_block_property": {
																"boi:direction": "query.block_property('boi:direction')+1"
															},
															"condition": "query.block_property('boi:direction')<3",
															"trigger": {
																"event": "sound"
															}
														},
														"key": "set_block_property",
														"is_minified": true,
														"children": {
															"boi:direction": "query.block_property('boi:direction')+1"
														}
													},
													{
														"open": {
															"set_block_property": {
																"boi:direction": "query.block_property('boi:direction')+1"
															},
															"condition": "query.block_property('boi:direction')<3",
															"trigger": {
																"event": "sound"
															}
														},
														"data": "query.block_property('boi:direction')<3",
														"key": "condition"
													},
													{
														"key": "trigger",
														"is_minified": true,
														"children": {
															"event": "sound"
														}
													}
												]
											},
											{
												"open": [
													{
														"set_block_property": {
															"boi:direction": 0
														},
														"condition": "query.block_property('boi:direction')==3",
														"run_command": {
															"command": [
																"title @a[r=4] actionbar Sound: Off"
															]
														}
													},
													{
														"set_block_property": {
															"boi:direction": "query.block_property('boi:direction')+1"
														},
														"condition": "query.block_property('boi:direction')<3",
														"trigger": {
															"event": "sound"
														}
													},
													{
														"run_command": {
															"command": [
																"playsound random.click @a ~~~ 1 0.9"
															]
														}
													},
													{
														"condition": "query.block_property('boi:direction')==0",
														"run_command": {
															"command": [
																"title @a[r=4] actionbar Sound: Very Infrequent"
															]
														}
													},
													{
														"condition": "query.block_property('boi:direction')==1",
														"run_command": {
															"command": [
																"title @a[r=4] actionbar Sound: Infrequent"
															]
														}
													},
													{
														"condition": "query.block_property('boi:direction')==2",
														"run_command": {
															"command": [
																"title @a[r=4] actionbar Sound: Frequent"
															]
														}
													}
												],
												"children": [
													{
														"key": "run_command",
														"children": [
															{
																"open": {
																	"command": [
																		"playsound random.click @a ~~~ 1 0.9"
																	]
																},
																"key": "command",
																"is_minified": true,
																"children": [
																	"playsound random.click @a ~~~ 1 0.9"
																]
															}
														]
													}
												]
											},
											{
												"open": [
													{
														"set_block_property": {
															"boi:direction": 0
														},
														"condition": "query.block_property('boi:direction')==3",
														"run_command": {
															"command": [
																"title @a[r=4] actionbar Sound: Off"
															]
														}
													},
													{
														"set_block_property": {
															"boi:direction": "query.block_property('boi:direction')+1"
														},
														"condition": "query.block_property('boi:direction')<3",
														"trigger": {
															"event": "sound"
														}
													},
													{
														"run_command": {
															"command": [
																"playsound random.click @a ~~~ 1 0.9"
															]
														}
													},
													{
														"condition": "query.block_property('boi:direction')==0",
														"run_command": {
															"command": [
																"title @a[r=4] actionbar Sound: Very Infrequent"
															]
														}
													},
													{
														"condition": "query.block_property('boi:direction')==1",
														"run_command": {
															"command": [
																"title @a[r=4] actionbar Sound: Infrequent"
															]
														}
													},
													{
														"condition": "query.block_property('boi:direction')==2",
														"run_command": {
															"command": [
																"title @a[r=4] actionbar Sound: Frequent"
															]
														}
													}
												],
												"children": [
													{
														"open": {
															"condition": "query.block_property('boi:direction')==0",
															"run_command": {
																"command": [
																	"title @a[r=4] actionbar Sound: Very Infrequent"
																]
															}
														},
														"data": "query.block_property('boi:direction')==0",
														"key": "condition"
													},
													{
														"open": {
															"condition": "query.block_property('boi:direction')==0",
															"run_command": {
																"command": [
																	"title @a[r=4] actionbar Sound: Very Infrequent"
																]
															}
														},
														"key": "run_command",
														"children": [
															{
																"open": {
																	"command": [
																		"title @a[r=4] actionbar Sound: Very Infrequent"
																	]
																},
																"key": "command",
																"is_minified": true,
																"children": [
																	"title @a[r=4] actionbar Sound: Very Infrequent"
																]
															}
														]
													}
												]
											},
											{
												"open": [
													{
														"set_block_property": {
															"boi:direction": 0
														},
														"condition": "query.block_property('boi:direction')==3",
														"run_command": {
															"command": [
																"title @a[r=4] actionbar Sound: Off"
															]
														}
													},
													{
														"set_block_property": {
															"boi:direction": "query.block_property('boi:direction')+1"
														},
														"condition": "query.block_property('boi:direction')<3",
														"trigger": {
															"event": "sound"
														}
													},
													{
														"run_command": {
															"command": [
																"playsound random.click @a ~~~ 1 0.9"
															]
														}
													},
													{
														"condition": "query.block_property('boi:direction')==0",
														"run_command": {
															"command": [
																"title @a[r=4] actionbar Sound: Very Infrequent"
															]
														}
													},
													{
														"condition": "query.block_property('boi:direction')==1",
														"run_command": {
															"command": [
																"title @a[r=4] actionbar Sound: Infrequent"
															]
														}
													},
													{
														"condition": "query.block_property('boi:direction')==2",
														"run_command": {
															"command": [
																"title @a[r=4] actionbar Sound: Frequent"
															]
														}
													}
												],
												"children": [
													{
														"open": {
															"condition": "query.block_property('boi:direction')==1",
															"run_command": {
																"command": [
																	"title @a[r=4] actionbar Sound: Infrequent"
																]
															}
														},
														"data": "query.block_property('boi:direction')==1",
														"key": "condition"
													},
													{
														"open": {
															"condition": "query.block_property('boi:direction')==1",
															"run_command": {
																"command": [
																	"title @a[r=4] actionbar Sound: Infrequent"
																]
															}
														},
														"key": "run_command",
														"children": [
															{
																"open": {
																	"command": [
																		"title @a[r=4] actionbar Sound: Infrequent"
																	]
																},
																"key": "command",
																"is_minified": true,
																"children": [
																	"title @a[r=4] actionbar Sound: Infrequent"
																]
															}
														]
													}
												]
											},
											{
												"open": [
													{
														"set_block_property": {
															"boi:direction": 0
														},
														"condition": "query.block_property('boi:direction')==3",
														"run_command": {
															"command": [
																"title @a[r=4] actionbar Sound: Off"
															]
														}
													},
													{
														"set_block_property": {
															"boi:direction": "query.block_property('boi:direction')+1"
														},
														"condition": "query.block_property('boi:direction')<3",
														"trigger": {
															"event": "sound"
														}
													},
													{
														"run_command": {
															"command": [
																"playsound random.click @a ~~~ 1 0.9"
															]
														}
													},
													{
														"condition": "query.block_property('boi:direction')==0",
														"run_command": {
															"command": [
																"title @a[r=4] actionbar Sound: Very Infrequent"
															]
														}
													},
													{
														"condition": "query.block_property('boi:direction')==1",
														"run_command": {
															"command": [
																"title @a[r=4] actionbar Sound: Infrequent"
															]
														}
													},
													{
														"condition": "query.block_property('boi:direction')==2",
														"run_command": {
															"command": [
																"title @a[r=4] actionbar Sound: Frequent"
															]
														}
													}
												],
												"children": [
													{
														"open": {
															"condition": "query.block_property('boi:direction')==2",
															"run_command": {
																"command": [
																	"title @a[r=4] actionbar Sound: Frequent"
																]
															}
														},
														"data": "query.block_property('boi:direction')==2",
														"key": "condition"
													},
													{
														"open": {
															"condition": "query.block_property('boi:direction')==2",
															"run_command": {
																"command": [
																	"title @a[r=4] actionbar Sound: Frequent"
																]
															}
														},
														"key": "run_command",
														"children": [
															{
																"open": {
																	"command": [
																		"title @a[r=4] actionbar Sound: Frequent"
																	]
																},
																"key": "command",
																"is_minified": true,
																"children": [
																	"title @a[r=4] actionbar Sound: Frequent"
																]
															}
														]
													}
												]
											}
										]
									}
								]
							},
							{
								"key": "sound",
								"children": [
									{
										"open": {
											"run_command": {
												"command": [
													"playsound ambient.cave @a ~~~ 3",
													"particle minecraft:critical_hit_emitter ~~0.5~"
												]
											}
										},
										"key": "run_command",
										"children": [
											{
												"open": {
													"command": [
														"playsound ambient.cave @a ~~~ 3",
														"particle minecraft:critical_hit_emitter ~~0.5~"
													]
												},
												"key": "command",
												"is_minified": true,
												"children": [
													"playsound ambient.cave @a ~~~ 3",
													"particle minecraft:critical_hit_emitter ~~0.5~"
												]
											}
										]
									}
								]
							}
						]
					}
				]
			}
		]
	}
}