{
	"file_path": "C:\\Users\\fiddy\\AppData\\Local\\Packages\\Microsoft.MinecraftUWP_8wekyb3d8bbwe\\LocalState\\games\\com.mojang\\development_behavior_packs\\H_DecorB\\blocks\\sound_blocks\\sound_block_ambient_crickets.json",
	"file_type": "block",
	"format_version": 1,
	"file_uuid": "f66cda33_a6c4_4c18_81f8_7a604ed8b15b",
	"file_version": 212,
	"cache_content": {
		"children": [
			{
				"data": "1.17.0",
				"key": "format_version"
			},
			{
				"open": {
					"format_version": "1.17.0",
					"minecraft:block": {
						"description": {
							"identifier": "boi:sound_block_ambient_crickets",
							"properties": {
								"boi:active": [
									0,
									1
								]
							}
						},
						"components": {
							"minecraft:block_light_absorption": 15,
							"minecraft:destroy_time": 0.3,
							"minecraft:explosion_resistance": 1,
							"minecraft:map_color": "#A85F2A",
							"minecraft:on_interact": {
								"event": "toggle"
							},
							"minecraft:unit_cube": {},
							"minecraft:ticking": {
								"looping": true,
								"range": [
									8,
									8
								],
								"on_tick": {
									"event": "sound"
								}
							}
						},
						"permutations": [
							{
								"condition": "query.block_property('boi:active') == 0",
								"components": {
									"minecraft:material_instances": {
										"*": {
											"texture": "sound_block_0"
										}
									}
								}
							},
							{
								"condition": "query.block_property('boi:active') == 1",
								"components": {
									"minecraft:material_instances": {
										"*": {
											"texture": "sound_block_3"
										}
									}
								}
							}
						],
						"events": {
							"toggle": {
								"sequence": [
									{
										"condition": "query.block_property('boi:active') == 0",
										"set_block_property": {
											"boi:active": 1
										},
										"run_command": {
											"command": [
												"title @a[r=4] actionbar Sound: On",
												"playsound boi.hall.crickets @a ~~~"
											]
										}
									},
									{
										"condition": "query.block_property('boi:active') == 1",
										"set_block_property": {
											"boi:active": 0
										},
										"run_command": {
											"command": [
												"title @a[r=4] actionbar Sound: Off"
											]
										}
									},
									{
										"run_command": {
											"command": [
												"playsound random.click @a ~~~ 1 0.9"
											]
										}
									}
								]
							},
							"sound": {
								"sequence": [
									{
										"condition": "query.block_property('boi:active') == 1",
										"run_command": {
											"command": [
												"playsound boi.hall.crickets @a ~~~ 8",
												"particle minecraft:critical_hit_emitter ~~0.5~"
											]
										}
									}
								]
							}
						}
					}
				},
				"key": "minecraft:block",
				"children": [
					{
						"key": "description",
						"children": [
							{
								"open": {
									"identifier": "boi:sound_block_ambient_crickets",
									"properties": {
										"boi:active": [
											0,
											1
										]
									}
								},
								"data": "boi:sound_block_ambient_crickets",
								"key": "identifier"
							},
							{
								"open": {
									"identifier": "boi:sound_block_ambient_crickets",
									"properties": {
										"boi:active": [
											0,
											1
										]
									}
								},
								"key": "properties",
								"is_minified": true,
								"children": {
									"boi:active": [
										0,
										1
									]
								}
							}
						]
					},
					{
						"open": {
							"description": {
								"identifier": "boi:sound_block_ambient_crickets",
								"properties": {
									"boi:active": [
										0,
										1
									]
								}
							},
							"components": {
								"minecraft:block_light_absorption": 15,
								"minecraft:destroy_time": 0.3,
								"minecraft:explosion_resistance": 1,
								"minecraft:map_color": "#A85F2A",
								"minecraft:on_interact": {
									"event": "toggle"
								},
								"minecraft:unit_cube": {},
								"minecraft:ticking": {
									"looping": true,
									"range": [
										8,
										8
									],
									"on_tick": {
										"event": "sound"
									}
								}
							},
							"permutations": [
								{
									"condition": "query.block_property('boi:active') == 0",
									"components": {
										"minecraft:material_instances": {
											"*": {
												"texture": "sound_block_0"
											}
										}
									}
								},
								{
									"condition": "query.block_property('boi:active') == 1",
									"components": {
										"minecraft:material_instances": {
											"*": {
												"texture": "sound_block_3"
											}
										}
									}
								}
							],
							"events": {
								"toggle": {
									"sequence": [
										{
											"condition": "query.block_property('boi:active') == 0",
											"set_block_property": {
												"boi:active": 1
											},
											"run_command": {
												"command": [
													"title @a[r=4] actionbar Sound: On",
													"playsound boi.hall.crickets @a ~~~"
												]
											}
										},
										{
											"condition": "query.block_property('boi:active') == 1",
											"set_block_property": {
												"boi:active": 0
											},
											"run_command": {
												"command": [
													"title @a[r=4] actionbar Sound: Off"
												]
											}
										},
										{
											"run_command": {
												"command": [
													"playsound random.click @a ~~~ 1 0.9"
												]
											}
										}
									]
								},
								"sound": {
									"sequence": [
										{
											"condition": "query.block_property('boi:active') == 1",
											"run_command": {
												"command": [
													"playsound boi.hall.crickets @a ~~~ 8",
													"particle minecraft:critical_hit_emitter ~~0.5~"
												]
											}
										}
									]
								}
							}
						},
						"key": "components",
						"children": [
							{
								"data": "15",
								"key": "minecraft:block_light_absorption"
							},
							{
								"data": "0.3",
								"key": "minecraft:destroy_time"
							},
							{
								"data": "1",
								"key": "minecraft:explosion_resistance"
							},
							{
								"data": "#A85F2A",
								"key": "minecraft:map_color"
							},
							{
								"key": "minecraft:on_interact",
								"is_minified": true,
								"children": {
									"event": "toggle"
								}
							},
							{
								"key": "minecraft:unit_cube",
								"is_minified": true,
								"children": {}
							},
							{
								"open": {
									"minecraft:block_light_absorption": 15,
									"minecraft:destroy_time": 0.3,
									"minecraft:explosion_resistance": 1,
									"minecraft:map_color": "#A85F2A",
									"minecraft:on_interact": {
										"event": "toggle"
									},
									"minecraft:unit_cube": {},
									"minecraft:ticking": {
										"looping": true,
										"range": [
											8,
											8
										],
										"on_tick": {
											"event": "sound"
										}
									}
								},
								"key": "minecraft:ticking",
								"children": [
									{
										"data": "true",
										"key": "looping"
									},
									{
										"open": {
											"looping": true,
											"range": [
												8,
												8
											],
											"on_tick": {
												"event": "sound"
											}
										},
										"key": "range",
										"is_minified": true,
										"children": [
											8,
											8
										]
									},
									{
										"key": "on_tick",
										"is_minified": true,
										"children": {
											"event": "sound"
										}
									}
								]
							}
						]
					},
					{
						"key": "permutations",
						"children": [
							{
								"open": [
									{
										"condition": "query.block_property('boi:active') == 0",
										"components": {
											"minecraft:material_instances": {
												"*": {
													"texture": "sound_block_0"
												}
											}
										}
									},
									{
										"condition": "query.block_property('boi:active') == 1",
										"components": {
											"minecraft:material_instances": {
												"*": {
													"texture": "sound_block_3"
												}
											}
										}
									}
								],
								"children": [
									{
										"data": "query.block_property('boi:active') == 0",
										"key": "condition"
									},
									{
										"open": {
											"condition": "query.block_property('boi:active') == 0",
											"components": {
												"minecraft:material_instances": {
													"*": {
														"texture": "sound_block_0"
													}
												}
											}
										},
										"key": "components",
										"children": [
											{
												"key": "minecraft:material_instances",
												"children": [
													{
														"open": {
															"*": {
																"texture": "sound_block_0"
															}
														},
														"key": "*",
														"is_minified": true,
														"children": {
															"texture": "sound_block_0"
														}
													}
												]
											}
										]
									}
								]
							},
							{
								"open": [
									{
										"condition": "query.block_property('boi:active') == 0",
										"components": {
											"minecraft:material_instances": {
												"*": {
													"texture": "sound_block_0"
												}
											}
										}
									},
									{
										"condition": "query.block_property('boi:active') == 1",
										"components": {
											"minecraft:material_instances": {
												"*": {
													"texture": "sound_block_3"
												}
											}
										}
									}
								],
								"children": [
									{
										"data": "query.block_property('boi:active') == 1",
										"key": "condition"
									},
									{
										"open": {
											"condition": "query.block_property('boi:active') == 1",
											"components": {
												"minecraft:material_instances": {
													"*": {
														"texture": "sound_block_3"
													}
												}
											}
										},
										"key": "components",
										"children": [
											{
												"key": "minecraft:material_instances",
												"children": [
													{
														"open": {
															"*": {
																"texture": "sound_block_3"
															}
														},
														"key": "*",
														"is_minified": true,
														"children": {
															"texture": "sound_block_3"
														}
													}
												]
											}
										]
									}
								]
							}
						]
					},
					{
						"open": {
							"description": {
								"identifier": "boi:sound_block_ambient_crickets",
								"properties": {
									"boi:active": [
										0,
										1
									]
								}
							},
							"components": {
								"minecraft:block_light_absorption": 15,
								"minecraft:destroy_time": 0.3,
								"minecraft:explosion_resistance": 1,
								"minecraft:map_color": "#A85F2A",
								"minecraft:on_interact": {
									"event": "toggle"
								},
								"minecraft:unit_cube": {},
								"minecraft:ticking": {
									"looping": true,
									"range": [
										8,
										8
									],
									"on_tick": {
										"event": "sound"
									}
								}
							},
							"permutations": [
								{
									"condition": "query.block_property('boi:active') == 0",
									"components": {
										"minecraft:material_instances": {
											"*": {
												"texture": "sound_block_0"
											}
										}
									}
								},
								{
									"condition": "query.block_property('boi:active') == 1",
									"components": {
										"minecraft:material_instances": {
											"*": {
												"texture": "sound_block_3"
											}
										}
									}
								}
							],
							"events": {
								"toggle": {
									"sequence": [
										{
											"condition": "query.block_property('boi:active') == 0",
											"set_block_property": {
												"boi:active": 1
											},
											"run_command": {
												"command": [
													"title @a[r=4] actionbar Sound: On",
													"playsound boi.hall.crickets @a ~~~"
												]
											}
										},
										{
											"condition": "query.block_property('boi:active') == 1",
											"set_block_property": {
												"boi:active": 0
											},
											"run_command": {
												"command": [
													"title @a[r=4] actionbar Sound: Off"
												]
											}
										},
										{
											"run_command": {
												"command": [
													"playsound random.click @a ~~~ 1 0.9"
												]
											}
										}
									]
								},
								"sound": {
									"sequence": [
										{
											"condition": "query.block_property('boi:active') == 1",
											"run_command": {
												"command": [
													"playsound boi.hall.crickets @a ~~~ 8",
													"particle minecraft:critical_hit_emitter ~~0.5~"
												]
											}
										}
									]
								}
							}
						},
						"key": "events",
						"children": [
							{
								"key": "toggle",
								"children": [
									{
										"open": {
											"sequence": [
												{
													"condition": "query.block_property('boi:active') == 0",
													"set_block_property": {
														"boi:active": 1
													},
													"run_command": {
														"command": [
															"title @a[r=4] actionbar Sound: On",
															"playsound boi.hall.crickets @a ~~~"
														]
													}
												},
												{
													"condition": "query.block_property('boi:active') == 1",
													"set_block_property": {
														"boi:active": 0
													},
													"run_command": {
														"command": [
															"title @a[r=4] actionbar Sound: Off"
														]
													}
												},
												{
													"run_command": {
														"command": [
															"playsound random.click @a ~~~ 1 0.9"
														]
													}
												}
											]
										},
										"key": "sequence",
										"children": [
											{
												"open": [
													{
														"condition": "query.block_property('boi:active') == 0",
														"set_block_property": {
															"boi:active": 1
														},
														"run_command": {
															"command": [
																"title @a[r=4] actionbar Sound: On",
																"playsound boi.hall.crickets @a ~~~"
															]
														}
													},
													{
														"condition": "query.block_property('boi:active') == 1",
														"set_block_property": {
															"boi:active": 0
														},
														"run_command": {
															"command": [
																"title @a[r=4] actionbar Sound: Off"
															]
														}
													},
													{
														"run_command": {
															"command": [
																"playsound random.click @a ~~~ 1 0.9"
															]
														}
													}
												],
												"children": [
													{
														"open": {
															"condition": "query.block_property('boi:active') == 0",
															"set_block_property": {
																"boi:active": 1
															},
															"run_command": {
																"command": [
																	"title @a[r=4] actionbar Sound: On",
																	"playsound boi.hall.crickets @a ~~~"
																]
															}
														},
														"data": "query.block_property('boi:active') == 0",
														"key": "condition"
													},
													{
														"key": "set_block_property",
														"is_minified": true,
														"children": {
															"boi:active": 1
														}
													},
													{
														"open": {
															"condition": "query.block_property('boi:active') == 0",
															"set_block_property": {
																"boi:active": 1
															},
															"run_command": {
																"command": [
																	"title @a[r=4] actionbar Sound: On",
																	"playsound boi.hall.crickets @a ~~~"
																]
															}
														},
														"key": "run_command",
														"children": [
															{
																"open": {
																	"command": [
																		"title @a[r=4] actionbar Sound: On",
																		"playsound boi.hall.crickets @a ~~~"
																	]
																},
																"key": "command",
																"is_minified": true,
																"children": [
																	"title @a[r=4] actionbar Sound: On",
																	"playsound boi.hall.crickets @a ~~~"
																]
															}
														]
													}
												]
											},
											{
												"open": [
													{
														"condition": "query.block_property('boi:active') == 0",
														"set_block_property": {
															"boi:active": 1
														},
														"run_command": {
															"command": [
																"title @a[r=4] actionbar Sound: On",
																"playsound boi.hall.crickets @a ~~~"
															]
														}
													},
													{
														"condition": "query.block_property('boi:active') == 1",
														"set_block_property": {
															"boi:active": 0
														},
														"run_command": {
															"command": [
																"title @a[r=4] actionbar Sound: Off"
															]
														}
													},
													{
														"run_command": {
															"command": [
																"playsound random.click @a ~~~ 1 0.9"
															]
														}
													}
												],
												"children": [
													{
														"data": "query.block_property('boi:active') == 1",
														"key": "condition"
													},
													{
														"key": "set_block_property",
														"is_minified": true,
														"children": {
															"boi:active": 0
														}
													},
													{
														"open": {
															"condition": "query.block_property('boi:active') == 1",
															"set_block_property": {
																"boi:active": 0
															},
															"run_command": {
																"command": [
																	"title @a[r=4] actionbar Sound: Off"
																]
															}
														},
														"key": "run_command",
														"children": [
															{
																"open": {
																	"command": [
																		"title @a[r=4] actionbar Sound: Off"
																	]
																},
																"key": "command",
																"is_minified": true,
																"children": [
																	"title @a[r=4] actionbar Sound: Off"
																]
															}
														]
													}
												]
											},
											{
												"children": [
													{
														"open": {
															"run_command": {
																"command": [
																	"playsound random.click @a ~~~ 1 0.9"
																]
															}
														},
														"key": "run_command",
														"children": [
															{
																"open": {
																	"command": [
																		"playsound random.click @a ~~~ 1 0.9"
																	]
																},
																"key": "command",
																"is_minified": true,
																"children": [
																	"playsound random.click @a ~~~ 1 0.9"
																]
															}
														]
													}
												]
											}
										]
									}
								]
							},
							{
								"open": {
									"toggle": {
										"sequence": [
											{
												"condition": "query.block_property('boi:active') == 0",
												"set_block_property": {
													"boi:active": 1
												},
												"run_command": {
													"command": [
														"title @a[r=4] actionbar Sound: On",
														"playsound boi.hall.crickets @a ~~~"
													]
												}
											},
											{
												"condition": "query.block_property('boi:active') == 1",
												"set_block_property": {
													"boi:active": 0
												},
												"run_command": {
													"command": [
														"title @a[r=4] actionbar Sound: Off"
													]
												}
											},
											{
												"run_command": {
													"command": [
														"playsound random.click @a ~~~ 1 0.9"
													]
												}
											}
										]
									},
									"sound": {
										"sequence": [
											{
												"condition": "query.block_property('boi:active') == 1",
												"run_command": {
													"command": [
														"playsound boi.hall.crickets @a ~~~ 8",
														"particle minecraft:critical_hit_emitter ~~0.5~"
													]
												}
											}
										]
									}
								},
								"key": "sound",
								"children": [
									{
										"open": {
											"sequence": [
												{
													"condition": "query.block_property('boi:active') == 1",
													"run_command": {
														"command": [
															"playsound boi.hall.crickets @a ~~~ 8",
															"particle minecraft:critical_hit_emitter ~~0.5~"
														]
													}
												}
											]
										},
										"key": "sequence",
										"children": [
											{
												"open": [
													{
														"condition": "query.block_property('boi:active') == 1",
														"run_command": {
															"command": [
																"playsound boi.hall.crickets @a ~~~ 8",
																"particle minecraft:critical_hit_emitter ~~0.5~"
															]
														}
													}
												],
												"children": [
													{
														"data": "query.block_property('boi:active') == 1",
														"key": "condition"
													},
													{
														"open": {
															"condition": "query.block_property('boi:active') == 1",
															"run_command": {
																"command": [
																	"playsound boi.hall.crickets @a ~~~ 8",
																	"particle minecraft:critical_hit_emitter ~~0.5~"
																]
															}
														},
														"key": "run_command",
														"children": [
															{
																"open": {
																	"command": [
																		"playsound boi.hall.crickets @a ~~~ 8",
																		"particle minecraft:critical_hit_emitter ~~0.5~"
																	]
																},
																"key": "command",
																"is_minified": true,
																"children": [
																	"playsound boi.hall.crickets @a ~~~ 8",
																	"particle minecraft:critical_hit_emitter ~~0.5~"
																]
															}
														]
													}
												]
											}
										]
									}
								]
							}
						]
					}
				]
			}
		]
	}
}