{
  "format_version": "1.13.0",
  "minecraft:entity": {
    "description": {
      "identifier": "op_asa:barrier_ball_e",
      "is_spawnable": false,
      "is_summonable": true,
      "is_experimental": false,
      "scripts": {
        "animate": ["1"]
      },
      "animations": {
        "1":"controller.animation.barrier_ball"
      }
    },
    "component_groups": {
      "op_asa:despawn":{
        "minecraft:instant_despawn": {}
      }
    },

    "components": {
      "minecraft:timer": {
        "looping": true,
        "randomInterval": false,
        "time": 0.1,
        "time_down_event": {
         "event": "op_asa:timer_event",
         "target": "self"
        }
      },
      "minecraft:damage_sensor": {
        "triggers": {
            "on_damage": {"filters": {}},
            "deals_damage": false
        }
      },
      "minecraft:knockback_resistance": {
        "value": 1
      },
      "minecraft:fire_immune": {
      },
      "minecraft:type_family": {
        "family": ["baribari"]
      },
      "minecraft:environment_sensor":{
        "triggers":[
          {
            "filters":{
              "test":"has_tag",
              "value":"barrier_end"
            },
            "event":"op_asa:barrier_end"
          }
        ]   
      },
      "minecraft:collision_box": {
        "width":0,
        "height":0
      },
      "minecraft:physics": {
      },
      "minecraft:pushable": {
        "is_pushable": false,
        "is_pushable_by_piston": false
      },
      "minecraft:conditional_bandwidth_optimization": {
        "default_values": {
          "max_optimized_distance": 80.0,
          "max_dropped_ticks": 10,
          "use_motion_prediction_hints": true
        }
      }
    },

    "events": {
      "op_asa:timer_event":{
        "run_command":{
          "command":"execute @s ~~5~ kill @e[family=knockback_roar,rm=6,r=9]"
        }
      },
      "op_asa:barrier_end":{
        "run_command":{
          "command":"function akumanomi/baribari/barrier_clear"
        },
        "add":{
          "component_groups":[
            "op_asa:despawn"
          ]
        }
      }
    }

  }
}