{
  "format_version": "1.10.0",
  "minecraft:client_entity": {
    "description": {
      "identifier": "zm:keepers",
      "textures": {
        "default": "textures/entity/keepers"
      },
      "materials": {
        "default": "enderman"
      },
      "geometry": {
        "default": "geometry.keepers"
      },
      "render_controllers": [
        "controller.render.default"
      ],
      "animations": {
        "walk": "animation.keepers.walk",
        "look_at_target": "animation.common.look_at_target",
        "idle": "animation.keepers.idle",
        "move": "controller.animation.keepers.move",
        "general": "controller.animation.keepers.general",
        "attack": "animation.keepers.attack"
      },
      "scripts": {
        "animate": [
          "move",
          "general",
          "look_at_target"
        ]
      },
      "spawn_egg": {
        "texture": "keepers_egg",
        "texture_index": 0
      }
    }
  }
}