{
  "format_version": "1.12.0",
  "minecraft:entity": {
    "description": {
      "identifier": "op_asa:amaterasu_e",
      "is_spawnable": false,
      "is_summonable": true,
      "is_experimental": false
    },
    "component_groups": {
    },

    "components": {
      "minecraft:timer": {
        "looping": false,
        "randomInterval": false,
        "time": 0.0,
        "time_down_event": {
         "event": "op_asa:timer_event",
         "target": "self"
        }
      },
      "minecraft:collision_box": {
        "width": 0,
        "height": 0
      },
	    "minecraft:physics": {
      },
      "minecraft:pushable": {
        "is_pushable": false,
        "is_pushable_by_piston": false
      },
      "minecraft:transformation": {
        "into": "op_asa:despawn",
        "delay": 0.2
      },
      "minecraft:conditional_bandwidth_optimization": {
        "default_values": {
          "max_optimized_distance": 80.0,
          "max_dropped_ticks": 10,
          "use_motion_prediction_hints": true
        }
      }
    },

    "events": {
      "op_asa:timer_event":{
        "run_command":{
          "command":"function akumanomi/pikapika/amaterasu_e"
        }
      }
    }
  }
}
