{
  "format_version": "1.13.0",
  "minecraft:entity": {
    "description": {
      "identifier": "op_asa:hikarinokeri_attack",
      "is_spawnable": false,
      "is_summonable": true,
      "is_experimental": false
    },
    "component_groups": {
      "op_asa:knockback_roar":{
        "minecraft:behavior.knockback_roar": {
          "duration": 0.11,
          "attack_time": 0.1,
          "knockback_damage": 0,
          "knockback_strength": 5,
          "knockback_range": 3,
          "knockback_filters": {
            "all_of":[
              {
                "test": "is_family",
                "subject": "other",
                "operator": "!=",
                "value": "pikapika"
              },
              {
                "test":"has_tag",
                "subject":"other",
                "operator":"!=",
                "value":"pikapika"
              }
            ]
          },
          "damage_filters": {
            "all_of":[
              {
                "test": "is_family",
                "subject": "other",
                "operator": "!=",
                "value": "pikapika"
              },
              {
                "test":"has_tag",
                "subject":"other",
                "operator":"!=",
                "value":"pikapika"
              }
            ]
          },
          "on_roar_end": {
            "event": "op_asa:end_roar"
          }
        }
      },
      "op_asa:despawn":{
        "minecraft:instant_despawn": {}
      }
    },

    "components": {
      "minecraft:type_family": {
        "family": [ "pikapika","knockback_roar" ]
      },
      "minecraft:timer": {
        "looping": false,
        "randomInterval": false,
        "time": 0.0,
        "time_down_event": {
         "event": "op_asa:timer_event",
         "target": "self"
        }
      },
      "minecraft:collision_box": {
        "width":0,
        "height":0
      },
      "minecraft:physics": {
      },
      "minecraft:pushable": {
        "is_pushable": false,
        "is_pushable_by_piston": false
      },
      "minecraft:damage_sensor": {
        "triggers": {
            "on_damage": {"filters": {}},
            "deals_damage": false
        }
      }
    },

    "events": {
      "op_asa:timer_event":{
        "sequence":[
          {
            "run_command":{
              "command":[
                "damage @e[tag=!pikapika,family=!pikapika,r=3,type=!item,type=!xp_orb] 18 entity_attack entity @p[tag=pikapika]",
                "particle op_asa:pikapika_particle ~~~"
              ]
            }
          },
          {
            "add":{
              "component_groups":[
                "op_asa:knockback_roar"
              ]
            }
          }
        ]
      },
      "op_asa:end_roar":{
        "add":{
          "component_groups":[
            "op_asa:despawn"
          ]
        }
      }
    }

  }
}