{
  "format_version": "1.12.0",
  "minecraft:entity": {
    "description": {
      "identifier": "op_asa:pika_beam_p",
      "is_spawnable": false,
      "is_summonable": true,
      "is_experimental": false,
      "runtime_identifier": "minecraft:snowball"
    },
    "component_groups": {
      "op_asa:despawn":{
        "minecraft:instant_despawn": {}
      }
    },

    "components": {
      "minecraft:collision_box": {
        "width": 0.0,
        "height": 0.0
      },
      "minecraft:projectile": {
        "on_hit": {
          "catch_fire":{},
          "definition_event": {
            "affectProjectile": true,
            "eventTrigger": {
                  "event": "op_asa:event1",
                  "target": "self"
            }
          },
          "impact_damage": {
            "damage": 8,
            "knockback": false,
            "semi_random_diff_damage":false,
            "destroy_on_hit": true,
            "max_critical_damage": 10,
            "min_critical_damage": 9,
            "power_multiplier": 0.97
          }
        },
        "offset": [ 0, 0.7, 0 ],
        "power": 10,
        "gravity": 0.00,
        "angle_offset": 0.0,
        "inertia": 1,
        "knockback":false,
        "multiple_targets":true,
        "liquid_inertia": 1
      },
      "minecraft:transformation": {
        "into": "op_asa:despawn",
        "delay": 0.3
      },
	    "minecraft:physics": {
      },
      "minecraft:pushable": {
        "is_pushable": false,
        "is_pushable_by_piston": false
      },
      "minecraft:conditional_bandwidth_optimization": {
        "default_values": {
          "max_optimized_distance": 80.0,
          "max_dropped_ticks": 10,
          "use_motion_prediction_hints": true
        }
      }
    },

    "events": {
      "op_asa:event1":{
        "add":{
          "component_groups":[
            "op_asa:despawn"
          ]
        }
      }
  }
}
}
