{
  "format_version": "1.13.0",
  "minecraft:entity": {
    "description": {
      "identifier": "op_asa:pikapika_ex",
      "is_spawnable": false,
      "is_summonable": true,
      "is_experimental": false
    },
    "component_groups": {
    },

    "components": {
      "minecraft:type_family": {
        "family": [ "pikapika","pika_ex" ]
      },
      "minecraft:explode": {
        "fuseLength": 0,
        "fuseLit": true,
        "power": 0.5,
        "causesFire": true,
        "fireAffectedByGriefing": true,
        "destroyAffectedByGriefing": true
       },
      "minecraft:transformation": {
        "into": "op_asa:despawn",
        "delay": 0.3
      },
      
      "minecraft:collision_box": {
        "width":0,
        "height":0
      },
      "minecraft:physics": {
      },
      "minecraft:pushable": {
        "is_pushable": false,
        "is_pushable_by_piston": false
      },
      "minecraft:damage_sensor": {
        "triggers": {
            "on_damage": {"filters": {}},
            "deals_damage": false
        }
      }
    },

    "events": {
    }

  }
}