{
  "format_version": "1.12.0",
  "minecraft:entity": {
    "description": {
      "identifier": "op_asa:noronorobeam_p",
      "is_spawnable": false,
      "is_summonable": false,
      "is_experimental": false,
      "runtime_identifier": "minecraft:snowball",
      "scripts": {
        "animate": [
          "noronorobeam_p"
        ]
      },
      "animations": {
        "noronorobeam_p":"controller.animation.noronorobeam_p"
      }
    },
    "component_groups": {
      "op_asa:barriered":{
        "minecraft:instant_despawn": {}
      }
    },

    "components": {
      "minecraft:timer": {
        "looping": true,
        "randomInterval": false,
        "time": 0.1,
        "time_down_event": {
         "event": "op_asa:timer_event",
         "target": "self"
        }
      },
      "minecraft:type_family": {
        "family": [ "noronoro" ]
      },
      "minecraft:collision_box": {
        "width": 0,
        "height": 0
      },
      "minecraft:projectile": {
        "power": 0.8,
        "gravity": 0,
        "angle_offset": 0.0,
        "inertia": 1,
        "knockback":false,
        "liquid_inertia": 1
      },
	    "minecraft:physics": {
      },
      "minecraft:pushable": {
        "is_pushable": false,
        "is_pushable_by_piston": false
      },
      "minecraft:transformation": {
        "into": "op_asa:despawn",
        "delay": 2
      },
      "minecraft:conditional_bandwidth_optimization": {
        "default_values": {
          "max_optimized_distance": 80.0,
          "max_dropped_ticks": 10,
          "use_motion_prediction_hints": true
        }
      }
    },

    "events": {
      "op_asa:barriered":{
        "add":{
          "component_groups":[
            "op_asa:barriered"
          ]
        }
      },
      "op_asa:timer_event":{
        "run_command":{
          "command":"effect @e[tag=!noronoro,family=!noronoro,r=5] slowness 30 5 true"
        }
      }
    }
  }
}
