{
	"file_path": "C:\\Users\\fiddy\\AppData\\Local\\Packages\\Microsoft.MinecraftUWP_8wekyb3d8bbwe\\LocalState\\games\\com.mojang\\development_resource_packs\\SeasonalDecorRP\\attachables\\costume_vampire_cape.json",
	"file_type": "attachable",
	"format_version": 1,
	"file_uuid": "f878569c_0597_4e88_8f6b_f0356a03ec94",
	"file_version": 38,
	"cache_content": {
		"children": [
			{
				"data": "1.10.0",
				"key": "format_version"
			},
			{
				"open": {
					"format_version": "1.10.0",
					"minecraft:attachable": {
						"description": {
							"identifier": "boi:costume_vampire_cape_attach",
							"item": {
								"boi:costume_vampire_cape": "query.is_alive == 1"
							},
							"materials": {
								"default": "armor",
								"enchanted": "armor_enchanted"
							},
							"textures": {
								"default": "textures/costume/costume_arrow",
								"enchanted": "textures/misc/enchanted_item_glint"
							},
							"geometry": {
								"default": "geometry.costume.vampire_cape"
							},
							"scripts": {
								"parent_setup": "variable.helmet_layer_visible = 1.0;",
								"animate": [
									{
										"walk": "query.modified_move_speed*0.6"
									}
								]
							},
							"render_controllers": [
								"controller.render.armor"
							],
							"animations": {
								"walk": "animation.costume.vampire_cape.walk"
							}
						}
					}
				},
				"key": "minecraft:attachable",
				"children": [
					{
						"open": {
							"description": {
								"identifier": "boi:costume_vampire_cape_attach",
								"item": {
									"boi:costume_vampire_cape": "query.is_alive == 1"
								},
								"materials": {
									"default": "armor",
									"enchanted": "armor_enchanted"
								},
								"textures": {
									"default": "textures/costume/costume_arrow",
									"enchanted": "textures/misc/enchanted_item_glint"
								},
								"geometry": {
									"default": "geometry.costume.vampire_cape"
								},
								"scripts": {
									"parent_setup": "variable.helmet_layer_visible = 1.0;",
									"animate": [
										{
											"walk": "query.modified_move_speed*0.6"
										}
									]
								},
								"render_controllers": [
									"controller.render.armor"
								],
								"animations": {
									"walk": "animation.costume.vampire_cape.walk"
								}
							}
						},
						"key": "description",
						"children": [
							{
								"data": "boi:costume_vampire_cape_attach",
								"key": "identifier"
							},
							{
								"key": "item",
								"is_minified": true,
								"children": {
									"boi:costume_vampire_cape": "query.is_alive == 1"
								}
							},
							{
								"key": "materials",
								"is_minified": true,
								"children": {
									"default": "armor",
									"enchanted": "armor_enchanted"
								}
							},
							{
								"key": "textures",
								"is_minified": true,
								"children": {
									"default": "textures/costume/costume_arrow",
									"enchanted": "textures/misc/enchanted_item_glint"
								}
							},
							{
								"key": "geometry",
								"is_minified": true,
								"children": {
									"default": "geometry.costume.vampire_cape"
								}
							},
							{
								"open": {
									"identifier": "boi:costume_vampire_cape_attach",
									"item": {
										"boi:costume_vampire_cape": "query.is_alive == 1"
									},
									"materials": {
										"default": "armor",
										"enchanted": "armor_enchanted"
									},
									"textures": {
										"default": "textures/costume/costume_arrow",
										"enchanted": "textures/misc/enchanted_item_glint"
									},
									"geometry": {
										"default": "geometry.costume.vampire_cape"
									},
									"scripts": {
										"parent_setup": "variable.helmet_layer_visible = 1.0;",
										"animate": [
											{
												"walk": "query.modified_move_speed*0.6"
											}
										]
									},
									"render_controllers": [
										"controller.render.armor"
									],
									"animations": {
										"walk": "animation.costume.vampire_cape.walk"
									}
								},
								"key": "scripts",
								"children": [
									{
										"data": "variable.helmet_layer_visible = 1.0;",
										"key": "parent_setup"
									},
									{
										"open": {
											"parent_setup": "variable.helmet_layer_visible = 1.0;",
											"animate": [
												{
													"walk": "query.modified_move_speed*0.6"
												}
											]
										},
										"key": "animate",
										"children": [
											{
												"open": [
													{
														"walk": "query.modified_move_speed*0.6"
													}
												],
												"is_minified": true,
												"children": {
													"walk": "query.modified_move_speed*0.6"
												}
											}
										]
									}
								]
							},
							{
								"key": "render_controllers",
								"is_minified": true,
								"children": [
									"controller.render.armor"
								]
							},
							{
								"open": {
									"identifier": "boi:costume_vampire_cape_attach",
									"item": {
										"boi:costume_vampire_cape": "query.is_alive == 1"
									},
									"materials": {
										"default": "armor",
										"enchanted": "armor_enchanted"
									},
									"textures": {
										"default": "textures/costume/costume_arrow",
										"enchanted": "textures/misc/enchanted_item_glint"
									},
									"geometry": {
										"default": "geometry.costume.vampire_cape"
									},
									"scripts": {
										"parent_setup": "variable.helmet_layer_visible = 1.0;",
										"animate": [
											{
												"walk": "query.modified_move_speed*0.6"
											}
										]
									},
									"render_controllers": [
										"controller.render.armor"
									],
									"animations": {
										"walk": "animation.costume.vampire_cape.walk"
									}
								},
								"key": "animations",
								"is_minified": true,
								"children": {
									"walk": "animation.costume.vampire_cape.walk"
								}
							}
						]
					}
				]
			}
		]
	}
}