{
	"file_path": "C:\\Users\\fiddy\\AppData\\Local\\Packages\\Microsoft.MinecraftUWP_8wekyb3d8bbwe\\LocalState\\games\\com.mojang\\development_resource_packs\\SeasonalDecorRP\\attachables\\costume_bolts.json",
	"file_type": "attachable",
	"format_version": 1,
	"file_uuid": "a13ef15c_e962_4124_b841_8655c33c8b78",
	"file_version": 8,
	"cache_content": {
		"children": [
			{
				"data": "1.10.0",
				"key": "format_version"
			},
			{
				"open": {
					"format_version": "1.10.0",
					"minecraft:attachable": {
						"description": {
							"identifier": "boi:costume_bolts_attach",
							"item": {
								"boi:costume_bolts": "query.is_alive == 1"
							},
							"materials": {
								"default": "armor",
								"enchanted": "armor_enchanted"
							},
							"textures": {
								"default": "textures/costume/costume_arrow",
								"enchanted": "textures/misc/enchanted_item_glint"
							},
							"geometry": {
								"default": "geometry.costume.bolts"
							},
							"scripts": {
								"parent_setup": "variable.helmet_layer_visible = 1.0;"
							},
							"render_controllers": [
								"controller.render.armor"
							]
						}
					}
				},
				"key": "minecraft:attachable",
				"children": [
					{
						"open": {
							"description": {
								"identifier": "boi:costume_bolts_attach",
								"item": {
									"boi:costume_bolts": "query.is_alive == 1"
								},
								"materials": {
									"default": "armor",
									"enchanted": "armor_enchanted"
								},
								"textures": {
									"default": "textures/costume/costume_arrow",
									"enchanted": "textures/misc/enchanted_item_glint"
								},
								"geometry": {
									"default": "geometry.costume.bolts"
								},
								"scripts": {
									"parent_setup": "variable.helmet_layer_visible = 1.0;"
								},
								"render_controllers": [
									"controller.render.armor"
								]
							}
						},
						"key": "description",
						"children": [
							{
								"open": {
									"identifier": "boi:costume_bolts_attach",
									"item": {
										"boi:costume_bolts": "query.is_alive == 1"
									},
									"materials": {
										"default": "armor",
										"enchanted": "armor_enchanted"
									},
									"textures": {
										"default": "textures/costume/costume_arrow",
										"enchanted": "textures/misc/enchanted_item_glint"
									},
									"geometry": {
										"default": "geometry.costume.bolts"
									},
									"scripts": {
										"parent_setup": "variable.helmet_layer_visible = 1.0;"
									},
									"render_controllers": [
										"controller.render.armor"
									]
								},
								"data": "boi:costume_bolts_attach",
								"key": "identifier"
							},
							{
								"open": {
									"identifier": "boi:costume_bolts_attach",
									"item": {
										"boi:costume_bolts": "query.is_alive == 1"
									},
									"materials": {
										"default": "armor",
										"enchanted": "armor_enchanted"
									},
									"textures": {
										"default": "textures/costume/costume_arrow",
										"enchanted": "textures/misc/enchanted_item_glint"
									},
									"geometry": {
										"default": "geometry.costume.bolts"
									},
									"scripts": {
										"parent_setup": "variable.helmet_layer_visible = 1.0;"
									},
									"render_controllers": [
										"controller.render.armor"
									]
								},
								"key": "item",
								"is_minified": true,
								"children": {
									"boi:costume_bolts": "query.is_alive == 1"
								}
							},
							{
								"key": "materials",
								"is_minified": true,
								"children": {
									"default": "armor",
									"enchanted": "armor_enchanted"
								}
							},
							{
								"open": {
									"identifier": "boi:costume_bolts_attach",
									"item": {
										"boi:costume_bolts": "query.is_alive == 1"
									},
									"materials": {
										"default": "armor",
										"enchanted": "armor_enchanted"
									},
									"textures": {
										"default": "textures/costume/costume_arrow",
										"enchanted": "textures/misc/enchanted_item_glint"
									},
									"geometry": {
										"default": "geometry.costume.bolts"
									},
									"scripts": {
										"parent_setup": "variable.helmet_layer_visible = 1.0;"
									},
									"render_controllers": [
										"controller.render.armor"
									]
								},
								"key": "textures",
								"is_minified": true,
								"children": {
									"default": "textures/costume/costume_arrow",
									"enchanted": "textures/misc/enchanted_item_glint"
								}
							},
							{
								"open": {
									"identifier": "boi:costume_bolts_attach",
									"item": {
										"boi:costume_bolts": "query.is_alive == 1"
									},
									"materials": {
										"default": "armor",
										"enchanted": "armor_enchanted"
									},
									"textures": {
										"default": "textures/costume/costume_arrow",
										"enchanted": "textures/misc/enchanted_item_glint"
									},
									"geometry": {
										"default": "geometry.costume.bolts"
									},
									"scripts": {
										"parent_setup": "variable.helmet_layer_visible = 1.0;"
									},
									"render_controllers": [
										"controller.render.armor"
									]
								},
								"key": "geometry",
								"is_minified": true,
								"children": {
									"default": "geometry.costume.bolts"
								}
							},
							{
								"open": {
									"identifier": "boi:costume_bolts_attach",
									"item": {
										"boi:costume_bolts": "query.is_alive == 1"
									},
									"materials": {
										"default": "armor",
										"enchanted": "armor_enchanted"
									},
									"textures": {
										"default": "textures/costume/costume_arrow",
										"enchanted": "textures/misc/enchanted_item_glint"
									},
									"geometry": {
										"default": "geometry.costume.bolts"
									},
									"scripts": {
										"parent_setup": "variable.helmet_layer_visible = 1.0;"
									},
									"render_controllers": [
										"controller.render.armor"
									]
								},
								"key": "scripts",
								"is_minified": true,
								"children": {
									"parent_setup": "variable.helmet_layer_visible = 1.0;"
								}
							},
							{
								"key": "render_controllers",
								"is_minified": true,
								"children": [
									"controller.render.armor"
								]
							}
						]
					}
				]
			}
		]
	}
}