{
  "format_version": "1.16.0",
  "minecraft:entity": {
    "description": {
      "identifier": "op_asa:enjoumou",
      "is_spawnable": false,
      "is_summonable": true,
      "is_experimental": false,
      "scripts":{
        "animate":["1"]
      },
      "animations":{
        "1":"controller.animation.enjoumou"
      }
    },
    "component_groups":{
      "op_asa:despawn":{
        "minecraft:instant_despawn":{}
      }
    },
    
    "components": {
      "minecraft:timer": {
        "looping": true,
        "randomInterval": false,
        "time": 0.5,
        "time_down_event": {
         "event": "op_asa:timer_event",
         "target": "self"
        }
      },
      "minecraft:type_family": {
        "family": ["meramera"]
      },
      "minecraft:collision_box": {
        "width": 0.0,
        "height": 0.0
      },
      "minecraft:physics": {},
      "minecraft:pushable": {
        "is_pushable": false,
        "is_pushable_by_piston": false
      },
      "minecraft:conditional_bandwidth_optimization": {
      },
      "minecraft:damage_sensor": {
        "triggers":[
          {
            "cause": "fall",
            "deals_damage": false
          },
          {
            "on_damage": {"filters": {}},
            "deals_damage": false
          }
        ]
      },
      "minecraft:environment_sensor": {
        "triggers": [
          {
            "filters":{
              "all_of": [
                { "test":"in_water","value":true }
              ]
            },
            "event": "op_asa:in_water"
          }
        ]
      },
      "minecraft:transformation": {
        "into": "op_asa:despawn",
        "delay": 10
      }
    },
    "events":{
      "op_asa:timer_event":{
        "run_command":{
          "command":[
            "particle op_asa:enjoumou_particle ~~~"
          ]
        }
      },
      "op_asa:in_water":{
        "run_command":{
          "command":["fill ~1~1~1 ~-1~-1~-1 air 0 replace water"]
        }
      }
    }
  }
}