{
  "format_version": "1.16.0",
  "minecraft:entity": {
    "description": {
      "identifier": "op_asa:enkai1",
      "is_spawnable": false,
      "is_summonable": true,
      "is_experimental": false,
      "runtime_identifier": "minecraft:snowball"
    },
    "component_groups":{
      "op_asa:despawn":{
        "minecraft:instant_despawn":{}
      }
    },
    
    "components": {
      "minecraft:timer": {
        "looping": true,
        "randomInterval": false,
        "time": 0.5,
        "time_down_event": {
         "event": "op_asa:timer_event",
         "target": "self"
        }
      },
      "minecraft:type_family": {
        "family": ["meramera"]
      },
      "minecraft:collision_box": {
        "width": 0.0,
        "height": 0.0
      },
      "minecraft:physics": {},
      "minecraft:pushable": {
        "is_pushable": false,
        "is_pushable_by_piston": false
      },
      "minecraft:conditional_bandwidth_optimization": {
      }
    },
    "events":{
      "op_asa:timer_event":{
        "run_command":{
          "command":[
            "particle op_asa:enkai_particle1 ~~~",
            "particle op_asa:enkai_particle1_2 ~~~",
            "damage @e[r=2] 2 fire"
          ]
        }
      }
    }
  }
}