{
  "format_version": "1.13.0",
  "minecraft:entity": {    
    "description": {
      "identifier": "op_asa:entei_attack",
      "is_spawnable": false,
      "is_summonable": true,
      "is_experimental": false,
      "scripts":{
        "animate":["entei_attack"]
      },
      "animations":{
        "entei_attack":"controller.animation.entei_attack"
      }
    },
    "component_groups": {

    },
    "components": {
      "minecraft:type_family": {
        "family": [ "meramera","knockback_roar" ]
      },
      "minecraft:collision_box": {
        "width": 0.0,
        "height": 0.0
      },
      "minecraft:behavior.knockback_roar": {
        "duration": 999,
        "attack_time": 0.1,
        "knockback_damage": 60,
        "knockback_strength": 0,
        "knockback_range": 16,
        "knockback_filters": {
          "all_of":[
            {
              "test":"has_tag",
              "subject":"other",
              "operator":"!=",
              "value":"meramera"
            },
            {
              "test":"is_family",
              "subject":"other",
              "operator":"!=",
              "value":"meramera"
            },
            {
              "test": "is_family",
              "subject": "other",
              "operator": "!=",
              "value": "magmag"
            },
            {
              "test": "has_tag",
              "subject": "other",
              "operator": "!=",
              "value": "magmag"
            },
            {
              "test": "is_family",
              "subject": "other",
              "operator": "!=",
              "value": "mokumoku"
            },
            {
              "test": "has_tag",
              "subject": "other",
              "operator": "!=",
              "value": "mokumoku"
            }
          ]
        },
        "damage_filters": {
          "all_of":[
            {
              "test":"has_tag",
              "subject":"other",
              "operator":"!=",
              "value":"meramera"
            },
            {
              "test":"is_family",
              "subject":"other",
              "operator":"!=",
              "value":"meramera"
            },
            {
              "test": "is_family",
              "subject": "other",
              "operator": "!=",
              "value": "magmag"
            },
            {
              "test": "has_tag",
              "subject": "other",
              "operator": "!=",
              "value": "magmag"
            },
            {
              "test": "is_family",
              "subject": "other",
              "operator": "!=",
              "value": "mokumoku"
            },
            {
              "test": "has_tag",
              "subject": "other",
              "operator": "!=",
              "value": "mokumoku"
            }
          ]
        }
      },
      "minecraft:transformation": {
        "into": "op_asa:despawn",
        "delay": 0.5
      },
      "minecraft:pushable": {
        "is_pushable": false,
        "is_pushable_by_piston": false
      },
      "minecraft:damage_sensor": {
        "triggers": {
            "on_damage": {"filters": {}},
            "deals_damage": false
        }
      }
    },
    "events": {
    }
  }
}