{
  "format_version": "1.16.0",
  "minecraft:entity": {
    "description": {
      "identifier": "op_asa:hidaruma",
      "is_spawnable": false,
      "is_summonable": true,
      "is_experimental": false
    },
    "component_groups":{
      "op_asa:despawn":{
        "minecraft:instant_despawn":{}
      }
    },
    
    "components": {
      "minecraft:explode": {
        "fuseLength": 0,
        "fuseLit": true,
        "power": 3,
        "causesFire": true,
        "fireAffectedByGriefing": true,
        "destroyAffectedByGriefing": true
      },
      "minecraft:type_family": {
        "family": ["meramera","mera_ex"]
      },
      "minecraft:collision_box": {
        "width": 0.0,
        "height": 0.0
      },
      "minecraft:physics": {},
      "minecraft:pushable": {
        "is_pushable": false,
        "is_pushable_by_piston": false
      },
      "minecraft:conditional_bandwidth_optimization": {
      },
      "minecraft:damage_sensor": {
        "triggers": {
            "on_damage": {"filters": {}},
            "deals_damage": false
        }
      }
    },
    "events":{
    }
  }
}
