{
  "format_version": "1.13.0",
  "minecraft:entity": {
    "description": {
      "identifier": "op_asa:hiken_p",
      "is_spawnable": false,
      "is_summonable": true,
      "is_experimental": false,
      "runtime_identifier": "minecraft:snowball"
    },
    "component_groups": {
      "op_asa:hiken":{
        "minecraft:timer": {
          "looping": true,
          "randomInterval": false,
          "time": 0.0,
          "time_down_event": {
           "event": "op_asa:timer_event",
           "target": "self"
          }
        }
      },
      "op_asa:barriered":{
        "minecraft:instant_despawn": {}
      }
    },

    "components": {
      "minecraft:type_family": {
        "family": [ "meramera" ]
      },
      "minecraft:timer": {
        "looping": false,
        "randomInterval": false,
        "time": 0.0,
        "time_down_event": {
         "event": "op_asa:hiken",
         "target": "self"
        }
      },
      "minecraft:collision_box": {
        "width": 0,
        "height": 0
      },
      "minecraft:projectile": {
        "power": 2,
        "gravity": 0,
        "angle_offset": 0.0,
        "inertia": 1,
        "knockback":false,
        "liquid_inertia": 0
      },
	    "minecraft:physics": {
      },
      "minecraft:pushable": {
        "is_pushable": false,
        "is_pushable_by_piston": false
      },
      "minecraft:transformation": {
        "into": "op_asa:despawn",
        "delay": 1.4
      },
      "minecraft:conditional_bandwidth_optimization": {
        "default_values": {
          "max_optimized_distance": 80.0,
          "max_dropped_ticks": 10,
          "use_motion_prediction_hints": true
        }
      }
    },

    "events": {
      "op_asa:barriered":{
        "add":{
          "component_groups":["op_asa:barriered"]
        }
      },
      "op_asa:hiken":{
        "add":{
          "component_groups":["op_asa:hiken"]
        }
      },
      "op_asa:timer_event":{
        "run_command":{
          "command":"function akumanomi/meramera/hiken_p"
        }
      }
    }
  }
}