{
  "format_version": "1.16.0",
  "minecraft:entity": {
    "description": {
      "identifier": "op_asa:hotarubi",
      "is_spawnable": false,
      "is_summonable": true,
      "is_experimental": false
    },
    "component_groups":{
      "op_asa:despawn":{
        "minecraft:instant_despawn":{}
      }
    },
    
    "components": {
      "minecraft:timer": {
        "looping": true,
        "randomInterval": false,
        "time": 0,
        "time_down_event": {
         "event": "op_asa:timer_event",
         "target": "self"
        }
      },
      "minecraft:type_family": {
        "family": ["meramera"]
      },
      "minecraft:collision_box": {
        "width": 0.0,
        "height": 0.0
      },
      "minecraft:physics": {},
      "minecraft:pushable": {
        "is_pushable": false,
        "is_pushable_by_piston": false
      },
      "minecraft:conditional_bandwidth_optimization": {
      },
      "minecraft:damage_sensor": {
        "triggers": {
            "on_damage": {"filters": {}},
            "deals_damage": false
        }
      },
      "minecraft:environment_sensor": {
        "triggers": [
          {
            "filters":{
              "all_of": [
                { "test":"in_water","value":true }
              ]
            },
            "event": "op_asa:in_water"
          }
        ]
      }
    },
    "events":{
      "op_asa:timer_event":{
        "run_command":{
          "command":[
            "particle op_asa:hotarubi_particle ~~~"
          ]
        }
      },
      "op_asa:in_water":{
        "add":{
          "component_groups":["op_asa:despawn"]
        }
      },
      "op_asa:hidaruma":{
        "run_command":{
          "command":"summon op_asa:hidaruma"
        },
        "add":{
          "component_groups":["op_asa:despawn"]
        }
      }
    }
  }
}
