{
  "format_version": "1.13.0",
  "minecraft:entity": {
    "description": {
      "identifier": "op_asa:juujika_p",
      "is_spawnable": false,
      "is_summonable": true,
      "is_experimental": false,
      "runtime_identifier": "minecraft:snowball"
    },
    "component_groups": {
      "op_asa:despawn":{
        "minecraft:instant_despawn": {}
      }
    },

    "components": {
      "minecraft:timer": {
        "looping": true,
        "randomInterval": false,
        "time": 0,
        "time_down_event": {
         "event": "op_asa:timer_event",
         "target": "self"
        }
      },
      "minecraft:projectile": {
        "on_hit": {
          "definition_event": {
            "affectProjectile": true,
            "eventTrigger": {
              "event": "op_asa:event1",
              "target": "self"
            }
          },
          "impact_damage": {
            "damage": 16,
            "knockback": false,
            "semi_random_diff_damage":false,
            "destroy_on_hit": true,
            "power_multiplier": 1,
            "catch_fire":true
          },
          "on_fire_time":3.0,
          "ignite":true,
          "stick_in_ground": {}
        },
        "catch_fire":true,
        "knockback": false,
        "on_fire_time":3.0,
        "power": 2,
        "gravity": 0.00,
        "uncertainty_base": 1,
        "uncertainty_multiplier": 0,
        "anchor": 1,
        "should_bounce": false,
        "offset": [ 0, 0.1, 0 ]
      },
      "minecraft:collision_box": {
        "width":0.0,
        "height":0.0
      },
      "minecraft:physics": {
      },
      "minecraft:transformation": {
        "into": "op_asa:despawn",
        "delay": 1
      },
      "minecraft:pushable": {
        "is_pushable": false,
        "is_pushable_by_piston": false
      },
      "minecraft:conditional_bandwidth_optimization": {
        "default_values": {
          "max_optimized_distance": 80.0,
          "max_dropped_ticks": 10,
          "use_motion_prediction_hints": true
        }
      }
    },

    "events": {
      "op_asa:event1":{
        "sequence":[
          {
            "run_command":{
              "command":[
                "particle op_asa:juujika_particle ~~~",
                "fill ~1~~ ~-1~~ fire 0 replace air",
                "fill ~~1~ ~~-1~ fire 0 replace air",
                "fill ~~~1 ~~~-1 fire 0 replace air"
              ]
            }
          },
          {
            "add":{
              "component_groups":["op_asa:despawn"]
            }
          }
        ]
      },
      "op_asa:timer_event":{
        "run_command":{
          "command":"particle op_asa:juujika_particle ~~~"
        }
      }
    }

  }
}