{
  "format_version": "1.16.100",
  "minecraft:entity": {
    "description": {
      "identifier": "op_asa:kaen_ryuo_p",
      "is_spawnable": false,
      "is_summonable": true,
      "is_experimental": false,
      "runtime_identifier": "minecraft:snowball",
      "scripts":{
        "animate":["1"]
      },
      "animations":{
        "1":"controller.animation.kaen_ryuo_p"
      }
    },
    "component_groups": {
      "op_asa:despawn":{
        "minecraft:instant_despawn":{}
      }
    },

    "components": {
      "minecraft:type_family": {
        "family": [ "meramera" ]
      },
      "minecraft:timer": {
        "looping": true,
        "randomInterval": false,
        "time": 0.7,
        "time_down_event": {
         "event": "op_asa:despawn",
         "target": "self"
        }
      },
      "minecraft:projectile": {
        "power": 1.5,
        "gravity": 0,
        "angle_offset": 0.0,
        "inertia": 1,
        "knockback":false,
        "liquid_inertia": 1
      },
      "minecraft:collision_box": {
        "width":0.0,
        "height":0.0
      },
      "minecraft:physics": {
      },
      "minecraft:pushable": {
        "is_pushable": false,
        "is_pushable_by_piston": false
      },
      "minecraft:damage_sensor": {
        "triggers": {
            "on_damage": {"filters": {}},
            "deals_damage": false
        }
      },
      "minecraft:conditional_bandwidth_optimization": {
        "default_values": {
          "max_optimized_distance": 80.0,
          "max_dropped_ticks": 10,
          "use_motion_prediction_hints": true
        }
      }
    },

    "events": {
      "op_asa:despawn":{
        "add":{
          "component_groups":[
            "op_asa:despawn"
          ]
        }
      }
    }

  }
}