{
  "format_version": "1.13.0",
  "minecraft:entity": {    
    "description": {
      "identifier": "op_asa:kyokaen",
      "is_spawnable": false,
      "is_summonable": true,
      "is_experimental": false,
      "scripts":{
        "animate":["1"]
      },
      "animations":{
        "1":"controller.animation.kyokaen"
      }
    },
    "component_groups": {
      "op_asa:move":{
        "minecraft:timer": {
          "looping": true,
          "randomInterval": false,
          "time": 0,
          "time_down_event": {
           "event": "op_asa:move_event",
           "target": "self"
          }
        }
      },
      "op_asa:stay":{
        "minecraft:timer": {
          "looping": true,
          "randomInterval": false,
          "time": 0,
          "time_down_event": {
           "event": "op_asa:stay_event",
           "target": "self"
          }
        }
      },
      "op_asa:despawn":{
        "minecraft:instant_despawn": {}
      }
    },
    "components": {
      "minecraft:type_family": {
        "family": [ "meramera" ]
      },
      "minecraft:collision_box": {
        "width": 3,
        "height": 5
      },
      "minecraft:transformation": {
        "into": "op_asa:despawn",
        "delay": 3.5
      },
      "minecraft:pushable": {
        "is_pushable": false,
        "is_pushable_by_piston": false
      },
      "minecraft:damage_sensor": {
        "triggers": {
            "on_damage": {"filters": {}},
            "deals_damage": false
        }
      }
    },
    "events": {
      "op_asa:move":{
        "add":{
          "component_groups":[
            "op_asa:move"
          ]
        }
      },
      "op_asa:move_event":{
        "run_command":{
          "command":[
            "particle op_asa:kyokaen_particle1 ~~~",
            "particle op_asa:kyokaen_particle2 ~~~",
            "tp @s ^^^0.5 facing @e[c=1,type=op_asa:kyokaen_target]",
            "damage @e[r=3,type=!item,type=!xp_orb] 10 fire entity @p[tag=meramera]"
          ]
        }
      },
      "op_asa:stay_event":{
        "run_command":{
          "command":[
            "particle op_asa:kyokaen_particle1 ~~~",
            "particle op_asa:kyokaen_particle2 ~~~",
            "damage @e[r=3,type=!item,type=!xp_orb] 10 fire entity @p[tag=meramera]"
          ]
        }
      },
      "op_asa:despawn":{
        "add":{
          "component_groups":[
            "op_asa:despawn"
          ]
        },
        "run_command":{
          "command":[
            "event entity @e[type=op_asa:kyokaen_target,r=2] op_asa:despawn"
          ]
        }
      },
      "op_asa:stay":{
        "remove":{
          "component_groups":[
            "op_asa:move"
          ]
        },
        "add":{
          "component_groups":[
            "op_asa:stay"
          ]
        }
      }
    }
  }
}