{
  "format_version": "1.13.0",
  "minecraft:entity": {    
    "description": {
      "identifier": "op_asa:kyokaen_target",
      "is_spawnable": false,
      "is_summonable": true,
      "is_experimental": false
    },
    "component_groups": {
      "op_asa:despawn":{
        "minecraft:instant_despawn": {}
      }
    },
    "components": {
      "minecraft:timer": {
        "looping": true,
        "randomInterval": false,
        "time": 0,
        "time_down_event": {
         "event": "op_asa:timer_event",
         "target": "self"
        }
      },
      "minecraft:transformation": {
        "into": "op_asa:despawn",
        "delay": 5
      },
      "minecraft:type_family": {
        "family": [ "meramera" ]
      },
      "minecraft:collision_box": {
        "width": 0.0,
        "height": 0.0
      },
      "minecraft:pushable": {
        "is_pushable": false,
        "is_pushable_by_piston": false
      },
      "minecraft:damage_sensor": {
        "triggers": {
            "on_damage": {"filters": {}},
            "deals_damage": false
        }
      }
    },
    "events": {
      "op_asa:timer_event":{
        "run_command":{
          "command":[
            "event entity @e[type=op_asa:kyokaen,r=2] op_asa:despawn"
          ]
        }
      },
      "op_asa:despawn":{
        "add":{
          "component_groups":[
            "op_asa:despawn"
          ]
        }
      }
    }
  }
}