{
	"file_path": "C:\\Users\\fiddy\\AppData\\Local\\Packages\\Microsoft.MinecraftUWP_8wekyb3d8bbwe\\LocalState\\games\\com.mojang\\development_behavior_packs\\SeasonalDecorBP\\spawn_rules\\season_trader_spawner.json",
	"file_type": "spawn_rule",
	"format_version": 1,
	"file_uuid": "ab55af8a_c17f_4f0f_a06b_1025c117a43b",
	"file_version": 5,
	"cache_content": {
		"children": [
			{
				"data": "1.8.0",
				"key": "format_version"
			},
			{
				"open": {
					"format_version": "1.8.0",
					"minecraft:spawn_rules": {
						"description": {
							"identifier": "boi:season_trader_spawner",
							"population_control": "pillager"
						},
						"conditions": [
							{
								"minecraft:spawns_on_surface": {},
								"minecraft:weight": {
									"default": 10
								},
								"minecraft:density_limit": {
									"surface": 5
								},
								"minecraft:biome_filter": {
									"test": "has_biome_tag",
									"operator": "==",
									"value": "monster"
								},
								"minecraft:brightness_filter": {
									"min": 0,
									"max": 7
								}
							}
						]
					}
				},
				"key": "minecraft:spawn_rules",
				"children": [
					{
						"open": {
							"description": {
								"identifier": "boi:season_trader_spawner",
								"population_control": "pillager"
							},
							"conditions": [
								{
									"minecraft:spawns_on_surface": {},
									"minecraft:weight": {
										"default": 10
									},
									"minecraft:density_limit": {
										"surface": 5
									},
									"minecraft:biome_filter": {
										"test": "has_biome_tag",
										"operator": "==",
										"value": "monster"
									},
									"minecraft:brightness_filter": {
										"min": 0,
										"max": 7
									}
								}
							]
						},
						"key": "description",
						"is_minified": true,
						"children": {
							"identifier": "boi:season_trader_spawner",
							"population_control": "pillager"
						}
					},
					{
						"open": {
							"description": {
								"identifier": "boi:season_trader_spawner",
								"population_control": "pillager"
							},
							"conditions": [
								{
									"minecraft:spawns_on_surface": {},
									"minecraft:weight": {
										"default": 10
									},
									"minecraft:density_limit": {
										"surface": 5
									},
									"minecraft:biome_filter": {
										"test": "has_biome_tag",
										"operator": "==",
										"value": "monster"
									},
									"minecraft:brightness_filter": {
										"min": 0,
										"max": 7
									}
								}
							]
						},
						"key": "conditions",
						"children": [
							{
								"open": [
									{
										"minecraft:spawns_on_surface": {},
										"minecraft:weight": {
											"default": 10
										},
										"minecraft:density_limit": {
											"surface": 5
										},
										"minecraft:biome_filter": {
											"test": "has_biome_tag",
											"operator": "==",
											"value": "monster"
										},
										"minecraft:brightness_filter": {
											"min": 0,
											"max": 7
										}
									}
								],
								"children": [
									{
										"key": "minecraft:spawns_on_surface",
										"is_minified": true,
										"children": {}
									},
									{
										"open": {
											"minecraft:spawns_on_surface": {},
											"minecraft:weight": {
												"default": 10
											},
											"minecraft:density_limit": {
												"surface": 5
											},
											"minecraft:biome_filter": {
												"test": "has_biome_tag",
												"operator": "==",
												"value": "monster"
											},
											"minecraft:brightness_filter": {
												"min": 0,
												"max": 7
											}
										},
										"key": "minecraft:weight",
										"is_minified": true,
										"children": {
											"default": 10
										}
									},
									{
										"key": "minecraft:density_limit",
										"is_minified": true,
										"children": {
											"surface": 5
										}
									},
									{
										"key": "minecraft:biome_filter",
										"is_minified": true,
										"children": {
											"test": "has_biome_tag",
											"operator": "==",
											"value": "monster"
										}
									},
									{
										"key": "minecraft:brightness_filter",
										"is_minified": true,
										"children": {
											"min": 0,
											"max": 7
										}
									}
								]
							}
						]
					}
				]
			}
		]
	}
}