{
  "format_version": "1.12.0",
  "minecraft:entity": {
    "description": {
      "identifier": "zm:attack",
      "is_experimental": false,
      "is_spawnable": false,
      "is_summonable": true
    },
    "component_groups": {
      "minecraft:exploding": {
        "minecraft:explode": {
          "breaks_blocks": true,
          "causes_fire": true,
          "destroy_affected_by_griefing": true,
          "fire_affected_by_griefing": true,
          "fuse_length": 0,
          "fuse_lit": true,
          "power": 0
        }
      }
    },
    "components": {
      "minecraft:explode": {
        "breaks_blocks": false,
        "causes_fire": false,
        "destroy_affected_by_griefing": true,
        "fire_affected_by_griefing": true,
        "fuse_length": 1,
        "fuse_lit": true,
        "power": 0
      },
      "minecraft:collision_box": {
        "height": 0,
        "width": 0
      },
      "minecraft:damage_sensor": {
        "triggers": {
          "cause": "all",
          "deals_damage": false
        }
      },
      "minecraft:health": {
        "min": 1,
        "value": 1
      },
      "minecraft:physics": {},
      "minecraft:pushable": {
        "is_pushable": false,
        "is_pushable_by_piston": false
      },
      "minecraft:type_family": {
        "family": [
          "ink_demon",
          "inanimate"
        ]
      },
      "minecraft:behavior.knockback_roar": {
        "priority": 1,
        "duration": 1,
        "attack_time": 0.5,
        "knockback_damage": 31,
        "knockback_strength": 2,
        "knockback_range": 21,
        "knockback_filters": {
          "test": "is_family",
          "subject": "other",
          "operator": "!=",
          "value": "inanimate"
        },
        "damage_filters": {
          "test": "is_family",
          "subject": "other",
          "operator": "!=",
          "value": "ink_demon"
        },
        "on_roar_end": {
          "event": "null"
        },
        "cooldown_time": 3890
      }
    },
    "events": {
      "ex": {
        "add": {
          "component_groups": [
            "ex"
          ]
        }
      },
      "minecraft:explode": {
        "add": {
          "component_groups": [
            "minecraft:exploding"
          ]
        }
      }
    }
  }
}