{
  "format_version": "1.12.0",
  "minecraft:entity": {
    "description": {
      "identifier": "zm:ink_demon_death",
      "is_experimental": false,
      "is_spawnable": false,
      "is_summonable": true
    },
    "component_groups": {
      "death": {
        "minecraft:timer": {
          "looping": false,
          "time": 2.22,
          "time_down_event": {
            "event": "minecraft:start_event"
          }
        }
      },
      "minecraft:start": {
        "minecraft:transformation": {
          "into": "minecraft:air",
          "delay": 0
        },
        "minecraft:projectile": {
          "onHit": {
            "grant_xp": {
              "minXP": 3,
              "maxXP": 16
            },
            "remove_on_hit": {}
          }
        },
        "minecraft:is_illager_captain": {}
      }
    },
    "components": {
      "minecraft:collision_box": {
        "height": 5,
        "width": 2
      },
      "minecraft:damage_sensor": {
        "triggers": {
          "cause": "all",
          "deals_damage": false
        }
      },
      "minecraft:health": {
        "min": 1,
        "value": 1
      },
      "minecraft:physics": {},
      "minecraft:pushable": {
        "is_pushable": true,
        "is_pushable_by_piston": true
      },
      "minecraft:type_family": {
        "family": [
          "inanimate",
          "ink_demon"
        ]
      }
    },
    "events": {
      "minecraft:entity_spawned": {
        "randomize": [
          {
            "add": {
              "component_groups": [
                "death"
              ]
            },
            "weight": 10
          }
        ]
      },
      "minecraft:start_event": {
        "add": {
          "component_groups": [
            "minecraft:start"
          ]
        }
      }
    }
  }
}