{
  "format_version": "1.8.0",
  "minecraft:entity": {
    "description": {
      "identifier": "zm:ink_demon",
      "is_experimental": false,
      "is_spawnable": true,
      "is_summonable": true,
      "animations": {
        "attacking": "controller.animation.attack"
      },
      "scripts": {
        "animate": [
          "attacking"
        ]
      }
    },
    "components": {
      "minecraft:attack": {
        "damage": 61,
        "effect_name": "none",
        "effect_duration": 20
      },
      "minecraft:behavior.look_at_player": {
        "look_distance": 0.1,
        "priority": 8,
        "probability": 1
      },
      "minecraft:behavior.melee_attack": {
        "priority": 4,
        "speed_multiplier": 1.2,
        "track_target": true,
        "reach_multiplier": 1.6
      },
      "minecraft:behavior.random_look_around": {
        "priority": 9
      },
      "minecraft:behavior.random_stroll": {
        "priority": 7,
        "speed_multiplier": 1
      },
      "minecraft:breathable": {
        "breathes_water": true,
        "suffocate_time": 0,
        "total_supply": 15
      },
      "minecraft:can_climb": {},
      "minecraft:collision_box": {
        "height": 5,
        "width": 2
      },
      "minecraft:experience_reward": {
        "on_bred": "Math.Random(1,7)",
        "on_death": "query.last_hit_by_player ? 5 : 0"
      },
      "minecraft:fire_immune": {},
      "minecraft:health": {
        "max": 380,
        "value": 380
      },
      "minecraft:jump.static": {},
      "minecraft:knockback_resistance": {
        "value": 1000
      },
      "minecraft:leashable": {
        "hard_distance": 6,
        "max_distance": 10,
        "soft_distance": 4
      },
      "minecraft:movement": {
        "value": 0.27
      },
      "minecraft:movement.basic": {},
      "minecraft:nameable": {},
      "minecraft:navigation.walk": {
        "avoid_damage_blocks": true,
        "avoid_water": true,
        "can_path_over_water": false,
        "is_amphibious": true
      },
      "minecraft:physics": {},
      "minecraft:pushable": {
        "is_pushable": true,
        "is_pushable_by_piston": true
      },
      "minecraft:type_family": {
        "family": [
          "ink_demon",
          "monster"
        ]
      },
      "minecraft:follow_range": {
        "value": 128
      },
      "minecraft:behavior.nearest_attackable_target": {
        "priority": 2,
        "entity_types": [
          {
            "filters": {
              "test": "is_family",
              "subject": "other",
              "value": "villager"
            },
            "max_dist": 600
          },
          {
            "filters": {
              "test": "is_family",
              "subject": "other",
              "value": "player"
            },
            "max_dist": 600
          },
          {
            "filters": {
              "test": "is_family",
              "subject": "other",
              "value": "lost_ones"
            },
            "max_dist": 600
          }
        ],
        "must_see": true
      },
      "minecraft:damage_sensor": [
        {
          "on_damage": {
            "event": "minecraft:ink_demon_death_event",
            "filters": {
              "with_damage_fatal": true
            }
          }
        }
      ]
    },
    "component_groups": {
      "minecraft:ink_demon_death": {
        "minecraft:transformation": {
          "into": "zm:ink_demon_death",
          "delay": 0
        },
        "minecraft:projectile": {
          "onHit": {
            "grant_xp": {
              "minXP": 20,
              "maxXP": 40
            },
            "remove_on_hit": {}
          }
        }
      }
    },
    "events": {
      "minecraft:ink_demon_death_event": {
        "add": {
          "component_groups": [
            "minecraft:ink_demon"
          ]
        }
      }
    }
  }
}