{
  "format_version": "1.16.0",
  "minecraft:entity": {
    "description": {
      "identifier": "op_asa:dokufugu_e",
      "is_spawnable": false,
      "is_summonable": false,
      "is_experimental": false,
      "scripts":{
        "animate":["1"]
      },
      "animations":{
        "1":"controller.animation.dokufugu_e"
      }
    },
    "component_groups": {
      "op_asa:despawn":{
        "minecraft:instant_despawn": {}
      }
    },

    "components": {
      "minecraft:type_family": {
        "family": [ "dokudoku" ]
      },
      "minecraft:interact": {
        "interactions": [
          {
            "on_interact": {
              "filters": {
                "all_of": [
                  {
                    "test": "has_equipment",
                    "subject": "other",
                    "domain": "hand",
                    "value": "glass_bottle"
                  },
                  {
                    "test": "is_family",
                    "subject": "other",
                    "value": "player"
                  }
                ]
              },
              "event":"op_asa:dokuhiroi"
            },
            "cooldown": 0.0,
            "cooldown_after_being_attacked": 0,
            "hurt_item": 0,
            "swing": false,
            "use_item": true,
            "interact_text": "action.interact.dokuhiroi"
          }
        ]
      },
      "minecraft:timer": {
        "looping": true,
        "randomInterval": false,
        "time": 5,
        "time_down_event": {
         "event": "op_asa:despawn",
         "target": "self"
        }
      },
      "minecraft:knockback_resistance": {
        "value": 1
      },
      "minecraft:collision_box": {
        "width": 3,
        "height": 0.01
      },
	    "minecraft:physics": {
      },
      "minecraft:pushable": {
        "is_pushable": false,
        "is_pushable_by_piston": false
      },
      "minecraft:damage_sensor": {
        "triggers": {
            "on_damage": {"filters": {}},
            "deals_damage": false
        }
      },
      "minecraft:conditional_bandwidth_optimization": {
        "default_values": {
          "max_optimized_distance": 80.0,
          "max_dropped_ticks": 10,
          "use_motion_prediction_hints": true
        }
      }
    },

    "events": {
      "op_asa:dokuhiroi":{
        "run_command":{
          "command":"give @p potion 1 25"
        }
      },
      "op_asa:despawn":{
        "add":{
          "component_groups":["op_asa:despawn"]
        }
      }
    }
  }
}