{
  "mob.ink_demon.jumpscare": {
    "category": "hostile",
    "sounds": [
      "sounds/mobs/inkdemon_scare"
    ]
  },
  "mob.ink_demon.dialogue1": {
    "category": "hostile",
    "sounds": [
      "sounds/mobs/dialogue1"
    ]
  },
  "mob.ink_demon.dialogue2": {
    "category": "hostile",
    "sounds": [
      "sounds/mobs/dialogue2"
    ]
  },
  "mob.ink_demon.dialogue3": {
    "category": "hostile",
    "sounds": [
      "sounds/mobs/dialogue3"
    ]
  },
  "mob.ink_demon.growl": {
    "category": "hostile",
    "sounds": [
      "sounds/mobs/growl"
    ]
  }
}