{
  "format_version": "1.10.0",
  "animation_controllers": {
    "controller.animation.lost_ones.move": {
      "states": {
        "default": {
          "variables": {
            "move_speeding": {
              "input": "query.modified_move_speed",
              "remap_curve": {
                "0.0": 0,
                "0.29": 1
              }
            }
          },
          "animations": [
            {
              "walk": "variable.move_speeding"
            }
          ]
        }
      }
    },
    "controller.animation.lost_ones.general": {
      "states": {
        "default": {
          "variables": {
            "is_idling": {
              "input": "query.modified_move_speed",
              "remap_curve": {
                "0.0": 1,
                "0.1": 0
              }
            }
          },
          "animations": [
            {
              "idle": "variable.is_idling"
            }
          ],
          "transitions": [
            {
              "attack": "variable.attack_time > 0"
            }
          ],
          "blend_transition": 0.2
        },
        "attack": {
          "animations": [
            "attack"
          ],
          "transitions": [
            {
              "default": "query.all_animations_finished"
            }
          ]
        }
      }
    }
  }
}