{
  "format_version":"1.16.100",
  "animation_controllers":{
    "controller.animation.mess":{
      "states":{
        "default":{
          "transitions":[
            {"target_player":"(q.target -> query.owner_identifier) == 'minecraft:player'"},
            {"dead":"!q.is_alive && q.has_any_family('in_mess') == 1.0"}
          ]
        },
        "target_player":{
          "transitions":[
            {"default":"(q.target -> query.owner_identifier) != 'minecraft:player'"},
            {"dead":"!q.is_alive && q.has_any_family('in_mess') == 1.0"}
          ],
          "on_entry":[
            "/tell @p[hasitem={item=op_asa:kenbunshoku1,location=slot.weapon.mainhand}] §l§c!§r"
          ]
        },
        "dead":{
          "on_entry":[
            "/clear @p[tag=opeope] op_asa:heart 0 1"
          ]
        }
      }
    }
  }
}