{
	"format_version": "1.16.1",
	"animation_controllers": {
		"controller.animation.yomihp": {
			"states": {
				"default": {
					"transitions": [
						{"dead": "!q.is_alive"},
						{"1": "q.health == 1"},
						{"2": "q.health == 2"},
						{"3": "q.health == 3"},
						{"4": "q.health == 4"},
						{"5": "q.health == 5"},
						{"6": "q.health == 6"},
						{"7": "q.health == 7"},
						{"8": "q.health == 8"},
						{"9": "q.health == 9"},
						{"10": "q.health == 10"},
						{"11": "q.health == 11"},
						{"12": "q.health == 12"},
						{"13": "q.health == 13"},
						{"14": "q.health == 14"},
						{"15": "q.health == 15"},
						{"16": "q.health == 16"},
						{"17": "q.health == 17"},
						{"18": "q.health == 18"},
						{"19": "q.health == 19"},
						{"20": "q.health == 20"},
						{"21": "q.health == 21"},
						{"22": "q.health == 22"},
						{"23": "q.health == 23"},
						{"24": "q.health == 24"},
						{"25": "q.health == 25"},
						{"26": "q.health == 26"},
						{"27": "q.health == 27"},
						{"28": "q.health == 28"},
						{"29": "q.health == 29"},
						{"30": "q.health == 30"},
						{"31": "q.health == 31"},
						{"32": "q.health == 32"},
						{"33": "q.health == 33"},
						{"34": "q.health == 34"},
						{"35": "q.health == 35"},
						{"36": "q.health == 36"},
						{"37": "q.health == 37"},
						{"38": "q.health == 38"},
						{"39": "q.health == 39"},
						{"40": "q.health == 40"},
						{"41": "q.health == 41"},
						{"42": "q.health == 42"},
						{"43": "q.health == 43"},
						{"44": "q.health == 44"},
						{"45": "q.health == 45"},
						{"46": "q.health == 46"},
						{"47": "q.health == 47"},
						{"48": "q.health == 48"},
						{"49": "q.health == 49"},
						{"50": "q.health == 50"},
						{"51": "q.health == 51"},
						{"52": "q.health == 52"},
						{"53": "q.health == 53"},
						{"54": "q.health == 54"},
						{"55": "q.health == 55"},
						{"56": "q.health == 56"},
						{"57": "q.health == 57"},
						{"58": "q.health == 58"},
						{"59": "q.health == 59"},
						{"60": "q.health == 60"},
						{"61": "q.health == 61"},
						{"62": "q.health == 62"},
						{"63": "q.health == 63"},
						{"64": "q.health == 64"},
						{"65": "q.health == 65"},
						{"66": "q.health == 66"},
						{"67": "q.health == 67"},
						{"68": "q.health == 68"},
						{"69": "q.health == 69"},
						{"70": "q.health == 70"},
						{"71": "q.health == 71"},
						{"72": "q.health == 72"},
						{"73": "q.health == 73"},
						{"74": "q.health == 74"},
						{"75": "q.health == 75"},
						{"76": "q.health == 76"},
						{"77": "q.health == 77"},
						{"78": "q.health == 78"},
						{"79": "q.health == 79"},
						{"80": "q.health == 80"},
						{"81": "q.health == 81"},
						{"82": "q.health == 82"},
						{"83": "q.health == 83"},
						{"84": "q.health == 84"},
						{"85": "q.health == 85"},
						{"86": "q.health == 86"},
						{"87": "q.health == 87"},
						{"88": "q.health == 88"},
						{"89": "q.health == 89"},
						{"90": "q.health == 90"},
						{"91": "q.health == 91"},
						{"92": "q.health == 92"},
						{"93": "q.health == 93"},
						{"94": "q.health == 94"},
						{"95": "q.health == 95"},
						{"96": "q.health == 96"},
						{"97": "q.health == 97"},
						{"98": "q.health == 98"},
						{"99": "q.health == 99"},
						{"100": "q.health == 100"},
						{"101": "q.health == 101"},
						{"102": "q.health == 102"},
						{"103": "q.health == 103"},
						{"104": "q.health == 104"},
						{"105": "q.health == 105"},
						{"106": "q.health == 106"},
						{"107": "q.health == 107"},
						{"108": "q.health == 108"},
						{"109": "q.health == 109"},
						{"110": "q.health == 110"},
						{"111": "q.health == 111"},
						{"112": "q.health == 112"},
						{"113": "q.health == 113"},
						{"114": "q.health == 114"},
						{"115": "q.health == 115"},
						{"116": "q.health == 116"},
						{"117": "q.health == 117"},
						{"118": "q.health == 118"},
						{"119": "q.health == 119"},
						{"120": "q.health == 120"},
						{"121": "q.health == 121"},
						{"122": "q.health == 122"},
						{"123": "q.health == 123"},
						{"124": "q.health == 124"},
						{"125": "q.health == 125"},
						{"126": "q.health == 126"},
						{"127": "q.health == 127"},
						{"128": "q.health == 128"},
						{"129": "q.health == 129"},
						{"130": "q.health == 130"},
						{"131": "q.health == 131"},
						{"132": "q.health == 132"},
						{"133": "q.health == 133"},
						{"134": "q.health == 134"},
						{"135": "q.health == 135"},
						{"136": "q.health == 136"},
						{"137": "q.health == 137"},
						{"138": "q.health == 138"},
						{"139": "q.health == 139"},
						{"140": "q.health == 140"},
						{"141": "q.health == 141"},
						{"142": "q.health == 142"},
						{"143": "q.health == 143"},
						{"144": "q.health == 144"},
						{"145": "q.health == 145"},
						{"146": "q.health == 146"},
						{"147": "q.health == 147"},
						{"148": "q.health == 148"},
						{"149": "q.health == 149"},
						{"150": "q.health == 150"},
						{"151": "q.health == 151"},
						{"152": "q.health == 152"},
						{"153": "q.health == 153"},
						{"154": "q.health == 154"},
						{"155": "q.health == 155"},
						{"156": "q.health == 156"},
						{"157": "q.health == 157"},
						{"158": "q.health == 158"},
						{"159": "q.health == 159"},
						{"160": "q.health == 160"},
						{"161": "q.health == 161"},
						{"162": "q.health == 162"},
						{"163": "q.health == 163"},
						{"164": "q.health == 164"},
						{"165": "q.health == 165"},
						{"166": "q.health == 166"},
						{"167": "q.health == 167"},
						{"168": "q.health == 168"},
						{"169": "q.health == 169"},
						{"170": "q.health == 170"},
						{"171": "q.health == 171"},
						{"172": "q.health == 172"},
						{"173": "q.health == 173"},
						{"174": "q.health == 174"},
						{"175": "q.health == 175"},
						{"176": "q.health == 176"},
						{"177": "q.health == 177"},
						{"178": "q.health == 178"},
						{"179": "q.health == 179"},
						{"180": "q.health == 180"},
						{"181": "q.health == 181"},
						{"182": "q.health == 182"},
						{"183": "q.health == 183"},
						{"184": "q.health == 184"},
						{"185": "q.health == 185"},
						{"186": "q.health == 186"},
						{"187": "q.health == 187"},
						{"188": "q.health == 188"},
						{"189": "q.health == 189"},
						{"190": "q.health == 190"},
						{"191": "q.health == 191"},
						{"192": "q.health == 192"},
						{"193": "q.health == 193"},
						{"194": "q.health == 194"},
						{"195": "q.health == 195"},
						{"196": "q.health == 196"},
						{"197": "q.health == 197"},
						{"198": "q.health == 198"},
						{"199": "q.health == 199"},
						{"200": "q.health == 200"}
					]
				},
				"1": {
					"transitions": [
						{"default": "q.health != 1"}
					],
					"on_entry":[
						"/execute @p[tag=yomiyomi2] ~~~ scoreboard objectives add yomihp dummy",
						"/scoreboard players set @p[tag=yomiyomi2] yomihp 1"
					]
				},
				"2": {
					"transitions": [
						{"default": "q.health != 2"}
					],
					"on_entry":[
						"/execute @p[tag=yomiyomi2] ~~~ scoreboard objectives add yomihp dummy",
						"/scoreboard players set @p[tag=yomiyomi2] yomihp 2"
					]
				},
				"3": {
					"transitions": [
						{"default": "q.health != 3"}
					],
					"on_entry":[
						"/execute @p[tag=yomiyomi2] ~~~ scoreboard objectives add yomihp dummy",
						"/scoreboard players set @p[tag=yomiyomi2] yomihp 3"
					]
				},
				"4": {
					"transitions": [
					],
					"on_entry":[
						"/execute @p[tag=yomiyomi2] ~~~ scoreboard objectives add yomihp dummy",
						"/scoreboard players set @p[tag=yomiyomi2] yomihp 4"
					]
				},
				"5": {
					"transitions": [
					],
					"on_entry":[
						"/execute @p[tag=yomiyomi2] ~~~ scoreboard objectives add yomihp dummy",
						"/scoreboard players set @p[tag=yomiyomi2] yomihp 5"
					]
				},
				"6": {
					"transitions": [
					],
					"on_entry":[
						"/execute @p[tag=yomiyomi2] ~~~ scoreboard objectives add yomihp dummy",
						"/scoreboard players set @p[tag=yomiyomi2] yomihp 6"
					]
				},
				"7": {
					"transitions": [
					],
					"on_entry":[
						"/execute @p[tag=yomiyomi2] ~~~ scoreboard objectives add yomihp dummy",
						"/scoreboard players set @p[tag=yomiyomi2] yomihp 7"
					]
				},
				"8": {
					"transitions": [
					],
					"on_entry":[
						"/execute @p[tag=yomiyomi2] ~~~ scoreboard objectives add yomihp dummy",
						"/scoreboard players set @p[tag=yomiyomi2] yomihp 8"
					]
				},
				"9": {
					"transitions": [
					],
					"on_entry":[
						"/execute @p[tag=yomiyomi2] ~~~ scoreboard objectives add yomihp dummy",
						"/scoreboard players set @p[tag=yomiyomi2] yomihp 9"
					]
				},
				"10": {
					"transitions": [
					],
					"on_entry":[
						"/execute @p[tag=yomiyomi2] ~~~ scoreboard objectives add yomihp dummy",
						"/scoreboard players set @p[tag=yomiyomi2] yomihp 10"
					]
				},
				"11": {
					"transitions": [
					],
					"on_entry":[
						"/execute @p[tag=yomiyomi2] ~~~ scoreboard objectives add yomihp dummy",
						"/scoreboard players set @p[tag=yomiyomi2] yomihp 11"
					]
				},
				"12": {
					"transitions": [
						{"default": "q.health != 12"}
					],
					"on_entry":[
						"/execute @p[tag=yomiyomi2] ~~~ scoreboard objectives add yomihp dummy",
						"/scoreboard players set @p[tag=yomiyomi2] yomihp 12"
					]
				},
				"13": {
					"transitions": [
						{"default": "q.health != 13"}
					],
					"on_entry":[
						"/execute @p[tag=yomiyomi2] ~~~ scoreboard objectives add yomihp dummy",
						"/scoreboard players set @p[tag=yomiyomi2] yomihp 13"
					]
				},
				"14": {
					"transitions": [
						{"default": "q.health != 114"}
					],
					"on_entry":[
						"/execute @p[tag=yomiyomi2] ~~~ scoreboard objectives add yomihp dummy",
						"/scoreboard players set @p[tag=yomiyomi2] yomihp 14"
					]
				},
				"15": {
					"transitions": [
						{"default": "q.health != 15"}
					],
					"on_entry":[
						"/execute @p[tag=yomiyomi2] ~~~ scoreboard objectives add yomihp dummy",
						"/scoreboard players set @p[tag=yomiyomi2] yomihp 15"
					]
				},
				"16": {
					"transitions": [
						{"default": "q.health != 16"}
					],
					"on_entry":[
						"/execute @p[tag=yomiyomi2] ~~~ scoreboard objectives add yomihp dummy",
						"/scoreboard players set @p[tag=yomiyomi2] yomihp 16"
					]
				},
				"17": {
					"transitions": [
						{"default": "q.health != 17"}
					],
					"on_entry":[
						"/execute @p[tag=yomiyomi2] ~~~ scoreboard objectives add yomihp dummy",
						"/scoreboard players set @p[tag=yomiyomi2] yomihp 17"
					]
				},
				"18": {
					"transitions": [
						{"default": "q.health != 18"}
					],
					"on_entry":[
						"/execute @p[tag=yomiyomi2] ~~~ scoreboard objectives add yomihp dummy",
						"/scoreboard players set @p[tag=yomiyomi2] yomihp 18"
					]
				},
				"19": {
					"transitions": [
						{"default": "q.health != 19"}
					],
					"on_entry":[
						"/execute @p[tag=yomiyomi2] ~~~ scoreboard objectives add yomihp dummy",
						"/scoreboard players set @p[tag=yomiyomi2] yomihp 19"
					]
				},
				"20": {
					"transitions": [
						{"default": "q.health != 20"}
					],
					"on_entry":[
						"/execute @p[tag=yomiyomi2] ~~~ scoreboard objectives add yomihp dummy",
						"/scoreboard players set @p[tag=yomiyomi2] yomihp 20"
					]
				},
				"21": {
					"transitions": [
						{"default": "q.health != 21"}
					],
					"on_entry":[
						"/execute @p[tag=yomiyomi2] ~~~ scoreboard objectives add yomihp dummy",
						"/scoreboard players set @p[tag=yomiyomi2] yomihp 21"
					]
				},
				"22": {
					"transitions": [
						{"default": "q.health != 22"}
					],
					"on_entry":[
						"/execute @p[tag=yomiyomi2] ~~~ scoreboard objectives add yomihp dummy",
						"/scoreboard players set @p[tag=yomiyomi2] yomihp 22"
					]
				},
				"23": {
					"transitions": [
						{"default": "q.health != 23"}
					],
					"on_entry":[
						"/execute @p[tag=yomiyomi2] ~~~ scoreboard objectives add yomihp dummy",
						"/scoreboard players set @p[tag=yomiyomi2] yomihp 23"
					]
				},
				"24": {
					"transitions": [
						{"default": "q.health != 24"}
					],
					"on_entry":[
						"/execute @p[tag=yomiyomi2] ~~~ scoreboard objectives add yomihp dummy",
						"/scoreboard players set @p[tag=yomiyomi2] yomihp 24"
					]
				},
				"25": {
					"transitions": [
						{"default": "q.health != 25"}
					],
					"on_entry":[
						"/execute @p[tag=yomiyomi2] ~~~ scoreboard objectives add yomihp dummy",
						"/scoreboard players set @p[tag=yomiyomi2] yomihp 25"
					]
				},
				"26": {
					"transitions": [
						{"default": "q.health != 26"}
					],
					"on_entry":[
						"/execute @p[tag=yomiyomi2] ~~~ scoreboard objectives add yomihp dummy",
						"/scoreboard players set @p[tag=yomiyomi2] yomihp 26"
					]
				},
				"27": {
					"transitions": [
						{"default": "q.health != 27"}
					],
					"on_entry":[
						"/execute @p[tag=yomiyomi2] ~~~ scoreboard objectives add yomihp dummy",
						"/scoreboard players set @p[tag=yomiyomi2] yomihp 27"
					]
				},
				"28": {
					"transitions": [
						{"default": "q.health != 28"}
					],
					"on_entry":[
						"/execute @p[tag=yomiyomi2] ~~~ scoreboard objectives add yomihp dummy",
						"/scoreboard players set @p[tag=yomiyomi2] yomihp 28"
					]
				},
				"29": {
					"transitions": [
						{"default": "q.health != 29"}
					],
					"on_entry":[
						"/execute @p[tag=yomiyomi2] ~~~ scoreboard objectives add yomihp dummy",
						"/scoreboard players set @p[tag=yomiyomi2] yomihp 29"
					]
				},
				"30": {
					"transitions": [
						{"default": "q.health != 30"}
					],
					"on_entry":[
						"/execute @p[tag=yomiyomi2] ~~~ scoreboard objectives add yomihp dummy",
						"/scoreboard players set @p[tag=yomiyomi2] yomihp 30"
					]
				},
				"31": {
					"transitions": [
						{"default": "q.health != 31"}
					],
					"on_entry":[
						"/execute @p[tag=yomiyomi2] ~~~ scoreboard objectives add yomihp dummy",
						"/scoreboard players set @p[tag=yomiyomi2] yomihp 31"
					]
				},
				"32": {
					"transitions": [
						{"default": "q.health != 32"}
					],
					"on_entry":[
						"/execute @p[tag=yomiyomi2] ~~~ scoreboard objectives add yomihp dummy",
						"/scoreboard players set @p[tag=yomiyomi2] yomihp 32"
					]
				},
				"33": {
					"transitions": [
						{"default": "q.health != 33"}
					],
					"on_entry":[
						"/execute @p[tag=yomiyomi2] ~~~ scoreboard objectives add yomihp dummy",
						"/scoreboard players set @p[tag=yomiyomi2] yomihp 33"
					]
				},
				"34": {
					"transitions": [
						{"default": "q.health != 34"}
					],
					"on_entry":[
						"/execute @p[tag=yomiyomi2] ~~~ scoreboard objectives add yomihp dummy",
						"/scoreboard players set @p[tag=yomiyomi2] yomihp 34"
					]
				},
				"35": {
					"transitions": [
						{"default": "q.health != 35"}
					],
					"on_entry":[
						"/execute @p[tag=yomiyomi2] ~~~ scoreboard objectives add yomihp dummy",
						"/scoreboard players set @p[tag=yomiyomi2] yomihp 35"
					]
				},
				"36": {
					"transitions": [
						{"default": "q.health != 36"}
					],
					"on_entry":[
						"/execute @p[tag=yomiyomi2] ~~~ scoreboard objectives add yomihp dummy",
						"/scoreboard players set @p[tag=yomiyomi2] yomihp 36"
					]
				},
				"37": {
					"transitions": [
						{"default": "q.health != 37"}
					],
					"on_entry":[
						"/execute @p[tag=yomiyomi2] ~~~ scoreboard objectives add yomihp dummy",
						"/scoreboard players set @p[tag=yomiyomi2] yomihp 37"
					]
				},
				"38": {
					"transitions": [
						{"default": "q.health != 38"}
					],
					"on_entry":[
						"/execute @p[tag=yomiyomi2] ~~~ scoreboard objectives add yomihp dummy",
						"/scoreboard players set @p[tag=yomiyomi2] yomihp 38"
					]
				},
				"39": {
					"transitions": [
						{"default": "q.health != 39"}
					],
					"on_entry":[
						"/execute @p[tag=yomiyomi2] ~~~ scoreboard objectives add yomihp dummy",
						"/scoreboard players set @p[tag=yomiyomi2] yomihp 39"
					]
				},
				"40": {
					"transitions": [
						{"default": "q.health != 40"}
					],
					"on_entry":[
						"/execute @p[tag=yomiyomi2] ~~~ scoreboard objectives add yomihp dummy",
						"/scoreboard players set @p[tag=yomiyomi2] yomihp 40"
					]
				},
				"41": {
					"transitions": [
						{"default": "q.health != 41"}
					],
					"on_entry":[
						"/execute @p[tag=yomiyomi2] ~~~ scoreboard objectives add yomihp dummy",
						"/scoreboard players set @p[tag=yomiyomi2] yomihp 41"
					]
				},
				"42": {
					"transitions": [
						{"default": "q.health != 42"}
					],
					"on_entry":[
						"/execute @p[tag=yomiyomi2] ~~~ scoreboard objectives add yomihp dummy",
						"/scoreboard players set @p[tag=yomiyomi2] yomihp 42"
					]
				},
				"43": {
					"transitions": [
						{"default": "q.health != 43"}
					],
					"on_entry":[
						"/execute @p[tag=yomiyomi2] ~~~ scoreboard objectives add yomihp dummy",
						"/scoreboard players set @p[tag=yomiyomi2] yomihp 43"
					]
				},
				"44": {
					"transitions": [
						{"default": "q.health != 44"}
					],
					"on_entry":[
						"/execute @p[tag=yomiyomi2] ~~~ scoreboard objectives add yomihp dummy",
						"/scoreboard players set @p[tag=yomiyomi2] yomihp 44"
					]
				},
				"45": {
					"transitions": [
						{"default": "q.health != 45"}
					],
					"on_entry":[
						"/execute @p[tag=yomiyomi2] ~~~ scoreboard objectives add yomihp dummy",
						"/scoreboard players set @p[tag=yomiyomi2] yomihp 45"
					]
				},
				"46": {
					"transitions": [
						{"default": "q.health != 46"}
					],
					"on_entry":[
						"/execute @p[tag=yomiyomi2] ~~~ scoreboard objectives add yomihp dummy",
						"/scoreboard players set @p[tag=yomiyomi2] yomihp 46"
					]
				},
				"47": {
					"transitions": [
						{"default": "q.health != 47"}
					],
					"on_entry":[
						"/execute @p[tag=yomiyomi2] ~~~ scoreboard objectives add yomihp dummy",
						"/scoreboard players set @p[tag=yomiyomi2] yomihp 47"
					]
				},
				"48": {
					"transitions": [
						{"default": "q.health != 48"}
					],
					"on_entry":[
						"/execute @p[tag=yomiyomi2] ~~~ scoreboard objectives add yomihp dummy",
						"/scoreboard players set @p[tag=yomiyomi2] yomihp 48"
					]
				},
				"49": {
					"transitions": [
						{"default": "q.health != 49"}
					],
					"on_entry":[
						"/execute @p[tag=yomiyomi2] ~~~ scoreboard objectives add yomihp dummy",
						"/scoreboard players set @p[tag=yomiyomi2] yomihp 49"
					]
				},
				"50": {
					"transitions": [
						{"default": "q.health != 50"}
					],
					"on_entry":[
						"/execute @p[tag=yomiyomi2] ~~~ scoreboard objectives add yomihp dummy",
						"/scoreboard players set @p[tag=yomiyomi2] yomihp 50"
					]
				},
				"51": {
					"transitions": [
						{"default": "q.health != 51"}
					],
					"on_entry":[
						"/execute @p[tag=yomiyomi2] ~~~ scoreboard objectives add yomihp dummy",
						"/scoreboard players set @p[tag=yomiyomi2] yomihp 51"
					]
				},
				"52": {
					"transitions": [
						{"default": "q.health != 52"}
					],
					"on_entry":[
						"/execute @p[tag=yomiyomi2] ~~~ scoreboard objectives add yomihp dummy",
						"/scoreboard players set @p[tag=yomiyomi2] yomihp 52"
					]
				},
				"53": {
					"transitions": [
						{"default": "q.health != 53"}
					],
					"on_entry":[
						"/execute @p[tag=yomiyomi2] ~~~ scoreboard objectives add yomihp dummy",
						"/scoreboard players set @p[tag=yomiyomi2] yomihp 53"
					]
				},
				"54": {
					"transitions": [
						{"default": "q.health != 54"}
					],
					"on_entry":[
						"/execute @p[tag=yomiyomi2] ~~~ scoreboard objectives add yomihp dummy",
						"/scoreboard players set @p[tag=yomiyomi2] yomihp 54"
					]
				},
				"55": {
					"transitions": [
						{"default": "q.health != 55"}
					],
					"on_entry":[
						"/execute @p[tag=yomiyomi2] ~~~ scoreboard objectives add yomihp dummy",
						"/scoreboard players set @p[tag=yomiyomi2] yomihp 55"
					]
				},
				"56": {
					"transitions": [
						{"default": "q.health != 56"}
					],
					"on_entry":[
						"/execute @p[tag=yomiyomi2] ~~~ scoreboard objectives add yomihp dummy",
						"/scoreboard players set @p[tag=yomiyomi2] yomihp 56"
					]
				},
				"57": {
					"transitions": [
						{"default": "q.health != 57"}
					],
					"on_entry":[
						"/execute @p[tag=yomiyomi2] ~~~ scoreboard objectives add yomihp dummy",
						"/scoreboard players set @p[tag=yomiyomi2] yomihp 57"
					]
				},
				"58": {
					"transitions": [
						{"default": "q.health != 58"}
					],
					"on_entry":[
						"/execute @p[tag=yomiyomi2] ~~~ scoreboard objectives add yomihp dummy",
						"/scoreboard players set @p[tag=yomiyomi2] yomihp 58"
					]
				},
				"59": {
					"transitions": [
						{"default": "q.health != 59"}
					],
					"on_entry":[
						"/execute @p[tag=yomiyomi2] ~~~ scoreboard objectives add yomihp dummy",
						"/scoreboard players set @p[tag=yomiyomi2] yomihp 59"
					]
				},
				"60": {
					"transitions": [
						{"default": "q.health != 60"}
					],
					"on_entry":[
						"/execute @p[tag=yomiyomi2] ~~~ scoreboard objectives add yomihp dummy",
						"/scoreboard players set @p[tag=yomiyomi2] yomihp 60"
					]
				},
				"61": {
					"transitions": [
						{"default": "q.health != 61"}
					],
					"on_entry":[
						"/execute @p[tag=yomiyomi2] ~~~ scoreboard objectives add yomihp dummy",
						"/scoreboard players set @p[tag=yomiyomi2] yomihp 61"
					]
				},
				"62": {
					"transitions": [
						{"default": "q.health != 62"}
					],
					"on_entry":[
						"/execute @p[tag=yomiyomi2] ~~~ scoreboard objectives add yomihp dummy",
						"/scoreboard players set @p[tag=yomiyomi2] yomihp 62"
					]
				},
				"63": {
					"transitions": [
						{"default": "q.health != 63"}
					],
					"on_entry":[
						"/execute @p[tag=yomiyomi2] ~~~ scoreboard objectives add yomihp dummy",
						"/scoreboard players set @p[tag=yomiyomi2] yomihp 63"
					]
				},
				"64": {
					"transitions": [
						{"default": "q.health != 64"}
					],
					"on_entry":[
						"/execute @p[tag=yomiyomi2] ~~~ scoreboard objectives add yomihp dummy",
						"/scoreboard players set @p[tag=yomiyomi2] yomihp 64"
					]
				},
				"65": {
					"transitions": [
						{"default": "q.health != 65"}
					],
					"on_entry":[
						"/execute @p[tag=yomiyomi2] ~~~ scoreboard objectives add yomihp dummy",
						"/scoreboard players set @p[tag=yomiyomi2] yomihp 65"
					]
				},
				"66": {
					"transitions": [
						{"default": "q.health != 66"}
					],
					"on_entry":[
						"/execute @p[tag=yomiyomi2] ~~~ scoreboard objectives add yomihp dummy",
						"/scoreboard players set @p[tag=yomiyomi2] yomihp 66"
					]
				},
				"67": {
					"transitions": [
						{"default": "q.health != 67"}
					],
					"on_entry":[
						"/execute @p[tag=yomiyomi2] ~~~ scoreboard objectives add yomihp dummy",
						"/scoreboard players set @p[tag=yomiyomi2] yomihp 67"
					]
				},
				"68": {
					"transitions": [
						{"default": "q.health != 68"}
					],
					"on_entry":[
						"/execute @p[tag=yomiyomi2] ~~~ scoreboard objectives add yomihp dummy",
						"/scoreboard players set @p[tag=yomiyomi2] yomihp 68"
					]
				},
				"69": {
					"transitions": [
						{"default": "q.health != 69"}
					],
					"on_entry":[
						"/execute @p[tag=yomiyomi2] ~~~ scoreboard objectives add yomihp dummy",
						"/scoreboard players set @p[tag=yomiyomi2] yomihp 69"
					]
				},
				"70": {
					"transitions": [
						{"default": "q.health != 70"}
					],
					"on_entry":[
						"/execute @p[tag=yomiyomi2] ~~~ scoreboard objectives add yomihp dummy",
						"/scoreboard players set @p[tag=yomiyomi2] yomihp 70"
					]
				},
				"71": {
					"transitions": [
						{"default": "q.health != 71"}
					],
					"on_entry":[
						"/execute @p[tag=yomiyomi2] ~~~ scoreboard objectives add yomihp dummy",
						"/scoreboard players set @p[tag=yomiyomi2] yomihp 71"
					]
				},
				"72": {
					"transitions": [
						{"default": "q.health != 72"}
					],
					"on_entry":[
						"/execute @p[tag=yomiyomi2] ~~~ scoreboard objectives add yomihp dummy",
						"/scoreboard players set @p[tag=yomiyomi2] yomihp 72"
					]
				},
				"73": {
					"transitions": [
						{"default": "q.health != 73"}
					],
					"on_entry":[
						"/execute @p[tag=yomiyomi2] ~~~ scoreboard objectives add yomihp dummy",
						"/scoreboard players set @p[tag=yomiyomi2] yomihp 73"
					]
				},
				"74": {
					"transitions": [
						{"default": "q.health != 74"}
					],
					"on_entry":[
						"/execute @p[tag=yomiyomi2] ~~~ scoreboard objectives add yomihp dummy",
						"/scoreboard players set @p[tag=yomiyomi2] yomihp 74"
					]
				},
				"75": {
					"transitions": [
						{"default": "q.health != 75"}
					],
					"on_entry":[
						"/execute @p[tag=yomiyomi2] ~~~ scoreboard objectives add yomihp dummy",
						"/scoreboard players set @p[tag=yomiyomi2] yomihp 75"
					]
				},
				"76": {
					"transitions": [
						{"default": "q.health != 76"}
					],
					"on_entry":[
						"/execute @p[tag=yomiyomi2] ~~~ scoreboard objectives add yomihp dummy",
						"/scoreboard players set @p[tag=yomiyomi2] yomihp 76"
					]
				},
				"77": {
					"transitions": [
						{"default": "q.health != 77"}
					],
					"on_entry":[
						"/execute @p[tag=yomiyomi2] ~~~ scoreboard objectives add yomihp dummy",
						"/scoreboard players set @p[tag=yomiyomi2] yomihp 77"
					]
				},
				"78": {
					"transitions": [
						{"default": "q.health != 78"}
					],
					"on_entry":[
						"/execute @p[tag=yomiyomi2] ~~~ scoreboard objectives add yomihp dummy",
						"/scoreboard players set @p[tag=yomiyomi2] yomihp 78"
					]
				},
				"79": {
					"transitions": [
						{"default": "q.health != 79"}
					],
					"on_entry":[
						"/execute @p[tag=yomiyomi2] ~~~ scoreboard objectives add yomihp dummy",
						"/scoreboard players set @p[tag=yomiyomi2] yomihp 79"
					]
				},
				"80": {
					"transitions": [
						{"default": "q.health != 80"}
					],
					"on_entry":[
						"/execute @p[tag=yomiyomi2] ~~~ scoreboard objectives add yomihp dummy",
						"/scoreboard players set @p[tag=yomiyomi2] yomihp 80"
					]
				},
				"81": {
					"transitions": [
						{"default": "q.health != 81"}
					],
					"on_entry":[
						"/execute @p[tag=yomiyomi2] ~~~ scoreboard objectives add yomihp dummy",
						"/scoreboard players set @p[tag=yomiyomi2] yomihp 81"
					]
				},
				"82": {
					"transitions": [
						{"default": "q.health != 82"}
					],
					"on_entry":[
						"/execute @p[tag=yomiyomi2] ~~~ scoreboard objectives add yomihp dummy",
						"/scoreboard players set @p[tag=yomiyomi2] yomihp 82"
					]
				},
				"83": {
					"transitions": [
						{"default": "q.health != 83"}
					],
					"on_entry":[
						"/execute @p[tag=yomiyomi2] ~~~ scoreboard objectives add yomihp dummy",
						"/scoreboard players set @p[tag=yomiyomi2] yomihp 83"
					]
				},
				"84": {
					"transitions": [
						{"default": "q.health != 84"}
					],
					"on_entry":[
						"/execute @p[tag=yomiyomi2] ~~~ scoreboard objectives add yomihp dummy",
						"/scoreboard players set @p[tag=yomiyomi2] yomihp 84"
					]
				},
				"85": {
					"transitions": [
						{"default": "q.health != 85"}
					],
					"on_entry":[
						"/execute @p[tag=yomiyomi2] ~~~ scoreboard objectives add yomihp dummy",
						"/scoreboard players set @p[tag=yomiyomi2] yomihp 85"
					]
				},
				"86": {
					"transitions": [
						{"default": "q.health != 86"}
					],
					"on_entry":[
						"/execute @p[tag=yomiyomi2] ~~~ scoreboard objectives add yomihp dummy",
						"/scoreboard players set @p[tag=yomiyomi2] yomihp 86"
					]
				},
				"87": {
					"transitions": [
						{"default": "q.health != 87"}
					],
					"on_entry":[
						"/execute @p[tag=yomiyomi2] ~~~ scoreboard objectives add yomihp dummy",
						"/scoreboard players set @p[tag=yomiyomi2] yomihp 87"
					]
				},
				"88": {
					"transitions": [
						{"default": "q.health != 88"}
					],
					"on_entry":[
						"/execute @p[tag=yomiyomi2] ~~~ scoreboard objectives add yomihp dummy",
						"/scoreboard players set @p[tag=yomiyomi2] yomihp 88"
					]
				},
				"89": {
					"transitions": [
						{"default": "q.health != 89"}
					],
					"on_entry":[
						"/execute @p[tag=yomiyomi2] ~~~ scoreboard objectives add yomihp dummy",
						"/scoreboard players set @p[tag=yomiyomi2] yomihp 89"
					]
				},
				"90": {
					"transitions": [
						{"default": "q.health != 90"}
					],
					"on_entry":[
						"/execute @p[tag=yomiyomi2] ~~~ scoreboard objectives add yomihp dummy",
						"/scoreboard players set @p[tag=yomiyomi2] yomihp 90"
					]
				},
				"91": {
					"transitions": [
						{"default": "q.health != 91"}
					],
					"on_entry":[
						"/execute @p[tag=yomiyomi2] ~~~ scoreboard objectives add yomihp dummy",
						"/scoreboard players set @p[tag=yomiyomi2] yomihp 91"
					]
				},
				"92": {
					"transitions": [
						{"default": "q.health != 92"}
					],
					"on_entry":[
						"/execute @p[tag=yomiyomi2] ~~~ scoreboard objectives add yomihp dummy",
						"/scoreboard players set @p[tag=yomiyomi2] yomihp 92"
					]
				},
				"93": {
					"transitions": [
						{"default": "q.health != 93"}
					],
					"on_entry":[
						"/execute @p[tag=yomiyomi2] ~~~ scoreboard objectives add yomihp dummy",
						"/scoreboard players set @p[tag=yomiyomi2] yomihp 93"
					]
				},
				"94": {
					"transitions": [
						{"default": "q.health != 94"}
					],
					"on_entry":[
						"/execute @p[tag=yomiyomi2] ~~~ scoreboard objectives add yomihp dummy",
						"/scoreboard players set @p[tag=yomiyomi2] yomihp 94"
					]
				},
				"95": {
					"transitions": [
						{"default": "q.health != 95"}
					],
					"on_entry":[
						"/execute @p[tag=yomiyomi2] ~~~ scoreboard objectives add yomihp dummy",
						"/scoreboard players set @p[tag=yomiyomi2] yomihp 95"
					]
				},
				"96": {
					"transitions": [
						{"default": "q.health != 96"}
					],
					"on_entry":[
						"/execute @p[tag=yomiyomi2] ~~~ scoreboard objectives add yomihp dummy",
						"/scoreboard players set @p[tag=yomiyomi2] yomihp 96"
					]
				},
				"97": {
					"transitions": [
						{"default": "q.health != 97"}
					],
					"on_entry":[
						"/execute @p[tag=yomiyomi2] ~~~ scoreboard objectives add yomihp dummy",
						"/scoreboard players set @p[tag=yomiyomi2] yomihp 97"
					]
				},
				"98": {
					"transitions": [
						{"default": "q.health != 98"}
					],
					"on_entry":[
						"/execute @p[tag=yomiyomi2] ~~~ scoreboard objectives add yomihp dummy",
						"/scoreboard players set @p[tag=yomiyomi2] yomihp 98"
					]
				},
				"99": {
					"transitions": [
						{"default": "q.health != 99"}
					],
					"on_entry":[
						"/execute @p[tag=yomiyomi2] ~~~ scoreboard objectives add yomihp dummy",
						"/scoreboard players set @p[tag=yomiyomi2] yomihp 99"
					]
				},
				"100": {
					"transitions": [
						{"default": "q.health != 100"}
					],
					"on_entry":[
						"/execute @p[tag=yomiyomi2] ~~~ scoreboard objectives add yomihp dummy",
						"/scoreboard players set @p[tag=yomiyomi2] yomihp 100"
					]
				},
				"101": {
					"transitions": [
						{"default": "q.health != 101"}
					],
					"on_entry":[
						"/execute @p[tag=yomiyomi2] ~~~ scoreboard objectives add yomihp dummy",
						"/scoreboard players set @p[tag=yomiyomi2] yomihp 101"
					]
				},
				"102": {
					"transitions": [
						{"default": "q.health != 102"}
					],
					"on_entry":[
						"/execute @p[tag=yomiyomi2] ~~~ scoreboard objectives add yomihp dummy",
						"/scoreboard players set @p[tag=yomiyomi2] yomihp 102"
					]
				},
				"103": {
					"transitions": [
						{"default": "q.health != 103"}
					],
					"on_entry":[
						"/execute @p[tag=yomiyomi2] ~~~ scoreboard objectives add yomihp dummy",
						"/scoreboard players set @p[tag=yomiyomi2] yomihp 103"
					]
				},
				"104": {
					"transitions": [
						{"default": "q.health != 104"}
					],
					"on_entry":[
						"/execute @p[tag=yomiyomi2] ~~~ scoreboard objectives add yomihp dummy",
						"/scoreboard players set @p[tag=yomiyomi2] yomihp 104"
					]
				},
				"105": {
					"transitions": [
						{"default": "q.health != 105"}
					],
					"on_entry":[
						"/execute @p[tag=yomiyomi2] ~~~ scoreboard objectives add yomihp dummy",
						"/scoreboard players set @p[tag=yomiyomi2] yomihp 105"
					]
				},
				"106": {
					"transitions": [
						{"default": "q.health != 106"}
					],
					"on_entry":[
						"/execute @p[tag=yomiyomi2] ~~~ scoreboard objectives add yomihp dummy",
						"/scoreboard players set @p[tag=yomiyomi2] yomihp 106"
					]
				},
				"107": {
					"transitions": [
						{"default": "q.health != 107"}
					],
					"on_entry":[
						"/execute @p[tag=yomiyomi2] ~~~ scoreboard objectives add yomihp dummy",
						"/scoreboard players set @p[tag=yomiyomi2] yomihp 107"
					]
				},
				"108": {
					"transitions": [
						{"default": "q.health != 108"}
					],
					"on_entry":[
						"/execute @p[tag=yomiyomi2] ~~~ scoreboard objectives add yomihp dummy",
						"/scoreboard players set @p[tag=yomiyomi2] yomihp 108"
					]
				},
				"109": {
					"transitions": [
						{"default": "q.health != 109"}
					],
					"on_entry":[
						"/execute @p[tag=yomiyomi2] ~~~ scoreboard objectives add yomihp dummy",
						"/scoreboard players set @p[tag=yomiyomi2] yomihp 109"
					]
				},
				"110": {
					"transitions": [
						{"default": "q.health != 110"}
					],
					"on_entry":[
						"/execute @p[tag=yomiyomi2] ~~~ scoreboard objectives add yomihp dummy",
						"/scoreboard players set @p[tag=yomiyomi2] yomihp 110"
					]
				},
				"111": {
					"transitions": [
						{"default": "q.health != 111"}
					],
					"on_entry":[
						"/execute @p[tag=yomiyomi2] ~~~ scoreboard objectives add yomihp dummy",
						"/scoreboard players set @p[tag=yomiyomi2] yomihp 111"
					]
				},
				"112": {
					"transitions": [
						{"default": "q.health != 112"}
					],
					"on_entry":[
						"/execute @p[tag=yomiyomi2] ~~~ scoreboard objectives add yomihp dummy",
						"/scoreboard players set @p[tag=yomiyomi2] yomihp 112"
					]
				},
				"113": {
					"transitions": [
						{"default": "q.health != 113"}
					],
					"on_entry":[
						"/execute @p[tag=yomiyomi2] ~~~ scoreboard objectives add yomihp dummy",
						"/scoreboard players set @p[tag=yomiyomi2] yomihp 113"
					]
				},
				"114": {
					"transitions": [
						{"default": "q.health != 114"}
					],
					"on_entry":[
						"/execute @p[tag=yomiyomi2] ~~~ scoreboard objectives add yomihp dummy",
						"/scoreboard players set @p[tag=yomiyomi2] yomihp 114"
					]
				},
				"115": {
					"transitions": [
						{"default": "q.health != 115"}
					],
					"on_entry":[
						"/execute @p[tag=yomiyomi2] ~~~ scoreboard objectives add yomihp dummy",
						"/scoreboard players set @p[tag=yomiyomi2] yomihp 115"
					]
				},
				"116": {
					"transitions": [
						{"default": "q.health != 116"}
					],
					"on_entry":[
						"/execute @p[tag=yomiyomi2] ~~~ scoreboard objectives add yomihp dummy",
						"/scoreboard players set @p[tag=yomiyomi2] yomihp 116"
					]
				},
				"117": {
					"transitions": [
						{"default": "q.health != 117"}
					],
					"on_entry":[
						"/execute @p[tag=yomiyomi2] ~~~ scoreboard objectives add yomihp dummy",
						"/scoreboard players set @p[tag=yomiyomi2] yomihp 117"
					]
				},
				"118": {
					"transitions": [
						{"default": "q.health != 118"}
					],
					"on_entry":[
						"/execute @p[tag=yomiyomi2] ~~~ scoreboard objectives add yomihp dummy",
						"/scoreboard players set @p[tag=yomiyomi2] yomihp 118"
					]
				},
				"119": {
					"transitions": [
						{"default": "q.health != 119"}
					],
					"on_entry":[
						"/execute @p[tag=yomiyomi2] ~~~ scoreboard objectives add yomihp dummy",
						"/scoreboard players set @p[tag=yomiyomi2] yomihp 119"
					]
				},
				"120": {
					"transitions": [
						{"default": "q.health != 120"}
					],
					"on_entry":[
						"/execute @p[tag=yomiyomi2] ~~~ scoreboard objectives add yomihp dummy",
						"/scoreboard players set @p[tag=yomiyomi2] yomihp 120"
					]
				},
				"121": {
					"transitions": [
						{"default": "q.health != 121"}
					],
					"on_entry":[
						"/execute @p[tag=yomiyomi2] ~~~ scoreboard objectives add yomihp dummy",
						"/scoreboard players set @p[tag=yomiyomi2] yomihp 121"
					]
				},
				"122": {
					"transitions": [
						{"default": "q.health != 122"}
					],
					"on_entry":[
						"/execute @p[tag=yomiyomi2] ~~~ scoreboard objectives add yomihp dummy",
						"/scoreboard players set @p[tag=yomiyomi2] yomihp 122"
					]
				},
				"123": {
					"transitions": [
						{"default": "q.health != 123"}
					],
					"on_entry":[
						"/execute @p[tag=yomiyomi2] ~~~ scoreboard objectives add yomihp dummy",
						"/scoreboard players set @p[tag=yomiyomi2] yomihp 123"
					]
				},
				"124": {
					"transitions": [
						{"default": "q.health != 124"}
					],
					"on_entry":[
						"/execute @p[tag=yomiyomi2] ~~~ scoreboard objectives add yomihp dummy",
						"/scoreboard players set @p[tag=yomiyomi2] yomihp 124"
					]
				},
				"125": {
					"transitions": [
						{"default": "q.health != 125"}
					],
					"on_entry":[
						"/execute @p[tag=yomiyomi2] ~~~ scoreboard objectives add yomihp dummy",
						"/scoreboard players set @p[tag=yomiyomi2] yomihp 125"
					]
				},
				"126": {
					"transitions": [
						{"default": "q.health != 126"}
					],
					"on_entry":[
						"/execute @p[tag=yomiyomi2] ~~~ scoreboard objectives add yomihp dummy",
						"/scoreboard players set @p[tag=yomiyomi2] yomihp 126"
					]
				},
				"127": {
					"transitions": [
						{"default": "q.health != 127"}
					],
					"on_entry":[
						"/execute @p[tag=yomiyomi2] ~~~ scoreboard objectives add yomihp dummy",
						"/scoreboard players set @p[tag=yomiyomi2] yomihp 127"
					]
				},
				"128": {
					"transitions": [
						{"default": "q.health != 128"}
					],
					"on_entry":[
						"/execute @p[tag=yomiyomi2] ~~~ scoreboard objectives add yomihp dummy",
						"/scoreboard players set @p[tag=yomiyomi2] yomihp 128"
					]
				},
				"129": {
					"transitions": [
						{"default": "q.health != 129"}
					],
					"on_entry":[
						"/execute @p[tag=yomiyomi2] ~~~ scoreboard objectives add yomihp dummy",
						"/scoreboard players set @p[tag=yomiyomi2] yomihp 129"
					]
				},
				"130": {
					"transitions": [
						{"default": "q.health != 130"}
					],
					"on_entry":[
						"/execute @p[tag=yomiyomi2] ~~~ scoreboard objectives add yomihp dummy",
						"/scoreboard players set @p[tag=yomiyomi2] yomihp 130"
					]
				},
				"131": {
					"transitions": [
						{"default": "q.health != 131"}
					],
					"on_entry":[
						"/execute @p[tag=yomiyomi2] ~~~ scoreboard objectives add yomihp dummy",
						"/scoreboard players set @p[tag=yomiyomi2] yomihp 131"
					]
				},
				"132": {
					"transitions": [
						{"default": "q.health != 132"}
					],
					"on_entry":[
						"/execute @p[tag=yomiyomi2] ~~~ scoreboard objectives add yomihp dummy",
						"/scoreboard players set @p[tag=yomiyomi2] yomihp 132"
					]
				},
				"133": {
					"transitions": [
						{"default": "q.health != 133"}
					],
					"on_entry":[
						"/execute @p[tag=yomiyomi2] ~~~ scoreboard objectives add yomihp dummy",
						"/scoreboard players set @p[tag=yomiyomi2] yomihp 133"
					]
				},
				"134": {
					"transitions": [
						{"default": "q.health != 134"}
					],
					"on_entry":[
						"/execute @p[tag=yomiyomi2] ~~~ scoreboard objectives add yomihp dummy",
						"/scoreboard players set @p[tag=yomiyomi2] yomihp 134"
					]
				},
				"135": {
					"transitions": [
						{"default": "q.health != 135"}
					],
					"on_entry":[
						"/execute @p[tag=yomiyomi2] ~~~ scoreboard objectives add yomihp dummy",
						"/scoreboard players set @p[tag=yomiyomi2] yomihp 135"
					]
				},
				"136": {
					"transitions": [
						{"default": "q.health != 136"}
					],
					"on_entry":[
						"/execute @p[tag=yomiyomi2] ~~~ scoreboard objectives add yomihp dummy",
						"/scoreboard players set @p[tag=yomiyomi2] yomihp 136"
					]
				},
				"137": {
					"transitions": [
						{"default": "q.health != 137"}
					],
					"on_entry":[
						"/execute @p[tag=yomiyomi2] ~~~ scoreboard objectives add yomihp dummy",
						"/scoreboard players set @p[tag=yomiyomi2] yomihp 137"
					]
				},
				"138": {
					"transitions": [
						{"default": "q.health != 138"}
					],
					"on_entry":[
						"/execute @p[tag=yomiyomi2] ~~~ scoreboard objectives add yomihp dummy",
						"/scoreboard players set @p[tag=yomiyomi2] yomihp 138"
					]
				},
				"139": {
					"transitions": [
						{"default": "q.health != 139"}
					],
					"on_entry":[
						"/execute @p[tag=yomiyomi2] ~~~ scoreboard objectives add yomihp dummy",
						"/scoreboard players set @p[tag=yomiyomi2] yomihp 139"
					]
				},
				"140": {
					"transitions": [
						{"default": "q.health != 140"}
					],
					"on_entry":[
						"/execute @p[tag=yomiyomi2] ~~~ scoreboard objectives add yomihp dummy",
						"/scoreboard players set @p[tag=yomiyomi2] yomihp 140"
					]
				},
				"141": {
					"transitions": [
						{"default": "q.health != 141"}
					],
					"on_entry":[
						"/execute @p[tag=yomiyomi2] ~~~ scoreboard objectives add yomihp dummy",
						"/scoreboard players set @p[tag=yomiyomi2] yomihp 141"
					]
				},
				"142": {
					"transitions": [
						{"default": "q.health != 142"}
					],
					"on_entry":[
						"/execute @p[tag=yomiyomi2] ~~~ scoreboard objectives add yomihp dummy",
						"/scoreboard players set @p[tag=yomiyomi2] yomihp 142"
					]
				},
				"143": {
					"transitions": [
						{"default": "q.health != 143"}
					],
					"on_entry":[
						"/execute @p[tag=yomiyomi2] ~~~ scoreboard objectives add yomihp dummy",
						"/scoreboard players set @p[tag=yomiyomi2] yomihp 143"
					]
				},
				"144": {
					"transitions": [
						{"default": "q.health != 144"}
					],
					"on_entry":[
						"/execute @p[tag=yomiyomi2] ~~~ scoreboard objectives add yomihp dummy",
						"/scoreboard players set @p[tag=yomiyomi2] yomihp 144"
					]
				},
				"145": {
					"transitions": [
						{"default": "q.health != 145"}
					],
					"on_entry":[
						"/execute @p[tag=yomiyomi2] ~~~ scoreboard objectives add yomihp dummy",
						"/scoreboard players set @p[tag=yomiyomi2] yomihp 145"
					]
				},
				"146": {
					"transitions": [
						{"default": "q.health != 146"}
					],
					"on_entry":[
						"/execute @p[tag=yomiyomi2] ~~~ scoreboard objectives add yomihp dummy",
						"/scoreboard players set @p[tag=yomiyomi2] yomihp 146"
					]
				},
				"147": {
					"transitions": [
						{"default": "q.health != 147"}
					],
					"on_entry":[
						"/execute @p[tag=yomiyomi2] ~~~ scoreboard objectives add yomihp dummy",
						"/scoreboard players set @p[tag=yomiyomi2] yomihp 147"
					]
				},
				"148": {
					"transitions": [
						{"default": "q.health != 148"}
					],
					"on_entry":[
						"/execute @p[tag=yomiyomi2] ~~~ scoreboard objectives add yomihp dummy",
						"/scoreboard players set @p[tag=yomiyomi2] yomihp 148"
					]
				},
				"149": {
					"transitions": [
						{"default": "q.health != 149"}
					],
					"on_entry":[
						"/execute @p[tag=yomiyomi2] ~~~ scoreboard objectives add yomihp dummy",
						"/scoreboard players set @p[tag=yomiyomi2] yomihp 149"
					]
				},
				"150": {
					"transitions": [
						{"default": "q.health != 150"}
					],
					"on_entry":[
						"/execute @p[tag=yomiyomi2] ~~~ scoreboard objectives add yomihp dummy",
						"/scoreboard players set @p[tag=yomiyomi2] yomihp 150"
					]
				},
				"151": {
					"transitions": [
						{"default": "q.health != 151"}
					],
					"on_entry":[
						"/execute @p[tag=yomiyomi2] ~~~ scoreboard objectives add yomihp dummy",
						"/scoreboard players set @p[tag=yomiyomi2] yomihp 151"
					]
				},
				"152": {
					"transitions": [
						{"default": "q.health != 152"}
					],
					"on_entry":[
						"/execute @p[tag=yomiyomi2] ~~~ scoreboard objectives add yomihp dummy",
						"/scoreboard players set @p[tag=yomiyomi2] yomihp 152"
					]
				},
				"153": {
					"transitions": [
						{"default": "q.health != 153"}
					],
					"on_entry":[
						"/execute @p[tag=yomiyomi2] ~~~ scoreboard objectives add yomihp dummy",
						"/scoreboard players set @p[tag=yomiyomi2] yomihp 153"
					]
				},
				"154": {
					"transitions": [
						{"default": "q.health != 154"}
					],
					"on_entry":[
						"/execute @p[tag=yomiyomi2] ~~~ scoreboard objectives add yomihp dummy",
						"/scoreboard players set @p[tag=yomiyomi2] yomihp 154"
					]
				},
				"155": {
					"transitions": [
						{"default": "q.health != 155"}
					],
					"on_entry":[
						"/execute @p[tag=yomiyomi2] ~~~ scoreboard objectives add yomihp dummy",
						"/scoreboard players set @p[tag=yomiyomi2] yomihp 155"
					]
				},
				"156": {
					"transitions": [
						{"default": "q.health != 156"}
					],
					"on_entry":[
						"/execute @p[tag=yomiyomi2] ~~~ scoreboard objectives add yomihp dummy",
						"/scoreboard players set @p[tag=yomiyomi2] yomihp 156"
					]
				},
				"157": {
					"transitions": [
						{"default": "q.health != 157"}
					],
					"on_entry":[
						"/execute @p[tag=yomiyomi2] ~~~ scoreboard objectives add yomihp dummy",
						"/scoreboard players set @p[tag=yomiyomi2] yomihp 157"
					]
				},
				"158": {
					"transitions": [
						{"default": "q.health != 158"}
					],
					"on_entry":[
						"/execute @p[tag=yomiyomi2] ~~~ scoreboard objectives add yomihp dummy",
						"/scoreboard players set @p[tag=yomiyomi2] yomihp 158"
					]
				},
				"159": {
					"transitions": [
						{"default": "q.health != 159"}
					],
					"on_entry":[
						"/execute @p[tag=yomiyomi2] ~~~ scoreboard objectives add yomihp dummy",
						"/scoreboard players set @p[tag=yomiyomi2] yomihp 159"
					]
				},
				"160": {
					"transitions": [
						{"default": "q.health != 160"}
					],
					"on_entry":[
						"/execute @p[tag=yomiyomi2] ~~~ scoreboard objectives add yomihp dummy",
						"/scoreboard players set @p[tag=yomiyomi2] yomihp 160"
					]
				},
				"161": {
					"transitions": [
						{"default": "q.health != 161"}
					],
					"on_entry":[
						"/execute @p[tag=yomiyomi2] ~~~ scoreboard objectives add yomihp dummy",
						"/scoreboard players set @p[tag=yomiyomi2] yomihp 161"
					]
				},
				"162": {
					"transitions": [
						{"default": "q.health != 162"}
					],
					"on_entry":[
						"/execute @p[tag=yomiyomi2] ~~~ scoreboard objectives add yomihp dummy",
						"/scoreboard players set @p[tag=yomiyomi2] yomihp 162"
					]
				},
				"163": {
					"transitions": [
						{"default": "q.health != 163"}
					],
					"on_entry":[
						"/execute @p[tag=yomiyomi2] ~~~ scoreboard objectives add yomihp dummy",
						"/scoreboard players set @p[tag=yomiyomi2] yomihp 163"
					]
				},
				"164": {
					"transitions": [
						{"default": "q.health != 164"}
					],
					"on_entry":[
						"/execute @p[tag=yomiyomi2] ~~~ scoreboard objectives add yomihp dummy",
						"/scoreboard players set @p[tag=yomiyomi2] yomihp 164"
					]
				},
				"165": {
					"transitions": [
						{"default": "q.health != 165"}
					],
					"on_entry":[
						"/execute @p[tag=yomiyomi2] ~~~ scoreboard objectives add yomihp dummy",
						"/scoreboard players set @p[tag=yomiyomi2] yomihp 165"
					]
				},
				"166": {
					"transitions": [
						{"default": "q.health != 166"}
					],
					"on_entry":[
						"/execute @p[tag=yomiyomi2] ~~~ scoreboard objectives add yomihp dummy",
						"/scoreboard players set @p[tag=yomiyomi2] yomihp 166"
					]
				},
				"167": {
					"transitions": [
						{"default": "q.health != 167"}
					],
					"on_entry":[
						"/execute @p[tag=yomiyomi2] ~~~ scoreboard objectives add yomihp dummy",
						"/scoreboard players set @p[tag=yomiyomi2] yomihp 167"
					]
				},
				"168": {
					"transitions": [
						{"default": "q.health != 168"}
					],
					"on_entry":[
						"/execute @p[tag=yomiyomi2] ~~~ scoreboard objectives add yomihp dummy",
						"/scoreboard players set @p[tag=yomiyomi2] yomihp 168"
					]
				},
				"169": {
					"transitions": [
						{"default": "q.health != 169"}
					],
					"on_entry":[
						"/execute @p[tag=yomiyomi2] ~~~ scoreboard objectives add yomihp dummy",
						"/scoreboard players set @p[tag=yomiyomi2] yomihp 169"
					]
				},
				"170": {
					"transitions": [
						{"default": "q.health != 170"}
					],
					"on_entry":[
						"/execute @p[tag=yomiyomi2] ~~~ scoreboard objectives add yomihp dummy",
						"/scoreboard players set @p[tag=yomiyomi2] yomihp 170"
					]
				},
				"171": {
					"transitions": [
						{"default": "q.health != 171"}
					],
					"on_entry":[
						"/execute @p[tag=yomiyomi2] ~~~ scoreboard objectives add yomihp dummy",
						"/scoreboard players set @p[tag=yomiyomi2] yomihp 171"
					]
				},
				"172": {
					"transitions": [
						{"default": "q.health != 172"}
					],
					"on_entry":[
						"/execute @p[tag=yomiyomi2] ~~~ scoreboard objectives add yomihp dummy",
						"/scoreboard players set @p[tag=yomiyomi2] yomihp 172"
					]
				},
				"173": {
					"transitions": [
						{"default": "q.health != 173"}
					],
					"on_entry":[
						"/execute @p[tag=yomiyomi2] ~~~ scoreboard objectives add yomihp dummy",
						"/scoreboard players set @p[tag=yomiyomi2] yomihp 173"
					]
				},
				"174": {
					"transitions": [
						{"default": "q.health != 174"}
					],
					"on_entry":[
						"/execute @p[tag=yomiyomi2] ~~~ scoreboard objectives add yomihp dummy",
						"/scoreboard players set @p[tag=yomiyomi2] yomihp 174"
					]
				},
				"175": {
					"transitions": [
						{"default": "q.health != 175"}
					],
					"on_entry":[
						"/execute @p[tag=yomiyomi2] ~~~ scoreboard objectives add yomihp dummy",
						"/scoreboard players set @p[tag=yomiyomi2] yomihp 175"
					]
				},
				"176": {
					"transitions": [
						{"default": "q.health != 176"}
					],
					"on_entry":[
						"/execute @p[tag=yomiyomi2] ~~~ scoreboard objectives add yomihp dummy",
						"/scoreboard players set @p[tag=yomiyomi2] yomihp 176"
					]
				},
				"177": {
					"transitions": [
						{"default": "q.health != 177"}
					],
					"on_entry":[
						"/execute @p[tag=yomiyomi2] ~~~ scoreboard objectives add yomihp dummy",
						"/scoreboard players set @p[tag=yomiyomi2] yomihp 177"
					]
				},
				"178": {
					"transitions": [
						{"default": "q.health != 178"}
					],
					"on_entry":[
						"/execute @p[tag=yomiyomi2] ~~~ scoreboard objectives add yomihp dummy",
						"/scoreboard players set @p[tag=yomiyomi2] yomihp 178"
					]
				},
				"179": {
					"transitions": [
						{"default": "q.health != 179"}
					],
					"on_entry":[
						"/execute @p[tag=yomiyomi2] ~~~ scoreboard objectives add yomihp dummy",
						"/scoreboard players set @p[tag=yomiyomi2] yomihp 179"
					]
				},
				"180": {
					"transitions": [
						{"default": "q.health != 180"}
					],
					"on_entry":[
						"/execute @p[tag=yomiyomi2] ~~~ scoreboard objectives add yomihp dummy",
						"/scoreboard players set @p[tag=yomiyomi2] yomihp 180"
					]
				},
				"181": {
					"transitions": [
						{"default": "q.health != 181"}
					],
					"on_entry":[
						"/execute @p[tag=yomiyomi2] ~~~ scoreboard objectives add yomihp dummy",
						"/scoreboard players set @p[tag=yomiyomi2] yomihp 181"
					]
				},
				"182": {
					"transitions": [
						{"default": "q.health != 182"}
					],
					"on_entry":[
						"/execute @p[tag=yomiyomi2] ~~~ scoreboard objectives add yomihp dummy",
						"/scoreboard players set @p[tag=yomiyomi2] yomihp 182"
					]
				},
				"183": {
					"transitions": [
						{"default": "q.health != 183"}
					],
					"on_entry":[
						"/execute @p[tag=yomiyomi2] ~~~ scoreboard objectives add yomihp dummy",
						"/scoreboard players set @p[tag=yomiyomi2] yomihp 183"
					]
				},
				"184": {
					"transitions": [
						{"default": "q.health != 184"}
					],
					"on_entry":[
						"/execute @p[tag=yomiyomi2] ~~~ scoreboard objectives add yomihp dummy",
						"/scoreboard players set @p[tag=yomiyomi2] yomihp 184"
					]
				},
				"185": {
					"transitions": [
						{"default": "q.health != 185"}
					],
					"on_entry":[
						"/execute @p[tag=yomiyomi2] ~~~ scoreboard objectives add yomihp dummy",
						"/scoreboard players set @p[tag=yomiyomi2] yomihp 185"
					]
				},
				"186": {
					"transitions": [
						{"default": "q.health != 186"}
					],
					"on_entry":[
						"/execute @p[tag=yomiyomi2] ~~~ scoreboard objectives add yomihp dummy",
						"/scoreboard players set @p[tag=yomiyomi2] yomihp 186"
					]
				},
				"187": {
					"transitions": [
						{"default": "q.health != 187"}
					],
					"on_entry":[
						"/execute @p[tag=yomiyomi2] ~~~ scoreboard objectives add yomihp dummy",
						"/scoreboard players set @p[tag=yomiyomi2] yomihp 187"
					]
				},
				"188": {
					"transitions": [
						{"default": "q.health != 188"}
					],
					"on_entry":[
						"/execute @p[tag=yomiyomi2] ~~~ scoreboard objectives add yomihp dummy",
						"/scoreboard players set @p[tag=yomiyomi2] yomihp 188"
					]
				},
				"189": {
					"transitions": [
						{"default": "q.health != 189"}
					],
					"on_entry":[
						"/execute @p[tag=yomiyomi2] ~~~ scoreboard objectives add yomihp dummy",
						"/scoreboard players set @p[tag=yomiyomi2] yomihp 189"
					]
				},
				"190": {
					"transitions": [
						{"default": "q.health != 190"}
					],
					"on_entry":[
						"/execute @p[tag=yomiyomi2] ~~~ scoreboard objectives add yomihp dummy",
						"/scoreboard players set @p[tag=yomiyomi2] yomihp 190"
					]
				},
				"191": {
					"transitions": [
						{"default": "q.health != 191"}
					],
					"on_entry":[
						"/execute @p[tag=yomiyomi2] ~~~ scoreboard objectives add yomihp dummy",
						"/scoreboard players set @p[tag=yomiyomi2] yomihp 191"
					]
				},
				"192": {
					"transitions": [
						{"default": "q.health != 192"}
					],
					"on_entry":[
						"/execute @p[tag=yomiyomi2] ~~~ scoreboard objectives add yomihp dummy",
						"/scoreboard players set @p[tag=yomiyomi2] yomihp 192"
					]
				},
				"193": {
					"transitions": [
						{"default": "q.health != 193"}
					],
					"on_entry":[
						"/execute @p[tag=yomiyomi2] ~~~ scoreboard objectives add yomihp dummy",
						"/scoreboard players set @p[tag=yomiyomi2] yomihp 193"
					]
				},
				"194": {
					"transitions": [
						{"default": "q.health != 194"}
					],
					"on_entry":[
						"/execute @p[tag=yomiyomi2] ~~~ scoreboard objectives add yomihp dummy",
						"/scoreboard players set @p[tag=yomiyomi2] yomihp 194"
					]
				},
				"195": {
					"transitions": [
						{"default": "q.health != 195"}
					],
					"on_entry":[
						"/execute @p[tag=yomiyomi2] ~~~ scoreboard objectives add yomihp dummy",
						"/scoreboard players set @p[tag=yomiyomi2] yomihp 195"
					]
				},
				"196": {
					"transitions": [
						{"default": "q.health != 196"}
					],
					"on_entry":[
						"/execute @p[tag=yomiyomi2] ~~~ scoreboard objectives add yomihp dummy",
						"/scoreboard players set @p[tag=yomiyomi2] yomihp 196"
					]
				},
				"197": {
					"transitions": [
						{"default": "q.health != 197"}
					],
					"on_entry":[
						"/execute @p[tag=yomiyomi2] ~~~ scoreboard objectives add yomihp dummy",
						"/scoreboard players set @p[tag=yomiyomi2] yomihp 197"
					]
				},
				"198": {
					"transitions": [
						{"default": "q.health != 198"}
					],
					"on_entry":[
						"/execute @p[tag=yomiyomi2] ~~~ scoreboard objectives add yomihp dummy",
						"/scoreboard players set @p[tag=yomiyomi2] yomihp 198"
					]
				},
				"199": {
					"transitions": [
						{"default": "q.health != 199"}
					],
					"on_entry":[
						"/execute @p[tag=yomiyomi2] ~~~ scoreboard objectives add yomihp dummy",
						"/scoreboard players set @p[tag=yomiyomi2] yomihp 199"
					]
				},
				"200": {
					"transitions": [
						{"default": "q.health != 200"}
					],
					"on_entry":[
						"/execute @p[tag=yomiyomi2] ~~~ scoreboard objectives add yomihp dummy",
						"/scoreboard players set @p[tag=yomiyomi2] yomihp 200"
					]
				},
				"dead":{
					"on_entry":[
						"/event entity @s op_asa:dead"
					]
				}
			}
		}
	}
}