{
  "format_version":"1.16.100",
  "animation_controllers":{
    "controller.animation.crocodile1":{
      "states":{
        "default":{
          "transitions":[
            {"1":"q.mark_variant == 2"},
            {"2":"q.count(query.get_nearby_entities(2, 'minecraft:splash_potion')) > 0"}
          ]
        },
        "1":{
          "transitions":[
            {"default":"(1.0)"}
          ],
          "on_entry":[
            "/particle op_asa:suna_move_particle ~~~"
          ]
        },
        "2":{
          "transitions":[
            {"default":"q.count(query.get_nearby_entities(2, 'minecraft:splash_potion')) == 0"}
          ],
          "on_entry":[
            "/event entity @s op_asa:splash_water"
          ]
        }
      }
    },
    "controller.animation.crocodile2":{
      "states":{
        "default":{
          "transitions":[
            {"1":"q.skin_id == 1"}
          ]
        },
        "1":{
          "transitions":[
            {"default":"(1.0)"}
          ],
          "on_entry":[
            "/particle op_asa:splash_water_particle ~~1~"
          ]
        }
      }
    }
  }
}