{
  "format_version":"1.16.100",
  "animation_controllers":{
    "controller.animation.crocodile_spawn":{
      "states":{
        "default":{
          "transitions":[
            {"1":"1.0"}
          ]
        },
        "1":{
          "transitions":[
            {"2":"v.time = (v.time ?? 0);v.time = v.time < 60 ? v.time + 1:0;return v.time == 0;"}
          ]
        },
        "2":{
          "on_entry":[
            "/event entity @s op_asa:crocodile"
          ]
        }
      }
    }
  }
}