{
	"format_version": "1.10.0",
	"animation_controllers": {
	  "controller.animation.jumpscare_ink_demon": {
		"initial_state": "default",
		"states": {
		  "default": {
			"transitions": [
			  {
				"attack": "variable.attack_time > 0 && !query.is_stunned"
			  },
			  {
				"add": "query.has_rider && !query.is_stunned"
			  }
			]
		  },
		  "attack": {
			"transitions": [
			  {
				"default": "1.0"
			  }
			],
			"on_entry": [
                "/function jumpscare_ink_demon", 
				"/tag @s add ink_demon"
			 ]
		  },
		  "add": {
			"transitions": [
			  {
				"default": "1.0"
			  }
			],
			"on_entry": [
				"/scoreboard objectives add ink_demon dummy",
				"/scoreboard players add @e[r=3,type=!ic:ink_demon] ink_demon 1",
				"/execute @e[scores={ink_demon=45..1000}] ~ ~ ~ event entity @e[type=ic:ink_demon,r=2] jumpscare_stop",
				"/execute @e[scores={ink_demon=45..1000}] ~ ~ ~ tag @e[type=ic:ink_demon,r=2] remove ink_demon",
				"/kill @e[scores={ink_demon=45..1000}]",
				"/scoreboard players set @a[scores={ink_demon=45..1000}] ink_demon 0"
			 ]
		  }
		}
	  },
	"controller.animation.sound_ink_demon": {
		"initial_state": "default",
		"states": {
		  "default": {
		"on_entry": [
                "variable.random = math.random_integer(0,2);"
			 ],
			"animations": [
			{"dialogue1": "variable.random == 0"},
			{"dialogue2": "variable.random == 1"},
			{"dialogue3": "variable.random == 2"}
		], 
			"transitions": [
			  {
				"attack_normal": "variable.attack_time > 0"
			  }
			]
		  },
		  "attack_normal": {
			"transitions": [
			  {
				"default": "variable.attack_time <= 0 && !query.has_target"
			  }
			],
			"animations": [
                "growl"
			 ]
		  }
		}
	  } 
  }
}