{
  "format_version": "1.10.0",
  "minecraft:client_entity": {
    "description": {
      "identifier": "ic:ink_demon",
      "textures": {
        "default": "textures/entity/ink_demon"
      },
      "materials": {
        "default": "skeleton"
      },
      "geometry": {
        "default": "geometry.ic_ink_demon"
      },
      "render_controllers": [
        "controller.render.default"
      ],
      "spawn_egg": {
        "texture": "ic:ink_demon",
        "texture_index": 0
      },
      "sound_effects": {
        "dialogue1" : "mob.ink_demon.dialogue1",
        "dialogue2" : "mob.ink_demon.dialogue2",
        "dialogue3" : "mob.ink_demon.dialogue3",
        "growl" : "mob.ink_demon.growl" 
      },
      "animations": {
      "dialogue_1" : "animation.ink_demon.dialogue1",
        "dialogue_2" : "animation.ink_demon.dialogue2",
        "dialogue_3" : "animation.ink_demon.dialogue3",
        "grow_l" : "animation.ink_demon.growl",
      "look_at" : "animation.entity.look_at_target.default",
        "walk.arms": "animation.ink_demon.move.arms",
        "walk.legs": "animation.ink_demon.move.legs",
        "attack1" : "animation.ink_demon.attack1",
        "attack2" : "animation.ink_demon.attack2",
        "idle": "animation.ink_demon.idle",
        "seek" : "animation.ink_demon.seek",
        "jumpscare1": "animation.ink_demon.jumpscare1", 
        "jumpscare2": "animation.ink_demon.jumpscare2", 
        "ink_demon_controls" : "controller.animation.ink_demon"
      },
      "scripts": {
        "animate": [
       { "look_at" : "!query.is_sleeping"},
       { "seek" : "!query.is_sleeping && query.is_sleeping"},
          "ink_demon_controls"
        ]
      }
    }
  }
}