{
  "format_version": "1.16.0",
  "minecraft:entity": {
    "description": {
      "identifier": "op_asa:big_mam",
      "is_spawnable": true,
      "is_summonable": true,
      "is_experimental": false,
      "scripts":{
        "animate":["big_mam","haki","mess","water"]
      },
      "animations":{
        "haki":"controller.animation.mamkaido_haki",
        "big_mam":"controller.animation.big_mam_attack",
        "mess":"controller.animation.mess",
        "water":"controller.animation.water"
      }
    },
    "component_groups":{
      "op_asa:float":{
        "minecraft:behavior.float": {
          "priority": 0
        }
      },
      "op_asa:wild_ability":{},
      "op_asa:lost_ability":{},
      "op_asa:kairouseki":{
        "minecraft:variant":{
          "value":27000
        }
      },
      "op_asa:kurouzu":{
        "minecraft:variant":{
          "value":270
        }
      },
      "op_asa:wild":{
        "minecraft:variant":{
          "value":0
        }
      },
      "op_asa:wild0":{
        "minecraft:tameable": {
          "probability": 1,
          "tame_items": "op_asa:big_mam_pirates",
          "tame_event": {
            "event": "op_asa:on_tame",
            "target": "self"
          }
        }
      },
      "op_asa:tame":{
        "minecraft:behavior.owner_hurt_target": {
          "priority": 1
        },
        "minecraft:healable": {
          "items": [
            {
              "item":"cake",
              "heal_amount":100
            }
          ]
        }
      },
      "op_asa:toy":{
        "minecraft:instant_despawn":{}
      },
      "op_asa:mess":{
        "minecraft:type_family": {
          "family": ["mob","yonko","mam","devil","sorusoru","character","b_haki","in_mess","boss"]
        },
        "minecraft:spawn_entity": {
          "entities": {
            "min_wait_time": 0,
            "max_wait_time": 0,
            "single_use":true,
            "spawn_entity":"op_asa:heart",
            "num_to_spawn":1
          }
        }
      }
    },
    
    "components": {
      "minecraft:type_family": {
        "family": ["mob","yonko","mam","devil","sorusoru","character","b_haki","boss"]
      },
      "minecraft:boss": {
        "should_darken_sky": false,
        "name": "boss.big_mam.name",
        "hud_range": 63
      },
      "minecraft:timer": {
        "looping": false,
        "randomInterval": false,
        "time": 0.1,
        "time_down_event": {
         "event": "op_asa:be_wild",
         "target": "self"
        }
      },
      "minecraft:shareables": {
        "items": [
          {
            "item": "op_asa:kairouseki",
            "want_amount": 1,
            "surplus_amount": 1,
            "priority": 0
          }
        ]
      },
      "minecraft:behavior.nearest_attackable_target": {
        "priority": 2,
        "must_see": true,
        "reselect_targets": true,
        "entity_types": [
          {
            "filters":{
              "all_of":[
                {
                  "test":"is_family",
                  "subject":"other",
                  "value":"player"
                },
                {
                  "test": "has_equipment",
                  "subject": "other",
                  "domain": "hand",
                  "operator": "!=",
                  "value": "op_asa:big_mam_pirates"
                },
                {
                  "test": "has_component",
                  "subject": "other",
                  "operator": "!=",
                  "value": "minecraft:is_baby"
                },
                {
                  "test": "has_equipment",
                  "subject": "other",
                  "domain": "hand",
                  "operator": "!=",
                  "value": "cake"
                }
              ]
            },
            "max_dist": 64
          },
          {
            "filters": {
              "all_of":[
                {
                  "test":"is_family",
                  "subject":"other",
                  "value":"mob"
                },
                {
                  "test": "has_component",
                  "subject": "other",
                  "operator": "!=",
                  "value": "minecraft:is_baby"
                },
                {
                  "test":"is_family",
                  "subject":"other",
                  "operator":"!=",
                  "value":"mam"
                },
                {
                  "any_of":[
                    {
                      "test":"is_family",
                      "subject":"other",
                      "value":"h1"
                    },
                    {
                      "test":"is_family",
                      "subject":"other",
                      "value":"h2"
                    },
                    {
                      "test":"is_family",
                      "subject":"other",
                      "value":"h3"
                    },
                    {
                      "test":"is_family",
                      "subject":"other",
                      "value":"h4"
                    }
                  ]
                }
              ]
            },
            "max_dist": 16
          },
          {
            "filters":{
              "all_of":[
                {
                  "test":"is_family",
                  "subject":"other",
                  "value":"yonko"
                },
                {
                  "test":"is_family",
                  "subject":"other",
                  "operator":"!=",
                  "value":"mam"
                }
              ]
            },
            "max_dist":16
          }
        ]
      },
      "minecraft:behavior.hurt_by_target": {
        "entity_types": {
          "filters": {
              "test": "is_family",
              "subject": "other",
              "operator": "!=",
              "value": "waza"
          }
        },
        "priority": 1
      },
      "minecraft:behavior.equip_item": {
        "priority": 3
      },
      "minecraft:behavior.pickup_items": {
        "priority": 7,
        "max_dist": 3,
        "goal_radius": 2,
        "speed_multiplier": 1.0
      },
      "minecraft:environment_sensor": {
        "triggers": [
          {
            "filters": {
              "test":"is_riding",
              "value":true
            },
            "event": "op_asa:get_off"
          },
          {
            "filters":{
              "all_of": [
                { "test":"in_water","value":true },
                { "test":"has_component","value":"minecraft:behavior.float" }
              ]
            },
            "event": "op_asa:not_float"
          },
          {
            "filters":{
              "all_of": [
                { "test":"in_water","value":false },
                { "test":"has_component","operator":"!=","value":"minecraft:behavior.float" }
              ]
            },
            "event": "op_asa:float"
          },
          {
            "filters": {
              "all_of": [
                {
                  "test": "has_equipment",
                  "subject": "self",
                  "domain": "hand",
                  "value": "op_asa:kairouseki"
                },
                {
                  "test":"is_variant",
                  "operator":"!=",
                  "subject":"self",
                  "value":27000
                }
              ]
            },
            "event": "op_asa:be_kairouseki"
          },
          {
            "filters": {
              "all_of": [
                {
                  "test": "has_tag",
                  "value": "kurouzu"
                },
                {
                  "test":"is_variant",
                  "operator":"!=",
                  "subject":"self",
                  "value":270
                }
              ]
            },
            "event": "op_asa:be_kurouzu"
          },
          {
            "filters": {
              "all_of": [
                {
                  "test": "has_tag",
                  "operator":"!=",
                  "value": "kurouzu"
                },
                {
                  "test":"is_variant",
                  "operator":"==",
                  "subject":"self",
                  "value":270
                }
              ]
            },
            "event": "op_asa:kurouzu_end"
          }
        ]
      },
      "minecraft:follow_range": {
        "value": 32,
        "max": 32
      },
      "minecraft:behavior.trade_with_player": {
        "priority": 1
      },
      "minecraft:economy_trade_table": {
        "display_name": "trade.big_mam.name",
        "table": "trading/big_mam_trades.json",
        "new_screen":true,
        "persist_trades":true,
        "convert_trades_economy": true
      },
      "minecraft:behavior.melee_attack": {},
      "minecraft:attack":{
        "damage":14
      },
      "minecraft:scale":{
        "value":4.89
      },
      "minecraft:movement": {
        "value": 0.25
      },
      "minecraft:health": {
        "value": 600,
        "max": 600
      },
      "minecraft:loot": {
        "table": "loot_tables/entities/big_mam.json"
      },
      "minecraft:nameable": {
      },
      "minecraft:equip_item": {
      },
      "minecraft:collision_box": {
        "width": 0.6,
        "height": 1.8
      },
      "minecraft:movement.basic": {
      },
      "minecraft:navigation.walk": {
        "is_amphibious": true,
        "can_pass_doors":true,
        "can_break_doors":false,
        "can_walk":true,
        "can_open_doors": true,
        "can_path_over_water": true,
        "avoid_water": true
      },
      "minecraft:jump.static": {},
      "minecraft:can_climb": {
      },
      "minecraft:hurt_on_condition": {
        "damage_conditions": [
          {
            "filters": {
              "test": "in_lava",
              "subject": "self",
              "operator": "==",
              "value": true
            },
            "cause": "lava",
            "damage_per_tick": 4
          }
        ]
      },
      "minecraft:breathable": {
        "breathes_solids":true,
        "total_supply": 15,
        "suffocate_time": -1,
        "inhale_time": 3.75,
        "generates_bubbles": false
      },
      "minecraft:despawn": {
        "despawn_from_distance": {
          "min_distance":128
        }
      },
      "minecraft:behavior.random_stroll": {
        "priority": 6,
        "speed_multiplier": 1
      },
      "minecraft:knockback_resistance": {
        "value": 0.9
      },
      "minecraft:behavior.look_at_player": {
        "priority": 9,
        "look_distance": 10,
        "probability": 0.02
      },
      "minecraft:behavior.random_look_around":{
        "priority":7,
        "speed_multiplier":1
      },
      "minecraft:physics": {
      },
      "minecraft:custom_hit_test": {
        "hitboxes": [
            {
                "width": 5.0,
                "height": 20,
                "pivot": [ 0, 0, 0 ]
            }
        ]
      },
      "minecraft:pushable": {
        "is_pushable": true,
        "is_pushable_by_piston": true
      },
      "minecraft:conditional_bandwidth_optimization": {
      },
      "minecraft:experience_reward": {
        "on_death": "query.last_hit_by_player ? 100 + (query.equipment_count * Math.Random(1,3)) : 0"
      }
    },

    "events":{
      "op_asa:be_kairouseki":{
        "remove": {
          "component_groups": [
            "op_asa:wild"
          ]
        },
        "add":{
          "component_groups":[
            "op_asa:kairouseki"
          ]
        }
      },
      "op_asa:be_kurouzu":{
        "remove": {
          "component_groups": [
            "op_asa:wild"
          ]
        },
        "add":{
          "component_groups":[
            "op_asa:kurouzu"
          ]
        }
      },
      "op_asa:kurouzu_end":{
        "remove": {
          "component_groups": [
            "op_asa:kurouzu"
          ]
        },
        "add":{
          "component_groups":[
            "op_asa:wild"
          ]
        }
      },
      "minecraft:entity_spawned":{
        "run_command":{
          "command":"function mob/mam_spawn"
        },
        "add": {
          "component_groups": [
            "op_asa:wild","op_asa:wild0","op_asa:wild_ability"
          ]
        }
      },
      "op_asa:be_wild":{
        "add":{
          "component_groups":[
            "op_asa:wild","op_asa:wild0","op_asa:wild_ability"
          ]
        }
      },
      "op_asa:on_tame":{
        "remove": {
          "component_groups": [
            "op_asa:wild0"
          ]
        },
        "add": {
          "component_groups": [
            "op_asa:tame"
          ]
        }
      },
      "op_asa:be_toy":{
        "add":{
          "component_groups":[
            "op_asa:toy"
          ]
        },
        "run_command":{
          "command":"summon op_asa:hobby ~~~ op_asa:toy_mam"
        }
      },
      "op_asa:be_mess":{
        "add":{
          "component_groups":[
            "op_asa:mess"
          ]
        }
      },
      "op_asa:get_off":{
        "run_command":{
          "command":["kill @e[r=1,type=minecraft:boat]","kill @e[r=1,type=minecraft:chest_boat]","kill @e[r=1,type=minecraft:minecart]"]
        }
      },
      "op_asa:float":{
        "add":{
          "component_groups":["op_asa:float"]
        }
      },
      "op_asa:not_float":{
        "remove":{
          "component_groups":["op_asa:float"]
        }
      }
    }
}
}
