{
  "format_version": "1.16.0",
  "minecraft:entity": {
    "description": {
      "identifier": "op_asa:brook",
      "is_spawnable": true,
      "is_summonable": true,
      "is_experimental": false,
      "scripts":{
        "animate":["brook","mess","water"]
      },
      "animations":{
        "brook":"controller.animation.brook",
        "mess":"controller.animation.mess",
        "water":"controller.animation.water"
      }
    },

    "component_groups": {
      "op_asa:wild":{
        "minecraft:variant":{
          "value":0
        },
        "minecraft:target_nearby_sensor": {
          "inside_range": 3.0,
          "outside_range": 4.0,
          "must_see":  true,
          "on_inside_range": {
            "event": "op_asa:yahazugiri",
            "target": "self"
          },
          "on_outside_range": {
            "event": "op_asa:neutral",
            "target": "self"
          }
        }
      },
      "op_asa:yahazugiri": {
        "minecraft:mark_variant":{
          "value":1
        }
      },
      "op_asa:neutral":{
        "minecraft:mark_variant":{
          "value":0
        }
      },
      "op_asa:milk":{
        "minecraft:timer": {
          "looping": false,
          "randomInterval": false,
          "time": 1,
          "time_down_event": {
           "event": "op_asa:milk_end",
           "target": "self"
          }
        },
        "minecraft:is_sheared":{},
        "minecraft:spell_effects": {
          "add_effects": [
            {
              "effect": "slowness",
              "duration": 2,
              "amplifier": 20,
              "visible": false
            }
          ]
        }
      },
      "op_asa:kairouseki":{
        "minecraft:variant":{
          "value":27000
        }
      },
      "op_asa:kurouzu":{
        "minecraft:variant":{
          "value":270
        }
      },
      "op_asa:toy":{
        "minecraft:instant_despawn":{}
      }
    },
    
    "components": {
      "minecraft:type_family": {
        "family": ["mob","kaizoku","brook","yomiyomi","devil","character","h2"]
      },
      "minecraft:timer": {
        "looping": false,
        "randomInterval": false,
        "time": 0.1,
        "time_down_event": {
         "event": "op_asa:be_wild",
         "target": "self"
        }
      },
      "minecraft:shareables": {
        "items": [
          {
            "item": "op_asa:kairouseki",
            "want_amount": 1,
            "surplus_amount": 1,
            "priority": 0
          },
          {
            "item": "bucket:1",
            "want_amount": 1,
            "surplus_amount": 1,
            "priority": 0
          }
        ]
      },
      "minecraft:behavior.melee_attack": {
        "priority": 3
      },
      "minecraft:equip_item": {
      },
      "minecraft:behavior.pickup_items": {
        "priority": 7,
        "max_dist": 3,
        "goal_radius": 2,
        "speed_multiplier": 1.0
      },
      "minecraft:environment_sensor": {
        "triggers": [
          {
            "filters": {
              "test":"is_riding",
              "value":true
            },
            "event": "op_asa:get_off"
          },
          {
            "filters": {
              "all_of": [
                {
                  "test": "has_equipment",
                  "subject": "self",
                  "domain": "hand",
                  "value": "op_asa:kairouseki"
                },
                {
                  "test":"is_variant",
                  "operator":"!=",
                  "subject":"self",
                  "value":27000
                }
              ]
            },
            "event": "op_asa:be_kairouseki"
          },
          {
            "filters": {
              "all_of": [
                {
                  "test": "has_tag",
                  "value": "kurouzu"
                },
                {
                  "test":"is_variant",
                  "operator":"!=",
                  "subject":"self",
                  "value":270
                }
              ]
            },
            "event": "op_asa:be_kurouzu"
          },
          {
            "filters": {
              "all_of": [
                {
                  "test": "has_tag",
                  "operator":"!=",
                  "value": "kurouzu"
                },
                {
                  "test":"is_variant",
                  "operator":"==",
                  "subject":"self",
                  "value":270
                }
              ]
            },
            "event": "op_asa:kurouzu_end"
          },
          {
            "filters": {
              "all_of": [
                {
                  "test": "has_equipment",
                  "subject": "self",
                  "value": "bucket:1"
                },
                {
                  "test":"has_component",
                  "operator":"!=",
                  "subject":"self",
                  "value":"minecraft:is_sheared"
                }
              ]
            },
            "event": "op_asa:be_milk"
          }
        ]
      },
      "minecraft:scale":{
        "value":1.66
      },
      "minecraft:movement": {
        "value": 0.3
      },
      "minecraft:health": {
        "value": 200,
        "max": 200
      },
      "minecraft:behavior.hurt_by_target": {
        "entity_types": {
          "filters": {
              "test": "is_family",
              "subject": "other",
              "operator": "!=",
              "value": "waza"
          }
        },
        "priority": 1
      },
      "minecraft:hurt_on_condition": {
        "damage_conditions": [
          {
            "filters": {
              "test": "in_lava",
              "subject": "self",
              "operator": "==",
              "value": true
            },
            "cause": "lava",
            "damage_per_tick": 4
          }
        ]
      },
      "minecraft:loot": {
        "table": "loot_tables/entities/brook.json"
      },
      "minecraft:nameable": {
      },
      "minecraft:collision_box": {
        "width": 0.6,
        "height": 1.8
      },
      "minecraft:movement.basic": {
      },
      "minecraft:navigation.walk": {
        "can_path_over_lava": true,
        "is_amphibious": true,
        "can_pass_doors":true,
        "can_break_doors":false,
        "can_walk":true,
        "can_open_doors": true,
        "can_path_over_water": true,
        "can_walk_in_lava": false,
        "avoid_water": true
      },
      "minecraft:jump.static": {},
      "minecraft:can_climb": {
      },
      "minecraft:breathable": {
        "breathes_solids":true,
        "total_supply": 15,
        "suffocate_time": -1,
        "inhale_time": 3.75,
        "generates_bubbles": false
      },
      "minecraft:despawn": {
        "despawn_from_distance": {
          "min_distance":64
        }
      },
      "minecraft:behavior.equip_item": {
        "priority": 3
      },
      "minecraft:behavior.random_stroll": {
        "priority": 6,
        "speed_multiplier": 1
      },
      "minecraft:behavior.look_at_player": {
        "priority": 9,
        "look_distance": 10,
        "probability": 0.02
      },
      "minecraft:behavior.random_look_around":{
        "priority":7,
        "speed_multiplier":1
      },
      "minecraft:physics": {
      },
      "minecraft:pushable": {
        "is_pushable": true,
        "is_pushable_by_piston": true
      },
      "minecraft:conditional_bandwidth_optimization": {
      },
      "minecraft:experience_reward": {
        "on_death": "query.last_hit_by_player ? 30 + (query.equipment_count * Math.Random(1,3)) : 0"
      },
      "minecraft:behavior.float": {
        "priority": 0
      }
    },
    "events":{
      "minecraft:entity_spawned":{
        "add": {
          "component_groups": [
            "op_asa:wild"
          ]
        }
      },
      "op_asa:be_wild":{
        "add":{
          "component_groups":[
            "op_asa:wild"
          ]
        }
      },
      "op_asa:yahazugiri": {
        "remove": {
          "component_groups": [
            "op_asa:neutral"
          ]
        },
        "add": {
          "component_groups": [
            "op_asa:yahazugiri"
          ]
        }
      },
      "op_asa:neutral": {
        "remove": {
          "component_groups": [
            "op_asa:yahazugiri"
          ]
        },
        "add": {
          "component_groups": [
            "op_asa:neutral"
          ]
        }
      },
      "op_asa:be_milk":{
        "remove":{
          "component_groups":[
            "op_asa:wild","op_asa:yahazugiri","op_asa:neutral"
          ]
        },
        "add":{
          "component_groups":[
            "op_asa:milk"
          ]
        }
      },
      "op_asa:milk_end":{
        "remove":{
          "component_groups":[
            "op_asa:milk"
          ]
        },
        "add":{
          "component_groups":[
            "op_asa:wild"
          ]
        }
      },
      "op_asa:be_kurouzu":{
        "remove":{
          "component_groups":[
            "op_asa:wild","op_asa:yahazugiri","op_asa:neutral"
          ]
        },
        "add":{
          "component_groups":[
            "op_asa:kurouzu"
          ]
        }
      },
      "op_asa:kurouzu_end":{
        "remove":{
          "component_groups":[
            "op_asa:kurouzu"
          ]
        },
        "add":{
          "component_groups":[
            "op_asa:wild"
          ]
        }
      },
      "op_asa:be_kairouseki":{
        "remove":{
          "component_groups":[
            "op_asa:wild","op_asa:yahazugiri","op_asa:neutral"
          ]
        },
        "add":{
          "component_groups":[
            "op_asa:kairouseki"
          ]
        }
      },
      "op_asa:be_toy":{
        "add":{
          "component_groups":[
            "op_asa:toy"
          ]
        },
        "run_command":{
          "command":"summon op_asa:hobby ~~~ op_asa:toy_brook"
        }
      },
      "op_asa:get_off":{
        "run_command":{
          "command":["kill @e[r=1,type=minecraft:boat]","kill @e[r=1,type=minecraft:chest_boat]","kill @e[r=1,type=minecraft:minecart]"]
        }
      }
    }
  }
}
