{
  "format_version": "1.16.0",
  "minecraft:entity": {
    "description": {
      "identifier": "op_asa:crocodile",
      "is_spawnable": true,
      "is_summonable": true,
      "is_experimental": false,
      "scripts":{
        "animate":["mess","water","crocodile1","crocodile2"]
      },
      "animations":{
        "crocodile1":"controller.animation.crocodile1",
        "crocodile2":"controller.animation.crocodile2",
        "mess":"controller.animation.mess",
        "water":"controller.animation.water"
      }
    },
    "component_groups":{
      // spawn or summon
      "op_asa:spawned":{
        "minecraft:despawn": {
          "despawn_from_distance": {
            "min_distance":64
          }
        },
        "minecraft:loot": {
          "table": "loot_tables/entities/crocodile.json"
        }
      },
      "op_asa:summoned":{
        "minecraft:persistent":{},
        "minecraft:loot": {
          "table": "loot_tables/entities/crocodile_summoned.json"
        }
      },
      // float
      "op_asa:float":{
        "minecraft:behavior.float": {
          "priority": 0
        }
      },
      // damage
      "op_asa:wild_ability":{
        "minecraft:skin_id": {
          "value": 0
        },
        "minecraft:variant":{
          "value":0
        },
        "minecraft:damage_sensor": {
          "triggers":[
            {
              "cause":"starve",
              "deals_damage":true
            },
            {
              "cause":"wither",
              "deals_damage":false
            },
            {
              "cause":"lightning",
              "deals_damage":false
            },
            {
              "cause": "magma",
              "deals_damage": true
            },
            {
              "cause": "lava",
              "deals_damage": true
            },
            {
              "cause":"temperature",
              "deals_damage":true
            },
            {
              "on_damage": {
                "filters": {
                  "any_of":[
                    {"test":"has_damage","value":"fall"},
                    {"test":"is_family","subject":"other","value":"goro_ex"}
                  ]
                }
              },
              "deals_damage": false
            },
            {
              "on_damage": {
                "filters": {
                  "any_of":[
                    {"test":"has_damage","value": "fire"},
                    {"test":"is_family","subject":"other","value":"b_haki"},
                    {"test":"is_family","subject":"other","operator":"==","value":"ryuo"},
                    {"test":"has_equipment","subject":"other","domain":"hand","value":"op_asa:gamma_knife"},
                    {"test":"in_water","subject":"self","operator":"==","value":true}
                  ]
                }
              },
              "deals_damage": true
            },
            {
              "on_damage": {
                "filters": {
                  "any_of":[
                    {"test":"is_family","subject":"other","value":"player"},
                    {"test":"is_family","subject":"other","value":"mob"},
                    {"test":"is_family","subject":"other","value":"sorusoru1"}
                  ]
                },
                "event":"op_asa:logia_particle"
              },
              "deals_damage":false
            }
          ]
        }
      },
      "op_asa:lost_ability":{
        "minecraft:damage_sensor": {
          "triggers":[
            {
              "cause":"starve",
              "deals_damage":true
            },
            {
              "cause":"wither",
              "deals_damage":false
            },
            {
              "cause":"lightning",
              "deals_damage":true
            },
            {
              "cause": "magma",
              "deals_damage": true
            },
            {
              "cause": "lava",
              "deals_damage": true
            },
            {
              "cause":"temperature",
              "deals_damage":true
            }
          ]
        }
      },
      "op_asa:splash_water":{
        "minecraft:skin_id": {
          "value": 1
        },
        "minecraft:timer": {
          "looping": false,
          "randomInterval": false,
          "time": 10,
          "time_down_event": {
           "event": "op_asa:splash_water_end",
           "target": "self"
          }
        }
      },
      // mode
      "op_asa:melee_mode":{
        "minecraft:mark_variant":{
          "value":0
        },
        "minecraft:movement": {
          "value": 0.28
        },
        "minecraft:target_nearby_sensor": {
          "outside_range": 5.0,
          "must_see":  true,
          "on_outside_range": {
            "event": "op_asa:switch_to_shoot",
            "target": "self"
          }
        },
        "minecraft:behavior.melee_attack": {}
      },
      "op_asa:shoot_mode":{
        "minecraft:mark_variant":{
          "value":1
        },
        "minecraft:movement": {
          "value": 0.28
        },
        "minecraft:target_nearby_sensor": {
          "inside_range": 4.0,
          "outside_range": 16.0,
          "must_see":  true,
          "on_inside_range": {
            "event": "op_asa:switch_to_melee",
            "target": "self"
          },
          "on_outside_range": {
            "event": "op_asa:switch_to_ranged",
            "target": "self"
          },
          "on_vision_lost_inside_range":{
            "event":"op_asa:switch_to_melee",
            "target":"self"
          }
        },
        "minecraft:shooter": {
          "def": "op_asa:crocodile_p"
        },
        "minecraft:behavior.ranged_attack": {
          "burst_shots": 1,
          "burst_interval": 0,
          "charge_charged_trigger": 0,
          "charge_shoot_trigger": 0.7,
          "attack_interval_min": 0,
          "attack_interval_max": 0,
          "attack_radius": 16.0
        }
      },
      "op_asa:ranged_mode":{
        "minecraft:mark_variant":{
          "value":2
        },
        "minecraft:movement": {
          "value": 0.51
        },
        "minecraft:target_nearby_sensor": {
          "inside_range": 15.0,
          "outside_range":32.0,
          "must_see":  true,
          "on_inside_range": {
            "event": "op_asa:switch_to_shoot",
            "target": "self"
          },
          "on_outside_range":{
            "event":"op_asa:switch_to_melee",
            "target":"self"
          },
          "on_vision_lost_inside_range":{
            "event":"op_asa:switch_to_melee",
            "target":"self"
          }
        },
        "minecraft:behavior.melee_attack": {}
      },
      // 
      "op_asa:kairouseki":{
        "minecraft:attack": {
          "damage": 8
        },
        "minecraft:variant":{
          "value":27000
        },
        "minecraft:behavior.melee_attack": {}
      },
      "op_asa:kurouzu":{
        "minecraft:attack": {
          "damage": 8
        },
        "minecraft:variant":{
          "value":270
        },
        "minecraft:behavior.melee_attack": {}
      },
      "op_asa:toy":{
        "minecraft:instant_despawn":{}
      },
      "op_asa:mess":{
        "minecraft:type_family": {
          "family": ["mob", "crocodile","sunasuna","devil","character","in_mess","h3","logia"]
        },
        "minecraft:spawn_entity": {
          "entities": {
            "min_wait_time": 0,
            "max_wait_time": 0,
            "single_use":true,
            "spawn_entity":"op_asa:heart",
            "num_to_spawn":1
          }
        }
      }
    },
    
    "components": {
      "minecraft:type_family": {
        "family": ["mob", "crocodile","sunasuna","devil","character","h3","logia"]
      },
      "minecraft:knockback_resistance": {
        "value": 0.3
      },
      "minecraft:behavior.nearest_attackable_target": {
        "priority": 2,
        "must_see": true,
        "reselect_targets": true,
        "entity_types": [
          {
            "filters": {
              "all_of": [
                { "test": "is_family", "subject": "other", "value": "kaizoku" }
              ]
            },
            "max_dist": 16
          },
          {
            "filters": {
              "all_of": [
                { "test": "is_family", "subject": "other", "value": "kaigun" } 
              ]
            },
            "max_dist": 16
          },
          {
            "filters": {
              "all_of": [
                { "test": "is_family", "subject": "other", "value": "player" },
                {"test":"has_tag","subject":"other","operator":"!=","value":"yonko"},
                {"test":"has_tag","subject":"other","operator":"!=","value":"tyujo"},
                {"test":"has_tag","subject":"other","operator":"!=","value":"taisyo"},
                {"test":"has_tag","subject":"other","operator":"!=","value":"gensui"},
                {"test":"has_tag","subject":"other","operator":"!=","value":"kaizokuo"}
              ]
            },
            "max_dist": 32
          },
          {
            "filters": {
              "any_of": [
                { "test": "is_family", "subject": "other", "value": "villager" },
                { "test": "is_family", "subject": "other", "value": "wandering_trader" }
              ]
            },
            "max_dist": 16
          }
        ]
      },
      "minecraft:behavior.hurt_by_target": {
        "entity_types": {
          "filters": {
              "test": "is_family",
              "subject": "other",
              "operator": "!=",
              "value": "waza"
          }
        },
        "priority": 1
      },
      "minecraft:shareables": {
        "items": [
          {
            "item": "op_asa:kairouseki",
            "want_amount": 1,
            "surplus_amount": 1,
            "priority": 0
          }
        ]
      },
      "minecraft:behavior.equip_item": {
        "priority": 3
      },
      "minecraft:equip_item": {},
      "minecraft:behavior.pickup_items": {
        "priority": 7,
        "max_dist": 3,
        "goal_radius": 2,
        "speed_multiplier": 1.0
      },
      "minecraft:environment_sensor": {
        "triggers": [
          {
            "filters": {
              "test":"is_riding",
              "value":true
            },
            "event": "op_asa:get_off"
          },
          {
            "filters":{
              "all_of": [
                { "test":"in_water","value":true },
                { "test":"has_component","value":"minecraft:behavior.float" }
              ]
            },
            "event": "op_asa:not_float"
          },
          {
            "filters":{
              "all_of": [
                { "test":"in_water","value":false },
                { "test":"has_component","operator":"!=","value":"minecraft:behavior.float" }
              ]
            },
            "event": "op_asa:float"
          },
          {
            "filters": {
              "all_of": [
                {
                  "test": "has_equipment",
                  "subject": "self",
                  "domain": "hand",
                  "value": "op_asa:kairouseki"
                },
                {
                  "test":"is_variant",
                  "operator":"!=",
                  "subject":"self",
                  "value":27000
                }
              ]
            },
            "event": "op_asa:be_kairouseki"
          },
          {
            "filters": {
              "all_of": [
                {
                  "test": "has_tag",
                  "value": "kurouzu"
                },
                {
                  "test":"is_variant",
                  "operator":"!=",
                  "subject":"self",
                  "value":270
                }
              ]
            },
            "event": "op_asa:be_kurouzu"
          },
          {
            "filters": {
              "all_of": [
                {
                  "test": "has_tag",
                  "operator":"!=",
                  "value": "kurouzu"
                },
                {
                  "test":"is_variant",
                  "operator":"==",
                  "subject":"self",
                  "value":270
                }
              ]
            },
            "event": "op_asa:kurouzu_end"
          }
        ]
      },
      "minecraft:follow_range": {
        "value": 32,
        "max": 32
      },
      "minecraft:movement.basic": {},
      "minecraft:navigation.walk": {
        "is_amphibious": true,
        "can_pass_doors":true,
        "can_break_doors":false,
        "can_walk":true,
        "can_open_doors": true,
        "can_path_over_water": true,
        "avoid_water": true
      },
      "minecraft:behavior.random_stroll": {
        "priority": 6,
        "speed_multiplier": 1
      },
      "minecraft:scale":{
        "value":1.41
      },
      "minecraft:health": {
        "value": 200,
        "max": 200
      },
      "minecraft:attack": {
        "damage": 8,
        "effect_name": "wither",
        "effect_duration": 5
      },
      "minecraft:nameable": {},
      "minecraft:collision_box": {
        "width": 0.6,
        "height": 1.9
      },
      "minecraft:jump.static": {},
      "minecraft:can_climb": {},
      "minecraft:hurt_on_condition": {
        "damage_conditions": [
          {
            "filters": {
              "test": "in_lava",
              "subject": "self",
              "operator": "==",
              "value": true
            },
            "cause": "lava",
            "damage_per_tick": 4
          }
        ]
      },
      "minecraft:breathable": {
        "breathes_solids":true,
        "total_supply": 15,
        "suffocate_time": -1,
        "inhale_time": 3.75,
        "generates_bubbles": false
      },
      "minecraft:behavior.look_at_player": {
        "priority": 9,
        "look_distance": 10,
        "probability": 0.02
      },
      "minecraft:behavior.random_look_around":{
        "priority":7,
        "speed_multiplier":1
      },
      "minecraft:physics": {},
      "minecraft:pushable": {
        "is_pushable": true,
        "is_pushable_by_piston": true
      },
      "minecraft:conditional_bandwidth_optimization": {},
      "minecraft:experience_reward": {
        "on_death": "query.last_hit_by_player ? 60 + (query.equipment_count * Math.Random(1,3)) : 0"
      }
    },
    "events":{
      // spawn or summon
      "minecraft:entity_spawned":{
        "add": {
          "component_groups": ["op_asa:wild_ability","op_asa:spawned","op_asa:melee_mode"]
        }
      },
      "op_asa:summoned":{
        "add":{
          "component_groups":["op_asa:wild_ability","op_asa:summoned","op_asa:melee_mode"]
        }
      },
      // mode
      "op_asa:switch_to_melee":{
        "remove":{
          "component_groups":["op_asa:shoot_mode","op_asa:ranged_mode"]
        },
        "add":{
          "component_groups":["op_asa:melee_mode"]
        }
      },
      "op_asa:switch_to_shoot":{
        "remove":{
          "component_groups":["op_asa:melee_mode","op_asa:ranged_mode"]
        },
        "add":{
          "component_groups":["op_asa:shoot_mode"]
        }
      },
      "op_asa:switch_to_ranged":{
        "remove":{
          "component_groups":["op_asa:shoot_mode","op_asa:melee_mode"]
        },
        "add":{
          "component_groups":["op_asa:ranged_mode"]
        },
        "run_command":{
          "command":"function mob/crocodile_grandsekko"
        }
      },
      // kurouzu
      "op_asa:be_kurouzu":{
        "remove":{
          "component_groups":["op_asa:wild_ability","op_asa:melee_mode","op_asa:shoot_mode","op_asa:ranged_mode"]
        },
        "add":{
          "component_groups":["op_asa:kurouzu","op_asa:lost_ability"]
        }
      },
      "op_asa:kurouzu_end":{
        "remove":{
          "component_groups":["op_asa:kurouzu","op_asa:lost_ability"]
        },
        "add":{
          "component_groups":["op_asa:wild_ability","op_asa:melee_mode"]
        }
      },
      // kairouseki
      "op_asa:be_kairouseki":{
        "remove":{
          "component_groups":["op_asa:wild_ability","op_asa:melee_mode","op_asa:shoot_mode","op_asa:ranged_mode"]
        },
        "add":{
          "component_groups":["op_asa:kairouseki","op_asa:lost_ability"]
        }
      },
      // splash_water
      "op_asa:splash_water":{
        "remove":{
          "component_groups":["op_asa:wild_ability"]
        },
        "add":{
          "component_groups":["op_asa:lost_ability","op_asa:splash_water"]
        }
      },
      "op_asa:splash_water_end":{
        "remove":{
          "component_groups":["op_asa:splash_water","op_asa:lost_ability"]
        },
        "add":{
          "component_groups":["op_asa:wild_ability"]
        }
      },
      // toy
      "op_asa:be_toy":{
        "add":{
          "component_groups":["op_asa:toy"]
        },
        "run_command":{
          "command":"summon op_asa:hobby ~~~ op_asa:toy_crocodile"
        }
      },
      // mess
      "op_asa:be_mess":{
        "add":{
          "component_groups":["op_asa:mess"]
        }
      },
      // logia
      "op_asa:logia_particle":{
        "run_command":{
          "command":"function akumanomi/logia_particle"
        }
      },
      // get off
      "op_asa:get_off":{
        "run_command":{
          "command":["kill @e[r=1,type=minecraft:boat]","kill @e[r=1,type=minecraft:chest_boat]","kill @e[r=1,type=minecraft:minecart]"]
        }
      },
      // float
      "op_asa:float":{
        "add":{
          "component_groups":["op_asa:float"]
        }
      },
      "op_asa:not_float":{
        "remove":{
          "component_groups":["op_asa:float"]
        }
      }
    }
  }
}