{
  "format_version": "1.16.0",
  "minecraft:entity": {
    "description": {
      "identifier": "op_asa:fish_kaizoku2",
      "is_spawnable": true,
      "is_summonable": true,
      "is_experimental": false,
      "scripts":{
        "animate":["mess","1"]
      },
      "animations":{
        "mess":"controller.animation.mess",
        "1":"controller.animation.fish_kaizoku2"
      }
    },
    "component_groups": {
      // mode
      "op_asa:ranged_mode": {
        "minecraft:variant":{
          "value":1
        },
        "minecraft:shooter": {
          "def": "op_asa:fish_kaizoku2_p"
        },
        "minecraft:behavior.ranged_attack": {
          "priority": 0,
          "burst_shots": 1,
          "burst_interval": 0,
          "charge_charged_trigger": 0.5,
          "charge_shoot_trigger": 0.5,
          "attack_interval_min": 0,
          "attack_interval_max": 0,
          "attack_radius": 32.0
        },
        "minecraft:target_nearby_sensor": {
          "inside_range": 5.0,
          "must_see":  true,
          "on_inside_range": {
            "event": "op_asa:switch_to_melee",
            "target": "self"
          }
        }
      },
      "op_asa:melee_mode": {
        "minecraft:variant":{
          "value":0
        },
        "minecraft:attack": {
          "damage": 6
        },
        "minecraft:target_nearby_sensor": {
          "outside_range": 6.0,
          "must_see":  true,
          "on_outside_range": {
            "event": "op_asa:switch_to_ranged",
            "target": "self"
          }
        }
      },
      "op_asa:on_ground":{
        "minecraft:behavior.melee_attack": {
          "speed_multiplier": 1.25
        }
      },
      "op_asa:in_water":{
        "minecraft:behavior.melee_attack": {
          "speed_multiplier": 3
        }
      },
      // event
      "op_asa:mess":{
        "minecraft:type_family": {
          "family": ["mob","kaizoku","mob0","in_mess","h1","fishman","b_haki"]
        },
        "minecraft:spawn_entity": {
          "entities": {
            "min_wait_time": 0,
            "max_wait_time": 0,
            "single_use":true,
            "spawn_entity":"op_asa:heart",
            "num_to_spawn":1
          }
        }
      }
    },

    "components": {
      "minecraft:type_family": {
        "family": ["mob","kaizoku","mob0","h1","fishman","b_haki"]
      },
      "minecraft:behavior.nearest_attackable_target": {
        "priority": 2,
        "must_see": true,
        "reselect_targets": true,
        "entity_types": [
          {
            "filters":{
              "all_of": [
                { "test":"is_family", "subject":"other", "operator":"!=", "value":"fishman" },
                { "test":"is_family", "subject":"other","value":"player"}
              ]
            },
            "max_dist": 16
          },
          {
            "filters":{
              "all_of": [
                { "test":"is_family", "subject":"other", "operator":"!=", "value":"fishman" },
                { "test":"is_family", "subject":"other", "operator":"!=", "value":"fish" },
                { "test":"has_component", "subject":"other", "operator":"!=", "value":"minecraft:underwater_movement" },
                { "test":"is_family", "subject":"other","value":"mob"}
              ]
            },
            "max_dist": 8
          },
          {
            "filters":{
              "all_of": [
                { "test":"is_family", "subject":"other","value":"fishman" },
                { "test":"is_family", "subject":"other","value":"soldier"}
              ]
            },
            "max_dist": 8
          }
        ]
      },
      "minecraft:behavior.hurt_by_target": {
        "entity_types": {
          "filters": {
              "test": "is_family",
              "subject": "other",
              "operator": "!=",
              "value": "waza"
          }
        },
        "priority": 1
      },
      "minecraft:loot": {
        "table": "loot_tables/entities/fish_kaizoku2.json"
      },
      "minecraft:navigation.generic": {
        "is_amphibious": true,
        "can_path_over_water": false,
        "can_break_doors": true,
        "can_swim": true,
        "can_walk": true,
        "avoid_sun": false
      },
      "minecraft:environment_sensor": {
        "triggers": [
          {
            "filters": {
              "test":"is_riding",
              "value":true
            },
            "event": "op_asa:get_off"
          }
        ]
      },
      "minecraft:annotation.break_door": {},
      "minecraft:experience_reward": {
        "on_death": "query.last_hit_by_player ? 20 + (query.equipment_count * Math.Random(1,3)) : 0"
      },
      "minecraft:equip_item": {
      },
      "minecraft:behavior.equip_item": {
        "priority": 3
      },
      "minecraft:damage_sensor": {
        "triggers": [
          {
            "on_damage": {
              "filters": {
                "all_of": [
                  {
                    "test":"is_family",
                    "subject":"other",
                    "value":"syuga-"
                  }
                ]
              },
              "event": "op_asa:be_toy"
            }
          }
        ]
      },
      "minecraft:follow_range": {
        "value": 32,
        "max": 32
      },
      "minecraft:movement": {
        "value": 0.28
      },
      "minecraft:health": {
        "value": 100,
        "max": 100
      },
      "minecraft:equipment": {
        "table": "loot_tables/gear/kaizoku2_gear.json"
      },
      "minecraft:nameable": {
      },
      "minecraft:collision_box": {
        "width": 0.6,
        "height": 1.9
      },
      "minecraft:jump.static": {},
      "minecraft:can_climb": {
      },
      "minecraft:hurt_on_condition": {
        "damage_conditions": [
          {
            "filters": {
              "test": "in_lava",
              "subject": "self",
              "operator": "==",
              "value": true
            },
            "cause": "lava",
            "damage_per_tick": 4
          }
        ]
      },
      "minecraft:despawn": {
        "despawn_from_distance": {
          "min_distance":64
        }
      },
      "minecraft:behavior.pickup_items": {
        "priority": 7,
        "max_dist": 3,
        "goal_radius": 2,
        "speed_multiplier": 1.0
      },
      "minecraft:behavior.random_stroll": {
        "priority": 6,
        "speed_multiplier": 1
      },
      "minecraft:behavior.look_at_player": {
        "priority": 9,
        "look_distance": 10,
        "probability": 0.02
      },
      "minecraft:behavior.random_look_around":{
        "priority":7,
        "speed_multiplier":1
      },
      "minecraft:physics": {
      },
      "minecraft:pushable": {
        "is_pushable": true,
        "is_pushable_by_piston": true
      },
      "minecraft:conditional_bandwidth_optimization": {
      },
      "minecraft:scale": {
        "value": 2
      },
      // fish
      "minecraft:breathable": {
        "total_supply": 15,
        "suffocate_time": 0,
        "breathes_air": true,
        "breathes_water": true
      },
      "minecraft:underwater_movement": {
        "value": 0.1
      },
      "minecraft:movement.generic": {}
    },

    "events": {
      "minecraft:entity_spawned": {
        "sequence":[
          {
            "add":{
              "component_groups":["op_asa:melee_mode"]
            }
          },
          {
            "filters":{
              "test":"in_water","subject":"self","operator":"==","value":true
            },
            "add":{
              "component_groups":["op_asa:in_water"]
            }
          },
          {
            "filters":{
              "test":"in_water","subject":"self","operator":"==","value":false
            },
            "add":{
              "component_groups":["op_asa:on_ground"]
            }
          }
        ]
      },
      "op_asa:switch_to_melee": {
        "sequence":[
          {
            "remove": {
              "component_groups": ["op_asa:ranged_mode"]
            }
          },
          {
            "add":{
              "component_groups":["op_asa:melee_mode"]
            }
          },
          {
            "filters":{
              "test":"in_water","subject":"self","operator":"==","value":true
            },
            "add":{
              "component_groups":["op_asa:in_water"]
            }
          },
          {
            "filters":{
              "test":"in_water","subject":"self","operator":"==","value":false
            },
            "add":{
              "component_groups":["op_asa:on_ground"]
            }
          }
        ]
      },
      "op_asa:switch_to_ranged": {
        "sequence":[
          {
            "remove": {
              "component_groups": ["op_asa:melee_mode"]
            }
          },
          {
            "add":{
              "component_groups":["op_asa:ranged_mode"]
            }
          },
          {
            "filters":{
              "test":"in_water","subject":"self","operator":"==","value":true
            },
            "add":{
              "component_groups":["op_asa:in_water"]
            }
          },
          {
            "filters":{
              "test":"in_water","subject":"self","operator":"==","value":false
            },
            "add":{
              "component_groups":["op_asa:on_ground"]
            }
          }
        ]
      },
      "op_asa:be_mess":{
        "add":{
          "component_groups":["op_asa:mess"]
        }
      },
      "op_asa:get_off":{
        "run_command":{
          "command":["kill @e[r=1,type=minecraft:boat]","kill @e[r=1,type=minecraft:chest_boat]","kill @e[r=1,type=minecraft:minecart]"]
        }
      }
    }
  }
}
