{
  "format_version": "1.16.0",
  "minecraft:entity": {
    "description": {
      "identifier": "op_asa:fish_soldier2",
      "is_spawnable": true,
      "is_summonable": true,
      "is_experimental": false,
      "scripts":{
        "animate":["mess"]
      },
      "animations":{
        "mess":"controller.animation.mess"
      }
    },
    "component_groups": {
      "op_asa:wild":{
        "minecraft:interact": {
          "interactions": [
            {
              "on_interact": {
                "filters": {
                  "all_of": [
                    {
                      "test": "has_equipment",
                      "subject": "other",
                      "domain": "hand",
                      "value": "op_asa:es"
                    },
                    {
                      "test": "is_family",
                      "subject": "other",
                      "value": "player"
                    }
                  ]
                },
                "event":"op_asa:become_trader"
              },
              "cooldown": 0.0,
              "cooldown_after_being_attacked": 0,
              "hurt_item": 0,
              "swing": false,
              "use_item": false,
              "interact_text": "action.interact.fish_soldier2"
            }
          ]
        }
      },
      "op_asa:trader":{
        "minecraft:behavior.trade_with_player": {
          "priority": 1
        },
        "minecraft:economy_trade_table": {
          "display_name": "trade.fish_soldier2.name",
          "table": "trading/fish_soldier2_trades.json",
          "new_screen":true,
          "persist_trades":true,
          "convert_trades_economy": true
        }
      },
      "op_asa:on_ground":{
        "minecraft:mark_variant":{
          "value":0
        },
        "minecraft:behavior.melee_attack": {
          "speed_multiplier": 1.25
        }
      },
      "op_asa:in_water":{
        "minecraft:mark_variant":{
          "value":1
        },
        "minecraft:behavior.melee_attack": {
          "speed_multiplier": 3
        }
      },
      "op_asa:mess":{
        "minecraft:type_family": {
          "family": ["mob","soldier","mob0","in_mess","h1","fishman","b_haki"]
        },
        "minecraft:spawn_entity": {
          "entities": {
            "min_wait_time": 0,
            "max_wait_time": 0,
            "single_use":true,
            "spawn_entity":"op_asa:heart",
            "num_to_spawn":1
          }
        }
      }
    },

    "components": {
      "minecraft:type_family": {
        "family": ["mob","soldier","mob0","h1","fishman","b_haki"]
      },
      "minecraft:behavior.hurt_by_target": {
        "entity_types": {
          "filters": {
              "test": "is_family",
              "subject": "other",
              "operator": "!=",
              "value": "waza"
          }
        },
        "priority": 1
      },
      "minecraft:behavior.nearest_attackable_target": {
        "priority": 2,
        "must_see": true,
        "reselect_targets": true,
        "entity_types": [
          {
            "filters":{
              "all_of": [
                { "test":"is_family", "subject":"other","value":"fishman" },
                { "test":"is_family", "subject":"other","value":"kaizoku" },
                { "test":"has_component", "subject":"other", "operator":"!=", "value":"minecraft:is_tamed" }
              ]
            },
            "max_dist": 8
          }
        ]
      },
      "minecraft:equip_item": {
      },
      "minecraft:behavior.equip_item": {
        "priority": 3
      },
      "minecraft:loot": {
        "table": "loot_tables/entities/fish_soldier2.json"
      },
      "minecraft:navigation.generic": {
        "is_amphibious": true,
        "can_path_over_water": false,
        "can_break_doors": false,
        "can_swim": true,
        "can_walk": true,
        "avoid_sun": false
      },
      "minecraft:environment_sensor": {
        "triggers": [
          {
            "filters": {
              "all_of":[
                {
                  "test":"is_riding",
                  "value":true
                }
              ]
            },
            "event": "op_asa:get_off"
          },
          {
            "filters":{
              "all_of": [
                {
                  "test":"in_water",
                  "value":false
                },
                {
                  "test":"is_mark_variant",
                  "operator":"!=",
                  "value":0
                }
              ]
            },
            "event": "op_asa:on_ground"
          },
          {
            "filters":{
              "all_of": [
                {
                  "test":"in_water",
                  "value":true
                },
                {
                  "test":"is_mark_variant",
                  "operator":"!=",
                  "value":1
                }
              ]
            },
            "event": "op_asa:in_water"
          }
        ]
      },
      "minecraft:experience_reward": {
        "on_death": "query.last_hit_by_player ? 20 + (query.equipment_count * Math.Random(1,3)) : 0"
      },
      "minecraft:damage_sensor": {
        "triggers": [
          {
            "on_damage": {
              "filters": {
                "all_of": [
                  {
                    "test":"is_family",
                    "subject":"other",
                    "value":"syuga-"
                  }
                ]
              },
              "event": "op_asa:be_toy"
            }
          }
        ]
      },
      "minecraft:follow_range": {
        "value": 32,
        "max": 32
      },
      "minecraft:movement": {
        "value": 0.28
      },
      "minecraft:health": {
        "value": 100,
        "max": 100
      },
      "minecraft:attack":{
        "damage":6
      },
      "minecraft:equipment": {
        "table": "loot_tables/gear/fish_soldier_gear.json"
      },
      "minecraft:nameable": {
      },
      "minecraft:collision_box": {
        "width": 0.6,
        "height": 1.9
      },
      "minecraft:jump.static": {},
      "minecraft:can_climb": {
      },
      "minecraft:hurt_on_condition": {
        "damage_conditions": [
          {
            "filters": {
              "test": "in_lava",
              "subject": "self",
              "operator": "==",
              "value": true
            },
            "cause": "lava",
            "damage_per_tick": 4
          }
        ]
      },
      "minecraft:despawn": {
        "despawn_from_distance": {
          "min_distance":64
        }
      },
      "minecraft:behavior.melee_attack": {
      },
      "minecraft:behavior.pickup_items": {
        "priority": 7,
        "max_dist": 3,
        "goal_radius": 2,
        "speed_multiplier": 1.0
      },
      "minecraft:behavior.random_stroll": {
        "priority": 6,
        "speed_multiplier": 1
      },
      "minecraft:behavior.look_at_player": {
        "priority": 9,
        "look_distance": 10,
        "probability": 0.02
      },
      "minecraft:behavior.random_look_around":{
        "priority":7,
        "speed_multiplier":1
      },
      "minecraft:physics": {
      },
      "minecraft:pushable": {
        "is_pushable": true,
        "is_pushable_by_piston": true
      },
      "minecraft:conditional_bandwidth_optimization": {
      },
      "minecraft:scale": {
        "value": 1.6
      },
      // fish
      "minecraft:breathable": {
        "total_supply": 15,
        "suffocate_time": 0,
        "breathes_air": true,
        "breathes_water": true
      },
      "minecraft:underwater_movement": {
        "value": 0.1
      },
      "minecraft:movement.generic": {}
    },

    "events": {
      "minecraft:entity_spawned": {
        "sequence":[
          {
            "add":{
              "component_groups":["op_asa:wild"]
            }
          },
          {
            "filters":{
              "test":"in_water","subject":"self","operator":"==","value":true
            },
            "add":{
              "component_groups":["op_asa:in_water"]
            }
          },
          {
            "filters":{
              "test":"in_water","subject":"self","operator":"==","value":false
            },
            "add":{
              "component_groups":["op_asa:on_ground"]
            }
          }
        ]
      },
      "op_asa:on_ground":{
        "remove":{
          "component_groups":["op_asa:in_water"]
        },
        "add":{
          "component_groups":["op_asa:on_ground"]
        }
      },
      "op_asa:in_water":{
        "remove":{
          "component_groups":["op_asa:on_ground"]
        },
        "add":{
          "component_groups":["op_asa:in_water"]
        }
      },
      "op_asa:become_trader":{
        "remove":{
          "component_groups":["op_asa:wild"]
        },
        "add":{
          "component_groups":["op_asa:trader"]
        }
      },
      "op_asa:be_mess":{
        "add":{
          "component_groups":[
            "op_asa:mess"
          ]
        }
      },
      "op_asa:get_off":{
        "run_command":{
          "command":["kill @e[r=1,type=minecraft:boat]","kill @e[r=1,type=minecraft:chest_boat]","kill @e[r=1,type=minecraft:minecart]"]
        }
      }
    }
  }
}
