{
  "format_version": "1.16.0",
  "minecraft:entity": {
    "description": {
      "identifier": "op_asa:fish_kaizoku",
      "is_spawnable": true,
      "is_summonable": true,
      "is_experimental": false,
      "scripts":{
        "animate":["mess"]
      },
      "animations":{
        "mess":"controller.animation.mess"
      }
    },
    "component_groups": {
      "op_asa:wild":{
        "minecraft:attack":{
          "damage":2
        },
        "minecraft:behavior.nearest_attackable_target": {
          "priority": 2,
          "must_see": true,
          "reselect_targets": true,
          "entity_types": [
            {
              "filters":{
                "all_of": [
                  { "test":"is_family", "subject":"other", "operator":"!=", "value":"fishman" },
                  { "test":"is_family", "subject":"other","value":"player"}
                ]
              },
              "max_dist": 16
            },
            {
              "filters":{
                "all_of": [
                  { "test":"is_family", "subject":"other", "operator":"!=", "value":"fishman" },
                  { "test":"is_family", "subject":"other", "operator":"!=", "value":"fish" },
                  { "test":"has_component", "subject":"other", "operator":"!=", "value":"minecraft:underwater_movement" },
                  { "test":"is_family", "subject":"other","value":"mob"}
                ]
              },
              "max_dist": 8
            },
            {
              "filters":{
                "all_of": [
                  { "test":"is_family", "subject":"other","value":"fishman" },
                  { "test":"is_family", "subject":"other","value":"soldier"}
                ]
              },
              "max_dist": 8
            }
          ]
        },
        "minecraft:variant":{
          "value":0
        },
        "minecraft:tameable": {
          "probability": 1,
          "tame_items": "op_asa:kaizoku_tame_item",
          "tame_event": {
            "event": "op_asa:on_tame",
            "target": "self"
          }
        },
        "minecraft:loot": {
          "table": "loot_tables/entities/fish_kaizoku.json"
        },
        "minecraft:navigation.generic": {
          "is_amphibious": true,
          "can_path_over_water": false,
          "can_break_doors": true,
          "can_swim": true,
          "can_walk": true,
          "avoid_sun": false
        },
        "minecraft:annotation.break_door": {},
        "minecraft:experience_reward": {
          "on_death": "query.last_hit_by_player ? 10 + (query.equipment_count * Math.Random(1,3)) : 0"
        }
      },
      "op_asa:tame":{
        "minecraft:variant":{
          "value":1
        },
        "minecraft:health": {
          "value": 100,
          "max": 100
        },
        "minecraft:attack":{
          "damage":10
        },
        "minecraft:is_tamed": {},
        "minecraft:behavior.stay_while_sitting": {
          "priority": 0
        },
        "minecraft:behavior.owner_hurt_by_target": {
          "priority": 1
        },
        "minecraft:behavior.owner_hurt_target": {
          "priority": 2
        },
        "minecraft:sittable": {},
        "minecraft:behavior.follow_owner": {
          "priority": 3,
          "speed_multiplier": 1.0,
          "start_distance": 12,
          "stop_distance": 7
        },
        "minecraft:healable": {
          "items": [
            {
              "item":"bread",
              "heal_amount":5
            },
            {
              "item": "porkchop",
              "heal_amount": 3
            },
            {
              "item": "cooked_porkchop",
              "heal_amount": 8
            },
            {
              "item": "fish",
              "heal_amount": 2
            },
            {
              "item": "salmon",
              "heal_amount": 2
            },
            {
              "item": "clownfish",
              "heal_amount": 1
            },
            {
              "item": "pufferfish",
              "heal_amount": 1
            },
            {
              "item": "cooked_fish",
              "heal_amount": 5
            },
            {
              "item": "cooked_salmon",
              "heal_amount": 6
            },
            {
              "item": "beef",
              "heal_amount": 3
            },
            {
              "item": "cooked_beef",
              "heal_amount": 8
            },
            {
              "item": "chicken",
              "heal_amount": 2
            },
            {
              "item": "cooked_chicken",
              "heal_amount": 6
            },
            {
              "item": "muttonRaw",
              "heal_amount": 2
            },
            {
              "item": "muttonCooked",
              "heal_amount": 6
            },
            {
              "item": "rotten_flesh",
              "heal_amount": 4
            },
            {
              "item": "rabbit",
              "heal_amount": 3
            },
            {
              "item": "cooked_rabbit",
              "heal_amount": 5
            },
            {
              "item": "rabbit_stew",
              "heal_amount": 10
            }
          ]
        },
        "minecraft:behavior.swim_with_entity": {
          "priority": 3,
          "catch_up_multiplier": 2.5,
          "catch_up_threshold": 12.0,
          "chance_to_stop": 0.0333,
          "entity_types": [
            {
              "filters": { "test": "is_family", "subject": "other", "value": "player" }
            }
          ],
          "match_direction_threshold": 2.0,
          "search_range": 10.0,
          "speed_multiplier": 1.5,
          "state_check_interval": 0.5,
          "stop_distance": 5.0,
          "success_rate": 1.0 
        },
        "minecraft:navigation.generic": {
          "is_amphibious": true,
          "can_path_over_water": false,
          "can_break_doors": false,
          "can_swim": true,
          "can_walk": true,
          "avoid_sun": false
        },
        "minecraft:shareables": {
          "items": [
            {
              "item": "minecraft:netherite_helmet",
              "want_amount": 1,
              "surplus_amount": 1,
              "priority": 0
            },
            {
              "item": "minecraft:diamond_helmet",
              "want_amount": 1,
              "surplus_amount": 1,
              "priority": 1
            },
            {
              "item": "minecraft:iron_helmet",
              "want_amount": 1,
              "surplus_amount": 1,
              "priority": 2
            },
            {
              "item": "minecraft:chainmail_helmet",
              "want_amount": 1,
              "surplus_amount": 1,
              "priority": 3
            },
            {
              "item": "minecraft:golden_helmet",
              "want_amount": 1,
              "surplus_amount": 1,
              "priority": 4
            },
            {
              "item": "minecraft:leather_helmet",
              "want_amount": 1,
              "surplus_amount": 1,
              "priority": 5
            },
            {
              "item": "minecraft:turtle_helmet",
              "want_amount": 1,
              "surplus_amount": 1,
              "priority":  6
            },
            {
              "item": "op_asa:kaigun_haori",
              "want_amount": 1,
              "surplus_amount": 1,
              "priority": 0
            },
            {
              "item": "op_asa:kaigun_haori",
              "want_amount": 1,
              "surplus_amount": 1,
              "priority": 0
            },
            {
              "item": "minecraft:netherite_chestplate",
              "want_amount": 1,
              "surplus_amount": 1,
              "priority": 1
            },
            {
              "item": "minecraft:diamond_chestplate",
              "want_amount": 1,
              "surplus_amount": 1,
              "priority": 2
            },
            {
              "item": "minecraft:iron_chestplate",
              "want_amount": 1,
              "surplus_amount": 1,
              "priority": 3
            },
            {
              "item": "minecraft:chainmail_chestplate",
              "want_amount": 1,
              "surplus_amount": 1,
              "priority": 4
            },
            {
              "item": "minecraft:golden_chestplate",
              "want_amount": 1,
              "surplus_amount": 1,
              "priority": 5
            },
            {
              "item": "minecraft:leather_chestplate",
              "want_amount": 1,
              "surplus_amount": 1,
              "priority": 6
            },
            {
              "item": "minecraft:netherite_leggings",
              "want_amount": 1,
              "surplus_amount": 1,
              "priority": 0
            },
            {
              "item": "minecraft:diamond_leggings",
              "want_amount": 1,
              "surplus_amount": 1,
              "priority": 1
            },
            {
              "item": "minecraft:iron_leggings",
              "want_amount": 1,
              "surplus_amount": 1,
              "priority": 2
            },
            {
              "item": "minecraft:chainmail_leggings",
              "want_amount": 1,
              "surplus_amount": 1,
              "priority": 3
            },
            {
              "item": "minecraft:golden_leggings",
              "want_amount": 1,
              "surplus_amount": 1,
              "priority": 4
            },
            {
              "item": "minecraft:leather_leggings",
              "want_amount": 1,
              "surplus_amount": 1,
              "priority": 5
            },
            {
              "item": "minecraft:netherite_boots",
              "want_amount": 1,
              "surplus_amount": 1,
              "priority": 0
            },
            {
              "item": "minecraft:diamond_boots",
              "want_amount": 1,
              "surplus_amount": 1,
              "priority": 1
            },
            {
              "item": "minecraft:iron_boots",
              "want_amount": 1,
              "surplus_amount": 1,
              "priority": 2
            },
            {
              "item": "minecraft:chainmail_boots",
              "want_amount": 1,
              "surplus_amount": 1,
              "priority": 3
            },
            {
              "item": "minecraft:golden_boots",
              "want_amount": 1,
              "surplus_amount": 1,
              "priority": 4
            },
            {
              "item": "minecraft:leather_boots",
              "want_amount": 1,
              "surplus_amount": 1,
              "priority": 5
            }
          ]
        }
      },
      "op_asa:on_ground":{
        "minecraft:mark_variant":{
          "value":0
        },
        "minecraft:behavior.melee_attack": {
          "speed_multiplier": 1.25
        }
      },
      "op_asa:in_water":{
        "minecraft:mark_variant":{
          "value":1
        },
        "minecraft:behavior.melee_attack": {
          "speed_multiplier": 3
        }
      },
      "op_asa:mess":{
        "minecraft:type_family": {
          "family": ["mob","kaizoku","mob0","in_mess","h0","fishman","b_haki"]
        },
        "minecraft:spawn_entity": {
          "entities": {
            "min_wait_time": 0,
            "max_wait_time": 0,
            "single_use":true,
            "spawn_entity":"op_asa:heart",
            "num_to_spawn":1
          }
        }
      }
    },

    "components": {
      "minecraft:type_family": {
        "family": ["mob","kaizoku","mob0","h0","fishman","b_haki"]
      },
      "minecraft:behavior.hurt_by_target": {
        "entity_types": {
          "filters": {
              "test": "is_family",
              "subject": "other",
              "operator": "!=",
              "value": "waza"
          }
        },
        "priority": 1
      },
      "minecraft:damage_sensor": {
        "triggers": [
          {
            "on_damage": {
              "filters": {
                "all_of": [
                  {
                    "test":"is_family",
                    "subject":"other",
                    "value":"syuga-"
                  }
                ]
              },
              "event": "op_asa:be_toy"
            }
          }
        ]
      },
      "minecraft:environment_sensor": {
        "triggers": [
          {
            "filters": {
              "all_of":[
                {
                  "test":"is_riding",
                  "value":true
                },
                {
                  "test":"is_variant",
                  "value":0
                }
              ]
            },
            "event": "op_asa:get_off"
          },
          {
            "filters":{
              "all_of": [
                {
                  "test":"in_water",
                  "value":false
                },
                {
                  "test":"is_mark_variant",
                  "operator":"!=",
                  "value":0
                }
              ]
            },
            "event": "op_asa:on_ground"
          },
          {
            "filters":{
              "all_of": [
                {
                  "test":"in_water",
                  "value":true
                },
                {
                  "test":"is_mark_variant",
                  "operator":"!=",
                  "value":1
                }
              ]
            },
            "event": "op_asa:in_water"
          }
        ]
      },
      "minecraft:equip_item": {
      },
      "minecraft:behavior.equip_item": {
        "priority": 3
      },
      "minecraft:follow_range": {
        "value": 32,
        "max": 32
      },
      "minecraft:movement": {
        "value": 0.28
      },
      "minecraft:health": {
        "value": 50,
        "max": 50
      },
      "minecraft:equipment": {
        "table": "loot_tables/gear/kaizoku_gear.json"
      },
      "minecraft:nameable": {
      },
      "minecraft:collision_box": {
        "width": 0.6,
        "height": 1.9
      },
      "minecraft:jump.static": {},
      "minecraft:can_climb": {
      },
      "minecraft:hurt_on_condition": {
        "damage_conditions": [
          {
            "filters": {
              "test": "in_lava",
              "subject": "self",
              "operator": "==",
              "value": true
            },
            "cause": "lava",
            "damage_per_tick": 4
          }
        ]
      },
      "minecraft:despawn": {
        "despawn_from_distance": {
          "min_distance":64
        }
      },
      "minecraft:behavior.pickup_items": {
        "priority": 7,
        "max_dist": 3,
        "goal_radius": 2,
        "speed_multiplier": 1.0
      },
      "minecraft:behavior.random_stroll": {
        "priority": 6,
        "speed_multiplier": 1
      },
      "minecraft:behavior.look_at_player": {
        "priority": 9,
        "look_distance": 10,
        "probability": 0.02
      },
      "minecraft:behavior.random_look_around":{
        "priority":7,
        "speed_multiplier":1
      },
      "minecraft:physics": {
      },
      "minecraft:pushable": {
        "is_pushable": true,
        "is_pushable_by_piston": true
      },
      "minecraft:conditional_bandwidth_optimization": {
      },
      "minecraft:scale": {
        "value": 1.3
      },
      // fish
      "minecraft:breathable": {
        "total_supply": 15,
        "suffocate_time": 0,
        "breathes_air": true,
        "breathes_water": true
      },
      "minecraft:underwater_movement": {
        "value": 0.1
      },
      "minecraft:movement.generic": {}
    },

    "events": {
      "minecraft:entity_spawned": {
        "sequence":[
          {
            "add":{
              "component_groups":["op_asa:wild"]
            }
          },
          {
            "filters":{
              "test":"in_water","subject":"self","operator":"==","value":true
            },
            "add":{
              "component_groups":["op_asa:in_water"]
            }
          },
          {
            "filters":{
              "test":"in_water","subject":"self","operator":"==","value":false
            },
            "add":{
              "component_groups":["op_asa:on_ground"]
            }
          }
        ]
      },
      "op_asa:on_ground":{
        "remove":{
          "component_groups":["op_asa:in_water"]
        },
        "add":{
          "component_groups":["op_asa:on_ground"]
        }
      },
      "op_asa:in_water":{
        "remove":{
          "component_groups":["op_asa:on_ground"]
        },
        "add":{
          "component_groups":["op_asa:in_water"]
        }
      },
      "op_asa:on_tame":{
        "run_command":{
          "command":"replaceitem entity @s slot.weapon.mainhand 0 air"
        },
        "remove":{
          "component_groups":["op_asa:wild"]
        },
        "add":{
          "component_groups":["op_asa:tame"]
        }
      },
      "op_asa:be_mess":{
        "add":{
          "component_groups":[
            "op_asa:mess"
          ]
        }
      },
      "op_asa:get_off":{
        "run_command":{
          "command":["kill @e[r=1,type=minecraft:boat]","kill @e[r=1,type=minecraft:chest_boat]","kill @e[r=1,type=minecraft:minecart]"]
        }
      }
    }
  }
}
