{
  "format_version": "1.16.0",
  "minecraft:entity": {
    "description": {
      "identifier": "op_asa:hyogoro",
      "is_spawnable": true,
      "is_summonable": true,
      "is_experimental": false,
      "scripts":{
        "animate":["mess"]
      },
      "animations":{
        "mess":"controller.animation.mess"
      }
    },
    "component_groups":{
      "op_asa:toy":{
        "minecraft:instant_despawn":{}
      },
      "op_asa:mess":{
        "minecraft:type_family": {
          "family": ["mob","hyogoro","character","in_mess","b_haki"]
        },
        "minecraft:spawn_entity": {
          "entities": {
            "min_wait_time": 0,
            "max_wait_time": 0,
            "single_use":true,
            "spawn_entity":"op_asa:heart",
            "num_to_spawn":1
          }
        }
      }
    },
    
    "components": {
      "minecraft:behavior.trade_with_player": {
        "priority": 1
      },
      "minecraft:economy_trade_table": {
        "display_name": "trade.hyogoro.name",
        "table": "trading/hyogoro_trades.json",
        "new_screen":true,
        "persist_trades":true,
        "convert_trades_economy": true
      },
      "minecraft:type_family": {
        "family": ["mob","hyogoro","character","b_haki"]
      },
      "minecraft:behavior.avoid_mob_type": {
        "priority": 1,
        "entity_types": [
          {
            "filters": {
              "all_of": [
                { "test" :  "is_family", "subject" : "other", "value" :  "kaido"}
              ]
            },
            "max_dist": 6,
            "sprint_speed_multiplier": 2
          }
        ]
      },
      "minecraft:equip_item": {
      },
      "minecraft:behavior.equip_item": {
        "priority": 3
      },
      "minecraft:behavior.pickup_items": {
        "priority": 1,
        "max_dist": 3,
        "goal_radius": 2,
        "speed_multiplier": 1.0
      },
      "minecraft:follow_range": {
        "value": 32,
        "max": 32
      },
      "minecraft:scale":{
        "value":0.8
      },
      "minecraft:movement": {
        "value": 0.28
      },
      "minecraft:health": {
        "value": 50,
        "max": 50
      },
      "minecraft:attack":{
        "damage":1
      },
      "minecraft:nameable": {
      },
      "minecraft:collision_box": {
        "width": 0.6,
        "height": 1.8
      },
      "minecraft:movement.basic": {
      },
      "minecraft:navigation.walk": {
        "is_amphibious": true,
        "can_pass_doors":true,
        "can_break_doors":false,
        "can_walk":true,
        "can_open_doors": true,
        "can_path_over_water": true
      },
      "minecraft:jump.static": {},
      "minecraft:can_climb": {
      },
      "minecraft:hurt_on_condition": {
        "damage_conditions": [
          {
            "filters": {
              "test": "in_lava",
              "subject": "self",
              "operator": "==",
              "value": true
            },
            "cause": "lava",
            "damage_per_tick": 4
          }
        ]
      },
      "minecraft:despawn": {
        "despawn_from_distance": {
          "min_distance":64
        }
      },
      "minecraft:behavior.melee_attack": {
        "priority": 4,
        "track_target": true,
        "speed_multiplier": 1.25
      },
      "minecraft:behavior.random_stroll": {
        "priority": 6,
        "speed_multiplier": 1
      },
      "minecraft:behavior.look_at_player": {
        "priority": 9,
        "look_distance": 10,
        "probability": 0.02
      },
      "minecraft:behavior.random_look_around":{
        "priority":7,
        "speed_multiplier":1
      },
      "minecraft:behavior.hurt_by_target": {
        "entity_types": {
          "filters": {
              "test": "is_family",
              "subject": "other",
              "operator": "!=",
              "value": "waza"
          }
        },
        "priority": 1
      },
      "minecraft:physics": {
      },
      "minecraft:pushable": {
        "is_pushable": false,
        "is_pushable_by_piston": false
      },
      "minecraft:conditional_bandwidth_optimization": {
      },
      "minecraft:experience_reward": {
        "on_death": "query.last_hit_by_player ? 70 + (query.equipment_count * Math.Random(1,3)) : 0"
      },
      "minecraft:behavior.float": {
        "priority": 0
      }
    },
    "events":{
      "op_asa:be_toy":{
        "add":{
          "component_groups":[
            "op_asa:toy"
          ]
        },
        "run_command":{
          "command":"summon op_asa:hobby ~~~ op_asa:toy_hyogoro"
        }
      },
      "op_asa:be_mess":{
        "add":{
          "component_groups":[
            "op_asa:mess"
          ]
        }
      }
    }
}}
