{
  "format_version": "1.16.0",
  "minecraft:entity": {
    "description": {
      "identifier": "op_asa:kaido",
      "is_spawnable": true,
      "is_summonable": true,
      "is_experimental": false,
      "scripts":{
        "animate":["kaido_crisis","kaido_fly1","kaido_fly2","haki","mess","water"]
      },
      "animations":{
        "kaido_crisis":"controller.animation.kaido_crisis",
        "kaido_fly1":"controller.animation.kaido_fly1",
        "kaido_fly2":"controller.animation.kaido_fly2",
        "haki":"controller.animation.mamkaido_haki",
        "mess":"controller.animation.mess",
        "water":"controller.animation.water"
      }
    },
    "component_groups":{
      "op_asa:float":{
        "minecraft:behavior.float": {
          "priority": 0
        }
      },
      "op_asa:wild_ability":{},
      "op_asa:lost_ability":{},
      "op_asa:kairouseki":{
        "minecraft:variant":{
          "value":27000
        },
        "minecraft:collision_box": {
          "width": 2,
          "height": 7.6
        },
        "minecraft:movement": {
          "value": 0.22
        },
        "minecraft:scale":{
          "value":1
        },
        "minecraft:behavior.nearest_attackable_target": {
          "priority": 2,
          "must_see": true,
          "reselect_targets": true,
          "entity_types": [
            {
              "filters":{
                "any_of":[
                  {
                    "test":"is_family",
                    "subject":"other",
                    "value":"player"
                  }
                ]
              },
              "max_dist": 32
            },
            {
              "filters": {
                "all_of":[
                  {
                    "test":"is_family",
                    "subject":"other",
                    "value":"mob"
                  },
                  {
                    "test":"is_family",
                    "subject":"other",
                    "operator":"!=",
                    "value":"kaido"
                  },
                  {
                    "any_of":[
                      {
                        "test":"is_family",
                        "subject":"other",
                        "value":"h1"
                      },
                      {
                        "test":"is_family",
                        "subject":"other",
                        "value":"h2"
                      },
                      {
                        "test":"is_family",
                        "subject":"other",
                        "value":"h3"
                      },
                      {
                        "test":"is_family",
                        "subject":"other",
                        "value":"h4"
                      }
                    ]
                  }
                ]
              },
              "max_dist": 16
            },
            {
              "filters":{
                "all_of":[
                  {
                    "test":"is_family",
                    "subject":"other",
                    "value":"yonko"
                  },
                  {
                    "test":"is_family",
                    "subject":"other",
                    "operator":"!=",
                    "value":"kaido"
                  }
                ]
              },
              "max_dist":16
            }
          ]
        },
        "minecraft:behavior.random_stroll": {
          "priority": 6,
          "speed_multiplier": 1
        },
        "minecraft:behavior.random_look_around":{
          "priority":7,
          "speed_multiplier":1
        },
        "minecraft:navigation.walk": {
          "is_amphibious": true,
          "can_pass_doors":true,
          "can_break_doors":false,
          "can_walk":true,
          "can_open_doors": true,
          "can_path_over_water": true,
          "avoid_water": true
        },
        "minecraft:behavior.melee_attack": {}
      },
      "op_asa:wild":{
        "minecraft:variant":{
          "value":0
        },
        "minecraft:collision_box": {
          "width": 2,
          "height": 7.6
        },
        "minecraft:movement": {
          "value": 0.22
        },
        "minecraft:scale":{
          "value":1
        },
        "minecraft:behavior.nearest_attackable_target": {
          "priority": 2,
          "must_see": true,
          "reselect_targets": true,
          "entity_types": [
            {
              "filters":{
                "any_of":[
                  {
                    "test":"is_family",
                    "subject":"other",
                    "value":"player"
                  }
                ]
              },
              "max_dist": 32
            },
            {
              "filters": {
                "all_of":[
                  {
                    "test":"is_family",
                    "subject":"other",
                    "value":"mob"
                  },
                  {
                    "test":"is_family",
                    "subject":"other",
                    "operator":"!=",
                    "value":"kaido"
                  },
                  {
                    "any_of":[
                      {
                        "test":"is_family",
                        "subject":"other",
                        "value":"h1"
                      },
                      {
                        "test":"is_family",
                        "subject":"other",
                        "value":"h2"
                      },
                      {
                        "test":"is_family",
                        "subject":"other",
                        "value":"h3"
                      },
                      {
                        "test":"is_family",
                        "subject":"other",
                        "value":"h4"
                      }
                    ]
                  }
                ]
              },
              "max_dist": 16
            },
            {
              "filters":{
                "all_of":[
                  {
                    "test":"is_family",
                    "subject":"other",
                    "value":"yonko"
                  },
                  {
                    "test":"is_family",
                    "subject":"other",
                    "operator":"!=",
                    "value":"kaido"
                  }
                ]
              },
              "max_dist":16
            }
          ]
        },
        "minecraft:behavior.random_stroll": {
          "priority": 6,
          "speed_multiplier": 1
        },
        "minecraft:behavior.random_look_around":{
          "priority":7,
          "speed_multiplier":1
        },
        "minecraft:navigation.walk": {
          "is_amphibious": true,
          "can_pass_doors":true,
          "can_break_doors":false,
          "can_walk":true,
          "can_open_doors": true,
          "can_path_over_water": true,
          "avoid_water": true
        },
        "minecraft:behavior.melee_attack": {}
      },
      "op_asa:kurouzu":{
        "minecraft:variant":{
          "value":270
        },
        "minecraft:collision_box": {
          "width": 2,
          "height": 7.6
        },
        "minecraft:movement": {
          "value": 0.22
        },
        "minecraft:scale":{
          "value":1
        },
        "minecraft:behavior.nearest_attackable_target": {
          "priority": 2,
          "must_see": true,
          "reselect_targets": true,
          "entity_types": [
            {
              "filters":{
                "any_of":[
                  {
                    "test":"is_family",
                    "subject":"other",
                    "value":"player"
                  }
                ]
              },
              "max_dist": 32
            },
            {
              "filters": {
                "all_of":[
                  {
                    "test":"is_family",
                    "subject":"other",
                    "value":"mob"
                  },
                  {
                    "test":"is_family",
                    "subject":"other",
                    "operator":"!=",
                    "value":"kaido"
                  },
                  {
                    "any_of":[
                      {
                        "test":"is_family",
                        "subject":"other",
                        "value":"h1"
                      },
                      {
                        "test":"is_family",
                        "subject":"other",
                        "value":"h2"
                      },
                      {
                        "test":"is_family",
                        "subject":"other",
                        "value":"h3"
                      },
                      {
                        "test":"is_family",
                        "subject":"other",
                        "value":"h4"
                      }
                    ]
                  }
                ]
              },
              "max_dist": 16
            },
            {
              "filters":{
                "all_of":[
                  {
                    "test":"is_family",
                    "subject":"other",
                    "value":"yonko"
                  },
                  {
                    "test":"is_family",
                    "subject":"other",
                    "operator":"!=",
                    "value":"kaido"
                  }
                ]
              },
              "max_dist":16
            }
          ]
        },
        "minecraft:behavior.random_stroll": {
          "priority": 6,
          "speed_multiplier": 1
        },
        "minecraft:behavior.random_look_around":{
          "priority":7,
          "speed_multiplier":1
        },
        "minecraft:navigation.walk": {
          "is_amphibious": true,
          "can_pass_doors":true,
          "can_break_doors":false,
          "can_walk":true,
          "can_open_doors": true,
          "can_path_over_water": true,
          "avoid_water": true
        },
        "minecraft:behavior.melee_attack": {}
      },
      "op_asa:toy":{
        "minecraft:instant_despawn":{}
      },
      "op_asa:dragon":{
        "minecraft:variant":{
          "value":20
        },
        "minecraft:collision_box": {
          "width": 2,
          "height": 2
        },
        "minecraft:movement": {
          "value": 0.17
        },
        "minecraft:scale":{
          "value":4
        },
        "minecraft:navigation.walk": {
          "is_amphibious": true,
          "can_pass_doors":true,
          "can_break_doors":false,
          "can_walk":true,
          "can_open_doors": true,
          "can_path_over_water": true,
          "avoid_water": true
        },
        "minecraft:behavior.nearest_attackable_target": {
          "priority": 2,
          "must_see": true,
          "entity_types": [
            {
              "filters":{
                "any_of":[
                  {
                    "test":"is_family",
                    "subject":"other",
                    "value":"player"
                  }
                ]
              },
              "max_dist": 128
            },
            {
              "filters": {
                "all_of":[
                  {
                    "test":"is_family",
                    "subject":"other",
                    "value":"mob"
                  },
                  {
                    "test":"is_family",
                    "subject":"other",
                    "operator":"!=",
                    "value":"kaido"
                  },
                  {
                    "any_of":[
                      {
                        "test":"is_family",
                        "subject":"other",
                        "value":"h1"
                      },
                      {
                        "test":"is_family",
                        "subject":"other",
                        "value":"h2"
                      },
                      {
                        "test":"is_family",
                        "subject":"other",
                        "value":"h3"
                      },
                      {
                        "test":"is_family",
                        "subject":"other",
                        "value":"h4"
                      }
                    ]
                  }
                ]
              },
              "max_dist": 128
            },
            {
              "filters":{
                "all_of":[
                  {
                    "test":"is_family",
                    "subject":"other",
                    "value":"yonko"
                  },
                  {
                    "test":"is_family",
                    "subject":"other",
                    "operator":"!=",
                    "value":"kaido"
                  }
                ]
              },
              "max_dist":128
            }
          ]
        },
        "minecraft:can_fly": {
        },
        "minecraft:shooter": {
          "def": "op_asa:borobreath_p"
        },
        "minecraft:behavior.ranged_attack": {
          "priority": 1,
          "burst_shots": 1,
          "burst_interval": 0,
          "charge_charged_trigger": 3,
          "charge_shoot_trigger": 1,
          "attack_interval_min": 3,
          "attack_interval_max": 5,
          "attack_radius": 128
        }
      },
      "op_asa:mess":{
        "minecraft:type_family": {
          "family": ["mob","yonko","kaido","devil","uouo","character","in_mess","b_haki","boss"]
        },
        "minecraft:spawn_entity": {
          "entities": {
            "min_wait_time": 0,
            "max_wait_time": 0,
            "single_use":true,
            "spawn_entity":"op_asa:heart",
            "num_to_spawn":1
          }
        }
      }
    },
    
    "components": {
      "minecraft:type_family": {
        "family": ["mob","yonko","kaido","devil","uouo","character","b_haki","boss"]
      },
      "minecraft:timer": {
        "looping": false,
        "randomInterval": false,
        "time": 0.1,
        "time_down_event": {
         "event": "op_asa:be_wild",
         "target": "self"
        }
      },
      "minecraft:knockback_resistance": {
        "value": 0.9
      },
      "minecraft:boss": {
        "should_darken_sky": true,
        "name": "boss.kaido.name",
        "hud_range": 63
      },
      "minecraft:behavior.hurt_by_target": {
        "entity_types": {
          "filters": {
              "test": "is_family",
              "subject": "other",
              "operator": "!=",
              "value": "waza"
          }
        },
        "priority": 1
      },
      "minecraft:shareables": {
        "items": [
          {
            "item": "op_asa:kairouseki",
            "want_amount": 1,
            "surplus_amount": 1,
            "priority": 0
          }
        ]
      },
      "minecraft:behavior.equip_item": {
        "priority": 3
      },
      "minecraft:behavior.pickup_items": {
        "priority": 7,
        "max_dist": 3,
        "goal_radius": 2,
        "speed_multiplier": 1.0
      },
      "minecraft:environment_sensor": {
        "triggers": [
          {
            "filters": {
              "test":"is_riding",
              "value":true
            },
            "event": "op_asa:get_off"
          },
          {
            "filters":{
              "all_of": [
                { "test":"in_water","value":true },
                { "test":"has_component","value":"minecraft:behavior.float" }
              ]
            },
            "event": "op_asa:not_float"
          },
          {
            "filters":{
              "all_of": [
                { "test":"in_water","value":false },
                { "test":"has_component","operator":"!=","value":"minecraft:behavior.float" }
              ]
            },
            "event": "op_asa:float"
          },
          {
            "filters": {
              "all_of": [
                {
                  "test": "has_equipment",
                  "subject": "self",
                  "domain": "hand",
                  "value": "op_asa:kairouseki"
                },
                {
                  "test":"is_variant",
                  "operator":"!=",
                  "subject":"self",
                  "value":27000
                }
              ]
            },
            "event": "op_asa:be_kairouseki"
          },
          {
            "filters": {
              "all_of": [
                {
                  "test": "has_tag",
                  "value": "kurouzu"
                },
                {
                  "test":"is_variant",
                  "operator":"!=",
                  "subject":"self",
                  "value":270
                }
              ]
            },
            "event": "op_asa:be_kurouzu"
          },
          {
            "filters": {
              "all_of": [
                {
                  "test": "has_tag",
                  "operator":"!=",
                  "value": "kurouzu"
                },
                {
                  "test":"is_variant",
                  "operator":"==",
                  "subject":"self",
                  "value":270
                }
              ]
            },
            "event": "op_asa:kurouzu_end"
          },
          {
            "filters": {
              "all_of": [
                {
                  "test": "has_tag",
                  "subject": "self",
                  "value": "crisis"
                },
                {
                  "test":"is_variant",
                  "operator":"==",
                  "subject":"self",
                  "value":0
                }
              ]
            },
            "event": "op_asa:be_dragon"
          }
        ]
      },
      "minecraft:damage_sensor": {
        "triggers": [
          {
            "cause":"fall",
            "deals_damage":false
          },
          {
            "on_damage": {
              "filters": {
                "test":"is_family","subject":"other","operator":"==","value":"uo_ex"
              }
            },
            "deals_damage":false
          }
        ]
      },
      "minecraft:follow_range": {
        "value": 32,
        "max": 32
      },
      "minecraft:attack":{
        "damage":14
      },
      "minecraft:health": {
        "value": 600,
        "max": 600
      },
      "minecraft:loot": {
        "table": "loot_tables/entities/kaido.json"
      },
      "minecraft:nameable": {
      },
      "minecraft:equip_item": {
      },
      "minecraft:movement.basic": {
      },
      "minecraft:jump.static": {},
      "minecraft:can_climb": {
      },
      "minecraft:hurt_on_condition": {
        "damage_conditions": [
          {
            "filters": {
              "test": "in_lava",
              "subject": "self",
              "operator": "==",
              "value": true
            },
            "cause": "lava",
            "damage_per_tick": 4
          }
        ]
      },
      "minecraft:breathable": {
        "breathes_solids":true,
        "total_supply": 15,
        "suffocate_time": -1,
        "inhale_time": 3.75,
        "generates_bubbles": false
      },
      "minecraft:despawn": {
        "despawn_from_distance": {
          "min_distance":128
        }
      },
      "minecraft:behavior.look_at_player": {
        "priority": 9,
        "look_distance": 10,
        "probability": 0.02
      },
      "minecraft:physics": {
      },
      "minecraft:pushable": {
        "is_pushable": true,
        "is_pushable_by_piston": true
      },
      "minecraft:conditional_bandwidth_optimization": {
      },
      "minecraft:experience_reward": {
        "on_death": "query.last_hit_by_player ? 100 + (query.equipment_count * Math.Random(1,3)) : 0"
      }
    },
    "events":{
      "minecraft:entity_spawned":{
        "add": {
          "component_groups": [
            "op_asa:wild","op_asa:wild_ability"
          ]
        },
        "run_command":{
          "command":[
            "summon op_asa:kaizoku3 ~3~~",
            "summon op_asa:kaizoku3 ~-3~~",
            "summon op_asa:kaizoku3 ~~~3",
            "summon op_asa:kaizoku3 ~~~-3",
            "summon op_asa:kaizoku3 ~3~~",
            "summon op_asa:kaizoku3 ~-3~~",
            "summon op_asa:kaizoku3 ~~~3",
            "summon op_asa:kaizoku3 ~~~-3",
            "summon op_asa:kaizoku4 ~2~~",
            "summon op_asa:kaizoku4 ~-2~~",
            "summon op_asa:kaizoku4 ~~~2",
            "summon op_asa:kaizoku4 ~~~-2"
          ]
        }
      },
      "op_asa:be_wild":{
        "add":{
          "component_groups":[
            "op_asa:wild","op_asa:wild_ability"
          ]
        }
      },
      "op_asa:be_kurouzu":{
        "remove":{
          "component_groups":[
            "op_asa:wild","op_asa:dragon"
          ]
        },
        "add":{
          "component_groups":[
            "op_asa:kurouzu"
          ]
        }
      },
      "op_asa:kurouzu_end":{
        "remove":{
          "component_groups":[
            "op_asa:kurouzu"
          ]
        },
        "add":{
          "component_groups":[
            "op_asa:wild"
          ]
        }
      },
      "op_asa:be_kairouseki":{
        "remove":{
          "component_groups":[
            "op_asa:wild","op_asa:dragon"
          ]
        },
        "add":{
          "component_groups":[
            "op_asa:kairouseki"
          ]
        }
      },
      "op_asa:be_toy":{
        "add":{
          "component_groups":[
            "op_asa:toy"
          ]
        },
        "run_command":{
          "command":"summon op_asa:hobby ~~~ op_asa:toy_kaido"
        }
      },
      "op_asa:be_mess":{
        "add":{
          "component_groups":[
            "op_asa:mess"
          ]
        }
      },
      "op_asa:be_dragon":{
        "remove":{
          "component_groups":[
            "op_asa:wild"
          ]
        },
        "add":{
          "component_groups":[
            "op_asa:dragon"
          ]
        },
        "run_command":{
          "command":[
            "particle minecraft:huge_explosion_emitter ~4~~",
            "particle minecraft:huge_explosion_emitter ~-4~~",
            "particle minecraft:huge_explosion_emitter ~~~4",
            "particle minecraft:huge_explosion_emitter ~~~-4",
            "particle minecraft:huge_explosion_emitter ~~~"
          ]
        }
      },
      "op_asa:get_off":{
        "run_command":{
          "command":["kill @e[r=1,type=minecraft:boat]","kill @e[r=1,type=minecraft:chest_boat]","kill @e[r=1,type=minecraft:minecart]"]
        }
      },
      "op_asa:float":{
        "add":{
          "component_groups":["op_asa:float"]
        }
      },
      "op_asa:not_float":{
        "remove":{
          "component_groups":["op_asa:float"]
        }
      }
    }
}
}