{
  "format_version": "1.16.0",
  "minecraft:entity": {
    "description": {
      "identifier": "op_asa:kaigun3",
      "is_spawnable": false,
      "is_summonable": true,
      "is_experimental": false,
      "scripts":{
        "animate":["mess","admire"]
      },
      "animations":{
        "admire":"controller.animation.kaigun3.admire",
        "mess":"controller.animation.mess"
      }
    },
    "component_groups":{
      "op_asa:wild":{
      },
      "op_asa:mess":{
        "minecraft:type_family": {
          "family": ["mob","kaigun","in_mess","b_haki","h3"]
        },
        "minecraft:spawn_entity": {
          "entities": {
            "min_wait_time": 0,
            "max_wait_time": 0,
            "single_use":true,
            "spawn_entity":"op_asa:heart",
            "num_to_spawn":1
          }
        }
      }
    },
    /*
    priority
    0 攻撃受けた時敵対
    1 ターゲットいると敵対
    2 アイテム見る (見てる間に攻撃するとすぐに終わる)
    3 アイテム拾う
    4 トレード
    5 動き回る
    6 見渡す
    7 プレイヤーを見る
    */
    
    "components": {
      "minecraft:type_family": {
        "family": ["mob","kaigun","b_haki","h3"]
      },
      "minecraft:scale":{
        "value":1.2
      },
      "minecraft:behavior.trade_with_player": {
        "priority": 4
      },
      "minecraft:economy_trade_table": {
        "display_name": "trade.kaigun3.name",
        "table": "trading/kaigun3_trades.json",
        "new_screen":true,
        "persist_trades":true,
        "convert_trades_economy": true
      },
      "minecraft:behavior.nearest_attackable_target": {
        "priority": 1,
        "must_see": true,
        "reselect_targets": true,
        "entity_types": [
          {
            "filters":{
              "all_of": [
                { "test": "is_family", "subject": "other", "value": "kaizoku" },
                {
                  "test": "has_equipment",
                  "subject": "other",
                  "domain": "torso",
                  "operator": "!=",
                  "value": "op_asa:kaigun_haori"
                }
              ]
            },
            "max_dist": 16
          },
          {
            "filters":{
              "all_of":[
                { "test": "is_family", "subject": "other", "value": "player" },
                {
                  "test": "has_equipment",
                  "subject": "other",
                  "domain": "torso",
                  "operator": "!=",
                  "value": "op_asa:kaigun_haori"
                },
                {
                  "any_of":[
                    { "test": "has_tag", "subject": "other", "value": "kaizoku0" },
                    { "test": "has_tag", "subject": "other", "value": "kaizoku10" },
                    { "test": "has_tag", "subject": "other", "value": "kaizoku20" },
                    { "test": "has_tag", "subject": "other", "value": "kaizoku23" },
                    { "test": "has_tag", "subject": "other", "value": "kaizoku24" },
                    { "test": "has_tag", "subject": "other", "value": "kaizoku25" }
                  ]
                }
              ]
            },
            "max_dist":16
          },
          {
            "filters": { 
              "all_of": [
                { "test" :  "is_family", "subject" : "other", "value" :  "monster" },
                { "test" :  "is_family", "subject" : "other", "operator": "!=", "value" :  "creeper" }
              ] 
            },
            "max_dist":16
          }
        ]
      },
      "minecraft:behavior.hurt_by_target": {
        "entity_types": {
          "filters": {
              "test": "is_family",
              "subject": "other",
              "operator": "!=",
              "value": "waza"
          }
        },
        "priority": 0
      },
      "minecraft:equip_item": {
      },
      "minecraft:behavior.equip_item": {
      },
      "minecraft:navigation.walk": {
        "is_amphibious": true,
        "can_pass_doors":true,
        "can_break_doors":false,
        "can_walk":true,
        "can_open_doors": true,
        "can_path_over_water": true
      },
      "minecraft:environment_sensor": {
        "triggers": [
          {
            "filters": {
              "test":"is_riding",
              "value":true
            },
            "event": "op_asa:get_off"
          }
        ]
      },
      "minecraft:follow_range": {
        "value": 32,
        "max": 32
      },
      "minecraft:admire_item": {
        "duration": 5,
        "cooldown_after_being_attacked": 5
      },
      "minecraft:behavior.admire_item": {
        "priority": 2,
        "admire_item_sound": "admire",
        "sound_interval": {
          "range_min": 2.0,
          "range_max": 5.0
        }
      },
      "minecraft:shareables": {
        "items": [
          {
            "item": "op_asa:bounty_ace",
            "priority": 0,
            "pickup_limit": 1,
            "admire": true
          },
          {
            "item": "op_asa:bounty_big_mam",
            "priority": 0,
            "pickup_limit": 1,
            "admire": true
          },
          {
            "item": "op_asa:bounty_brook",
            "priority": 0,
            "pickup_limit": 1,
            "admire": true
          },
          {
            "item": "op_asa:bounty_chopper",
            "priority": 0,
            "pickup_limit": 1,
            "admire": true
          },
          {
            "item": "op_asa:bounty_crocodile",
            "priority": 0,
            "pickup_limit": 1,
            "admire": true
          },
          {
            "item": "op_asa:bounty_doframingo",
            "priority": 0,
            "pickup_limit": 1,
            "admire": true
          },
          {
            "item": "op_asa:bounty_franky",
            "priority": 0,
            "pickup_limit": 1,
            "admire": true
          },
          {
            "item": "op_asa:bounty_hokinsu",
            "priority": 0,
            "pickup_limit": 1,
            "admire": true
          },
          {
            "item": "op_asa:bounty_jinbe",
            "priority": 0,
            "pickup_limit": 1,
            "admire": true
          },
          {
            "item": "op_asa:bounty_kaido",
            "priority": 0,
            "pickup_limit": 1,
            "admire": true
          },
          {
            "item": "op_asa:bounty_kaizoku",
            "priority": 0,
            "pickup_limit": 1,
            "admire": true
          },
          {
            "item": "op_asa:bounty_kaizoku2",
            "priority": 0,
            "pickup_limit": 1,
            "admire": true
          },
          {
            "item": "op_asa:bounty_kaizoku3",
            "priority": 0,
            "pickup_limit": 1,
            "admire": true
          },
          {
            "item": "op_asa:bounty_kaizoku4",
            "priority": 0,
            "pickup_limit": 1,
            "admire": true
          },
          {
            "item": "op_asa:bounty_katakuri",
            "priority": 0,
            "pickup_limit": 1,
            "admire": true
          },
          {
            "item": "op_asa:bounty_kid",
            "priority": 0,
            "pickup_limit": 1,
            "admire": true
          },
          {
            "item": "op_asa:bounty_law",
            "priority": 0,
            "pickup_limit": 1,
            "admire": true
          },
          {
            "item": "op_asa:bounty_law2",
            "priority": 0,
            "pickup_limit": 1,
            "admire": true
          },
          {
            "item": "op_asa:bounty_law3",
            "priority": 0,
            "pickup_limit": 1,
            "admire": true
          },
          {
            "item": "op_asa:bounty_luffy",
            "priority": 0,
            "pickup_limit": 1,
            "admire": true
          },
          {
            "item": "op_asa:bounty_luffy2",
            "priority": 0,
            "pickup_limit": 1,
            "admire": true
          },
          {
            "item": "op_asa:bounty_malco",
            "priority": 0,
            "pickup_limit": 1,
            "admire": true
          },
          {
            "item": "op_asa:bounty_nami",
            "priority": 0,
            "pickup_limit": 1,
            "admire": true
          },
          {
            "item": "op_asa:bounty_robin",
            "priority": 0,
            "pickup_limit": 1,
            "admire": true
          },
          {
            "item": "op_asa:bounty_roger",
            "priority": 0,
            "pickup_limit": 1,
            "admire": true
          },
          {
            "item": "op_asa:bounty_sabo",
            "priority": 0,
            "pickup_limit": 1,
            "admire": true
          },
          {
            "item": "op_asa:bounty_sanji",
            "priority": 0,
            "pickup_limit": 1,
            "admire": true
          },
          {
            "item": "op_asa:bounty_sirohige",
            "priority": 0,
            "pickup_limit": 1,
            "admire": true
          },
          {
            "item": "op_asa:bounty_syankusu",
            "priority": 0,
            "pickup_limit": 1,
            "admire": true
          },
          {
            "item": "op_asa:bounty_trabol",
            "priority": 0,
            "pickup_limit": 1,
            "admire": true
          },
          {
            "item": "op_asa:bounty_usopp",
            "priority": 0,
            "pickup_limit": 1,
            "admire": true
          },
          {
            "item": "op_asa:bounty_zoro",
            "priority": 0,
            "pickup_limit": 1,
            "admire": true
          },
          {
            "item": "op_asa:bounty_zoro2",
            "priority": 0,
            "pickup_limit": 1,
            "admire": true
          }
        ]
      },
      "minecraft:movement": {
        "value": 0.2
      },
      "minecraft:health": {
        "value": 200,
        "max": 200
      },
      "minecraft:attack":{
        "damage":10
      },
      "minecraft:equipment": {
        "table": "loot_tables/gear/kaigun3_gear.json"
      },
      "minecraft:loot": {
        "table": "loot_tables/entities/kaigun3.json"
      },
      "minecraft:nameable": {
      },
      "minecraft:collision_box": {
        "width": 0.6,
        "height": 1.9
      },
      "minecraft:movement.basic": {
      },
      "minecraft:jump.static": {},
      "minecraft:can_climb": {
      },
      "minecraft:hurt_on_condition": {
        "damage_conditions": [
          {
            "filters": {
              "test": "in_lava",
              "subject": "self",
              "operator": "==",
              "value": true
            },
            "cause": "lava",
            "damage_per_tick": 4
          }
        ]
      },
      "minecraft:breathable": {
        "total_supply": 15,
        "suffocate_time": 0
      },
      // "minecraft:behavior.melee_attack": {
      //   "track_target": true,
      //   "speed_multiplier": 1.25
      // },
      "minecraft:behavior.delayed_attack": {
        "attack_once": false,
        "track_target": true,
        "require_complete_path": false,
        "random_stop_interval": 0,
        "reach_multiplier": 3.0,
        "speed_multiplier": 1.5,
        "attack_duration": 0,
        "hit_delay_pct": 0.5
      },
      "minecraft:behavior.pickup_items": {
        "priority": 3,
        "max_dist": 3,
        "goal_radius": 2,
        "speed_multiplier": 1.0
      },
      "minecraft:behavior.random_stroll": {
        "priority": 5,
        "speed_multiplier": 1
      },
      "minecraft:behavior.look_at_player": {
        "priority": 7,
        "look_distance": 10,
        "probability": 0.02
      },
      "minecraft:behavior.random_look_around":{
        "priority":6,
        "speed_multiplier":1
      },
      "minecraft:physics": {
      },
      "minecraft:pushable": {
        "is_pushable": true,
        "is_pushable_by_piston": true
      },
      "minecraft:conditional_bandwidth_optimization": {
      },
      "minecraft:experience_reward": {
        "on_death": "query.last_hit_by_player ? 40 : 0"
      },
      "minecraft:behavior.float": {
      }
    },
    "events":{
      "minecraft:entity_spawned":{
        "add":{
          "component_groups":[
            "op_asa:wild"
          ]
        }
      },
      "op_asa:be_mess":{
        "add":{
          "component_groups":[
            "op_asa:mess"
          ]
        }
      },
      "op_asa:get_off":{
        "run_command":{
          "command":["kill @e[r=1,type=minecraft:boat]","kill @e[r=1,type=minecraft:chest_boat]","kill @e[r=1,type=minecraft:minecart]"]
        }
      }
    }
}}
