{
  "format_version": "1.16.0",
  "minecraft:entity": {
    "description": {
      "identifier": "op_asa:kaizoku3",
      "is_spawnable": true,
      "is_summonable": true,
      "is_experimental": false,
      "scripts":{
        "animate":["kaizoku3_crisis","mess"]
      },
      "animations":{
        "kaizoku3_crisis":"controller.animation.kaizoku3_crisis",
        "mess":"controller.animation.mess"
      }
    },
    "component_groups":{
      "op_asa:toy":{
        "minecraft:instant_despawn":{}
      },
      "op_asa:crisis":{
        "minecraft:mark_variant":{
          "value":20
        }
      },
      "op_asa:mess":{
        "minecraft:type_family": {
          "family": ["mob", "kaizoku","mob0","kaido","in_mess","h0"]
        },
        "minecraft:spawn_entity": {
          "entities": {
            "min_wait_time": 0,
            "max_wait_time": 0,
            "single_use":true,
            "spawn_entity":"op_asa:heart",
            "num_to_spawn":1
          }
        }
      }
    },
    
    "components": {
      "minecraft:type_family": {
        "family": ["mob", "kaizoku","mob0","kaido","h0"]
      },
      "minecraft:behavior.nearest_attackable_target": {
        "priority": 2,
        "must_see": true,
        "reselect_targets": true,
        "entity_types": [
          {
            "filters": {
              "any_of": [
                {
                  "test": "is_family",
                  "subject": "other",
                  "value": "kaigun"
                },
                {
                  "test": "is_family",
                  "subject": "other",
                  "value": "irongolem"
                },
                {
                  "test": "is_family",
                  "subject": "other",
                  "value": "wandering_trader"
                }
              ]
            },
            "max_dist": 16
          },
          {
            "filters": {
              "all_of": [
                { "test": "is_family", "subject": "other", "value": "player" }
              ]
            },
            "max_dist": 16
          },
          {
            "filters": {
              "all_of": [
                { "test": "is_family", "subject": "other", "value": "hyogoro" }
              ]
            },
            "max_dist": 16
          },
          {
            "filters": {
              "all_of": [
                {
                  "test": "is_family",
                  "subject": "other",
                  "value": "villager"
                },
                {
                  "test": "has_component",
                  "subject": "other",
                  "operator": "!=",
                  "value": "minecraft:is_baby"
                }
              ]
            },
            "max_dist": 16
          }
        ]
      },
      "minecraft:shareables": {
        "items": [
          {
            "item": "op_asa:cutlass",
            "want_amount": 1,
            "surplus_amount": 1,
            "priority": 0
          }
        ]
      },
      "minecraft:behavior.hurt_by_target": {
        "entity_types": {
          "filters": {
              "test": "is_family",
              "subject": "other",
              "operator": "!=",
              "value": "waza"
          }
        },
        "priority": 1
      },
      "minecraft:equip_item": {
      },
      "minecraft:behavior.equip_item": {
        "priority": 3
      },
      "minecraft:navigation.walk": {
        "is_amphibious": true,
        "can_pass_doors":true,
        "can_break_doors":true,
        "can_walk":true,
        "can_path_over_water": true
      },
      "minecraft:environment_sensor":{
        "triggers":[
          {
            "filters": {
              "all_of": [
                {
                  "test": "has_tag",
                  "subject": "self",
                  "operator":"==",
                  "value": "crisis"
                }
              ]
            },
            "event": "op_asa:be_crisis"
          }
        ]   
      },
      "minecraft:damage_sensor": {
        "triggers": [
          {
            "on_damage": {
              "filters": {
                "all_of": [
                  {
                    "test":"is_family",
                    "subject":"other",
                    "value":"syuga-"
                  }
                ]
              },
              "event": "op_asa:be_toy"
            }
          }
        ]
      },
      "minecraft:follow_range": {
        "value": 32,
        "max": 32
      },
      "minecraft:movement": {
        "value": 0.28
      },
      "minecraft:health": {
        "value": 20,
        "max": 20
      },
      "minecraft:attack":{
        "damage":1
      },
      "minecraft:equipment": {
        "table": "loot_tables/gear/kaizoku_gear.json"
      },
      "minecraft:loot": {
        "table": "loot_tables/entities/kaizoku3.json"
      },
      "minecraft:nameable": {
      },
      "minecraft:collision_box": {
        "width": 0.6,
        "height": 1.9
      },
      "minecraft:movement.basic": {
      },
      "minecraft:annotation.break_door": {
      },
      "minecraft:jump.static": {},
      "minecraft:can_climb": {
      },
      "minecraft:hurt_on_condition": {
        "damage_conditions": [
          {
            "filters": {
              "test": "in_lava",
              "subject": "self",
              "operator": "==",
              "value": true
            },
            "cause": "lava",
            "damage_per_tick": 4
          }
        ]
      },
      "minecraft:breathable": {
        "total_supply": 15,
        "suffocate_time": 0
      },
      "minecraft:despawn": {
        "despawn_from_distance": {
          "min_distance":64
        }
      },
      "minecraft:behavior.melee_attack": {
        "priority": 4,
        "track_target": true,
        "speed_multiplier": 1.25
      },
      "minecraft:behavior.pickup_items": {
        "priority": 7,
        "max_dist": 3,
        "goal_radius": 2,
        "speed_multiplier": 1.0
      },
      "minecraft:behavior.random_stroll": {
        "priority": 6,
        "speed_multiplier": 1
      },
      "minecraft:behavior.look_at_player": {
        "priority": 9,
        "look_distance": 10,
        "probability": 0.02
      },
      "minecraft:behavior.random_look_around":{
        "priority":7,
        "speed_multiplier":1
      },
      "minecraft:physics": {
      },
      "minecraft:pushable": {
        "is_pushable": true,
        "is_pushable_by_piston": true
      },
      "minecraft:conditional_bandwidth_optimization": {
      },
      "minecraft:experience_reward": {
        "on_death": "query.last_hit_by_player ? 5 + (query.equipment_count * Math.Random(1,3)) : 0"
      },
      "minecraft:variant": {
        "value": 0
      },
      "minecraft:behavior.float": {
        "priority": 0
      }
    },
    "events":{
      "op_asa:be_crisis":{
        "add":{
          "component_groups":[
            "op_asa:crisis"
          ]
        }
      },
      "op_asa:be_toy":{
        "add":{
          "component_groups":[
            "op_asa:toy"
          ]
        },
        "run_command":{
          "command":"summon op_asa:hobby ~~~ op_asa:toy_kaiozku3"
        }
      },
      "op_asa:be_mess":{
        "add":{
          "component_groups":[
            "op_asa:mess"
          ]
        }
      }
    }
}}
