{
  "format_version": "1.16.0",
  "minecraft:entity": {
    "description": {
      "identifier": "op_asa:luccy2",
      "is_spawnable": true,
      "is_summonable": true,
      "is_experimental": false,
      "scripts":{
        "animate":["luccy2","mess"]
      },
      "animations":{
        "luccy2":"controller.animation.luccy2",
        "mess":"controller.animation.mess"
      }
    },
    "component_groups":{
      "op_asa:wild":{
        "minecraft:variant":{
          "value":0
        },
        "minecraft:behavior.nearest_attackable_target": {
          "priority": 2,
          "must_see": true,
          "reselect_targets": true,
          "entity_types": [
            {
              "filters":{
                "all_of": [
                  { "test": "is_family", "subject": "other", "value": "player" }
                ]
              },
              "max_dist": 64
            }
          ]
        },
        "minecraft:timer": {
          "looping": false,
          "randomInterval": false,
          "time": 1,
          "time_down_event": {
           "event": "op_asa:normal",
           "target": "self"
          }
        }
      },
      "op_asa:normal":{
        "minecraft:variant":{
          "value":1
        },
        "minecraft:behavior.nearest_attackable_target": {
          "priority": 2,
          "must_see": true,
          "reselect_targets": true,
          "entity_types": [
            {
              "filters":{
                "all_of": [
                  { "test": "is_family", "subject": "other", "value": "player" }
                ]
              },
              "max_dist": 64
            }
          ]
        },
        "minecraft:behavior.random_stroll": {
          "priority": 6,
          "speed_multiplier": 1
        },
        "minecraft:behavior.random_look_around":{
          "priority":7,
          "speed_multiplier":1
        }
      },
      "op_asa:ibuki":{
        "minecraft:variant":{
          "value":2
        },
        "minecraft:timer": {
          "looping": false,
          "randomInterval": false,
          "time": 2,
          "time_down_event": {
           "event": "op_asa:ibuki_end",
           "target": "self"
          }
        }
      },
      "op_asa:toy":{
        "minecraft:instant_despawn":{}
      },
      "op_asa:mess":{
        "minecraft:type_family": {
          "family": ["mob","sabo","character","in_mess","b_haki","h4","luccy","boss"]
        },
        "minecraft:spawn_entity": {
          "entities": {
            "min_wait_time": 0,
            "max_wait_time": 0,
            "single_use":true,
            "spawn_entity":"op_asa:heart",
            "num_to_spawn":1
          }
        }
      }
    },
    
    "components": {
      "minecraft:type_family": {
        "family": ["mob","sabo","character","b_haki","h4","luccy","boss"]
      },
      "minecraft:boss": {
        "should_darken_sky": false,
        "name": "boss.luccy2.name",
        "hud_range": 63
      },
      "minecraft:behavior.nearest_attackable_target": {
        "priority": 2,
        "must_see": true,
        "reselect_targets": true,
        "entity_types": [
          {
            "filters":{
              "all_of": [
                { "test": "is_family", "subject": "other", "value": "player" }
              ]
            },
            "max_dist": 64
          }
        ]
      },
      "minecraft:environment_sensor": {
        "triggers": [
          {
            "filters": {
              "test":"is_riding",
              "value":true
            },
            "event": "op_asa:get_off"
          }
        ]
      },
      "minecraft:knockback_resistance": {
        "value": 0.4
      },
      "minecraft:behavior.hurt_by_target": {
        "entity_types": {
          "filters": {
              "test": "is_family",
              "subject": "other",
              "operator": "!=",
              "value": "waza"
          }
        },
        "priority": 1
      },
      "minecraft:damage_sensor": {
        "triggers":[
          {
            "cause": "fall",
            "deals_damage": false
          }
        ]
      },
      "minecraft:shareables": {
        "items": [
          {
            "item": "op_asa:kairouseki",
            "want_amount": 1,
            "surplus_amount": 1,
            "priority": 0
          }
        ]
      },
      "minecraft:attack": {
        "damage": 14
      },
      "minecraft:behavior.melee_attack": {
        "priority": 3
      },
      "minecraft:underwater_movement": {
        "value": 0.3
      },
      "minecraft:behavior.equip_item": {
        "priority": 3
      },
      "minecraft:equip_item": {
      },
      "minecraft:behavior.pickup_items": {
        "priority": 7,
        "max_dist": 3,
        "goal_radius": 2,
        "speed_multiplier": 1.0
      },
      "minecraft:follow_range": {
        "value": 32,
        "max": 32
      },
      "minecraft:scale":{
        "value":1.027
      },
      "minecraft:movement": {
        "value": 0.28
      },
      "minecraft:health": {
        "value": 400,
        "max": 400
      },
      "minecraft:loot": {
        "table": "loot_tables/entities/luccy2.json"
      },
      "minecraft:nameable": {
      },
      "minecraft:collision_box": {
        "width": 0.6,
        "height": 1.9
      },
      "minecraft:movement.generic": {
      },
      "minecraft:navigation.walk": {
        "is_amphibious": true,
        "can_pass_doors":true,
        "can_break_doors":false,
        "can_walk":true,
        "can_open_doors": true,
        "can_path_over_water": true,
        "can_swim": true
      },
      "minecraft:jump.static": {},
      "minecraft:can_climb": {
      },
      "minecraft:hurt_on_condition": {
        "damage_conditions": [
          {
            "filters": {
              "test": "in_lava",
              "subject": "self",
              "operator": "==",
              "value": true
            },
            "cause": "lava",
            "damage_per_tick": 4
          }
        ]
      },
      "minecraft:breathable": {
        "breathes_solids":true,
        "total_supply": 15,
        "suffocate_time": -1,
        "inhale_time": 3.75,
        "generates_bubbles": false
      },
      "minecraft:behavior.look_at_player": {
        "priority": 9,
        "look_distance": 10,
        "probability": 0.02
      },
      "minecraft:physics": {
      },
      "minecraft:pushable": {
        "is_pushable": true,
        "is_pushable_by_piston": true
      },
      "minecraft:conditional_bandwidth_optimization": {
      },
      "minecraft:behavior.float": {
        "priority": 0
      },
      "minecraft:persistent": {
      },
      "minecraft:experience_reward": {
        "on_death": "query.last_hit_by_player ? 70 + (query.equipment_count * Math.Random(1,3)) : 0"
      }
    },
    "events":{
      "minecraft:entity_spawned": {
        "add": {
          "component_groups": [
            "op_asa:wild"
          ]
        }
      },
      "op_asa:be_wild": {
        "add": {
          "component_groups": [
            "op_asa:wild"
          ]
        }
      },
      "op_asa:normal": {
        "remove":{
          "component_groups":[
            "op_asa:wild"
          ]
        },
        "add": {
          "component_groups": [
            "op_asa:normal"
          ]
        }
      },
      "op_asa:ibuki":{
        "remove":{
          "component_groups":[
            "op_asa:wild"
          ]
        },
        "add":{
          "component_groups":[
            "op_asa:ibuki"
          ]
        }
      },
      "op_asa:ibuki_end":{
        "remove":{
          "component_groups":[
            "op_asa:ibuki"
          ]
        },
        "add": {
          "component_groups": [
            "op_asa:normal"
          ]
        }
      },
      "op_asa:be_toy":{
        "add":{
          "component_groups":[
            "op_asa:toy"
          ]
        },
        "run_command":{
          "command":"summon op_asa:hobby ~~~ op_asa:toy_luccy1"
        }
      },
      "op_asa:be_mess":{
        "add":{
          "component_groups":[
            "op_asa:mess"
          ]
        }
      },
      "op_asa:get_off":{
        "run_command":{
          "command":["kill @e[r=1,type=minecraft:boat]","kill @e[r=1,type=minecraft:chest_boat]","kill @e[r=1,type=minecraft:minecart]"]
        }
      }
    }
}}
