{
  "format_version": "1.16.0",
  "minecraft:entity": {
    "description": {
      "identifier": "op_asa:roger",
      "is_spawnable": true,
      "is_summonable": true,
      "is_experimental": false,
      "scripts":{
        "animate":["1","2","3"]
      },
      "animations":{
        "1":"controller.animation.roger",
        "2":"controller.animation.roger_timer",
        "3":"controller.animation.roger_haki"
      }
    },
    "component_groups":{
      "op_asa:summon1":{
        "minecraft:variant":{
          "value":1
        }
      },
      "op_asa:summon2":{
        "minecraft:variant":{
          "value":2
        },
        "minecraft:timer": {
          "looping": false,
          "randomInterval": false,
          "time": 0.1,
          "time_down_event": {
           "event": "op_asa:to_summon3",
           "target": "self"
          }
        }
      },
      "op_asa:summon3":{
        "minecraft:variant":{
          "value":3
        },
        "minecraft:timer": {
          "looping": false,
          "randomInterval": false,
          "time": 2,
          "time_down_event": {
           "event": "op_asa:to_summon4",
           "target": "self"
          }
        }
      },
      "op_asa:summon4":{
        "minecraft:variant":{
          "value":4
        },
        "minecraft:timer": {
          "looping": false,
          "randomInterval": false,
          "time": 0.9,
          "time_down_event": {
           "event": "op_asa:to_summoned",
           "target": "self"
          }
        }
      },
      "op_asa:summoned":{
        "minecraft:variant":{
          "value":5
        },
        "minecraft:behavior.nearest_attackable_target": {
          "priority": 2,
          "must_see": false,
          "reselect_targets": true,
          "entity_types": [
            {
              "filters":{
                "all_of": [
                  { "test": "is_family", "subject": "other", "value": "player" },
                  {"test":"has_tag","subject":"other","value":"kaizokuo"}
                ]
              },
              "max_dist": 16
            }
          ]
        },
        "minecraft:movement": {
          "value": 0.28
        },
        "minecraft:behavior.hurt_by_target": {
          "entity_types": {
            "filters": {
                "test": "is_family",
                "subject": "other",
                "operator": "!=",
                "value": "waza"
            }
          },
          "priority": 1
        },
        "minecraft:navigation.walk": {
          "is_amphibious": true,
          "can_pass_doors":true,
          "can_break_doors":false,
          "can_walk":true,
          "can_open_doors": true,
          "can_path_over_water": true
        }
      },
      "op_asa:spawned":{
        "minecraft:variant":{
          "value":0
        },
        "minecraft:movement": {
          "value": 0.28
        },
        "minecraft:behavior.hurt_by_target": {
          "entity_types": {
            "filters": {
                "test": "is_family",
                "subject": "other",
                "operator": "!=",
                "value": "waza"
            }
          },
          "priority": 1
        },
        "minecraft:navigation.walk": {
          "is_amphibious": true,
          "can_pass_doors":true,
          "can_break_doors":false,
          "can_walk":true,
          "can_open_doors": true,
          "can_path_over_water": true
        }
      },
      "op_asa:mode_switcher":{
        "minecraft:target_nearby_sensor": {
          "inside_range": 4.0,
          "outside_range": 5.0,
          "must_see":  true,
          "on_inside_range": {
            "event": "op_asa:switch_to_melee",
            "target": "self"
          },
          "on_outside_range": {
            "event": "op_asa:switch_to_ranged",
            "target": "self"
          }
        }
      },
      "op_asa:ranged_mode": {
        "minecraft:shooter": {
          "def": "op_asa:roger_p"
        },
        "minecraft:behavior.ranged_attack": {
          "burst_shots": 1,
          "burst_interval": 0,
          "charge_charged_trigger": 0,
          "charge_shoot_trigger": 0.7,
          "attack_interval_min": 0,
          "attack_interval_max": 0,
          "attack_radius": 16.0
        }
      },
      "op_asa:melee_mode": {
        "minecraft:attack":{
          "damage":15
        },
        "minecraft:behavior.melee_attack": {
          "track_target": true,
          "speed_multiplier": 1.25,
          "reach_multiplier": 5.0
        }
      },
      "op_asa:cooldown":{
        "minecraft:timer": {
          "looping": false,
          "randomInterval": false,
          "time": 0.7,
          "time_down_event": {
           "event": "op_asa:cooltime",
           "target": "self"
          }
        }
      },
      "op_asa:cooltime":{
        "minecraft:timer": {
          "looping": false,
          "randomInterval": false,
          "time": 3,
          "time_down_event": {
           "event": "op_asa:cooltime_end",
           "target": "self"
          }
        }
      },
      "op_asa:peace":{
        "minecraft:mark_variant":{
          "value":0
        },
        "minecraft:damage_sensor": {
          "triggers":[
            {
              "cause":"starve",
              "deals_damage":true
            },
            {
              "cause":"wither",
              "deals_damage":true
            },
            {
              "cause": "fall",
              "deals_damage": false
            },
            {
              "cause":"lightning",
              "deals_damage":true
            },
            {
              "cause":"entity_explosion",
              "deals_damage":true
            },
            {
              "cause": "fire",
              "deals_damage": true
            },
            {
              "cause": "magma",
              "deals_damage": true
            },
            {
              "cause": "lava",
              "deals_damage": true
            },
            {
              "cause": "projectile",
              "deals_damage": true
            },
            {
              "cause": "temperature",
              "deals_damage": true
            }
          ]
        }
      },
      "op_asa:crisis":{
        "minecraft:mark_variant":{
          "value":1
        },
        "minecraft:damage_sensor": {
          "triggers":[
            {
              "cause":"starve",
              "deals_damage":false
            },
            {
              "cause":"wither",
              "deals_damage":false
            },
            {
              "cause": "fall",
              "deals_damage": false
            },
            {
              "cause":"lightning",
              "deals_damage":false
            },
            {
              "cause":"entity_explosion",
              "deals_damage":false
            },
            {
              "cause": "fire",
              "deals_damage": false
            },
            {
              "cause": "magma",
              "deals_damage": false
            },
            {
              "cause": "lava",
              "deals_damage": false
            },
            {
              "cause": "projectile",
              "deals_damage": false
            },
            {
              "cause": "temperature",
              "deals_damage": false
            },
            {
              "on_damage": {
                "filters": {
                  "test":"is_family","subject":"other","operator":"!=","value":"player"
                }
              },
              "deals_damage":false
            }
          ]
        }
      }
    },
    
    "components": {
      "minecraft:type_family": {
        "family": ["mob","roger","character","b_haki","kaizokuo","boss"]
      },
      "minecraft:knockback_resistance": {
        "value": 0.7
      },
      "minecraft:boss": {
        "should_darken_sky": true,
        "name": "boss.roger.name",
        "hud_range": 63
      },
      "minecraft:environment_sensor": {
        "triggers": [
          {
            "filters": {
              "test":"is_riding",
              "value":true
            },
            "event": "op_asa:get_off"
          },
          {
            "filters": {
              "test":"in_block",
              "operator":"!=",
              "value":"air"
            },
            "event": "op_asa:in_block"
          },
          {
            "filters": {
              "all_of":[
                {
                  "test":"is_mark_variant",
                  "value": 1
                },
                {
                  "any_of":[
                    {
                      "test":"has_mob_effect",
                      "value":"poison"
                    },
                    {
                      "test":"has_mob_effect",
                      "value":"fatal_poison"
                    }
                  ]
                }
              ]
            },
            "event": "op_asa:detoxification"
          },
          {
            "filters": {
              "all_of": [
                {
                  "test": "is_variant",
                  "value": 1
                },
                {
                  "test": "on_ground",
                  "value": true
                }
              ]
            },
            "event": "op_asa:to_summon2"
          }
        ]
      },
      "minecraft:follow_range": {
        "value": 32,
        "max": 32
      },
      "minecraft:health": {
        "value": 600,
        "max": 600
      },
      "minecraft:loot": {
        "table": "loot_tables/entities/roger.json"
      },
      "minecraft:collision_box": {
        "width": 0.6,
        "height": 1.9
      },
      "minecraft:movement.basic": {},
      "minecraft:jump.static": {},
      "minecraft:can_climb": {},
      "minecraft:breathable": {
        "total_supply": 15,
        "suffocate_time": 0
      },
      "minecraft:behavior.random_stroll": {
        "priority": 6,
        "speed_multiplier": 1
      },
      "minecraft:behavior.look_at_player": {
        "priority": 9,
        "look_distance": 10,
        "probability": 0.02
      },
      "minecraft:behavior.random_look_around":{
        "priority":7,
        "speed_multiplier":1
      },
      "minecraft:physics": {},
      "minecraft:scale":{
        "value":1.52
      },
      "minecraft:pushable": {
        "is_pushable": true,
        "is_pushable_by_piston": true
      },
      "minecraft:conditional_bandwidth_optimization": {},
      "minecraft:experience_reward": {
        "on_death": 1000
      },
      "minecraft:behavior.float": {
        "priority": 0
      },
      "minecraft:persistent":{}
    },
    "events":{
      "minecraft:entity_spawned":{
        "add":{
          "component_groups":["op_asa:spawned","op_asa:mode_switcher","op_asa:peace"]
        }
      },
      "op_asa:summoned":{
        "run_command":{
          "command":["tell @a[r=64] よ~~~~~し・・・!!","tell @a[r=64] いっちょやるか","tell @a[r=64] 生きててこその'殺し合い'!!!"]
        },
        "add":{
          "component_groups":["op_asa:summon1","op_asa:peace"]
        }
      },
      "op_asa:to_summon2":{
        "remove":{
          "component_groups":["op_asa:summon1"]
        },
        "add":{
          "component_groups":["op_asa:summon2"]
        }
      },
      "op_asa:to_summon3":{
        "remove":{
          "component_groups":["op_asa:summon2"]
        },
        "add":{
          "component_groups":["op_asa:summon3"]
        }
      },
      "op_asa:to_summon4":{
        "remove":{
          "component_groups":["op_asa:summon3"]
        },
        "add":{
          "component_groups":["op_asa:summon4"]
        },
        "run_command":{
          "command":["summon op_asa:roger_summon","particle op_asa:roger_particle3 ^^1^1"]
        }
      },
      "op_asa:to_summoned":{
        "remove":{
          "component_groups":["op_asa:summon4"]
        },
        "add":{
          "component_groups":["op_asa:summoned","op_asa:mode_switcher"]
        }
      },
      "op_asa:switch_to_melee": {
        "sequence":[
          {
            "filters":{
              "test":"has_component","operator":"!=","value":"minecraft:behavior.melee_attack"
            },
            "remove": {
              "component_groups": ["op_asa:ranged_mode"]
            },
            "add": {
              "component_groups": ["op_asa:melee_mode"]
            }
          }
        ]
      },
      "op_asa:switch_to_ranged": {
        "sequence":[
          {
            "filters":{
              "test":"has_component","operator":"!=","value":"minecraft:behavior.ranged_attack"
            },
            "remove": {
              "component_groups": ["op_asa:melee_mode"]
            },
            "add": {
              "component_groups": ["op_asa:ranged_mode"]
            }
          }
        ]
      },
      "op_asa:cooldown":{
        "add":{
          "component_groups":["op_asa:cooldown"]
        }
      },
      "op_asa:cooltime":{
        "remove":{
          "component_groups":["op_asa:cooldown","op_asa:mode_switcher","op_asa:ranged_mode","op_asa:melee_mode"]
        },
        "add":{
          "component_groups":["op_asa:cooltime","op_asa:melee_mode"]
        }
      },
      "op_asa:cooltime_end":{
        "remove":{
          "component_groups":["op_asa:cooltime","op_asa:melee_mode"]
        },
        "add":{
          "component_groups":["op_asa:mode_switcher"]
        }
      },
      "op_asa:crisis":{
        "remove":{
          "component_groups":["op_asa:peace"]
        },
        "add":{
          "component_groups":["op_asa:crisis"]
        }
      },
      "op_asa:in_block":{
        "sequence":[
          {
            "run_command":{
              "command":[
                "particle op_asa:roger_haoshoku_particle1 ~~~",
                "particle op_asa:roger_haoshoku_particle2 ~~~",
                "particle op_asa:roger_haoshoku_particle3 ~~~"
              ]
            }
          },
          {
            "run_command":{
              "command":"fill ~5~5~5 ~-5~~-5 air 0 destroy"
            }
          },
          {
            "run_command":{
              "command":"fill ~5~-1~5 ~-5~-1~-5 wool 0 replace op_asa:itoito_block"
            }
          }
        ]
      },
      "op_asa:detoxification":{
        "run_command":{
          "command":["effect @s poison 0 40 true","effect @s fatal_poison 0 40 true"]
        }
      },
      "op_asa:get_off":{
        "run_command":{
          "command":["kill @e[r=1,type=minecraft:boat]","kill @e[r=1,type=minecraft:chest_boat]","kill @e[r=1,type=minecraft:minecart]"]
        }
      }
    }
  }
}