{
  "format_version": "1.16.0",
  "minecraft:entity": {
    "description": {
      "identifier": "op_asa:sirohige",
      "is_spawnable": true,
      "is_summonable": true,
      "is_experimental": false,
      "scripts":{
        "animate":["sirohige","mess","water"]
      },
      "animations":{
        "sirohige":"controller.animation.sirohige",
        "mess":"controller.animation.mess",
        "water":"controller.animation.water"
      }
    },
    "component_groups":{
      "op_asa:float":{
        "minecraft:behavior.float": {
          "priority": 0
        }
      },
      "op_asa:wild_ability":{},
      "op_asa:lost_ability":{},
      "op_asa:wild":{
        "minecraft:variant":{
          "value":0
        },
        "minecraft:attack": {
          "damage": 10
        },
        "minecraft:behavior.melee_attack": {
          "priority": 3
        }
      },
      "op_asa:angry":{
        "minecraft:behavior.nearest_attackable_target": {
          "priority": 2,
          "must_see": true,
          "reselect_targets": true,
          "entity_types": [
            {
              "filters":{
                "all_of": [
                  { "test": "is_family", "subject": "other", "value": "player" }
                ]
              },
              "max_dist": 32
            }
          ]
        },
        "minecraft:target_nearby_sensor": {
          "inside_range": 5.0,
          "outside_range": 6.0,
          "must_see":  true,
          "on_inside_range": {
            "event": "op_asa:switch_to_melee",
            "target": "self"
          },
          "on_outside_range": {
            "event": "op_asa:switch_to_ranged",
            "target": "self"
          }
        }
      },
      "op_asa:ranged_mode": {
        "minecraft:shooter": {
          "def": "op_asa:sirohige_p"
        },
        "minecraft:behavior.ranged_attack": {
          "priority": 3,
          "burst_shots": 1,
          "burst_interval": 0,
          "charge_charged_trigger": 3,
          "charge_shoot_trigger": 1,
          "attack_interval_min": 2,
          "attack_interval_max": 5,
          "attack_radius": 32.0
        }
      },
      "op_asa:melee_mode": {
        "minecraft:attack": {
          "damage": 10
        },
        "minecraft:behavior.melee_attack": {
          "priority": 3
        }
      },
      "op_asa:kairouseki":{
        "minecraft:variant":{
          "value":27000
        },
        "minecraft:attack": {
          "damage": 10
        },
        "minecraft:behavior.melee_attack": {
          "priority": 3
        }
      },
      "op_asa:kurouzu":{
        "minecraft:variant":{
          "value":270
        },
        "minecraft:attack": {
          "damage": 10
        },
        "minecraft:behavior.melee_attack": {
          "priority": 3
        }
      },
      "op_asa:toy":{
        "minecraft:instant_despawn":{}
      },
      "op_asa:mess":{
        "minecraft:type_family": {
          "family": ["mob","yonko","guragura","devil","sirohige","character","in_mess","b_haki","boss"]
        },
        "minecraft:spawn_entity": {
          "entities": {
            "min_wait_time": 0,
            "max_wait_time": 0,
            "single_use":true,
            "spawn_entity":"op_asa:heart",
            "num_to_spawn":1
          }
        }
      }
    },
    
    "components": {
      "minecraft:type_family": {
        "family": ["mob","yonko","guragura","devil","sirohige","character","b_haki","boss"]
      },
      "minecraft:timer": {
        "looping": false,
        "randomInterval": false,
        "time": 0.1,
        "time_down_event": {
         "event": "op_asa:be_wild",
         "target": "self"
        }
      },
      "minecraft:boss": {
        "should_darken_sky": false,
        "name": "boss.sirohige.name",
        "hud_range": 63
      },
      "minecraft:behavior.hurt_by_target": {
        "entity_types": {
          "filters": {
              "test": "is_family",
              "subject": "other",
              "operator": "!=",
              "value": "waza"
          }
        },
        "priority": 1
      },
      "minecraft:shareables": {
        "items": [
          {
            "item": "op_asa:kairouseki",
            "want_amount": 1,
            "surplus_amount": 1,
            "priority": 0
          }
        ]
      },
      "minecraft:equipment": {
        "table": "loot_tables/gear/sirohige_gear.json"
      },
      "minecraft:behavior.equip_item": {
        "priority": 3
      },
      "minecraft:equip_item": {
      },
      "minecraft:behavior.pickup_items": {
        "priority": 7,
        "max_dist": 3,
        "goal_radius": 2,
        "speed_multiplier": 1.0
      },
      "minecraft:environment_sensor": {
        "triggers": [
          {
            "filters": {
              "test":"is_riding",
              "value":true
            },
            "event": "op_asa:get_off"
          },
          {
            "filters":{
              "all_of": [
                { "test":"in_water","value":true },
                { "test":"has_component","value":"minecraft:behavior.float" }
              ]
            },
            "event": "op_asa:not_float"
          },
          {
            "filters":{
              "all_of": [
                { "test":"in_water","value":false },
                { "test":"has_component","operator":"!=","value":"minecraft:behavior.float" }
              ]
            },
            "event": "op_asa:float"
          },
          {
            "filters": {
              "all_of": [
                {
                  "test": "has_equipment",
                  "subject": "self",
                  "domain": "hand",
                  "value": "op_asa:kairouseki"
                },
                {
                  "test":"is_variant",
                  "operator":"!=",
                  "subject":"self",
                  "value":27000
                }
              ]
            },
            "event": "op_asa:be_kairouseki"
          },
          {
            "filters": {
              "all_of": [
                {
                  "test": "has_tag",
                  "subject": "self",
                  "operator":"==",
                  "value": "angry"
                }
              ]
            },
            "event": "op_asa:become_angry"
          },
          {
            "filters": {
              "all_of": [
                {
                  "test": "has_tag",
                  "value": "kurouzu"
                },
                {
                  "test":"is_variant",
                  "operator":"!=",
                  "subject":"self",
                  "value":270
                }
              ]
            },
            "event": "op_asa:be_kurouzu"
          },
          {
            "filters": {
              "all_of": [
                {
                  "test": "has_tag",
                  "operator":"!=",
                  "value": "kurouzu"
                },
                {
                  "test":"is_variant",
                  "operator":"==",
                  "subject":"self",
                  "value":270
                }
              ]
            },
            "event": "op_asa:kurouzu_end"
          }
        ]
      },
      "minecraft:follow_range": {
        "value": 32,
        "max": 32
      },
      "minecraft:scale":{
        "value":3.7
      },
      "minecraft:movement": {
        "value": 0.25
      },
      "minecraft:health": {
        "value": 1200,
        "max": 1200
      },
      "minecraft:loot": {
        "table": "loot_tables/entities/sirohige.json"
      },
      "minecraft:nameable": {
      },
      "minecraft:collision_box": {
        "width": 0.4,
        "height": 1.8
      },
      "minecraft:movement.basic": {
      },
      "minecraft:navigation.walk": {
        "is_amphibious": true,
        "can_pass_doors":true,
        "can_break_doors":false,
        "can_walk":true,
        "can_open_doors": true,
        "can_path_over_water": true,
        "avoid_water": true
      },
      "minecraft:jump.static": {},
      "minecraft:can_climb": {
      },
      "minecraft:damage_sensor": {
        "triggers":[
          {
            "on_damage": {
              "filters": {
                "test":"is_family","subject":"other","value":"gura_ex"
              }
            },
            "deals_damage":false
          }
        ]
      },
      "minecraft:hurt_on_condition": {
        "damage_conditions": [
          {
            "filters": {
              "test": "in_lava",
              "subject": "self",
              "operator": "==",
              "value": true
            },
            "cause": "lava",
            "damage_per_tick": 4
          }
        ]
      },
      "minecraft:breathable": {
        "breathes_solids":true,
        "total_supply": 15,
        "suffocate_time": -1,
        "inhale_time": 3.75,
        "generates_bubbles": false
      },
      "minecraft:despawn": {
        "despawn_from_distance": {
          "min_distance":64
        }
      },
      "minecraft:behavior.random_stroll": {
        "priority": 6,
        "speed_multiplier": 1
      },
      "minecraft:knockback_resistance": {
        "value": 0.8
      },
      "minecraft:behavior.look_at_player": {
        "priority": 9,
        "look_distance": 10,
        "probability": 0.02
      },
      "minecraft:behavior.random_look_around":{
        "priority":7,
        "speed_multiplier":1
      },
      "minecraft:physics": {
      },
      "minecraft:pushable": {
        "is_pushable": true,
        "is_pushable_by_piston": true
      },
      "minecraft:conditional_bandwidth_optimization": {
      },
      "minecraft:experience_reward": {
        "on_death": "query.last_hit_by_player ? 100 + (query.equipment_count * Math.Random(1,3)) : 0"
      }
    },
    "events":{
      "minecraft:entity_spawned":{
        "add": {
          "component_groups": [
            "op_asa:wild","op_asa:wild_ability"
          ]
        }
      },
      "op_asa:be_wild":{
        "add":{
          "component_groups":[
            "op_asa:wild","op_asa:wild_ability"
          ]
        }
      },
      "op_asa:become_angry":{
        "remove":{
          "component_groups":[
            "op_asa:wild"
          ]
        },
        "add":{
          "component_groups":[
            "op_asa:angry"
          ]
        }
      },
      "op_asa:switch_to_melee": {
        "remove": {
          "component_groups": [
            "op_asa:ranged_mode"
          ]
        },
        "add": {
          "component_groups": [
            "op_asa:melee_mode"
          ]
        }
      },
      "op_asa:switch_to_ranged": {
        "remove": {
          "component_groups": [
            "op_asa:melee_mode"
          ]
        },
        "add": {
          "component_groups": [
            "op_asa:ranged_mode"
          ]
        }
      },
      "op_asa:be_kurouzu":{
        "remove":{
          "component_groups":[
            "op_asa:wild","op_asa:angry","op_asa:melee_mode","op_asa:ranged_mode"
          ]
        },
        "add":{
          "component_groups":[
            "op_asa:kurouzu"
          ]
        }
      },
      "op_asa:kurouzu_end":{
        "remove":{
          "component_groups":[
            "op_asa:kurouzu"
          ]
        },
        "add":{
          "component_groups":[
            "op_asa:wild"
          ]
        }
      },
      "op_asa:be_kairouseki":{
        "remove":{
          "component_groups":[
            "op_asa:wild","op_asa:angry","op_asa:melee_mode","op_asa:ranged_mode"
          ]
        },
        "add":{
          "component_groups":[
            "op_asa:kairouseki"
          ]
        }
      },
      "op_asa:be_toy":{
        "add":{
          "component_groups":[
            "op_asa:toy"
          ]
        },
        "run_command":{
          "command":"summon op_asa:hobby ~~~ op_asa:toy_sirohige"
        }
      },
      "op_asa:be_mess":{
        "add":{
          "component_groups":[
            "op_asa:mess"
          ]
        }
      },
      "op_asa:get_off":{
        "run_command":{
          "command":["kill @e[r=1,type=minecraft:boat]","kill @e[r=1,type=minecraft:chest_boat]","kill @e[r=1,type=minecraft:minecart]"]
        }
      },
      "op_asa:float":{
        "add":{
          "component_groups":["op_asa:float"]
        }
      },
      "op_asa:not_float":{
        "remove":{
          "component_groups":["op_asa:float"]
        }
      }
    }
}}
