{
    "format_version": "1.16.100",
    "minecraft:item": {
        "description": {
            "identifier":  "stk:ball" ,
            "category" : "items"
        },
        "components": {
          "minecraft:max_stack_size": 1,
          "minecraft:icon": {
            "texture": "ball"
          },
        
      "minecraft:render_offsets": {
        "main_hand": {
          "third_person": {
            "scale": [
              0.000,
              0.000,
              0.000
            ]
          },
          "first_person": {
            "scale": [
              0.0000000000000000,
              0.0000000000000000,
              0.0000000000000000
            ]
          }
        },
        "off_hand": {
          "third_person": {
            "scale": [
              0.000,
              0.000,
              0.000
            ]
          },
          "first_person": {
            "scale": [
              0.0000000000000000,
              0.0000000000000000,
              0.0000000000000000]
          }
        }
      },
            "minecraft:display_name": {
        "value": "§l§edoku doku no: venom shot \n§acooldown: 8"},
          
          "minecraft:cooldown": {
           "category": "ender_pearl",
            "duration": 8
         },
          "minecraft:throwable": {
            "do_swing_animation": true
          },
          "minecraft:on_use": {
            "on_use": {
              "event": "test1",
              "target": "self"
            }
          }
        },
        "events": {
          "test1": {
            "shoot": {
              "projectile": "stk:ball",
              "launch_power": 1,
              "angle_offset": 20
            }
          }
         }
       }
    }

































