{
  "format_version": "1.13.0",
  "minecraft:entity": {    
    "description": {
      "identifier": "op_asa:goru_golden_beam_ex",
      "is_spawnable": false,
      "is_summonable": true,
      "is_experimental": false
    },
    "component_groups": {

    },
    "components": {
      "minecraft:type_family": {
        "family": [ "gorugoru" ]
      },
      "minecraft:collision_box": {
        "width": 0.0,
        "height": 0.0
      },
      "minecraft:explode": {
        "fuseLength": 0,
        "fuseLit": true,
        "power": 10,
        "causesFire": true,
        "fireAffectedByGriefing": true,
        "destroyAffectedByGriefing": true
      },
      "minecraft:transformation": {
        "into": "op_asa:despawn",
        "delay": 0.3
      },
      "minecraft:damage_sensor": {
        "triggers": {
            "on_damage": {"filters": {}},
            "deals_damage": false
        }
      }
    },
    "events": {
    }
  }
}