{
  "format_version": "1.16.0",
  "minecraft:entity": {
    "description": {
      "identifier": "op_asa:goru_golden",
      "is_spawnable": true,
      "is_summonable": true,
      "is_experimental": false,
      "scripts":{
        "animate":["1","2"]
      },
      "animations":{
        "1":"controller.animation.goru_rider",
        "2":"controller.animation.despawn"
      }
    },
    "component_groups":{
      "op_asa:despawm":{
        "minecraft:instant_despawn":{}
      },
      "op_asa:base":{
        "minecraft:variant":{ "value":0 }
      },
      "op_asa:rideable":{
        "minecraft:rideable": {
          "seat_count": 1,
          "family_types": ["player"],
          "interact_text": "action.interact.ride.homies",
          "seats": {
            "position": [ 0,1.05,0.1 ]
          }
        }
      },
      "op_asa:panch":{
        "minecraft:variant":{ "value":1 },
        "minecraft:timer":{
          "looping":false,
          "randomInterval":false,
          "time":0.6,
          "time_down_event":{
            "event":"op_asa:panch",
            "target":"self"
          }
        }
      },
      "op_asa:panch_up":{
        "minecraft:variant":{ "value":2 },
        "minecraft:timer":{
          "looping":false,
          "randomInterval":false,
          "time":0.6,
          "time_down_event":{
            "event":"op_asa:panch_up",
            "target":"self"
          }
        }
      },
      "op_asa:panch_down":{
        "minecraft:variant":{ "value":3 },
        "minecraft:timer":{
          "looping":false,
          "randomInterval":false,
          "time":0.6,
          "time_down_event":{
            "event":"op_asa:panch_down",
            "target":"self"
          }
        }
      },
      "op_asa:beam":{
        "minecraft:variant":{ "value":4 },
        "minecraft:timer":{
          "looping":false,
          "randomInterval":false,
          "time":0.6,
          "time_down_event":{
            "event":"op_asa:beam_end",
            "target":"self"
          }
        }
      }
    },

    "components": {
      "minecraft:type_family": {
        "family": ["gorugoru","player"]
      },
      "minecraft:scale":{
        "value":12
      },
      "minecraft:navigation.walk": {
        "is_amphibious": false
      },
      "minecraft:movement.basic": {},
      "minecraft:movement": {
        "value": 0.2
      },
      "minecraft:health": {
        "value": 500,
        "max": 500
      },
      "minecraft:collision_box": {
        "width": 0.6,
        "height": 1.8
      },
      "minecraft:knockback_resistance": {
        "value": 0.7
      },
      "minecraft:input_ground_controlled": {},
      "minecraft:fire_immune": {
      },
      "minecraft:nameable": {
      },
      "minecraft:damage_sensor": {
        "triggers": [
          {
            "cause": "fall",
            "deals_damage": false
          },
          {
            "cause": "lightning",
            "deals_damage": false
          },
          {
            "on_damage": {
              "filters": {
                "test":"is_family","subject":"other","value":"gorugoru"
              }
            },
            "deals_damage":false
          },
          {
            "on_damage": {
              "filters":{
                "all_of": [
                  { "test":"is_variant", "subject":"other", "value":2735 },
                  { "test":"is_family", "subject":"other", "value":"player" }
                ]
              }
            },
            "deals_damage":false
          }
        ]
      },
      "minecraft:can_climb": {
      },
      "minecraft:physics": {
      },
      "minecraft:pushable": {
        "is_pushable": false,
        "is_pushable_by_piston": false
      },
      "minecraft:conditional_bandwidth_optimization": {
      },
      "minecraft:persistent":{
      }
    },
    "events":{
      "minecraft:entity_spawned":{
        "add":{
          "component_groups":["op_asa:rideable","op_asa:base"]
        }
      },
      "op_asa:rideable":{
        "add":{
          "component_groups":["op_asa:rideable"]
        }
      },
      "op_asa:unrideable":{
        "remove":{
          "component_groups":["op_asa:rideable"]
        }
      },
      "op_asa:despawm":{
        "add":{
          "component_groups":["op_asa:despawm"]
        }
      },
      "op_asa:panch_start":{
        "remove":{
          "component_groups":["op_asa:base"]
        },
        "add":{
          "component_groups":["op_asa:panch"]
        }
      },
      "op_asa:panch":{
        "run_command":{
          "command":"execute @p[tag=gorugoru] ~~~ summon op_asa:goru_golden_panch ^^^10"
        },
        "remove":{
          "component_groups":["op_asa:panch"]
        },
        "add":{
          "component_groups":["op_asa:base"]
        }
      },
      "op_asa:panch_up_start":{
        "remove":{
          "component_groups":["op_asa:base"]
        },
        "add":{
          "component_groups":["op_asa:panch_up"]
        }
      },
      "op_asa:panch_up":{
        "run_command":{
          "command":"execute @p[tag=gorugoru] ~~~ summon op_asa:goru_golden_panch ^^^10"
        },
        "remove":{
          "component_groups":["op_asa:panch_up"]
        },
        "add":{
          "component_groups":["op_asa:base"]
        }
      },
      "op_asa:panch_down_start":{
        "remove":{
          "component_groups":["op_asa:base"]
        },
        "add":{
          "component_groups":["op_asa:panch_down"]
        }
      },
      "op_asa:panch_down":{
        "run_command":{
          "command":"execute @p[tag=gorugoru] ~~~ summon op_asa:goru_golden_panch ^^^10"
        },
        "remove":{
          "component_groups":["op_asa:panch_down"]
        },
        "add":{
          "component_groups":["op_asa:base"]
        }
      },
      "op_asa:beam":{
        "remove":{
          "component_groups":["op_asa:base"]
        },
        "add":{
          "component_groups":["op_asa:beam"]
        }
      },
      "op_asa:beam_end":{
        "remove":{
          "component_groups":["op_asa:beam"]
        },
        "add":{
          "component_groups":["op_asa:base"]
        }
      }
    }
  }
}