{
	"format_version": "1.16.0",
	"minecraft:entity": {
		"description": {
			"identifier": "op_asa:npc_goru",
      "is_spawnable": false,
			"is_summonable": true,
			"is_experimental": false,
      "scripts":{
        "animate":["1"]
      },
      "animations":{
        "1":"controller.animation.npc_goru"
      }
		},
    "component_groups": {
      "op_asa:despawn": {
        "minecraft:instant_despawn": {}
      }
    },
		"components": {
      "minecraft:timer": {
        "looping": false,
        "randomInterval": false,
        "time": 0,
        "time_down_event": {
         "event": "op_asa:dialogue",
         "target": "self"
        }
      },
      "minecraft:damage_sensor": {
        "triggers": {
          "cause": "all",
          "deals_damage": false
        }
      },
      "minecraft:npc": {
        "npc_data": {
          "portrait_offsets": {
            "translate": [0, -186, 0],
            "scale": [29, 29, 29]
          },
          "picker_offsets": {
            "translate": [0, 0, 0],
            "scale": [1.7, 1.7, 1.7]
          }
        }
      },
      "minecraft:scale":{
        "value":0.1
      },
			"minecraft:pushable": {
				"is_pushable": false,
				"is_pushable_by_piston": false
			},
			"minecraft:collision_box": {
				"width": 0,
				"height": 0
			}
		},
    "events":{
      "op_asa:dialogue":{
        "run_command":{
          "command":[
            "dialogue open @s @p[hasitem={item=op_asa:goru_craft,location=slot.weapon.mainhand}] goru_craft"
          ]
        }
      },
      "op_asa:despawn": {
        "add": {
          "component_groups": ["op_asa:despawn"]
        }
      }
    }
	}
}