{
	"file_uuid": "0b775e35_2f48_4284_96b5_27473a1c99ee",
	"file_path": "C:\\Users\\fiddy\\AppData\\Local\\Packages\\Microsoft.MinecraftUWP_8wekyb3d8bbwe\\LocalState\\games\\com.mojang\\development_behavior_packs\\H_DecorB\\blocks\\halloween_crafting_table.json",
	"file_type": "block",
	"format_version": 1,
	"file_version": 120,
	"cache_content": {
		"children": [
			{
				"data": "1.17.0",
				"key": "format_version"
			},
			{
				"open": {
					"format_version": "1.17.0",
					"minecraft:block": {
						"description": {
							"identifier": "boi:halloween_crafting_table"
						},
						"components": {
							"minecraft:block_light_absorption": 16,
							"minecraft:destroy_time": 0.3,
							"minecraft:explosion_resistance": 1,
							"minecraft:map_color": "#B89347",
							"minecraft:unit_cube": {},
							"minecraft:material_instances": {
								"*": {
									"texture": "bone_pile_skulls"
								}
							},
							"minecraft:crafting_table": {
								"custom_description": "Halloween Crafting Table",
								"grid_size": 3,
								"crafting_tags": [
									"hall_table"
								]
							}
						}
					}
				},
				"key": "minecraft:block",
				"children": [
					{
						"key": "description",
						"is_minified": true,
						"children": {
							"identifier": "boi:halloween_crafting_table"
						}
					},
					{
						"open": {
							"description": {
								"identifier": "boi:halloween_crafting_table"
							},
							"components": {
								"minecraft:block_light_absorption": 16,
								"minecraft:destroy_time": 0.3,
								"minecraft:explosion_resistance": 1,
								"minecraft:map_color": "#B89347",
								"minecraft:unit_cube": {},
								"minecraft:material_instances": {
									"*": {
										"texture": "bone_pile_skulls"
									}
								},
								"minecraft:crafting_table": {
									"custom_description": "Halloween Crafting Table",
									"grid_size": 3,
									"crafting_tags": [
										"hall_table"
									]
								}
							}
						},
						"key": "components",
						"children": [
							{
								"data": "16",
								"key": "minecraft:block_light_absorption"
							},
							{
								"data": "0.3",
								"key": "minecraft:destroy_time"
							},
							{
								"data": "1",
								"key": "minecraft:explosion_resistance"
							},
							{
								"data": "#B89347",
								"key": "minecraft:map_color"
							},
							{
								"key": "minecraft:unit_cube",
								"is_minified": true,
								"children": {}
							},
							{
								"key": "minecraft:material_instances",
								"children": [
									{
										"open": {
											"*": {
												"texture": "bone_pile_skulls"
											}
										},
										"key": "*",
										"is_minified": true,
										"children": {
											"texture": "bone_pile_skulls"
										}
									}
								]
							},
							{
								"open": {
									"minecraft:block_light_absorption": 16,
									"minecraft:destroy_time": 0.3,
									"minecraft:explosion_resistance": 1,
									"minecraft:map_color": "#B89347",
									"minecraft:unit_cube": {},
									"minecraft:material_instances": {
										"*": {
											"texture": "bone_pile_skulls"
										}
									},
									"minecraft:crafting_table": {
										"custom_description": "Halloween Crafting Table",
										"grid_size": 3,
										"crafting_tags": [
											"hall_table"
										]
									}
								},
								"key": "minecraft:crafting_table",
								"children": [
									{
										"data": "Halloween Crafting Table",
										"key": "custom_description"
									},
									{
										"data": "3",
										"key": "grid_size"
									},
									{
										"open": {
											"custom_description": "Halloween Crafting Table",
											"grid_size": 3,
											"crafting_tags": [
												"hall_table"
											]
										},
										"key": "crafting_tags",
										"is_minified": true,
										"children": [
											"hall_table"
										]
									}
								]
							}
						]
					}
				]
			}
		]
	}
}