{
	"file_path": "C:\\Users\\fiddy\\AppData\\Local\\Packages\\Microsoft.MinecraftUWP_8wekyb3d8bbwe\\LocalState\\games\\com.mojang\\development_behavior_packs\\H_DecorB\\blocks\\halloween_crafting_table.json",
	"file_type": "block",
	"format_version": 1,
	"file_uuid": "6068a468_8679_433c_9b61_219bca3f2235",
	"file_version": 124,
	"cache_content": {
		"children": [
			{
				"data": "1.17.0",
				"key": "format_version"
			},
			{
				"open": {
					"format_version": "1.17.0",
					"minecraft:block": {
						"description": {
							"identifier": "boi:halloween_crafting_table"
						},
						"components": {
							"minecraft:block_light_absorption": 16,
							"minecraft:destroy_time": 0.3,
							"minecraft:explosion_resistance": 1,
							"minecraft:map_color": "#B89347",
							"minecraft:unit_cube": {},
							"minecraft:crafting_table": {
								"custom_description": "Seasonal Crafting Table",
								"grid_size": 3,
								"crafting_tags": [
									"hall_table"
								]
							},
							"minecraft:material_instances": {
								"*": {
									"texture": "hall_table_side",
									"render_method": "opaque"
								},
								"bottom": {
									"texture": "hall_table_down",
									"render_method": "opaque"
								},
								"top": {
									"texture": "hall_table_up",
									"render_method": "opaque"
								},
								"down": "bottom",
								"up": "top"
							}
						}
					}
				},
				"key": "minecraft:block",
				"children": [
					{
						"key": "description",
						"is_minified": true,
						"children": {
							"identifier": "boi:halloween_crafting_table"
						}
					},
					{
						"open": {
							"description": {
								"identifier": "boi:halloween_crafting_table"
							},
							"components": {
								"minecraft:block_light_absorption": 16,
								"minecraft:destroy_time": 0.3,
								"minecraft:explosion_resistance": 1,
								"minecraft:map_color": "#B89347",
								"minecraft:unit_cube": {},
								"minecraft:crafting_table": {
									"custom_description": "Seasonal Crafting Table",
									"grid_size": 3,
									"crafting_tags": [
										"hall_table"
									]
								},
								"minecraft:material_instances": {
									"*": {
										"texture": "hall_table_side",
										"render_method": "opaque"
									},
									"bottom": {
										"texture": "hall_table_down",
										"render_method": "opaque"
									},
									"top": {
										"texture": "hall_table_up",
										"render_method": "opaque"
									},
									"down": "bottom",
									"up": "top"
								}
							}
						},
						"key": "components",
						"children": [
							{
								"data": "16",
								"key": "minecraft:block_light_absorption"
							},
							{
								"data": "0.3",
								"key": "minecraft:destroy_time"
							},
							{
								"data": "1",
								"key": "minecraft:explosion_resistance"
							},
							{
								"data": "#B89347",
								"key": "minecraft:map_color"
							},
							{
								"key": "minecraft:unit_cube",
								"is_minified": true,
								"children": {}
							},
							{
								"open": {
									"minecraft:block_light_absorption": 16,
									"minecraft:destroy_time": 0.3,
									"minecraft:explosion_resistance": 1,
									"minecraft:map_color": "#B89347",
									"minecraft:unit_cube": {},
									"minecraft:crafting_table": {
										"custom_description": "Seasonal Crafting Table",
										"grid_size": 3,
										"crafting_tags": [
											"hall_table"
										]
									},
									"minecraft:material_instances": {
										"*": {
											"texture": "hall_table_side",
											"render_method": "opaque"
										},
										"bottom": {
											"texture": "hall_table_down",
											"render_method": "opaque"
										},
										"top": {
											"texture": "hall_table_up",
											"render_method": "opaque"
										},
										"down": "bottom",
										"up": "top"
									}
								},
								"key": "minecraft:crafting_table",
								"is_minified": true,
								"children": {
									"custom_description": "Seasonal Crafting Table",
									"grid_size": 3,
									"crafting_tags": [
										"hall_table"
									]
								}
							},
							{
								"open": {
									"minecraft:block_light_absorption": 16,
									"minecraft:destroy_time": 0.3,
									"minecraft:explosion_resistance": 1,
									"minecraft:map_color": "#B89347",
									"minecraft:unit_cube": {},
									"minecraft:crafting_table": {
										"custom_description": "Seasonal Crafting Table",
										"grid_size": 3,
										"crafting_tags": [
											"hall_table"
										]
									},
									"minecraft:material_instances": {
										"*": {
											"texture": "hall_table_side",
											"render_method": "opaque"
										},
										"bottom": {
											"texture": "hall_table_down",
											"render_method": "opaque"
										},
										"top": {
											"texture": "hall_table_up",
											"render_method": "opaque"
										},
										"down": "bottom",
										"up": "top"
									}
								},
								"key": "minecraft:material_instances",
								"children": [
									{
										"open": {
											"*": {
												"texture": "hall_table_side",
												"render_method": "opaque"
											},
											"bottom": {
												"texture": "hall_table_down",
												"render_method": "opaque"
											},
											"top": {
												"texture": "hall_table_up",
												"render_method": "opaque"
											},
											"down": "bottom",
											"up": "top"
										},
										"key": "*",
										"is_minified": true,
										"children": {
											"texture": "hall_table_side",
											"render_method": "opaque"
										}
									},
									{
										"open": {
											"*": {
												"texture": "hall_table_side",
												"render_method": "opaque"
											},
											"bottom": {
												"texture": "hall_table_down",
												"render_method": "opaque"
											},
											"top": {
												"texture": "hall_table_up",
												"render_method": "opaque"
											},
											"down": "bottom",
											"up": "top"
										},
										"key": "bottom",
										"is_minified": true,
										"children": {
											"texture": "hall_table_down",
											"render_method": "opaque"
										}
									},
									{
										"open": {
											"*": {
												"texture": "hall_table_side",
												"render_method": "opaque"
											},
											"bottom": {
												"texture": "hall_table_down",
												"render_method": "opaque"
											},
											"top": {
												"texture": "hall_table_up",
												"render_method": "opaque"
											},
											"down": "bottom",
											"up": "top"
										},
										"key": "top",
										"is_minified": true,
										"children": {
											"texture": "hall_table_up",
											"render_method": "opaque"
										}
									},
									{
										"data": "bottom",
										"key": "down"
									},
									{
										"data": "top",
										"key": "up"
									}
								]
							}
						]
					}
				]
			}
		]
	}
}