{"format_version":"1.10.0","animation_controllers":{"controller.animation.sleep":{"states":{"default":{"transitions":[{"sleep":"query.variant == 1"},{"sleep_charged":"query.variant == 1 && query.is_item_equipped"}]},"sleep":{"transitions":[{"default":"query.all_animations_finished"}],"on_entry":["/execute @e[r=2,c=1] ~ ~ ~ event entity @e[r=2,c=1] sleep_event"]},"sleep_charged":{"transitions":[{"default":"query.all_animations_finished"}],"on_entry":["/execute @e[r=2,c=1] ~ ~ ~ event entity @e[r=2,c=1] sleep_charged_event"]}}}}}