{
  "format_version":"1.16.100",
  "animation_controllers":{
    "controller.animation.doframingo":{
      "states":{
        "default":{
          "transitions":[
            {"00":"(1.0)"}
          ]
        },
        "00":{
          "transitions":[
            {"k":"query.variant == 27000"},
            {"kurouzu":"query.variant == 270"},
            {"0":"query.health <= 100"}
          ]
        },
        "0":{
          "transitions":[
            {"k":"query.variant == 27000"},
            {"kurouzu":"query.variant == 270"},
            {"1":"query.has_target && !query.is_in_water"}
          ]
        },
        "1":{
          "transitions":[
            {"2":"v.time = (v.time ?? 0);v.time = v.time < 100 ? v.time + 1:0;return v.time == 0;"}
          ],
          "on_entry":[
            "/execute @e[r=32,family=mob,type=!op_asa:syuga-,type=!op_asa:trabol] ~~~ setblock ~~-1~ op_asa:itoito_block",
            "/execute @e[r=32,family=player] ~~~ setblock ~~-1~ op_asa:itoito_block"
          ]
        },
        "2":{
          "transitions":[
            {"0":"v.time = (v.time ?? 0);v.time = v.time < 100 ? v.time + 1:0;return v.time == 0;"}
          ]
        },
        "kurouzu":{
          "transitions":[
            {"00":"query.variant == 0"}
          ]
        },
        "k":{}
      }
    },
    "controller.animation.doframingo2":{
      "states":{
        "default":{
          "transitions":[
            {"k":"query.variant == 27000"},
            {"kurouzu":"query.variant == 270"},
            {"0":"!(query.variant == 270 || query.variant == 27000)"}
          ]
        },
        "0":{
          "transitions":[
            {"default":"(1.0)"}
          ],
          "on_entry":[
            "/fill ~-1~-1~-1 ~1~5~1 air 0 replace op_asa:itoito_block"
          ]
        },
        "kurouzu":{
          "transitions":[
            {"default":"query.variant == 0"}
          ]
        },
        "k":{}
      }
    }
  }
}