{
	"file_path": "C:\\Users\\fiddy\\AppData\\Local\\Packages\\Microsoft.MinecraftUWP_8wekyb3d8bbwe\\LocalState\\games\\com.mojang\\development_behavior_packs\\H_DecorB\\items\\all_hall_items.json",
	"file_type": "item",
	"format_version": 1,
	"file_uuid": "f13b92eb_bc7b_40d3_b603_3c3431587c0b",
	"file_version": 14,
	"cache_content": {
		"children": [
			{
				"data": "1.17.0",
				"key": "format_version"
			},
			{
				"open": {
					"format_version": "1.17.0",
					"minecraft:item": {
						"description": {
							"identifier": "boi:all_hall_items",
							"category": "nature"
						},
						"components": {
							"minecraft:icon": {
								"texture": "all_hall_items"
							},
							"minecraft:max_stack_size": 64,
							"minecraft:entity_placer": {
								"entity": "boi:effect_entity<all_hall_items>"
							}
						}
					}
				},
				"key": "minecraft:item",
				"children": [
					{
						"key": "description",
						"is_minified": true,
						"children": {
							"identifier": "boi:all_hall_items",
							"category": "nature"
						}
					},
					{
						"open": {
							"description": {
								"identifier": "boi:all_hall_items",
								"category": "nature"
							},
							"components": {
								"minecraft:icon": {
									"texture": "all_hall_items"
								},
								"minecraft:max_stack_size": 64,
								"minecraft:entity_placer": {
									"entity": "boi:effect_entity<all_hall_items>"
								}
							}
						},
						"key": "components",
						"children": [
							{
								"open": {
									"minecraft:icon": {
										"texture": "all_hall_items"
									},
									"minecraft:max_stack_size": 64,
									"minecraft:entity_placer": {
										"entity": "boi:effect_entity<all_hall_items>"
									}
								},
								"key": "minecraft:icon",
								"is_minified": true,
								"children": {
									"texture": "all_hall_items"
								}
							},
							{
								"data": "64",
								"key": "minecraft:max_stack_size"
							},
							{
								"key": "minecraft:entity_placer",
								"is_minified": true,
								"children": {
									"entity": "boi:effect_entity<all_hall_items>"
								}
							}
						]
					}
				]
			}
		]
	}
}