{
	"file_path": "C:\\Users\\fiddy\\AppData\\Local\\Packages\\Microsoft.MinecraftUWP_8wekyb3d8bbwe\\LocalState\\games\\com.mojang\\development_behavior_packs\\H_DecorB\\items\\autumn_sapling_item.json",
	"file_type": "item",
	"format_version": 1,
	"file_uuid": "27bd6f4c_fd0f_44de_9d50_e8a7b9996c4d",
	"file_version": 11,
	"cache_content": {
		"children": [
			{
				"data": "1.17.0",
				"key": "format_version"
			},
			{
				"open": {
					"format_version": "1.17.0",
					"minecraft:item": {
						"description": {
							"identifier": "boi:autumn_sapling_item",
							"category": "nature"
						},
						"components": {
							"minecraft:icon": {
								"texture": "autumn_sapling_item"
							},
							"minecraft:block_placer": {
								"block": "boi:autumn_sapling",
								"use_on": [
									"minecraft:grass",
									"minecraft:podzol",
									"minecraft:dirt",
									"minecraft:mycelium",
									"minecraft:moss_block"
								],
								"use_block_description": true
							},
							"minecraft:max_stack_size": 64,
							"minecraft:fuel": {
								"duration": 1
							},
							"minecraft:creative_category": {
								"parent": "itemGroup.name.sapling"
							}
						}
					}
				},
				"key": "minecraft:item",
				"children": [
					{
						"key": "description",
						"is_minified": true,
						"children": {
							"identifier": "boi:autumn_sapling_item",
							"category": "nature"
						}
					},
					{
						"open": {
							"description": {
								"identifier": "boi:autumn_sapling_item",
								"category": "nature"
							},
							"components": {
								"minecraft:icon": {
									"texture": "autumn_sapling_item"
								},
								"minecraft:block_placer": {
									"block": "boi:autumn_sapling",
									"use_on": [
										"minecraft:grass",
										"minecraft:podzol",
										"minecraft:dirt",
										"minecraft:mycelium",
										"minecraft:moss_block"
									],
									"use_block_description": true
								},
								"minecraft:max_stack_size": 64,
								"minecraft:fuel": {
									"duration": 1
								},
								"minecraft:creative_category": {
									"parent": "itemGroup.name.sapling"
								}
							}
						},
						"key": "components",
						"children": [
							{
								"key": "minecraft:icon",
								"is_minified": true,
								"children": {
									"texture": "autumn_sapling_item"
								}
							},
							{
								"open": {
									"minecraft:icon": {
										"texture": "autumn_sapling_item"
									},
									"minecraft:block_placer": {
										"block": "boi:autumn_sapling",
										"use_on": [
											"minecraft:grass",
											"minecraft:podzol",
											"minecraft:dirt",
											"minecraft:mycelium",
											"minecraft:moss_block"
										],
										"use_block_description": true
									},
									"minecraft:max_stack_size": 64,
									"minecraft:fuel": {
										"duration": 1
									},
									"minecraft:creative_category": {
										"parent": "itemGroup.name.sapling"
									}
								},
								"key": "minecraft:block_placer",
								"children": [
									{
										"open": {
											"block": "boi:autumn_sapling",
											"use_on": [
												"minecraft:grass",
												"minecraft:podzol",
												"minecraft:dirt",
												"minecraft:mycelium",
												"minecraft:moss_block"
											],
											"use_block_description": true
										},
										"data": "boi:autumn_sapling",
										"key": "block"
									},
									{
										"open": {
											"block": "boi:autumn_sapling",
											"use_on": [
												"minecraft:grass",
												"minecraft:podzol",
												"minecraft:dirt",
												"minecraft:mycelium",
												"minecraft:moss_block"
											],
											"use_block_description": true
										},
										"key": "use_on",
										"is_minified": true,
										"children": [
											"minecraft:grass",
											"minecraft:podzol",
											"minecraft:dirt",
											"minecraft:mycelium",
											"minecraft:moss_block"
										]
									},
									{
										"data": "true",
										"key": "use_block_description"
									}
								]
							},
							{
								"data": "64",
								"key": "minecraft:max_stack_size"
							},
							{
								"key": "minecraft:fuel",
								"is_minified": true,
								"children": {
									"duration": 1
								}
							},
							{
								"key": "minecraft:creative_category",
								"is_minified": true,
								"children": {
									"parent": "itemGroup.name.sapling"
								}
							}
						]
					}
				]
			}
		]
	}
}