{
	"file_path": "C:\\Users\\fiddy\\AppData\\Local\\Packages\\Microsoft.MinecraftUWP_8wekyb3d8bbwe\\LocalState\\games\\com.mojang\\development_behavior_packs\\SeasonalDecorBP\\items\\bag_halloween.json",
	"file_type": "item",
	"format_version": 1,
	"file_uuid": "067075a7_76d9_45a2_9582_af85f70a5f25",
	"file_version": 27,
	"cache_content": {
		"children": [
			{
				"data": "1.17.0",
				"key": "format_version"
			},
			{
				"open": {
					"format_version": "1.17.0",
					"minecraft:item": {
						"description": {
							"identifier": "boi:bag_halloween",
							"category": "items"
						},
						"components": {
							"minecraft:icon": {
								"texture": "bag_halloween"
							},
							"minecraft:max_stack_size": 16,
							"minecraft:food": {
								"can_always_eat": true,
								"nutrition": 0,
								"saturation_modifier": "poor"
							},
							"minecraft:use_duration": 99,
							"minecraft:on_use": {
								"on_use": {
									"event": "open"
								}
							}
						},
						"events": {
							"open": {
								"sequence": [
									{
										"run_command": {
											"command": [
												"summon boi:season_loot ~~~ bag_halloween",
												"playsound dig.cloth @a ~~~"
											]
										}
									},
									{
										"decrement_stack": {
											"ignore_game_mode": true
										}
									}
								]
							}
						}
					}
				},
				"key": "minecraft:item",
				"children": [
					{
						"open": {
							"description": {
								"identifier": "boi:bag_halloween",
								"category": "items"
							},
							"components": {
								"minecraft:icon": {
									"texture": "bag_halloween"
								},
								"minecraft:max_stack_size": 16,
								"minecraft:food": {
									"can_always_eat": true,
									"nutrition": 0,
									"saturation_modifier": "poor"
								},
								"minecraft:use_duration": 99,
								"minecraft:on_use": {
									"on_use": {
										"event": "open"
									}
								}
							},
							"events": {
								"open": {
									"sequence": [
										{
											"run_command": {
												"command": [
													"summon boi:season_loot ~~~ bag_halloween",
													"playsound dig.cloth @a ~~~"
												]
											}
										},
										{
											"decrement_stack": {
												"ignore_game_mode": true
											}
										}
									]
								}
							}
						},
						"key": "description",
						"is_minified": true,
						"children": {
							"identifier": "boi:bag_halloween",
							"category": "items"
						}
					},
					{
						"open": {
							"description": {
								"identifier": "boi:bag_halloween",
								"category": "items"
							},
							"components": {
								"minecraft:icon": {
									"texture": "bag_halloween"
								},
								"minecraft:max_stack_size": 16,
								"minecraft:food": {
									"can_always_eat": true,
									"nutrition": 0,
									"saturation_modifier": "poor"
								},
								"minecraft:use_duration": 99,
								"minecraft:on_use": {
									"on_use": {
										"event": "open"
									}
								}
							},
							"events": {
								"open": {
									"sequence": [
										{
											"run_command": {
												"command": [
													"summon boi:season_loot ~~~ bag_halloween",
													"playsound dig.cloth @a ~~~"
												]
											}
										},
										{
											"decrement_stack": {
												"ignore_game_mode": true
											}
										}
									]
								}
							}
						},
						"key": "components",
						"children": [
							{
								"open": {
									"minecraft:icon": {
										"texture": "bag_halloween"
									},
									"minecraft:max_stack_size": 16,
									"minecraft:food": {
										"can_always_eat": true,
										"nutrition": 0,
										"saturation_modifier": "poor"
									},
									"minecraft:use_duration": 99,
									"minecraft:on_use": {
										"on_use": {
											"event": "open"
										}
									}
								},
								"key": "minecraft:icon",
								"is_minified": true,
								"children": {
									"texture": "bag_halloween"
								}
							},
							{
								"open": {
									"minecraft:icon": {
										"texture": "bag_halloween"
									},
									"minecraft:max_stack_size": 16,
									"minecraft:food": {
										"can_always_eat": true,
										"nutrition": 0,
										"saturation_modifier": "poor"
									},
									"minecraft:use_duration": 99,
									"minecraft:on_use": {
										"on_use": {
											"event": "open"
										}
									}
								},
								"data": "16",
								"key": "minecraft:max_stack_size"
							},
							{
								"key": "minecraft:food",
								"is_minified": true,
								"children": {
									"can_always_eat": true,
									"nutrition": 0,
									"saturation_modifier": "poor"
								}
							},
							{
								"data": "99",
								"key": "minecraft:use_duration"
							},
							{
								"key": "minecraft:on_use",
								"children": [
									{
										"open": {
											"on_use": {
												"event": "open"
											}
										},
										"key": "on_use",
										"is_minified": true,
										"children": {
											"event": "open"
										}
									}
								]
							}
						]
					},
					{
						"open": {
							"description": {
								"identifier": "boi:bag_halloween",
								"category": "items"
							},
							"components": {
								"minecraft:icon": {
									"texture": "bag_halloween"
								},
								"minecraft:max_stack_size": 16,
								"minecraft:food": {
									"can_always_eat": true,
									"nutrition": 0,
									"saturation_modifier": "poor"
								},
								"minecraft:use_duration": 99,
								"minecraft:on_use": {
									"on_use": {
										"event": "open"
									}
								}
							},
							"events": {
								"open": {
									"sequence": [
										{
											"run_command": {
												"command": [
													"summon boi:season_loot ~~~ bag_halloween",
													"playsound dig.cloth @a ~~~"
												]
											}
										},
										{
											"decrement_stack": {
												"ignore_game_mode": true
											}
										}
									]
								}
							}
						},
						"key": "events",
						"children": [
							{
								"open": {
									"open": {
										"sequence": [
											{
												"run_command": {
													"command": [
														"summon boi:season_loot ~~~ bag_halloween",
														"playsound dig.cloth @a ~~~"
													]
												}
											},
											{
												"decrement_stack": {
													"ignore_game_mode": true
												}
											}
										]
									}
								},
								"key": "open",
								"children": [
									{
										"open": {
											"sequence": [
												{
													"run_command": {
														"command": [
															"summon boi:season_loot ~~~ bag_halloween",
															"playsound dig.cloth @a ~~~"
														]
													}
												},
												{
													"decrement_stack": {
														"ignore_game_mode": true
													}
												}
											]
										},
										"key": "sequence",
										"children": [
											{
												"open": [
													{
														"run_command": {
															"command": [
																"summon boi:season_loot ~~~ bag_halloween",
																"playsound dig.cloth @a ~~~"
															]
														}
													},
													{
														"decrement_stack": {
															"ignore_game_mode": true
														}
													}
												],
												"children": [
													{
														"open": {
															"run_command": {
																"command": [
																	"summon boi:season_loot ~~~ bag_halloween",
																	"playsound dig.cloth @a ~~~"
																]
															}
														},
														"key": "run_command",
														"children": [
															{
																"open": {
																	"command": [
																		"summon boi:season_loot ~~~ bag_halloween",
																		"playsound dig.cloth @a ~~~"
																	]
																},
																"key": "command",
																"is_minified": true,
																"children": [
																	"summon boi:season_loot ~~~ bag_halloween",
																	"playsound dig.cloth @a ~~~"
																]
															}
														]
													}
												]
											},
											{
												"is_minified": true,
												"children": {
													"decrement_stack": {
														"ignore_game_mode": true
													}
												}
											}
										]
									}
								]
							}
						]
					}
				]
			}
		]
	}
}