{
	"file_path": "C:\\Users\\fiddy\\AppData\\Local\\Packages\\Microsoft.MinecraftUWP_8wekyb3d8bbwe\\LocalState\\games\\com.mojang\\development_behavior_packs\\H_DecorB\\items\\broomstick_item.json",
	"file_type": "item",
	"format_version": 1,
	"file_uuid": "61840429_9530_4e00_9c6f_2c5933f8df15",
	"file_version": 18,
	"cache_content": {
		"children": [
			{
				"data": "1.17.0",
				"key": "format_version"
			},
			{
				"open": {
					"format_version": "1.17.0",
					"minecraft:item": {
						"description": {
							"identifier": "boi:broomstick_item",
							"category": "items"
						},
						"components": {
							"minecraft:icon": {
								"texture": "broomstick_item"
							},
							"minecraft:max_stack_size": 1,
							"minecraft:entity_placer": {
								"entity": "boi:broomstick"
							}
						}
					}
				},
				"key": "minecraft:item",
				"children": [
					{
						"open": {
							"description": {
								"identifier": "boi:broomstick_item",
								"category": "items"
							},
							"components": {
								"minecraft:icon": {
									"texture": "broomstick_item"
								},
								"minecraft:max_stack_size": 1,
								"minecraft:entity_placer": {
									"entity": "boi:broomstick"
								}
							}
						},
						"key": "description",
						"is_minified": true,
						"children": {
							"identifier": "boi:broomstick_item",
							"category": "items"
						}
					},
					{
						"open": {
							"description": {
								"identifier": "boi:broomstick_item",
								"category": "items"
							},
							"components": {
								"minecraft:icon": {
									"texture": "broomstick_item"
								},
								"minecraft:max_stack_size": 1,
								"minecraft:entity_placer": {
									"entity": "boi:broomstick"
								}
							}
						},
						"key": "components",
						"children": [
							{
								"open": {
									"minecraft:icon": {
										"texture": "broomstick_item"
									},
									"minecraft:max_stack_size": 1,
									"minecraft:entity_placer": {
										"entity": "boi:broomstick"
									}
								},
								"key": "minecraft:icon",
								"is_minified": true,
								"children": {
									"texture": "broomstick_item"
								}
							},
							{
								"data": "1",
								"key": "minecraft:max_stack_size"
							},
							{
								"key": "minecraft:entity_placer",
								"is_minified": true,
								"children": {
									"entity": "boi:broomstick"
								}
							}
						]
					}
				]
			}
		]
	}
}