{
	"file_path": "C:\\Users\\fiddy\\AppData\\Local\\Packages\\Microsoft.MinecraftUWP_8wekyb3d8bbwe\\LocalState\\games\\com.mojang\\development_behavior_packs\\SeasonalDecorBP\\items\\skeleton_wolf_summon.json",
	"file_type": "item",
	"format_version": 1,
	"file_uuid": "1525418a_5629_464e_b653_5a20bc16127b",
	"file_version": 41,
	"cache_content": {
		"children": [
			{
				"data": "1.17.0",
				"key": "format_version"
			},
			{
				"open": {
					"format_version": "1.17.0",
					"minecraft:item": {
						"description": {
							"identifier": "boi:skeleton_wolf_summon",
							"category": "items"
						},
						"components": {
							"minecraft:icon": {
								"texture": "summon_skeleton_wolf"
							},
							"minecraft:max_stack_size": 4,
							"minecraft:food": {
								"can_always_eat": true,
								"nutrition": 0,
								"saturation_modifier": "poor"
							},
							"minecraft:use_duration": 99,
							"minecraft:on_use": {
								"on_use": {
									"event": "spawn"
								}
							}
						},
						"events": {
							"spawn": {
								"sequence": [
									{
										"shoot": {
											"projectile": "boi:seasonal_pet_spawner<from_skeleton_wolf>",
											"launch_power": 1,
											"angle_offset": "(0.0)"
										},
										"decrement_stack": {}
									}
								]
							}
						}
					}
				},
				"key": "minecraft:item",
				"children": [
					{
						"open": {
							"description": {
								"identifier": "boi:skeleton_wolf_summon",
								"category": "items"
							},
							"components": {
								"minecraft:icon": {
									"texture": "summon_skeleton_wolf"
								},
								"minecraft:max_stack_size": 4,
								"minecraft:food": {
									"can_always_eat": true,
									"nutrition": 0,
									"saturation_modifier": "poor"
								},
								"minecraft:use_duration": 99,
								"minecraft:on_use": {
									"on_use": {
										"event": "spawn"
									}
								}
							},
							"events": {
								"spawn": {
									"sequence": [
										{
											"shoot": {
												"projectile": "boi:seasonal_pet_spawner<from_skeleton_wolf>",
												"launch_power": 1,
												"angle_offset": "(0.0)"
											},
											"decrement_stack": {}
										}
									]
								}
							}
						},
						"key": "description",
						"is_minified": true,
						"children": {
							"identifier": "boi:skeleton_wolf_summon",
							"category": "items"
						}
					},
					{
						"open": {
							"description": {
								"identifier": "boi:skeleton_wolf_summon",
								"category": "items"
							},
							"components": {
								"minecraft:icon": {
									"texture": "summon_skeleton_wolf"
								},
								"minecraft:max_stack_size": 4,
								"minecraft:food": {
									"can_always_eat": true,
									"nutrition": 0,
									"saturation_modifier": "poor"
								},
								"minecraft:use_duration": 99,
								"minecraft:on_use": {
									"on_use": {
										"event": "spawn"
									}
								}
							},
							"events": {
								"spawn": {
									"sequence": [
										{
											"shoot": {
												"projectile": "boi:seasonal_pet_spawner<from_skeleton_wolf>",
												"launch_power": 1,
												"angle_offset": "(0.0)"
											},
											"decrement_stack": {}
										}
									]
								}
							}
						},
						"key": "components",
						"children": [
							{
								"open": {
									"minecraft:icon": {
										"texture": "summon_skeleton_wolf"
									},
									"minecraft:max_stack_size": 4,
									"minecraft:food": {
										"can_always_eat": true,
										"nutrition": 0,
										"saturation_modifier": "poor"
									},
									"minecraft:use_duration": 99,
									"minecraft:on_use": {
										"on_use": {
											"event": "spawn"
										}
									}
								},
								"key": "minecraft:icon",
								"is_minified": true,
								"children": {
									"texture": "summon_skeleton_wolf"
								}
							},
							{
								"data": "4",
								"key": "minecraft:max_stack_size"
							},
							{
								"key": "minecraft:food",
								"is_minified": true,
								"children": {
									"can_always_eat": true,
									"nutrition": 0,
									"saturation_modifier": "poor"
								}
							},
							{
								"data": "99",
								"key": "minecraft:use_duration"
							},
							{
								"open": {
									"minecraft:icon": {
										"texture": "summon_skeleton_wolf"
									},
									"minecraft:max_stack_size": 4,
									"minecraft:food": {
										"can_always_eat": true,
										"nutrition": 0,
										"saturation_modifier": "poor"
									},
									"minecraft:use_duration": 99,
									"minecraft:on_use": {
										"on_use": {
											"event": "spawn"
										}
									}
								},
								"key": "minecraft:on_use",
								"children": [
									{
										"open": {
											"on_use": {
												"event": "spawn"
											}
										},
										"key": "on_use",
										"is_minified": true,
										"children": {
											"event": "spawn"
										}
									}
								]
							}
						]
					},
					{
						"open": {
							"description": {
								"identifier": "boi:skeleton_wolf_summon",
								"category": "items"
							},
							"components": {
								"minecraft:icon": {
									"texture": "summon_skeleton_wolf"
								},
								"minecraft:max_stack_size": 4,
								"minecraft:food": {
									"can_always_eat": true,
									"nutrition": 0,
									"saturation_modifier": "poor"
								},
								"minecraft:use_duration": 99,
								"minecraft:on_use": {
									"on_use": {
										"event": "spawn"
									}
								}
							},
							"events": {
								"spawn": {
									"sequence": [
										{
											"shoot": {
												"projectile": "boi:seasonal_pet_spawner<from_skeleton_wolf>",
												"launch_power": 1,
												"angle_offset": "(0.0)"
											},
											"decrement_stack": {}
										}
									]
								}
							}
						},
						"key": "events",
						"children": [
							{
								"open": {
									"spawn": {
										"sequence": [
											{
												"shoot": {
													"projectile": "boi:seasonal_pet_spawner<from_skeleton_wolf>",
													"launch_power": 1,
													"angle_offset": "(0.0)"
												},
												"decrement_stack": {}
											}
										]
									}
								},
								"key": "spawn",
								"children": [
									{
										"open": {
											"sequence": [
												{
													"shoot": {
														"projectile": "boi:seasonal_pet_spawner<from_skeleton_wolf>",
														"launch_power": 1,
														"angle_offset": "(0.0)"
													},
													"decrement_stack": {}
												}
											]
										},
										"key": "sequence",
										"children": [
											{
												"open": [
													{
														"shoot": {
															"projectile": "boi:seasonal_pet_spawner<from_skeleton_wolf>",
															"launch_power": 1,
															"angle_offset": "(0.0)"
														},
														"decrement_stack": {}
													}
												],
												"is_minified": true,
												"children": {
													"shoot": {
														"projectile": "boi:seasonal_pet_spawner<from_skeleton_wolf>",
														"launch_power": 1,
														"angle_offset": "(0.0)"
													},
													"decrement_stack": {}
												}
											}
										]
									}
								]
							}
						]
					}
				]
			}
		]
	}
}