{
  "format_version": "1.16.100",
  "minecraft:entity": {
    "description": {
      "identifier": "op_asa:pirate_ship",
      "is_spawnable": false,
      "is_summonable": true,
      "is_experimental": false
    },

    "component_groups": {
      "op_asa:floating": {
        "minecraft:buoyant": {
          "base_buoyancy": 1.0,
          "apply_gravity": true,
          "simulate_waves": true,
          "big_wave_probability": 0.03,
          "big_wave_speed": 10.0,
          "liquid_blocks": [
            "minecraft:water",
            "minecraft:flowing_water"
          ]
        }
      },
      "op_asa:can_ride": {
        "minecraft:rideable": {
          "seat_count": 20,
          "interact_text": "action.interact.ride.boat",
          "pull_in_entities": true,

          "seats": [
            //船長
            {
              "position": [ -0.6, 1.37, -4.37 ],
              "min_rider_count": 0,
              "max_rider_count": 1
            },
            //右
            {
              "position": [ 0.94, 1.37, -2.81 ],
              "min_rider_count": 2,
              "max_rider_count": 20
            },
            {
              "position": [ 0.94, 1.37, -1.87 ],
              "min_rider_count": 2,
              "max_rider_count": 20
            },
            {
              "position": [ 0.94, 1.37, -0.94 ],
              "min_rider_count": 2,
              "max_rider_count": 20
            },
            {
              "position": [ 0.94, 1.37, 0 ],
              "min_rider_count": 2,
              "max_rider_count": 20
            },
            {
              "position": [ 0.94, 1.37, 0.94 ],
              "min_rider_count": 2,
              "max_rider_count": 20
            },
            {
              "position": [ 0.94, 1.37, 1.87 ],
              "min_rider_count": 2,
              "max_rider_count": 20
            },
            //真ん中
            {
              "position": [ -0.6, 1.37, -2.81 ],
              "min_rider_count": 2,
              "max_rider_count": 20
            },
            {
              "position": [ -0.6, 1.37, -1.87 ],
              "min_rider_count": 2,
              "max_rider_count": 20
            },
            {
              "position": [ -0.6, 1.37, -0.94 ],
              "min_rider_count": 2,
              "max_rider_count": 20
            },
            {
              "position": [ -0.6, 1.37, 0 ],
              "min_rider_count": 2,
              "max_rider_count": 20
            },
            {
              "position": [ -0.6, 1.37, 0.94 ],
              "min_rider_count": 2,
              "max_rider_count": 20
            },
            {
              "position": [ -0.6, 1.37, 1.87 ],
              "min_rider_count": 2,
              "max_rider_count": 20
            },
            //左
            {
              "position": [ -0.94, 1.37, -2.81 ],
              "min_rider_count": 2,
              "max_rider_count": 20
            },
            {
              "position": [ -0.94, 1.37, -1.87 ],
              "min_rider_count": 2,
              "max_rider_count": 20
            },
            {
              "position": [ -0.94, 1.37, -0.94 ],
              "min_rider_count": 2,
              "max_rider_count": 20
            },
            {
              "position": [ -0.94, 1.37, 0 ],
              "min_rider_count": 2,
              "max_rider_count": 20
            },
            {
              "position": [ -0.94, 1.37, 0.94 ],
              "min_rider_count": 2,
              "max_rider_count": 20
            },
            {
              "position": [ -0.94, 1.37, 1.87 ],
              "min_rider_count": 2,
              "max_rider_count": 20
            },
            //最後
            {
              "position": [ -0.6, 1.37, 3.44 ],
              "min_rider_count": 2,
              "max_rider_count": 20
            }
          ]
        }
      },
      "op_asa:above_bubble_column_down": {
        "minecraft:buoyant": {
          "base_buoyancy": 1.0,
          "apply_gravity": true,
          "simulate_waves": false,
          "liquid_blocks": [
            "minecraft:water",
            "minecraft:flowing_water"
          ],
          "drag_down_on_buoyancy_removed": 0.7
        },
        "minecraft:timer": {
          "looping": false,
          "time": 3,
          "time_down_event": {
            "event": "op_asa:sink",
            "target": "self"
          }
        },
        "minecraft:out_of_control": {
        }
      },
      "op_asa:above_bubble_column_up": {
        "minecraft:buoyant": {
          "base_buoyancy": 1.0,
          "apply_gravity": true,
          "simulate_waves": false,
          "liquid_blocks": [
            "minecraft:water",
            "minecraft:flowing_water"
          ],
          "drag_down_on_buoyancy_removed": 0.7
        },
        "minecraft:out_of_control": {
        }
      }
    },

    "components": {
      "minecraft:type_family": {
        "family": [ "boat", "inanimate" ]
      },
      "minecraft:collision_box": {
        "width":3,
        "height":2.5
      },
      "minecraft:hurt_on_condition": {
        "damage_conditions": [
          {
            "filters": {
              "test": "in_lava",
              "subject": "self",
              "operator": "==",
              "value": true
            },
            "cause": "lava",
            "damage_per_tick": 4
          }
        ]
      },
      "minecraft:loot": {
        "table": "loot_tables/entities/pirate_ship.json"
      },
      "minecraft:input_ground_controlled": {
      },
      "minecraft:leashable": {
        "soft_distance": 4.0,
        "hard_distance": 6.0,
        "max_distance": 10.0
      },
      "minecraft:rideable": {
        "seat_count": 20,
        "interact_text": "action.interact.ride.boat",
        "pull_in_entities": true,

        "seats": [
          //船長
          {
            "position": [ -0.6, 1.37, -4.37 ],
            "min_rider_count": 0,
            "max_rider_count": 1
          },
          //右
          {
            "position": [ 0.94, 1.37, -2.81 ],
            "min_rider_count": 2,
            "max_rider_count": 20
          },
          {
            "position": [ 0.94, 1.37, -1.87 ],
            "min_rider_count": 2,
            "max_rider_count": 20
          },
          {
            "position": [ 0.94, 1.37, -0.94 ],
            "min_rider_count": 2,
            "max_rider_count": 20
          },
          {
            "position": [ 0.94, 1.37, 0 ],
            "min_rider_count": 2,
            "max_rider_count": 20
          },
          {
            "position": [ 0.94, 1.37, 0.94 ],
            "min_rider_count": 2,
            "max_rider_count": 20
          },
          {
            "position": [ 0.94, 1.37, 1.87 ],
            "min_rider_count": 2,
            "max_rider_count": 20
          },
          //真ん中
          {
            "position": [ -0.6, 1.37, -2.81 ],
            "min_rider_count": 2,
            "max_rider_count": 20
          },
          {
            "position": [ -0.6, 1.37, -1.87 ],
            "min_rider_count": 2,
            "max_rider_count": 20
          },
          {
            "position": [ -0.6, 1.37, -0.94 ],
            "min_rider_count": 2,
            "max_rider_count": 20
          },
          {
            "position": [ -0.6, 1.37, 0 ],
            "min_rider_count": 2,
            "max_rider_count": 20
          },
          {
            "position": [ -0.6, 1.37, 0.94 ],
            "min_rider_count": 2,
            "max_rider_count": 20
          },
          {
            "position": [ -0.6, 1.37, 1.87 ],
            "min_rider_count": 2,
            "max_rider_count": 20
          },
          //左
          {
            "position": [ -0.94, 1.37, -2.81 ],
            "min_rider_count": 2,
            "max_rider_count": 20
          },
          {
            "position": [ -0.94, 1.37, -1.87 ],
            "min_rider_count": 2,
            "max_rider_count": 20
          },
          {
            "position": [ -0.94, 1.37, -0.94 ],
            "min_rider_count": 2,
            "max_rider_count": 20
          },
          {
            "position": [ -0.94, 1.37, 0 ],
            "min_rider_count": 2,
            "max_rider_count": 20
          },
          {
            "position": [ -0.94, 1.37, 0.94 ],
            "min_rider_count": 2,
            "max_rider_count": 20
          },
          {
            "position": [ -0.94, 1.37, 1.87 ],
            "min_rider_count": 2,
            "max_rider_count": 20
          },
          //最後
          {
            "position": [ -0.6, 1.37, 3.44 ],
            "min_rider_count": 2,
            "max_rider_count": 20
          }
        ]
      },
      "minecraft:is_stackable": {
      },
      "minecraft:physics": {
      },
      "minecraft:pushable": {
        "is_pushable": true,
        "is_pushable_by_piston": true
      },
      "minecraft:buoyant": {
        "base_buoyancy": 1.0,
        "apply_gravity": true,
        "simulate_waves": true,
        "big_wave_probability": 0.03,
        "big_wave_speed": 10.0,
        "liquid_blocks": [
          "minecraft:water",
          "minecraft:flowing_water"
          ]
      },
      "minecraft:conditional_bandwidth_optimization": {
        "default_values": {
          "max_optimized_distance": 60.0,
          "max_dropped_ticks": 20,
          "use_motion_prediction_hints": true
        },
        "conditional_values": [
          {
            "max_optimized_distance": 0.0,
            "max_dropped_ticks": 0,
            "use_motion_prediction_hints": true,
            "conditional_values": [
              {
                "test": "is_moving",
                "subject": "self",
                "operator": "==",
                "value": true
              }
            ]
          }
        ]
      },
      "minecraft:persistent":{
      },
      "minecraft:inside_block_notifier": {
        "block_list": [
          {
            "block": {
              "name": "minecraft:bubble_column",
              "states": {
                "drag_down": true
              }
            },
            "entered_block_event": {
              "event": "op_asa:entered_bubble_column_down",
              "target": "self"
            },
            "exited_block_event": {
              "event": "op_asa:exited_bubble_column",
              "target": "self"
            }
          },
          {
            "block": {
              "name": "minecraft:bubble_column",
              "states": {
                "drag_down": false
              }
            },
            "entered_block_event": {
              "event": "op_asa:entered_bubble_column_up",
              "target": "self"
            },
            "exited_block_event": {
              "event": "op_asa:exited_bubble_column",
              "target": "self"
            }
          }
        ]
      }
    },

    "events": {
      "op_asa:entered_bubble_column_down": {
        "remove": {
          "component_groups": [
            "op_asa:floating"
          ]
        },
        "add": {
          "component_groups": [
            "op_asa:above_bubble_column_down"
          ]
        }
      },
      "op_asa:entered_bubble_column_up": {
        "remove": {
          "component_groups": [
            "op_asa:floating"
          ]
        },
        "add": {
          "component_groups": [
            "op_asa:above_bubble_column_up"
          ]
        }
      },
      "op_asa:exited_bubble_column": {
        "remove": {
          "component_groups": [
            "op_asa:above_bubble_column_down",
            "op_asa:above_bubble_column_up"
          ]
        },
        "add": {
          "component_groups": [
            "op_asa:floating",
            "op_asa:can_ride"
          ]
        }
      },
      "op_asa:sink": {
        "remove": {
          "component_groups": [
            "op_asa:floating",
            "op_asa:can_ride",
            "op_asa:above_bubble_column_down",
            "op_asa:above_bubble_column_up"
          ]
        }
      }
    }
  }
}