{
  "format_version": "1.18.20",
  "minecraft:entity": {
    "description": {
      "identifier": "minecraft:player",
      "is_spawnable": false,
      "is_summonable": false,
      "is_experimental": false,
      "scripts":{
        "animate":["akumanomi","akumanomi2","main","main2","status2","loop","sneaking","attack","strawman","health","haki","level"]
      },
      "animations":{
        "akumanomi":"controller.animation.akumanomi",
        "akumanomi2":"controller.animation.akumanomi2",
        "main":"controller.animation.main",
        "loop":"controller.animation.loop",
        "sneaking":"controller.animation.sneaking",
        "main2":"controller.animation.main2",
        "attack":"controller.animation.attack",
        "strawman":"controller.animation.strawman",
        "status2":"controller.animation.status2",
        "health":"controller.animation.health",
        "haki":"controller.animation.haki",
        "level":"controller.animation.level",
        // status
        "haki_on":"animation.haki_on",
        "haki_off":"animation.haki_off",
        "haki_none":"animation.haki_none",
        "haki_gear4":"animation.haki_gear4",
        "status_mera":"animation.status_mera",
        "status_mag":"animation.status_mag",
        "status_goro":"animation.status_goro",
        "status_amal":"animation.status_amal",
        "status_soru":"animation.status_soru",
        "status_yomi":"animation.status_yomi",
        "status_ope":"animation.status_ope",
        "status_wara":"animation.status_wara",
        "status_jiki":"animation.status_jiki",
        "status_raki":"animation.status_raki",
        "status_cooltime":"animation.status_cooltime",
        // 
        "jiki_repel":"animation.jiki_repel",
        "jiki_combo":"animation.jiki_combo",
        "hotoke_impact1":"animation.hotoke_impact1",
        "hotoke_impact2":"animation.hotoke_impact2",
        "suna_groundsecco":"animation.suna_goundsecco",
        "tori_ongle":"animation.tori_ongle",
        "moku_whitesnake":"animation.moku_whitesnake",
        "gom_gatling":"animation.gom_gatling",
        "gom_storm":"animation.gom_storm",
        "gom_ufo":"animation.gom_ufo",
        "gom_jetgatling":"animation.gom_jetgatling",
        "gom_redhawk":"animation.gom_redhawk",
        "gom_blackmamba":"animation.gom_blackmamba",
        // mera
        "mera_entei":"animation.mera_entei",
        "mera_enkai":"animation.mera_enkai",
        "mera_higan":"animation.mera_higan",
        "mera_hotarubi":"animation.mera_hotarubi",
        "mera_kagerou":"animation.mera_kagerou",
        "mera_kaenryuo":"animation.mera_kaenryuo",
        "mera_charge_enjoumou":"animation.mera_charge_enjoumou",
        "mera_charge_enkai":"animation.mera_charge_enkai",
        "mera_charge_entei":"animation.mera_charge_entei",
        "mera_charge_hotarubi":"animation.mera_charge_hotarubi",
        // mag
        "mag_move":"animation.mag_move",
        "mag_meigou_hold":"animation.mag_meigou_hold",
        "mag_meigou_charge":"animation.mag_meigou_charge",
        "mag_meigou_attack":"animation.mag_meigou_attack",
        "mag_meigou_charged_attack":"animation.mag_meigou_charged_attack",
        "mag_field":"animation.mag_field",
        "mag_ryuseikazan":"animation.mag_ryuseikazan",
        // 
        "hana_gigantescomano":"animation.hana_gigantescomano",
        "ito_kakusei":"animation.ito_kakusei",
        "yami_blackhole0":"animation.yami_blackhole0",
        "yami_blackhole1":"animation.yami_blackhole1",
        "yami_blackhole2":"animation.yami_blackhole2",
        "yami_blackhole3":"animation.yami_blackhole3",
        "yami_blackhole4":"animation.yami_blackhole4",
        "mochi_nagaremochi":"animation.mochi_nagaremochi",
        "mochi_musodonatu":"animation.mochi_musodonatu",
        "doku_dokugumo":"animation.doku_dokugumo",
        "doku_dokugumo_loop":"animation.doku_dokugumo_loop",
        "goru_generate":"animation.goru_generate",
        "nikyu_combo1":"animation.nikyu_combo1",
        "nikyu_combo2":"animation.nikyu_combo2",
        "sneaking_stay":"animation.sneaking_stay",
        "yomi2_float":"animation.yomi2_float",
        "sanzensekai_charge":"animation.sanzensekai_charge",
        "sanzensekai_charged_attack":"animation.sanzensekai_charged_attack",
        "loop_inwater":"animation.loop_inwater",
        "loop_onground":"animation.loop_onground",
        "loop_inwater_soapbubbles":"animation.loop_inwater_soapbubbles",
        "loop_es":"animation.loop_es"
      }
    },

    "component_groups": {
      "xxx":{
        "minecraft:scale":{
          "value":1
        },
        "minecraft:movement": {
          "value": 0.1
        },
        "minecraft:variant":{
          "value":2700
        },
        "minecraft:attack": {
          "damage": 1
        }
      },
      // lava
      "lava002":{
        "minecraft:lava_movement": {
          "value": 0.02
        }
      },
      // collision
      "collision0618":{
        "minecraft:collision_box": {
          "width": 0.6,
          "height": 1.8
        }
      },
      // health
      "health40":{
        "minecraft:health": {
          "value": 40,
          "max": 40
        }
      },
      "health44":{
        "minecraft:health": {
          "value": 44,
          "max": 44
        }
      },
      "health48":{
        "minecraft:health": {
          "value": 48,
          "max": 48
        }
      },
      "health52":{
        "minecraft:health": {
          "value": 52,
          "max": 52
        }
      },
      "health56":{
        "minecraft:health": {
          "value": 56,
          "max": 56
        }
      },
      "health60":{
        "minecraft:health": {
          "value": 60,
          "max": 60
        }
      },
      // damage
      "all_damage":{
        "minecraft:damage_sensor": {
          "triggers":[
            {"cause":"lightning","deals_damage":true},
            {"cause":"freezing","deals_damage":true}
          ]
        }
      },
      "zoon":{
        "minecraft:damage_sensor": {
          "triggers":[
            {
              "cause":"lightning","deals_damage":true,
              "damage_multiplier":0.7
            },
            {
              "cause":"freezing","deals_damage":true,
              "damage_multiplier":0.7
            },
            {
              "damage_multiplier":0.7
            }
          ]
        }
      },
      "zoon_fall":{
        "minecraft:damage_sensor": {
          "triggers":[
            {
              "cause":"lightning","deals_damage":true,
              "damage_multiplier":0.7
            },
            {
              "cause":"freezing","deals_damage":true,
              "damage_multiplier":0.7
            },
            {
              "on_damage": {
                "filters": {
                  "test":"has_damage","value":"fall"
                }
              },
              "deals_damage":false
            },
            {
              "damage_multiplier":0.7
            }
          ]
        }
      },
      "pa_gom":{
        "minecraft:damage_sensor": {
          "triggers":[
            {
              "cause":"lightning","deals_damage":false
            },
            {
              "cause":"freezing","deals_damage":true,
              "damage_multiplier":0.7
            },
            {
              "on_damage": {
                "filters": {
                  "any_of":[
                    {"test":"has_damage","value":"fall"},
                    {"test":"is_family","subject":"other","value":"goro_ex"}
                  ]
                }
              },
              "deals_damage":false
            },
            {
              "on_damage": {
                "filters": {
                  "test":"has_equipment","subject":"other","operator":"==","domain":"hand","value":"op_asa:ju"
                },
                "event":"op_asa:ju_reflect"
              },
              "deals_damage":false
            },
            {
              "damage_multiplier":0.7
            }
          ]
        }
      },
      "pa_mochi":{
        "minecraft:damage_sensor": {
          "triggers":[
            {"cause":"lightning","deals_damage":true},
            {"cause":"freezing","deals_damage":true},
            {
              "on_damage": {
                "filters": {
                  "any_of":[
                    {"test":"has_damage","value":"fall"}
                  ]
                }
              },
              "deals_damage":false
            }
          ]
        }
      },
      "pa_doku":{
        "minecraft:damage_sensor": {
          "triggers":[
            {"cause":"lightning","deals_damage":true},
            {"cause":"freezing","deals_damage":true},
            {
              "on_damage": {
                "filters": {
                  "test":"is_family","subject":"other","value":"doku_ex"
                }
              },
              "deals_damage":false
            },
            {
              "on_damage":{
                "filters": {
                  "all_of":[
                    {"test": "has_damage","value":"attack"},
                    {"test":"in_water","subject":"self","value":false}
                  ]
                },
                "event":"doku_reflection"
              },
              "deals_damage":true
            }
          ]
        }
      },
      "pa_jiki":{
        "minecraft:damage_sensor": {
          "triggers":[
            {"cause":"lightning","deals_damage":true},
            {"cause":"freezing","deals_damage":true},
            {
              "on_damage": {
                "filters": {
                  "test":"has_equipment","subject":"other","operator":"==","domain":"hand","value":"op_asa:ju"
                },
                "event":"op_asa:ju_reflect"
              },
              "deals_damage":false
            }
          ]
        }
      },
      "pa_soru":{
        "minecraft:damage_sensor": {
          "triggers":[
            {"cause":"lightning","deals_damage":true},
            {"cause":"freezing","deals_damage":true},
            {
              "on_damage": {
                "filters": {
                  "all_of":[
                    {"test":"is_family","subject":"other","value":"player"},
                    {"test":"is_family","subject":"other","value":"sorusoru"}
                  ]
                }
              },
              "deals_damage":false
            }
          ]
        }
      },
      "pa_gura":{
        "minecraft:damage_sensor": {
          "triggers":[
            {"cause":"lightning","deals_damage":true},
            {"cause":"freezing","deals_damage":true},
            {
              "on_damage": {
                "filters": {
                  "test":"is_family","subject":"other","value":"gura_ex"
                }
              },
              "deals_damage":false
            }
          ]
        }
      },
      "pa_raki":{
        "minecraft:damage_sensor": {
          "triggers":[
            {
              "on_damage": {
                "filters": {
                  "test":"is_family","subject":"other","value":"player"
                },
                "event":"raki_consume_player"
              }
            },
            {
              "on_damage": {
                "filters": {
                  "test":"is_family","subject":"other","operator":"!=","value":"player"
                },
                "event":"raki_consume_notplayer"
              }
            },
            {"cause":"lightning","deals_damage":true},
            {"cause":"freezing","deals_damage":true}
          ]
        }
      },
      "pa_goru":{
        "minecraft:damage_sensor": {
          "triggers":[
            {
              "on_damage": {
                "filters": {
                  "test":"is_family","subject":"other","value":"gorugoru"
                }
              },
              "deals_damage":false
            },
            {"cause":"lightning","deals_damage":true},
            {"cause":"freezing","deals_damage":true}
          ]
        }
      },
      "pa_yomi2":{
        "minecraft:damage_sensor": {
          "triggers":[
            {
              "cause":"all","deals_damage":false
            }
          ]
        }
      },
      "logia":{
        "minecraft:damage_sensor": {
          "triggers":[
            {"cause":"lightning","deals_damage":true},
            {"cause":"freezing","deals_damage":true},
            {
              "on_damage": {
                "filters": {
                  "any_of":[
                    {"test":"has_damage","value":"fall"},
                    {"test":"has_damage","value":"wither"}
                  ]
                }
              },
              "deals_damage":false
            },
            {
              "on_damage":{
                "filters": {
                  "any_of": [
                    {"test":"in_water","subject":"self","value":true},
                    {"test":"is_family","subject":"other","value":"ryuo"},
                    {"test":"is_family","subject":"other","value":"b_haki"}
                  ]
                }
              },
              "deals_damage":true
            },
            {
              "on_damage":{
                "filters": {
                  "any_of": [
                    {"test":"is_family","subject":"other","value":"player"},
                    {"test":"is_family","subject":"other","value":"mob"},
                    {"test":"is_family","subject":"other","value":"sorusoru1"}
                  ]
                },
                "event":"logia_particle"
              },
              "deals_damage":false
            }
          ]
        }
      },
      "logia_goro":{
        "minecraft:damage_sensor": {
          "triggers":[
            {"cause":"lightning","deals_damage":false},
            {"cause":"freezing","deals_damage":true},
            {
              "on_damage": {
                "filters": {
                  "any_of":[
                    {"test":"has_damage","value":"fall"},
                    {"test": "has_damage","value": "fire_tick"}
                  ]
                }
              },
              "deals_damage": false
            },
            {
              "on_damage": {
                "filters":{
                  "any_of":[
                    {"test":"in_water","subject":"self","value":true},
                    {"test":"is_family","subject":"other","value":"gomgom"},
                    {"test":"has_tag","subject":"other","value":"gomgom"}
                  ]
                }
              },
              "deals_damage":true
            },
            {
              "on_damage": {
                "filters": {
                  "test":"is_family","subject":"other","value":"goro_ex"
                }
              },
              "deals_damage":false
            },
            {
              "on_damage":{
                "filters": {
                  "all_of":[
                    {"test": "has_damage","value":"attack"},
                    {
                      "any_of": [
                        {"test":"is_family","subject":"other","value":"ryuo"},
                        {"test":"is_family","subject":"other","value":"b_haki"}
                      ]
                    }
                  ]
                },
                "event":"goro_reflection"
              },
              "deals_damage":true
            },
            {
              "on_damage":{
                "filters": {
                  "any_of": [
                    {"test":"is_family","subject":"other","value":"ryuo"},
                    {"test":"is_family","subject":"other","value":"b_haki"}
                  ]
                }
              },
              "deals_damage":true
            },
            {
              "on_damage":{
                "filters": {
                  "any_of": [
                    {"test":"is_family","subject":"other","value":"player"},
                    {"test":"is_family","subject":"other","value":"mob"},
                    {"test":"is_family","subject":"other","value":"sorusoru1"}
                  ]
                },
                "event":"logia_particle"
              },
              "deals_damage":false
            }
          ]
        }
      },
      "logia_pika":{
        "minecraft:damage_sensor": {
          "triggers":[
            {"cause":"lightning","deals_damage":true},
            {"cause":"freezing","deals_damage":true},
            {
              "on_damage": {
                "filters": {
                  "any_of":[
                    {"test": "has_damage","value": "fall"},
                    {"test": "has_damage","value": "fire_tick"},
                    {"test":"is_family","subject":"other","value":"pika_ex"}
                  ]
                }
              },
              "deals_damage": false
            },
            {
              "on_damage":{
                "filters": {
                  "any_of": [
                    {"test":"in_water","subject":"self","value":true},
                    {"test":"is_family","subject":"other","value":"ryuo"},
                    {"test":"is_family","subject":"other","value":"b_haki"}
                  ]
                }
              },
              "deals_damage":true
            },
            {
              "on_damage":{
                "filters": {
                  "any_of": [
                    {"test":"is_family","subject":"other","value":"player"},
                    {"test":"is_family","subject":"other","value":"mob"},
                    {"test":"is_family","subject":"other","value":"sorusoru1"}
                  ]
                },
                "event":"logia_particle"
              },
              "deals_damage":false
            }
          ]
        }
      },
      "logia_suna":{
        "minecraft:damage_sensor": {
          "triggers":[
            {"cause":"lightning","deals_damage":false},
            {"cause":"freezing","deals_damage":true},
            {
              "on_damage": {
                "filters": {
                  "any_of":[
                    {"test":"has_damage","value":"fall"},
                    {"test":"has_damage","value":"wither"},
                    {"test":"is_family","subject":"other","value":"goro_ex"}
                  ]
                }
              },
              "deals_damage":false
            },
            {
              "on_damage":{
                "filters": {
                  "any_of": [
                    {"test":"in_water","subject":"self","value":true},
                    {"test":"is_family","subject":"other","value":"ryuo"},
                    {"test":"is_family","subject":"other","value":"b_haki"}
                  ]
                }
              },
              "deals_damage":true
            },
            {
              "on_damage":{
                "filters": {
                  "any_of": [
                    {"test":"is_family","subject":"other","value":"player"},
                    {"test":"is_family","subject":"other","value":"mob"},
                    {"test":"is_family","subject":"other","value":"sorusoru1"}
                  ]
                },
                "event":"logia_particle"
              },
              "deals_damage":false
            }
          ]
        }
      },
      "logia_hie":{
        "minecraft:damage_sensor": {
          "triggers":[
            {"cause":"lightning","deals_damage":true},
            {"cause":"freezing","deals_damage":false},
            {
              "on_damage": {
                "filters": {
                  "any_of":[
                    {"test":"has_damage","value":"fall"}
                  ]
                }
              },
              "deals_damage":false
            },
            {
              "on_damage":{
                "filters": {
                  "any_of": [
                    {"test":"in_water","subject":"self","value":true},
                    {"test":"is_family","subject":"other","value":"ryuo"},
                    {"test":"is_family","subject":"other","value":"b_haki"}
                  ]
                }
              },
              "deals_damage":true
            },
            {
              "on_damage":{
                "filters": {
                  "any_of": [
                    {"test":"is_family","subject":"other","value":"player"},
                    {"test":"is_family","subject":"other","value":"mob"},
                    {"test":"is_family","subject":"other","value":"sorusoru1"}
                  ]
                },
                "event":"logia_particle"
              },
              "deals_damage":false
            }
          ]
        }
      },
      "logia_mera":{
        "minecraft:damage_sensor": {
          "triggers":[
            {"cause":"lightning","deals_damage":true},
            {"cause":"freezing","deals_damage":false},
            {
              "on_damage": {
                "filters": {
                  "any_of":[
                    {"test":"has_damage","value":"fall"},
                    {"test": "has_damage","value": "fire"},
                    {"test": "has_damage","value": "fire_tick"},
                    {"test":"is_family","subject":"other","value":"mera_ex"}
                  ]
                }
              },
              "deals_damage": false
            },
            {
              "on_damage":{
                "filters": {
                  "any_of": [
                    {"test":"in_water","subject":"self","value":true},
                    {"test":"is_family","subject":"other","value":"ryuo"},
                    {"test":"is_family","subject":"other","value":"b_haki"}
                  ]
                }
              },
              "deals_damage":true
            },
            {
              "on_damage":{
                "filters": {
                  "any_of": [
                    {"test":"is_family","subject":"other","value":"player"},
                    {"test":"is_family","subject":"other","value":"mob"},
                    {"test":"is_family","subject":"other","value":"sorusoru1"}
                  ]
                },
                "event":"logia_particle"
              },
              "deals_damage":false
            }
          ]
        }
      },
      "logia_mag":{
        "minecraft:damage_sensor": {
          "triggers":[
            {"cause":"lightning","deals_damage":true},
            {"cause":"freezing","deals_damage":false},
            {
              "on_damage": {
                "filters": {
                  "any_of":[
                    {"test": "has_damage","value": "fall"},
                    {"test":"is_family","subject":"other","value":"mera_ex"}
                  ]
                }
              },
              "deals_damage": false
            },
            {
              "on_damage":{
                "filters": {
                  "test":"in_water","subject":"self","value":true
                }
              },
              "deals_damage":true
            },
            {
              "on_damage":{
                "filters": {
                  "all_of":[
                    {"test": "has_damage","value": "attack"},
                    {
                      "any_of": [
                        {"test":"is_family","subject":"other","value":"ryuo"},
                        {"test":"is_family","subject":"other","value":"b_haki"}
                      ]
                    }
                  ]
                },
                "event":"mag_reflection"
              },
              "deals_damage":true
            },
            {
              "on_damage":{
                "filters": {
                  "any_of": [
                    {"test":"is_family","subject":"other","value":"ryuo"},
                    {"test":"is_family","subject":"other","value":"b_haki"}
                  ]
                }
              },
              "deals_damage":true
            },
            {
              "on_damage":{
                "filters": {
                  "any_of": [
                    {"test":"is_family","subject":"other","value":"player"},
                    {"test":"is_family","subject":"other","value":"mob"},
                    {"test":"is_family","subject":"other","value":"sorusoru1"}
                  ]
                },
                "event":"logia_particle"
              },
              "deals_damage":false
            }
          ]
        }
      },
      "logia_moku":{
        "minecraft:damage_sensor": {
          "triggers":[
            {"cause":"lightning","deals_damage":true},
            {"cause":"freezing","deals_damage":true},
            {
              "on_damage": {
                "filters": {
                  "any_of":[
                    {"test": "has_damage","value": "fall"},
                    {"test": "has_damage","value": "fire"},
                    {"test": "has_damage","value": "fire_tick"},
                    {"test":"is_family","subject":"other","value":"mera_ex"}
                  ]
                }
              },
              "deals_damage": false
            },
            {
              "on_damage":{
                "filters": {
                  "any_of": [
                    {"test":"in_water","subject":"self","value":true},
                    {"test":"is_family","subject":"other","value":"ryuo"},
                    {"test":"is_family","subject":"other","value":"b_haki"}
                  ]
                }
              },
              "deals_damage":true
            },
            {
              "on_damage":{
                "filters": {
                  "any_of": [
                    {"test":"is_family","subject":"other","value":"player"},
                    {"test":"is_family","subject":"other","value":"mob"},
                    {"test":"is_family","subject":"other","value":"sorusoru1"}
                  ]
                },
                "event":"logia_particle"
              },
              "deals_damage":false
            }
          ]
        }
      },
      // haki
      "b_haki":{
        "minecraft:type_family":{
          "family":["player","b_haki","haki"]
        },
        "minecraft:is_sheared":{}
      },
      "ryuo":{
        "minecraft:type_family":{
          "family":["player","ryuo","haki"]
        },
        "minecraft:is_sheared":{},
        "minecraft:is_chested":{}
      },
      "no_haki":{
        "minecraft:type_family":{
          "family":["player"]
        }
      },
      "hao":{
        "minecraft:angry":{
          "duration":0,
          "broadcast_range":0
        }
      },
      "hao_attack_10":{
        "minecraft:spawn_entity":{
          "entities":{
            "min_wait_time":0,"max_wait_time":0,"single_use":true,"num_to_spawn":1,
            "spawn_entity":"op_asa:hao_p_10"
          }
        }
      },
      "hao_attack_20":{
        "minecraft:spawn_entity":{
          "entities":{
            "min_wait_time":0,"max_wait_time":0,"single_use":true,"num_to_spawn":1,
            "spawn_entity":"op_asa:hao_p_20"
          }
        }
      },
      "hao_attack_30":{
        "minecraft:spawn_entity":{
          "entities":{
            "min_wait_time":0,"max_wait_time":0,"single_use":true,"num_to_spawn":1,
            "spawn_entity":"op_asa:hao_p_30"
          }
        }
      },
      "hao_attack_40":{
        "minecraft:spawn_entity":{
          "entities":{
            "min_wait_time":0,"max_wait_time":0,"single_use":true,"num_to_spawn":1,
            "spawn_entity":"op_asa:hao_p_40"
          }
        }
      },
      "hao_attack_50":{
        "minecraft:spawn_entity":{
          "entities":{
            "min_wait_time":0,"max_wait_time":0,"single_use":true,"num_to_spawn":1,
            "spawn_entity":"op_asa:hao_p_50"
          }
        }
      },
      "hao_ryuo_attack_10":{
        "minecraft:spawn_entity":{
          "entities":{
            "min_wait_time":0,"max_wait_time":0,"single_use":true,"num_to_spawn":1,
            "spawn_entity":"op_asa:hao_ryuo_p_10"
          }
        }
      },
      "hao_ryuo_attack_20":{
        "minecraft:spawn_entity":{
          "entities":{
            "min_wait_time":0,"max_wait_time":0,"single_use":true,"num_to_spawn":1,
            "spawn_entity":"op_asa:hao_ryuo_p_20"
          }
        }
      },
      "hao_ryuo_attack_30":{
        "minecraft:spawn_entity":{
          "entities":{
            "min_wait_time":0,"max_wait_time":0,"single_use":true,"num_to_spawn":1,
            "spawn_entity":"op_asa:hao_ryuo_p_30"
          }
        }
      },
      "hao_ryuo_attack_40":{
        "minecraft:spawn_entity":{
          "entities":{
            "min_wait_time":0,"max_wait_time":0,"single_use":true,"num_to_spawn":1,
            "spawn_entity":"op_asa:hao_ryuo_p_40"
          }
        }
      },
      "hao_ryuo_attack_50":{
        "minecraft:spawn_entity":{
          "entities":{
            "min_wait_time":0,"max_wait_time":0,"single_use":true,"num_to_spawn":1,
            "spawn_entity":"op_asa:hao_ryuo_p_50"
          }
        }
      },
      "kamusari_10":{
        "minecraft:spawn_entity":{
          "entities":{
            "min_wait_time":0,"max_wait_time":0,"single_use":true,"num_to_spawn":1,
            "spawn_entity":"op_asa:kamusari_p_10"
          }
        }
      },
      "kamusari_20":{
        "minecraft:spawn_entity":{
          "entities":{
            "min_wait_time":0,"max_wait_time":0,"single_use":true,"num_to_spawn":1,
            "spawn_entity":"op_asa:kamusari_p_20"
          }
        }
      },
      "kamusari_30":{
        "minecraft:spawn_entity":{
          "entities":{
            "min_wait_time":0,"max_wait_time":0,"single_use":true,"num_to_spawn":1,
            "spawn_entity":"op_asa:kamusari_p_30"
          }
        }
      },
      "kamusari_40":{
        "minecraft:spawn_entity":{
          "entities":{
            "min_wait_time":0,"max_wait_time":0,"single_use":true,"num_to_spawn":1,
            "spawn_entity":"op_asa:kamusari_p_40"
          }
        }
      },
      "kamusari_50":{
        "minecraft:spawn_entity":{
          "entities":{
            "min_wait_time":0,"max_wait_time":0,"single_use":true,"num_to_spawn":1,
            "spawn_entity":"op_asa:kamusari_p_50"
          }
        }
      },
      // akumanomi
      "hiehie":{
        "minecraft:variant":{ "value":2701 }
      },
      "gorogoro":{
        "minecraft:variant":{ "value":2702 }
      },
      "goro_target":{
        "minecraft:spawn_entity":{
          "entities":{
            "min_wait_time":0,"max_wait_time":0,"single_use":true,"num_to_spawn":1,
            "spawn_entity":"op_asa:goro_target_p"
          }
        }
      },
      "amal":{
        "minecraft:variant":{ "value":27021 }
      },
      "pikapika":{
        "minecraft:variant":{ "value":2703 }
      },
      "yasakaninomagatama":{
        "minecraft:spawn_entity":{
          "entities":{
            "min_wait_time":0,"max_wait_time":0,"single_use":true,"num_to_spawn":1,
            "spawn_entity":"op_asa:yasakaninomagatama_p"
          }
        }
      },
      "sunasuna":{
        "minecraft:variant":{ "value":2704 }
      },
      "guragura":{
        "minecraft:variant":{ "value":2705 }
      },
      "guragura_p":{
        "minecraft:spawn_entity":{
          "entities":{
            "min_wait_time":0,"max_wait_time":0,"single_use":true,"num_to_spawn":1,
            "spawn_entity":"op_asa:guragura_p"
          }
        }
      },
      "murakumokiri":{
        "minecraft:spawn_entity":{
          "entities":{
            "min_wait_time":0,"max_wait_time":0,"single_use":true,"num_to_spawn":1,
            "spawn_entity":"op_asa:murakumokiri_p"
          }
        }
      },
      "zusizusi":{
        "minecraft:variant":{ "value":2706 }
      },
      "opeope":{
        "minecraft:variant":{ "value":2707 }
      },
      "amputate":{
        "minecraft:is_stackable":{}
      },
      "radio_knife":{
        "minecraft:is_stackable":{},
        "minecraft:timer": {
          "looping": false,
          "randomInterval": false,
          "time": 5,
          "time_down_event": {
           "event": "radio_knife_end",
           "target": "self"
          }
        }
      },
      "kikoku_p":{
        "minecraft:spawn_entity":{
          "entities":{
            "min_wait_time":0,"max_wait_time":0,"single_use":true,"num_to_spawn":1,
            "spawn_entity":"op_asa:kikoku_p"
          }
        }
      },
      "kikoku_medium_p":{
        "minecraft:spawn_entity":{
          "entities":{
            "min_wait_time":0,"max_wait_time":0,"single_use":true,"num_to_spawn":1,
            "spawn_entity":"op_asa:kikoku_medium_p"
          }
        }
      },
      "kikoku_large_p":{
        "minecraft:spawn_entity":{
          "entities":{
            "min_wait_time":0,"max_wait_time":0,"single_use":true,"num_to_spawn":1,
            "spawn_entity":"op_asa:kikoku_large_p"
          }
        }
      },
      "meramera":{
        "minecraft:variant":{ "value":2708 }
      },
      "hiken":{
        "minecraft:spawn_entity":{
          "entities":{
            "min_wait_time":0,"max_wait_time":0,"single_use":true,"num_to_spawn":1,
            "spawn_entity":"op_asa:hiken_p"
          }
        }
      },
      "hiken_old":{
        "minecraft:spawn_entity":{
          "entities":{
            "min_wait_time":0,"max_wait_time":0,"single_use":true,"num_to_spawn":1,
            "spawn_entity":"op_asa:hiken_p_old"
          }
        }
      },
      "higan":{
        "minecraft:spawn_entity":{
          "entities":{
            "min_wait_time":0,"max_wait_time":0,"single_use":true,"num_to_spawn":1,
            "spawn_entity":"op_asa:higan_p"
          }
        }
      },
      "juujika":{
        "minecraft:spawn_entity":{
          "entities":{
            "min_wait_time":0,"max_wait_time":0,"single_use":true,"num_to_spawn":1,
            "spawn_entity":"op_asa:juujika_p"
          }
        }
      },
      "shinka_shiranui":{
        "minecraft:spawn_entity":{
          "entities":{
            "min_wait_time":0,"max_wait_time":0,"single_use":true,"num_to_spawn":1,
            "spawn_entity":"op_asa:shinka_shiranui_p"
          }
        }
      },
      "kaen_ryuo":{
        "minecraft:spawn_entity":{
          "entities":{
            "min_wait_time":0,"max_wait_time":0,"single_use":true,"num_to_spawn":1,
            "spawn_entity":"op_asa:kaen_ryuo_p"
          }
        }
      },
      "yamiyami":{
        "minecraft:variant":{ "value":2709 }
      },
      "magmag":{
        "minecraft:variant":{ "value":2710 },
        "minecraft:lava_movement": {
          "value": 0.23
        }
      },
      "daifunka":{
        "minecraft:spawn_entity":{
          "entities":{
            "min_wait_time":0,"max_wait_time":0,"single_use":true,"num_to_spawn":1,
            "spawn_entity":"op_asa:daifunka_p"
          }
        }
      },
      "mag_move":{
        "minecraft:spawn_entity":{
          "entities":{
            "min_wait_time":0,"max_wait_time":0,"single_use":true,"num_to_spawn":1,
            "spawn_entity":"op_asa:mag_move_p"
          }
        }
      },
      "ryuseikazan":{
        "minecraft:spawn_entity":{
          "entities":{
            "min_wait_time":0,"max_wait_time":0,"single_use":true,"num_to_spawn":1,
            "spawn_entity":"op_asa:ryuseikazan_target_p"
          }
        }
      },
      "gunchoukazan":{
        "minecraft:spawn_entity":{
          "entities":{
            "min_wait_time":0,"max_wait_time":0,"single_use":true,"num_to_spawn":1,
            "spawn_entity":"op_asa:gunchoukazan_p"
          }
        }
      },
      "toritori":{
        "minecraft:variant":{ "value":2711 }
      },
      "hououin":{
        "minecraft:spawn_entity":{
          "entities":{
            "min_wait_time":0,"max_wait_time":0,"single_use":true,"num_to_spawn":1,
            "spawn_entity":"op_asa:hououin_p"
          }
        }
      },
      "hououin_haki":{
        "minecraft:spawn_entity":{
          "entities":{
            "min_wait_time":0,"max_wait_time":0,"single_use":true,"num_to_spawn":1,
            "spawn_entity":"op_asa:hououin_p_haki"
          }
        }
      },
      "p_phoenix":{
        "minecraft:variant":{ "value":27112 }
      },
      "p_phoenix_flying":{
        "minecraft:rideable": {
          "seat_count": 1,
          "family_types": [
            "player"
          ],
          "pull_in_entities": true,
          "seats": [
            {
              "position": [ 0, -2.7, 0.4 ],
              "min_rider_count": 0,
              "max_rider_count": 0,
              "lock_rider_rotation": 0
            }
          ]
        }
      },
      "itoito":{
        "minecraft:variant":{
          "value":2712
        }
      },
      "sorusoru":{
        "minecraft:variant":{
          "value":2713
        }
      },
      "sorusoru_rideable":{
        "minecraft:rideable": {
          "seat_count": 2,
          "family_types": [
            "soru_ride"
          ],
          "pull_in_entities": true,
          "seats": [
            {
              "position": [ 2, 2, -1 ],
              "min_rider_count": 0,
              "max_rider_count": 0,
              "lock_rider_rotation": 0
            },
            {
              "position": [ -2, 2, -1 ],
              "min_rider_count": 0,
              "max_rider_count": 0,
              "lock_rider_rotation": 0
            }
          ]
        }
      },
      "gomgom":{
        "minecraft:variant":{
          "value":2714
        }
      },
      "boundman":{
        "minecraft:variant":{
          "value":27141
        }
      },
      "snakeman":{
        "minecraft:variant":{
          "value":27143
        }
      },
      "gear4_cooltime":{
        "minecraft:variant":{
          "value":27140
        }
      },
      "jet_pistol":{
        "minecraft:spawn_entity":{
          "entities":{
            "min_wait_time":0,
            "max_wait_time":0,
            "single_use":true,
            "spawn_entity":"op_asa:jet_pistol_p",
            "num_to_spawn":1
          }
        }
      },
      "teach":{
        "minecraft:variant":{
          "value":2715
        }
      },
      "hobihobi":{
        "minecraft:variant":{
          "value":2716
        }
      },
      "betabeta":{
        "minecraft:variant":{
          "value":2717
        }
      },
      "warawara":{
        "minecraft:variant":{
          "value":2718
        }
      },
      "strawman":{
        "minecraft:variant":{
          "value":27181
        }
      },
      "mochimochi":{
        "minecraft:variant":{
          "value":2719
        }
      },
      "uouo":{
        "minecraft:variant":{
          "value":2720
        }
      },
      "uouo2":{
        "minecraft:variant":{ "value":27201 },
        "minecraft:collision_box": {
          "width": 2,
          "height": 3
        },
        "minecraft:rideable": {
          "seat_count": 1,
          "family_types": [
            "player"
          ],
          "pull_in_entities": true,
          "seats": [
            {
              "position": [ 0, -0.5, -0.1 ],
              "min_rider_count": 0,
              "max_rider_count": 0,
              "lock_rider_rotation": 0
            }
          ]
        }
      },
      "uouo2_cooltime":{
        "minecraft:variant":{ "value":272011 }
      },
      "borobreath_move":{
        "minecraft:spawn_entity":{
          "entities":{
            "min_wait_time":0,
            "max_wait_time":0,
            "single_use":true,
            "spawn_entity":"op_asa:pm_borobreath_p",
            "num_to_spawn":1
          }
        }
      },
      "borobreath_sneak":{
        "minecraft:spawn_entity":{
          "entities":{
            "min_wait_time":0,
            "max_wait_time":0,
            "single_use":true,
            "spawn_entity":"op_asa:ps_borobreath_p",
            "num_to_spawn":1
          }
        }
      },
      "borobreath_ground":{
        "minecraft:spawn_entity":{
          "entities":{
            "min_wait_time":0,
            "max_wait_time":0,
            "single_use":true,
            "spawn_entity":"op_asa:pg_borobreath_p",
            "num_to_spawn":1
          }
        }
      },
      "yomiyomi0":{
        "minecraft:variant":{
          "value":27210
        }
      },
      "yomiyomi":{
        "minecraft:variant":{
          "value":2721
        }
      },
      "yomiyomi2":{
        "minecraft:variant":{
          "value":27211
        },
        "minecraft:collision_box": {
          "width": 0.0,
          "height": 0.0
        }
      },
      "hitohito":{
        "minecraft:variant":{
          "value":2722
        }
      },
      "hanahana":{
        "minecraft:variant":{
          "value":2723
        }
      },
      "sukesuke":{
        "minecraft:variant":{
          "value":2724
        }
      },
      "noronoro":{
        "minecraft:variant":{
          "value":2725
        }
      },
      "sirosiro":{
        "minecraft:variant":{
          "value":2726
        },
        "minecraft:rideable": {
          "seat_count": 4,
          "family_types": [
            "player"
          ],
          "pull_in_entities": false,
          "seats": [
            {
              "position": [ -0.05, -0.15, 0.05 ],
              "min_rider_count": 0,
              "max_rider_count": 0
            },
            {
              "position": [ 0.05, -0.15, 0.05 ],
              "min_rider_count": 0,
              "max_rider_count": 0
            },
            {
              "position": [ -0.15, -0.15, 0.05 ],
              "min_rider_count": 0,
              "max_rider_count": 0
            },
            {
              "position": [ 0.15, -0.15, 0.05 ],
              "min_rider_count": 0,
              "max_rider_count": 0
            }
          ]
        }
      },
      "sirosiro_rider":{
        "minecraft:scale":{
          "value":0.05
        }
      },
      "baribari":{
        "minecraft:variant":{
          "value":2727
        }
      },
      "mokumoku":{
        "minecraft:variant":{
          "value":2729
        }
      },
      "whiteblow":{
        "minecraft:spawn_entity":{
          "entities":{
            "min_wait_time":0,
            "max_wait_time":0,
            "single_use":true,
            "spawn_entity":"op_asa:whiteblow_p",
            "num_to_spawn":1
          }
        }
      },
      "whitesnake":{
        "minecraft:spawn_entity":{
          "entities":{
            "min_wait_time":0,
            "max_wait_time":0,
            "single_use":true,
            "spawn_entity":"op_asa:whitesnake_p",
            "num_to_spawn":1
          }
        }
      },
      "dokudoku":{
        "minecraft:variant":{
          "value":2730
        }
      },
      "dokudoku2":{
        "minecraft:variant":{
          "value":27301
        }
      },
      "dokudoku2_cooltime":{
        "minecraft:variant":{
          "value":273011
        }
      },
      "hotoke":{
        "minecraft:variant":{
          "value":2731
        },
        "minecraft:attack": {
          "damage": 1
        }
      },
      "hotoke2":{
        "minecraft:variant":{
          "value":27311
        },
        "minecraft:attack": {
          "damage": 20
        },
        "minecraft:collision_box": {
          "width": 1.8,
          "height": 5.4
        }
      },
      "hotoke2_cooltime":{
        "minecraft:variant":{
          "value":273111
        },
        "minecraft:attack": {
          "damage": 1
        }
      },
      "jikijiki":{
        "minecraft:variant":{
          "value":2732
        }
      },
      "nikyunikyu":{
        "minecraft:variant":{
          "value":2733
        }
      },
      "rakiraki":{
        "minecraft:variant":{ "value":2734 }
      },
      "raki_coin_0":{
        "minecraft:spawn_entity":{
          "entities":{
            "min_wait_time":0,"max_wait_time":0,"single_use":true,"num_to_spawn":1,
            "spawn_entity":"op_asa:raki_coin_p_0"
          }
        }
      },
      "raki_coin_1":{
        "minecraft:spawn_entity":{
          "entities":{
            "min_wait_time":0,"max_wait_time":0,"single_use":true,"num_to_spawn":1,
            "spawn_entity":"op_asa:raki_coin_p_1"
          }
        }
      },
      "raki_coin_2":{
        "minecraft:spawn_entity":{
          "entities":{
            "min_wait_time":0,"max_wait_time":0,"single_use":true,"num_to_spawn":1,
            "spawn_entity":"op_asa:raki_coin_p_2"
          }
        }
      },
      "raki_coin_3":{
        "minecraft:spawn_entity":{
          "entities":{
            "min_wait_time":0,"max_wait_time":0,"single_use":true,"num_to_spawn":1,
            "spawn_entity":"op_asa:raki_coin_p_3"
          }
        }
      },
      "raki_coin_4":{
        "minecraft:spawn_entity":{
          "entities":{
            "min_wait_time":0,"max_wait_time":0,"single_use":true,"num_to_spawn":1,
            "spawn_entity":"op_asa:raki_coin_p_4"
          }
        }
      },
      "raki_coin_5":{
        "minecraft:spawn_entity":{
          "entities":{
            "min_wait_time":0,"max_wait_time":0,"single_use":true,"num_to_spawn":1,
            "spawn_entity":"op_asa:raki_coin_p_5"
          }
        }
      },
      "raki_coin_6":{
        "minecraft:spawn_entity":{
          "entities":{
            "min_wait_time":0,"max_wait_time":0,"single_use":true,"num_to_spawn":1,
            "spawn_entity":"op_asa:raki_coin_p_6"
          }
        }
      },
      "raki_coin_7":{
        "minecraft:spawn_entity":{
          "entities":{
            "min_wait_time":0,"max_wait_time":0,"single_use":true,"num_to_spawn":1,
            "spawn_entity":"op_asa:raki_coin_p_7"
          }
        }
      },
      "raki_coin_8":{
        "minecraft:spawn_entity":{
          "entities":{
            "min_wait_time":0,"max_wait_time":0,"single_use":true,"num_to_spawn":1,
            "spawn_entity":"op_asa:raki_coin_p_8"
          }
        }
      },
      "raki_coin_9":{
        "minecraft:spawn_entity":{
          "entities":{
            "min_wait_time":0,"max_wait_time":0,"single_use":true,"num_to_spawn":1,
            "spawn_entity":"op_asa:raki_coin_p_9"
          }
        }
      },
      "raki_coin_10":{
        "minecraft:spawn_entity":{
          "entities":{
            "min_wait_time":0,"max_wait_time":0,"single_use":true,"num_to_spawn":1,
            "spawn_entity":"op_asa:raki_coin_p_10"
          }
        }
      },
      "gorugoru":{
        "minecraft:variant":{ "value":2735 }
      },
      "goru_golden_beam":{
        "minecraft:spawn_entity":{
          "entities":{
            "min_wait_time":0,"max_wait_time":0,"single_use":true,"num_to_spawn":1,
            "spawn_entity":"op_asa:goru_golden_beam_p"
          }
        }
      },
      // buki
      "midoriboshi1":{
        "minecraft:spawn_entity":{
          "entities":{
            "min_wait_time":0,
            "max_wait_time":0,
            "single_use":true,
            "spawn_entity":"op_asa:midoriboshi1_p",
            "num_to_spawn":1
          }
        }
      },
      // es
      "es":{
        "minecraft:out_of_control":{}
      },
      "es_death":{
        "minecraft:is_baby":{}
      },
      // vanilla
      "minecraft:add_bad_omen": {
        "minecraft:spell_effects": {
          "add_effects": [
            {
              "effect": "bad_omen",
              "duration": 6000,
              "visible": false,
              "display_on_screen_animation": true
            }
          ]
        },
        "minecraft:timer": {
          "time": [ 0.0, 0.0 ],
          "looping": false,
          "time_down_event": {
            "event": "minecraft:clear_add_bad_omen",
            "target": "self"
          }
        }
      },
      "minecraft:clear_bad_omen_spell_effect": {
        "minecraft:spell_effects": {}
      },
      "minecraft:raid_trigger": {
        "minecraft:raid_trigger": {
          "triggered_event": {
            "event": "minecraft:remove_raid_trigger",
            "target": "self"
          }
        },
        "minecraft:spell_effects": {
          "remove_effects": "bad_omen"
        }
      }
    },

    "components": {
      "minecraft:type_family":{
        "family":["player"]
      },
      "minecraft:health": {
        "value": 40,
        "max": 40
      },
      "minecraft:experience_reward": {
        "on_death": "Math.Min(query.player_level * 7, 100)"
      },
      "minecraft:is_hidden_when_invisible": {
      },
      "minecraft:loot": {
        "table": "loot_tables/empty.json"
      },
      "minecraft:collision_box": {
        "width": 0.6,
        "height": 1.8
      },
      "minecraft:can_climb": {
      },
      "minecraft:movement": {
        "value": 0.1
      },
      "minecraft:hurt_on_condition": {
        "damage_conditions": [
          {
            "filters": { "test": "in_lava", "subject": "self", "operator": "==", "value": true },
            "cause": "lava",
            "damage_per_tick": 4
          }
        ]
      },
      "minecraft:attack": {
        "damage": 1
      },
      "minecraft:exhaustion_values": {
        "heal": 6,
        "jump": 0.05,
        "sprint_jump": 0.2,
        "mine": 0.005,
        "attack": 0.1,
        "damage": 0.1,
        "walk": 0.0,
        "sprint": 0.01,
        "swim": 0.01
      },
      "minecraft:player.saturation": {
        "value": 5,
         "max": 20
      },
      "minecraft:player.exhaustion": {
        "value": 0,
        "max": 20
      },
      "minecraft:player.level": {
        "value": 0,
        "max": 24791
      },
      "minecraft:player.experience": {
        "value": 0,
        "max": 1
      },
      "minecraft:breathable": {
        "breathes_solids":false,
        "total_supply": 15,
        "suffocate_time": -1,
        "inhale_time": 3.75,
        "generates_bubbles": false
      },
      "minecraft:nameable": {
        "always_show": true,
        "allow_name_tag_renaming": false
      },
      "minecraft:physics": {
      },
      "minecraft:pushable": {
        "is_pushable": false,
        "is_pushable_by_piston": true
      },
      "minecraft:insomnia": {
        "days_until_insomnia": 3
      },
      "minecraft:rideable": {
        "seat_count": 2,
        "family_types": [
          "parrot_tame"
        ],
        "pull_in_entities": true,
        "seats": [
          {
            "position": [ 0.4, -0.2, -0.1 ],
            "min_rider_count": 0,
            "max_rider_count": 0,
            "lock_rider_rotation": 0
          },
          {
            "position": [ -0.4, -0.2, -0.1 ],
            "min_rider_count": 1,
            "max_rider_count": 2,
            "lock_rider_rotation": 0
          }
        ]
      },
      "minecraft:conditional_bandwidth_optimization": {},
      "minecraft:block_climber": {},
      "minecraft:environment_sensor": {
        "triggers": [
          // akumanomi
          // tori
          {
            "filters":{
              "all_of":[
                { "test":"is_variant","value":27112 },
                { "test":"has_component","operator":"!=","value":"minecraft:rideable" },
                { "test":"on_ground","value":false }
              ]
            },
            "event":"p_phoenix_flying"
          },
          {
            "filters":{
              "all_of":[
                { "test":"is_variant","value":27112 },
                { "test":"has_component","value":"minecraft:rideable"},
                { "test":"on_ground","value":true }
              ]
            },
            "event":"p_phoenix_not_flying"
          },
          {
            "filters": {
              "all_of":[
                {
                  "test":"is_underground",
                  "value":true
                },
                {
                  "test":"has_tag",
                  "operator":"!=",
                  "value":"underground"
                }
              ]
            },
            "event": "underground"
          },
          {
            "filters": {
              "all_of":[
                {
                  "test":"is_underground",
                  "value":false
                },
                {
                  "test":"has_tag",
                  "value":"underground"
                }
              ]
            },
            "event": "onground"
          },
          {
            "filters":{
              "all_of":[
                {
                  "test":"has_tag",
                  "value":"sirosiro_rider"
                },
                {
                  "test":"is_riding",
                  "value":true
                }
              ]
            },
            "event":"sirosiro_rider"
          },
          {
            "filters":{
              "any_of":[
                {
                  "test":"has_tag",
                  "operator":"!=",
                  "value":"sirosiro_rider"
                },
                {
                  "test":"is_riding",
                  "value":false
                }
              ]
            },
            "event":"sirosiro_rider_end"
          },
          {
            "filters":{
              "test":"has_tag","value":"mochituki_attack"
            },
            "event":"mochituki_attack"
          },
          // sorusoru
          {
            "filters":{
              "all_of":[
                {
                  "test":"is_variant","value":2713
                },
                {
                  "test":"is_sneaking","value":true
                },
                {
                  "test":"has_component","value":"minecraft:rideable"
                }
              ]
            },
            "event":"sorusoru_unrideable"
          },
          {
            "filters":{
              "all_of":[
                {
                  "test":"is_variant","value":2713
                },
                {
                  "test":"is_sneaking","value":false
                },
                {
                  "test":"has_component","operator":"!=","value":"minecraft:rideable"
                }
              ]
            },
            "event":"sorusoru_rideable"
          },
          // score event
          {
            "filters":{
              "test":"has_tag","value":"score_start"
            },
            "event":"scored"
          },
          // weather tag
          {
            "filters": {
              "all_of": [
                {
                  "test": "weather_at_position","value": "thunderstorm"
                },
                {
                  "test": "has_tag","operator":"!=","value": "thunderstorm"
                }
              ]
            },
            "event": "thunderstorm"
          },
          {
            "filters": {
              "all_of": [
                {
                  "test": "weather_at_position","operator":"!=","value": "thunderstorm"
                },
                {
                  "test": "has_tag","operator":"==","value": "thunderstorm"
                }
              ]
            },
            "event": "no_thunderstorm"
          },
          {
            "filters": {
              "all_of": [
                {
                  "test": "weather","value": "clear"
                },
                {
                  "test": "is_daytime","value": true
                },
                {
                  "test": "has_tag","operator":"!=","value": "sunny"
                }
              ]
            },
            "event": "sunny"
          },
          {
            "filters": {
              "all_of": [
                {
                  "any_of":[
                    {
                      "test": "weather","operator":"!=","value": "clear"
                    },
                    {
                      "test": "is_daytime","value": false
                    }
                  ]
                },
                {
                  "test": "has_tag","operator":"==","value": "sunny"
                }
              ]
            },
            "event": "no_sunny"
          },
          // vanilla
          {
            "filters": {
              "all_of": [
                {
                  "test": "has_mob_effect",
                  "subject": "self",
                  "value": "bad_omen"
                },
                {
                  "test": "is_in_village",
                  "subject": "self",
                  "value": true
                }
              ]
            },
            "event": "minecraft:trigger_raid"
          }
        ]
      }
    },

    "events": {
      "minecraft:entity_spawned":{
        "add":{
          "component_groups":["xxx","collision0618"]
        }
      },
      "amputate":{
        "add":{
          "component_groups":["amputate"]
        }
      },
      "amputate_end":{
        "remove":{
          "component_groups":["amputate"]
        }
      },
      "radio_knife":{
        "add":{
          "component_groups":["radio_knife"]
        },
        "run_command":{
          "command":"effect @s slowness 5 20 true"
        }
      },
      "radio_knife_end":{
        "remove":{
          "component_groups":["radio_knife"]
        }
      },
      // haki
      "b_haki":{
        "remove":{ "component_groups":[ "ryuo","no_haki" ] },
        "add":{ "component_groups":[ "b_haki" ] }
      },
      "b_haki_end":{
        "remove":{ "component_groups":[ "b_haki" ] },
        "add":{ "component_groups":[ "no_haki" ] }
      },
      "ryuo":{
        "remove":{ "component_groups":[ "b_haki","no_haki" ] },
        "add":{ "component_groups":[ "ryuo" ] }
      },
      "ryuo_end":{
        "remove":{ "component_groups":[ "ryuo" ] },
        "add":{ "component_groups":[ "no_haki" ] }
      },
      "hao":{
        "add":{ "component_groups":[ "hao" ] }
      },
      "hao_end":{
        "remove":{ "component_groups":[ "hao" ] }
      },
      "hao_attack_10":{
        "add":{ "component_groups":[ "hao_attack_10" ] }
      },
      "hao_attack_20":{
        "add":{ "component_groups":[ "hao_attack_20" ] }
      },
      "hao_attack_30":{
        "add":{ "component_groups":[ "hao_attack_30" ] }
      },
      "hao_attack_40":{
        "add":{ "component_groups":[ "hao_attack_40" ] }
      },
      "hao_attack_50":{
        "add":{ "component_groups":[ "hao_attack_50" ] }
      },
      "hao_ryuo_attack_10":{
        "add":{ "component_groups":[ "hao_ryuo_attack_10" ] }
      },
      "hao_ryuo_attack_20":{
        "add":{ "component_groups":[ "hao_ryuo_attack_20" ] }
      },
      "hao_ryuo_attack_30":{
        "add":{ "component_groups":[ "hao_ryuo_attack_30" ] }
      },
      "hao_ryuo_attack_40":{
        "add":{ "component_groups":[ "hao_ryuo_attack_40" ] }
      },
      "hao_ryuo_attack_50":{
        "add":{ "component_groups":[ "hao_ryuo_attack_50" ] }
      },
      "kamusari_10":{
        "add":{ "component_groups":[ "kamusari_10" ] }
      },
      "kamusari_20":{
        "add":{ "component_groups":[ "kamusari_20" ] }
      },
      "kamusari_30":{
        "add":{ "component_groups":[ "kamusari_30" ] }
      },
      "kamusari_40":{
        "add":{ "component_groups":[ "kamusari_40" ] }
      },
      "kamusari_50":{
        "add":{ "component_groups":[ "kamusari_50" ] }
      },
      // akumanomi
      "akumanomi":{
        "sequence":[
          {
            "filters":{
              "test":"is_variant","value":27140
            },
            "run_command":{
              "command":["function akumanomi/gomgom/gom_end"]
            }
          },
          {
            "filters":{
              "any_of":[
                {"test":"is_variant","value":27112},
                {"test":"is_variant","value":27201}
              ]
            },
            "run_command":{
              "command":"clear @s elytra"
            }
          },
          {
            "remove":{
              "component_groups":[
                "xxx","amal","baribari","betabeta","boundman","dokudoku","dokudoku2","dokudoku2_cooltime","gear4_cooltime","gomgom","gorogoro","guragura","hanahana","hiehie","hitohito","hobihobi","hotoke","hotoke2","hotoke2_cooltime","itoito","magmag","meramera","mochimochi","mokumoku","noronoro","opeope","pikapika","sirosiro","snakeman","sorusoru","strawman","sukesuke","sunasuna","teach","toritori","p_phoenix","uouo","uouo2","uouo2_cooltime","warawara","yamiyami","yomiyomi","yomiyomi0","yomiyomi2","zusizusi","jikijiki","nikyunikyu","sorusoru_rideable","gorugoru","rakiraki","p_phoenix_flying",/*damage*/"all_damage","pa_soru","pa_goru","pa_gura","pa_doku","pa_mochi","pa_yomi2","zoon","zoon_fall","pa_gom","pa_raki","pa_goru","logia","logia_goro","logia_suna","logia_pika","logia_hie","logia_mera","logia_moku",/*collision*/"collision0618",/*lava*/"lava002"
              ]
            }
          },
          {
            "run_command":{
              "command":"function akumanomi/clear"
            }
          },
          {
            "filters": {
              "test": "has_tag","value": "hiehie"
            },
            "add":{
              "component_groups":["hiehie","logia_hie","collision0618","lava002"]
            },
            "run_command":{
              "command":"function akumanomi/hiehie/hie_give"
            }
          },
          {
            "filters": {
              "test": "has_tag","value": "gorogoro"
            },
            "add":{
              "component_groups":["gorogoro","logia_goro","collision0618","lava002"]
            },
            "run_command":{
              "command":"function akumanomi/gorogoro/goro_give"
            }
          },
          {
            "filters": {
              "test": "has_tag","value": "pikapika"
            },
            "add":{
              "component_groups":["pikapika","logia_pika","collision0618","lava002"]
            },
            "run_command":{
              "command":"function akumanomi/pikapika/pika_give"
            }
          },
          {
            "filters": {
              "test": "has_tag","value": "sunasuna"
            },
            "add":{
              "component_groups":["sunasuna","logia_suna","collision0618","lava002"]
            },
            "run_command":{
              "command":"function akumanomi/sunasuna/suna_give"
            }
          },
          {
            "filters": {
              "all_of":[
                {
                  "test": "has_tag","value": "guragura"
                },
                {
                  "test": "has_tag","operator":"!=","value": "yamiyami"
                }
              ]
            },
            "add":{
              "component_groups":["guragura","pa_gura","collision0618","lava002"]
            },
            "run_command":{
              "command":"function akumanomi/guragura/gura_give"
            }
          },
          {
            "filters": {
              "test": "has_tag","value": "zusizusi"
            },
            "add":{
              "component_groups":["zusizusi","all_damage","collision0618","lava002"]
            },
            "run_command":{
              "command":"function akumanomi/zusizusi/zusi_give"
            }
          },
          {
            "filters": {
              "test": "has_tag","value": "opeope"
            },
            "add":{
              "component_groups":["opeope","all_damage","collision0618","lava002"]
            },
            "run_command":{
              "command":"function akumanomi/opeope/ope_give"
            }
          },
          {
            "filters": {
              "test": "has_tag","value": "meramera"
            },
            "add":{
              "component_groups":["meramera","logia_mera","collision0618","lava002"]
            },
            "run_command":{
              "command":"function akumanomi/meramera/mera_give"
            }
          },
          {
            "filters": {
              "all_of":[
                {
                  "test": "has_tag","value": "yamiyami"
                },
                {
                  "test": "has_tag","operator":"!=","value": "guragura"
                }
              ]
            },
            "add":{
              "component_groups":["yamiyami","all_damage","collision0618","lava002"]
            },
            "run_command":{
              "command":"function akumanomi/yamiyami/yami_give"
            }
          },
          {
            "filters": {
              "test": "has_tag","value": "magmag"
            },
            "add":{
              "component_groups":["magmag","logia_moku","collision0618"]
            },
            "run_command":{
              "command":"function akumanomi/magmag/mag_give"
            }
          },
          {
            "filters": {
              "test": "has_tag","value": "toritori"
            },
            "add":{
              "component_groups":["toritori","zoon_fall","collision0618","lava002"]
            },
            "run_command":{
              "command":"function akumanomi/toritori/tori_give"
            }
          },
          {
            "filters": {
              "test": "has_tag","value": "itoito"
            },
            "add":{
              "component_groups":["itoito","all_damage","collision0618","lava002"]
            },
            "run_command":{
              "command":"function akumanomi/itoito/ito_give"
            }
          },
          {
            "filters": {
              "test": "has_tag","value": "sorusoru"
            },
            "add":{
              "component_groups":["sorusoru","pa_soru","collision0618","lava002"]
            },
            "run_command":{
              "command":"function akumanomi/sorusoru/soru_give"
            }
          },
          {
            "filters": {
              "test": "has_tag","value": "gomgom"
            },
            "add":{
              "component_groups":["gomgom","pa_gom","collision0618","lava002"]
            },
            "run_command":{
              "command":"function akumanomi/gomgom/gom_give"
            }
          },
          {
            "filters": {
              "all_of":[
                {
                  "test": "has_tag","value": "yamiyami"
                },
                {
                  "test": "has_tag","value": "guragura"
                }
              ]
            },
            "add":{
              "component_groups":["teach","pa_gura","collision0618","lava002"]
            },
            "run_command":{
              "command":"function akumanomi/yamiyami/yami2_give"
            }
          },
          {
            "filters": {
              "test": "has_tag","value": "hobihobi"
            },
            "add":{
              "component_groups":["hobihobi","all_damage","collision0618","lava002"]
            },
            "run_command":{
              "command":"function akumanomi/hobihobi/hobi_give"
            }
          },
          {
            "filters": {
              "test": "has_tag","value": "betabeta"
            },
            "add":{
              "component_groups":["betabeta","all_damage","collision0618","lava002"]
            },
            "run_command":{
              "command":"function akumanomi/betabeta/beta_give"
            }
          },
          {
            "filters": {
              "test": "has_tag","value": "warawara"
            },
            "add":{
              "component_groups":["warawara","all_damage","collision0618","lava002"]
            },
            "run_command":{
              "command":"function akumanomi/warawara/wara_give"
            }
          },
          {
            "filters": {
              "test": "has_tag","value": "mochimochi"
            },
            "add":{
              "component_groups":["mochimochi","pa_mochi","collision0618","lava002"]
            },
            "run_command":{
              "command":"function akumanomi/mochimochi/mochi_give"
            }
          },
          {
            "filters": {
              "test": "has_tag","value": "uouo"
            },
            "add":{
              "component_groups":["uouo","zoon_fall","collision0618","lava002"]
            },
            "run_command":{
              "command":"function akumanomi/uouo/uo_give"
            }
          },
          {
            "filters": {
              "test": "has_tag","value": "yomiyomi"
            },
            "add":{
              "component_groups":["yomiyomi0","all_damage","collision0618","lava002"]
            }
          },
          {
            "filters": {
              "test": "has_tag","value": "hitohito"
            },
            "add":{
              "component_groups":["hitohito","zoon","collision0618","lava002"]
            },
            "run_command":{
              "command":"tag @s add hitohito"
            }
          },
          {
            "filters": {
              "test": "has_tag","value": "hanahana"
            },
            "add":{
              "component_groups":["hanahana","all_damage","collision0618","lava002"]
            },
            "run_command":{
              "command":"function akumanomi/hanahana/hana_give"
            }
          },
          {
            "filters": {
              "test": "has_tag","value": "sukesuke"
            },
            "add":{
              "component_groups":["sukesuke","all_damage","collision0618","lava002"]
            },
            "run_command":{
              "command":"function akumanomi/sukesuke/suke_give"
            }
          },
          {
            "filters": {
              "test": "has_tag","value": "noronoro"
            },
            "add":{
              "component_groups":["noronoro","all_damage","collision0618","lava002"]
            },
            "run_command":{
              "command":"function akumanomi/noronoro/noro_give"
            }
          },
          {
            "filters": {
              "test": "has_tag","value": "sirosiro"
            },
            "add":{
              "component_groups":["sirosiro","all_damage","collision0618","lava002"]
            },
            "run_command":{
              "command":"function akumanomi/sirosiro/siro_give"
            }
          },
          {
            "filters": {
              "test": "has_tag","value": "baribari"
            },
            "add":{
              "component_groups":["baribari","all_damage","collision0618","lava002"]
            },
            "run_command":{
              "command":"function akumanomi/baribari/bari_give"
            }
          },
          {
            "filters": {
              "test": "has_tag","value": "mokumoku"
            },
            "add":{
              "component_groups":["mokumoku","logia_moku","collision0618","lava002"]
            },
            "run_command":{
              "command":"function akumanomi/mokumoku/moku_give"
            }
          },
          {
            "filters": {
              "test": "has_tag","value": "dokudoku"
            },
            "add":{
              "component_groups":["dokudoku","pa_doku","collision0618","lava002"]
            },
            "run_command":{
              "command":"function akumanomi/dokudoku/doku_give"
            }
          },
          {
            "filters": {
              "test": "has_tag","value": "hotoke"
            },
            "add":{
              "component_groups":["hotoke","zoon","collision0618","lava002"]
            },
            "run_command":{
              "command":"function akumanomi/hitohito/hotoke_give"
            }
          },
          {
            "filters": {
              "test": "has_tag","value": "jikijiki"
            },
            "add":{
              "component_groups":["jikijiki","all_damage","collision0618","lava002"]
            },
            "run_command":{
              "command":"function akumanomi/jikijiki/jiki_give"
            }
          },
          {
            "filters": {
              "test": "has_tag","value": "nikyunikyu"
            },
            "add":{
              "component_groups":["nikyunikyu","all_damage","collision0618","lava002"]
            },
            "run_command":{
              "command":"function akumanomi/nikyunikyu/nikyu_give"
            }
          },
          {
            "filters": {
              "test": "has_tag","value": "gorugoru"
            },
            "add":{
              "component_groups":["gorugoru","pa_goru","collision0618","lava002"]
            },
            "run_command":{
              "command":"function akumanomi/gorugoru/goru_give"
            }
          },
          {
            "filters": {
              "test": "has_tag","value": "rakiraki"
            },
            "add":{
              "component_groups":["rakiraki","pa_raki","collision0618","lava002"]
            },
            "run_command":{
              "command":"function akumanomi/rakiraki/raki_give"
            }
          }
        ]
      },
      // gorogoro
      "goro_target":{
        "add":{
          "component_groups":["goro_target"]
        }
      },
      "be_amal":{
        "remove":{
          "component_groups":["gorogoro"]
        },
        "add":{
          "component_groups":["amal"]
        }
      },
      "amal_end":{
        "remove":{
          "component_groups":["amal"]
        },
        "add":{
          "component_groups":["gorogoro"]
        },
        "run_command":{
          "command":["function akumanomi/gorogoro/amal_end"]
        }
      },
      "goro_reflection":{
        "run_command":{
          "command":[
            "execute @e[r=3,c=1,tag=!gorogoro,type=!item,type=!xp_orb] ~~~ particle op_asa:gorogoro_particle0 ~~1~",
            "damage @e[r=3,c=1,tag=!gorogoro,type=!item,type=!xp_orb] 4 lightning entity @s"
          ]
        }
      },
      // pikapika
      "be_yasakaninomagatama":{
        "add":{
          "component_groups":["yasakaninomagatama"]
        }
      },
      // guragura
      "be_guragura_p":{
        "add":{
          "component_groups":["guragura_p"]
        }
      },
      "murakumokiri":{
        "add":{
          "component_groups":["murakumokiri"]
        }
      },
      // meramera
      "higan":{
        "add":{
          "component_groups":["higan"]
        }
      },
      "hiken":{
        "add":{
          "component_groups":["hiken"]
        }
      },
      "hiken_old":{
        "add":{
          "component_groups":["hiken_old"]
        }
      },
      "juujika":{
        "add":{
          "component_groups":["juujika"]
        }
      },
      "shinka_shiranui":{
        "add":{
          "component_groups":["shinka_shiranui"]
        }
      },
      "kaen_ryuo":{
        "add":{
          "component_groups":["kaen_ryuo"]
        }
      },
      // opeope
      "kikoku_p":{
        "sequence":[
          {
            "filters":{
              "test":"has_equipment","domain":"hand","value":"op_asa:room"
            },
            "add":{
              "component_groups":["kikoku_p"]
            }
          },
          {
            "filters":{
              "test":"has_equipment","domain":"hand","value":"op_asa:room_medium"
            },
            "add":{
              "component_groups":["kikoku_medium_p"]
            }
          },
          {
            "filters":{
              "test":"has_equipment","domain":"hand","value":"op_asa:room_large"
            },
            "add":{
              "component_groups":["kikoku_large_p"]
            }
          }
        ]
      },
      // magmag
      "daifunka":{
        "add":{
          "component_groups":["daifunka"]
        }
      },
      "mag_move":{
        "add":{
          "component_groups":["mag_move"]
        }
      },
      "ryuseikazan":{
        "add":{
          "component_groups":["ryuseikazan"]
        }
      },
      "gunchoukazan":{
        "add":{
          "component_groups":["gunchoukazan"]
        }
      },
      "mag_reflection":{
        "run_command":{
          "command":[
            "execute @e[r=3,c=1,tag=!magmag] ~~~ particle op_asa:mag_reflection_particle ~~1~",
            "damage @e[r=3,c=1,tag=!magmag,type=!item,type=!xp_orb] 4 lava entity @s"
          ]
        }
      },
      // toritori
      "hououin":{
        "sequence":[
          {
            "filters": {
              "test": "is_family","operator":"!=","value": "haki"
            },
            "add":{
              "component_groups":["hououin"]
            }
          },
          {
            "filters": {
              "test": "is_family","value": "haki"
            },
            "add":{
              "component_groups":["hououin_haki"]
            }
          }
        ]
      },
      "p_phoenix_elytra":{
        "run_command":{
          "command":"function akumanomi/toritori/p_phoenix_elytra"
        }
      },
      "be_p_phoenix":{
        "remove":{
          "component_groups":["toritori"]
        },
        "add":{
          "component_groups":["p_phoenix"]
        },
        "run_command":{
          "command":"function akumanomi/toritori/p_phoenix_start"
        }
      },
      "p_phoenix_flying":{
        "add":{
          "component_groups":["p_phoenix_flying"]
        }
      },
      "p_phoenix_not_flying":{
        "remove":{
          "component_groups":["p_phoenix_flying"]
        }
      },
      "p_phoenix_end":{
        "remove":{
          "component_groups":[ "p_phoenix" ]
        },
        "add":{
          "component_groups":[ "toritori" ]
        },
        "run_command":{
          "command":["tag @s remove p_phoenix","function akumanomi/toritori/tori_give"]
        }
      },
      // sorusoru
      "sorusoru_rideable":{
        "add":{
          "component_groups":[ "sorusoru_rideable" ]
        }
      },
      "sorusoru_unrideable":{
        "remove":{
          "component_groups":[ "sorusoru_rideable" ]
        }
      },
      // gomgom
      "be_jet_pistol":{
        "add":{
          "component_groups":["jet_pistol"]
        }
      },
      "boundman":{
        "remove":{
          "component_groups":["gomgom"]
        },
        "add":{
          "component_groups":["boundman"]
        },
        "run_command":{
          "command":[
            "tag @s add boundman",
            "function akumanomi/gomgom/gear4start",
            "function akumanomi/gomgom/boundman_give"
          ]
        }
      },
      "boundman_end":{
        "remove":{
          "component_groups":["boundman"]
        },
        "add":{
          "component_groups":["gomgom"]
        },
        "run_command":{
          "command":["tag @s remove boundman","function akumanomi/gomgom/gom_give"]
        }
      },
      "gear4_cooltime":{
        "remove":{
          "component_groups":["boundman","snakeman"]
        },
        "add":{
          "component_groups":["gear4_cooltime"]
        },
        "run_command":{
          "command":"function akumanomi/gomgom/gear4_cooltime_start"
        }
      },
      "gear4_coolup":{
        "remove":{
          "component_groups":["gear4_cooltime"]
        },
        "add":{
          "component_groups":["gomgom"]
        },
        "run_command":{
          "command":"function akumanomi/gomgom/gear4_coolup_give"
        }
      },
      "snakeman":{
        "remove":{
          "component_groups":["gomgom"]
        },
        "add":{
          "component_groups":["snakeman"]
        },
        "run_command":{
          "command":[
            "tag @s add snakeman",
            "function akumanomi/gomgom/gear4start",
            "function akumanomi/gomgom/snakeman_give"
          ]
        }
      },
      "snakeman_end":{
        "remove":{
          "component_groups":["snakeman"]
        },
        "add":{
          "component_groups":["gomgom"]
        },
        "run_command":{
          "command":[
            "tag @s remove snakeman",
            "effect @s speed 0 200 true",
            "effect @s jump_boost 0 200 true",
            "function akumanomi/gomgom/gom_give"
          ]
        }
      },
      // warawara
      "be_strawman":{
        "remove":{
          "component_groups":["warawara"]
        },
        "add":{
          "component_groups":["strawman"]
        },
        "run_command":{
          "command":"tag @s add strawman"
        }
      },
      "strawman_end":{
        "run_command":{
          "command":"tag @s remove strawman"
        },
        "remove":{
          "component_groups":["strawman"]
        },
        "add":{
          "component_groups":["warawara"]
        }
      },
      // mochimochi
      "mochituki_attack":{
        "filters":{
          "test":"has_equipment",
          "domain":"hand",
          "value":"op_asa:mochituki"
        },
        "run_command":{
          "command":[
            "replaceitem entity @s slot.weapon.mainhand 0 op_asa:mogura",
            "tag @s remove mochituki_attack"
          ]
        }
      },
      // uouo
      "uouo2_elytra":{
        "run_command":{
          "command":"function akumanomi/uouo/uouo2_elytra"
        }
      },
      "be_uouo2":{
        "remove":{
          "component_groups":["uouo","collision0618"]
        },
        "add":{
          "component_groups":["uouo2"]
        },
        "run_command":{
          "command":"function akumanomi/uouo/uo2_give"
        }
      },
      "uouo2_end":{
        "run_command":{
          "command":["tag @s remove uouo2","function akumanomi/uouo/uo2_end"]
        },
        "remove":{
          "component_groups":["uouo2"]
        },
        "add":{
          "component_groups":["uouo2_cooltime","collision0618"]
        }
      },
      "uouo2_coolup":{
        "remove":{
          "component_groups":["uouo2_cooltime"]
        },
        "add":{
          "component_groups":["uouo"]
        },
        "run_command":{
          "command":"function akumanomi/uouo/uo_give"
        }
      },
      "be_borobreath_move":{
        "add":{
          "component_groups":["borobreath_move"]
        }
      },
      "be_borobreath_sneak":{
        "add":{
          "component_groups":["borobreath_sneak"]
        }
      },
      "be_borobreath_ground":{
        "add":{
          "component_groups":["borobreath_ground"]
        }
      },
      // yomiyomi
      "be_yomiyomi":{
        "remove":{
          "component_groups":["yomiyomi0"]
        },
        "add":{
          "component_groups":["yomiyomi"]
        },
        "run_command":{
          "command":[
            "function akumanomi/yomiyomi/yomi_give",
            "give @s op_asa:brook_ken",
            "give @s op_asa:soulking"
          ]
        }
      },
      "be_yomiyomi2":{
        "remove":{
          "component_groups":["yomiyomi","collision0618","all_damage"]
        },
        "add":{
          "component_groups":["yomiyomi2","pa_yomi2"]
        },
        "run_command":{
          "command":[
            "function akumanomi/yomiyomi/yomi2_give",
            "tag @s add yomiyomi2"
          ]
        }
      },
      "yomiyomi2_end":{
        "remove":{
          "component_groups":["yomiyomi2","pa_yomi2"]
        },
        "add":{
          "component_groups":["yomiyomi","collision0618","all_damage"]
        },
        "run_command":{
          "command":[
            "function akumanomi/yomiyomi/yomi_give",
            "tag @s remove yomiyomi2"
          ]
        }
      },
      "yomiyomi2_dead":{
        "remove":{
          "component_groups":["yomiyomi2","pa_yomi2"]
        },
        "add":{
          "component_groups":["yomiyomi","collision0618","all_damage"]
        },
        "run_command":{
          "command":[
            "function akumanomi/yomiyomi/yomi_give",
            "tag @s remove yomiyomi2",
            "kill @s"
          ]
        }
      },
      // sirosiro
      "sirosiro_rider":{
        "add":{
          "component_groups":["sirosiro_rider"]
        }
      },
      "sirosiro_rider_end":{
        "remove":{
          "component_groups":["sirosiro_rider"]
        }
      },
      // mokumoku
      "be_whiteblow":{
        "add":{
          "component_groups":["whiteblow"]
        }
      },
      "be_whitesnake":{
        "add":{
          "component_groups":["whitesnake"]
        }
      },
      // dokudoku
      "be_dokudoku2":{
        "remove":{
          "component_groups":["dokudoku"]
        },
        "add":{
          "component_groups":["dokudoku2"]
        },
        "run_command":{
          "command":"function akumanomi/dokudoku/venomdemon_start"
        }
      },
      "dokudoku2_end":{
        "run_command":{
          "command":"function akumanomi/dokudoku/venomdemon_end"
        },
        "remove":{
          "component_groups":["dokudoku2"]
        },
        "add":{
          "component_groups":["dokudoku2_cooltime"]
        }
      },
      "dokudoku2_coolup":{
        "remove":{
          "component_groups":["dokudoku2_cooltime"]
        },
        "add":{
          "component_groups":["dokudoku"]
        },
        "run_command":{
          "command":"function akumanomi/dokudoku/doku_give"
        }
      },
      "doku_reflection":{
        "run_command":{
          "command":[
            "execute @e[r=3,c=1,tag=!dokudoku] ~~~ particle op_asa:dokudoku_particle0 ~~1~",
            "effect @e[r=3,c=1,tag=!dokudoku,type=!item,type=!xp_orb] poison 15 0 true"
          ]
        }
      },
      // hotoke
      "be_hotoke2":{
        "remove":{
          "component_groups":["hotoke","collision0618"]
        },
        "add":{
          "component_groups":["hotoke2"]
        },
        "run_command":{
          "command":"function akumanomi/hitohito/hotoke2_give"
        }
      },
      "hotoke2_end":{
        "run_command":{
          "command":"function akumanomi/hitohito/hotoke2_end"
        },
        "remove":{
          "component_groups":["hotoke2"]
        },
        "add":{
          "component_groups":["hotoke2_cooltime","collision0618"]
        }
      },
      "hotoke2_coolup":{
        "remove":{
          "component_groups":["hotoke2_cooltime"]
        },
        "add":{
          "component_groups":["hotoke"]
        },
        "run_command":{
          "command":"function akumanomi/hitohito/hotoke_give"
        }
      },
      // jikijiki
      "repel":{
        "remove":{
          "component_groups":["all_damage"]
        },
        "add":{
          "component_groups":["pa_jiki"]
        }
      },
      "repel_end":{
        "remove":{
          "component_groups":["pa_jiki"]
        },
        "add":{
          "component_groups":["all_damage"]
        }
      },
      // raki
      "raki_consume_player":{
        "run_command":{
          "command":[
            "scoreboard players set @s[scores={rakipower=1..10}] rakipower 0",
            "scoreboard players remove @s[scores={rakipower=11..}] rakipower 10"
          ]
        }
      },
      "raki_consume_notplayer":{
        "run_command":{
          "command":"scoreboard players remove @s[scores={rakipower=1..}] rakipower 1"
        }
      },
      "raki_coin_0":{
        "add":{
          "component_groups":["raki_coin_0"]
        }
      },
      "raki_coin_1":{
        "add":{
          "component_groups":["raki_coin_1"]
        }
      },
      "raki_coin_2":{
        "add":{
          "component_groups":["raki_coin_2"]
        }
      },
      "raki_coin_3":{
        "add":{
          "component_groups":["raki_coin_3"]
        }
      },
      "raki_coin_4":{
        "add":{
          "component_groups":["raki_coin_4"]
        }
      },
      "raki_coin_5":{
        "add":{
          "component_groups":["raki_coin_5"]
        }
      },
      "raki_coin_6":{
        "add":{
          "component_groups":["raki_coin_6"]
        }
      },
      "raki_coin_7":{
        "add":{
          "component_groups":["raki_coin_7"]
        }
      },
       "raki_coin_8":{
        "add":{
          "component_groups":["raki_coin_8"]
        }
      },
      "raki_coin_9":{
        "add":{
          "component_groups":["raki_coin_9"]
        }
      },
      "raki_coin_10":{
        "add":{
          "component_groups":["raki_coin_10"]
        }
      },
      // goru
      "goru_golden_beam":{
        "add":{
          "component_groups":["goru_golden_beam"]
        }
      },
      // other
      "be_midoriboshi1":{
        "add":{
          "component_groups":["midoriboshi1"]
        }
      },
      "logia_particle":{
        "run_command":{
          "command":"function akumanomi/logia_particle"
        }
      },
      "op_asa:ju_reflect":{
        "run_command":{
          "command":"damage @e[tag=!gomgom,family=!gomgom,rm=1,r=16,c=1,hasitem={item=op_asa:ju,location=slot.weapon.mainhand}] 5 projectile entity @s"
        }
      },
      "reset":{
        "sequence":[
          {
            "filters":{
              "test":"is_variant","value":27140
            },
            "run_command":{
              "command":["function akumanomi/gomgom/gom_end"]
            }
          },
          {
            "filters":{
              "any_of":[
                {"test":"is_variant","value":27112},
                {"test":"is_variant","value":27201}
              ]
            },
            "run_command":{
              "command":"clear @s elytra"
            }
          },
          {
            "remove":{
              "component_groups":[
                "xxx","amal","baribari","betabeta","boundman","dokudoku","dokudoku2","dokudoku2_cooltime","gear4_cooltime","gomgom","gorogoro","guragura","hanahana","hiehie","hitohito","hobihobi","hotoke","hotoke2","hotoke2_cooltime","itoito","magmag","meramera","mochimochi","mokumoku","noronoro","opeope","pikapika","sirosiro","snakeman","sorusoru","strawman","sukesuke","sunasuna","teach","toritori","p_phoenix","uouo","uouo2","uouo2_cooltime","warawara","yamiyami","yomiyomi","yomiyomi0","yomiyomi2","zusizusi","jikijiki","nikyunikyu","sorusoru_rideable","gorugoru","rakiraki","p_phoenix_flying",/*damage*/"all_damage","pa_soru","pa_goru","pa_gura","pa_doku","pa_mochi","pa_yomi2","zoon","zoon_fall","pa_gom","pa_raki","pa_goru","logia","logia_goro","logia_suna","logia_pika","logia_hie","logia_mera","logia_moku",/*collision*/"collision0618",/*lava*/"lava002"
              ]
            }
          },
          {
            "run_command":{
              "command":"function akumanomi/clear"
            }
          },
          {
            "add":{
              "component_groups":["all_damage","xxx","collision0618","lava002"]
            }
          }
        ]
      },
      "score":{
       "sequence":[
        {
          "filters":{
            "any_of":[
              {
                "test": "is_difficulty","value": "normal"
              },
              {
                "test": "is_difficulty","value": "hard"
              }
            ]
          },
          "run_command":{
            "command":"tag @s add score_start"
          }
        }
       ]
      },
      "scored":{
        "run_command":{
          "command":["function akumanomi/score","tag @s remove score_start"]
        }
      },
      // health
      "health40":{
        "remove":{
          "component_groups":["health44","health48","health52","health56","health60"]
        },
        "add":{
          "component_groups":["health40"]
        }
      },
      "health44":{
        "remove":{
          "component_groups":["health40","health48","health52","health56","health60"]
        },
        "add":{
          "component_groups":["health44"]
        }
      },
      "health48":{
        "remove":{
          "component_groups":["health40","health44","health52","health56","health60"]
        },
        "add":{
          "component_groups":["health48"]
        }
      },
      "health52":{
        "remove":{
          "component_groups":["health40","health44","health48","health56","health60"]
        },
        "add":{
          "component_groups":["health52"]
        }
      },
      "health56":{
        "remove":{
          "component_groups":["health40","health44","health48","health52","health60"]
        },
        "add":{
          "component_groups":["health56"]
        }
      },
      "health60":{
        "remove":{
          "component_groups":["health40","health44","health48","health52","health56"]
        },
        "add":{
          "component_groups":["health60"]
        }
      },
      // weather
      "thunderstorm":{
        "run_command":{
          "command":"tag @s add thunderstorm"
        }
      },
      "no_thunderstorm":{
        "run_command":{
          "command":"tag @s remove thunderstorm"
        }
      },
      "sunny":{
        "run_command":{
          "command":"tag @s add sunny"
        }
      },
      "no_sunny":{
        "run_command":{
          "command":"tag @s remove sunny"
        }
      },
      // place
      "underground":{
        "run_command":{
          "command":"tag @s add underground"
        }
      },
      "onground":{
        "run_command":{
          "command":"tag @s remove underground"
        }
      },
      // es
      "es":{
        "remove":{
          "component_groups":["es_death"]
        },
        "add":{
          "component_groups":["es"]
        }
      },
      "es_death":{
        "remove":{
          "component_groups":["es"]
        },
        "add":{
          "component_groups":["es_death"]
        }
      },
      "not_es":{
        "remove":{
          "component_groups":["es","es_death"]
        }
      },
      // vanilla
      "minecraft:gain_bad_omen": {
        "add": {
          "component_groups": ["minecraft:add_bad_omen"]
        }
      },
      "minecraft:clear_add_bad_omen": {
        "remove": {
          "component_groups": ["minecraft:add_bad_omen"]
        },
        "add": {
          "component_groups": ["minecraft:clear_bad_omen_spell_effect"]
        }
      },
      "minecraft:trigger_raid": {
        "add": {
          "component_groups": [ "minecraft:raid_trigger" ]
        }
      },
      "minecraft:remove_raid_trigger": {
        "remove": {
          "component_groups": [ "minecraft:raid_trigger" ]
        }
      }
    }
  }
}