{
  "format_version":"1.16.100",
  "animation_controllers":{
    "controller.animation.luccy1":{
      "states":{
        "default":{
          "transitions":[
            {"pistol":"q.variant == 1 && v.attack_time > 0"},
            {"whip":"q.variant == 2 && v.attack_time > 0"},
            {"rocket_start":"q.variant == 3 && q.is_on_ground && q.has_target"},
            {"move":"q.variant == 4"}
          ]
        },
        "pistol":{
          "transitions":[
            {"default":"v.attack_time <= 0"}
          ]
        },
        "whip":{
          "transitions":[
            {"default":"v.attack_time <= 0"}
          ],
          "on_entry":[
            "/summon op_asa:luccy_whip ~~~"
          ]
        },
        "rocket_start":{
          "transitions":[
            {"default":"q.variant != 3 || !q.has_target"},
            {"rocket":"v.time = (v.time ?? 0);v.time = v.time < 5 ? v.time + 1:0;return v.time == 0;"}
          ],
          "on_entry":[
            "/effect @s slowness 1 20 true"
          ],
          "on_exit":[
            "/effect @s slowness 0 21 true"
          ]
        },
        "rocket":{
          "transitions":[
            {"default":"q.variant != 3"}
          ],
          "on_entry":[
            "/summon op_asa:luccy_rocket ^^^-1",
            "/effect @s levitation 1 0 true"
          ]
        },
        "move":{
          "transitions":[
            {"default":"(1.0)"}
          ],
          "on_entry":[
            "/effect @s speed 1 3 true"
          ]
        }
      }
    },
    "controller.animation.luccy1_2":{
      "states":{
        "default":{
          "transitions":[
            {"on_sand":"q.variant != 2700"}
          ]
        },
        "on_sand":{
          "transitions":[
            {"default":"v.time = (v.time ?? 0);v.time = v.time < 5 ? v.time + 1:0;return v.time == 0;"}
          ],
          "on_entry":[
            "/execute @s ~~~ detect ~~-1~ sandstone 2 effect @s levitation 1 20 true",
            "/execute @s ~~~ detect ~~-2~ sandstone 2 effect @s levitation 1 20 true"
          ],
          "on_exit":[
            "/effect @s levitation 0 21 true"
          ]
        }
      }
    }
  }
}