{
  "format_version":"1.16.100",
  "animation_controllers":{
    "controller.animation.luccy2":{
      "states":{
        "default":{
          "transitions":[
            {"normal":"q.variant == 1"},
            {"1":"q.variant == 0 && q.is_on_ground"}
          ]
        },
        "1":{
          "transitions":[
            {"normal":"q.variant == 1"},
            {"ibuki_start":"q.variant == 2"}
          ],
          "on_entry":[
            "/execute @s ~~~ detect ~~-1~ end_bricks 0 event entity @s op_asa:ibuki"
          ]
        },
        "ibuki_start":{
          "transitions":[
            {"normal":"q.variant == 1"},
            {"ibuki":"v.time = (v.time ?? 0);v.time = v.time < 18 ? v.time + 1:0;return v.time == 0;"}
          ],
          "on_entry":[
            "/effect @s slowness 3 20 true",
            "/particle op_asa:ibuki_particle1 ~~~"
          ]
        },
        "ibuki":{
          "transitions":[
            {"ibuki_destroy":"v.time = (v.time ?? 0);v.time = v.time < 5 ? v.time + 1:0;return v.time == 0;"}
          ],
          "on_entry":[
            "/particle op_asa:ibuki_particle2 ~~~"
          ]
        },
        "ibuki_destroy":{
          "transitions":[
            {"normal":"q.variant == 1"}
          ],
          "on_entry":[
            "/particle minecraft:huge_explosion_emitter ~3~-3~3",
            "/particle minecraft:huge_explosion_emitter ~-3~-3~3",
            "/particle minecraft:huge_explosion_emitter ~3~-3~-3",
            "/particle minecraft:huge_explosion_emitter ~-3~-3~-3",
            "/particle minecraft:huge_explosion_emitter ~4~-2~",
            "/particle minecraft:huge_explosion_emitter ~-4~-2~",
            "/particle minecraft:huge_explosion_emitter ~~-2~-4",
            "/particle minecraft:huge_explosion_emitter ~~-2~4",
            "/particle minecraft:huge_explosion_emitter ~6~-1~6",
            "/particle minecraft:huge_explosion_emitter ~-6~-1~6",
            "/particle minecraft:huge_explosion_emitter ~6~-1~-6",
            "/particle minecraft:huge_explosion_emitter ~-6~-1~-6",
            "/particle minecraft:huge_explosion_emitter ~8~~2",
            "/particle minecraft:huge_explosion_emitter ~8~~-2",
            "/particle minecraft:huge_explosion_emitter ~-8~~2",
            "/particle minecraft:huge_explosion_emitter ~-8~~-2",
            "/particle minecraft:huge_explosion_emitter ~2~~8",
            "/particle minecraft:huge_explosion_emitter ~-2~~8",
            "/particle minecraft:huge_explosion_emitter ~2~~-8",
            "/particle minecraft:huge_explosion_emitter ~-2~~-8",
            "/fill ~6~1~6 ~-6~-5~-6 air 0 destroy",
            "/fill ~10~1~10 ~-10~-8~-10 air 0 replace end_bricks",
            "/fill ~10~1~10 ~-10~-8~-10 air 0 replace sandstone 2"
          ]
        },
        "normal":{}
      }
    }
  }
}