{
	"pools" : [
		{
			"rolls" : 1,
			"entries" : [
				{
					"type" : "item",
					"name" : "minecraft:torch",
					"weight" : 20,
					"functions" : [
						{
							"function" : "set_count",
							"count" : {
								"min" : 2,
								"max" : 4
							}
						}
					]
				},
				{
					"type" : "item",
					"name" : "minecraft:diamond",
					"weight" : 1,
					"functions" : [
						{
							"function" : "set_count",
							"count" : {
								"min" : 1,
								"max" : 1
							}
						}
					]
				},
				{
					"type" : "item",
					"name" : "minecraft:iron_ingot",
					"weight" : 15,
					"functions" : [
						{
							"function" : "set_count",
							"count" : {
								"min" : 1,
								"max" : 2
							}
						}
					]
				},
				{
					"type" : "item",
					"name" : "minecraft:iron_ingot",
					"weight" : 15,
					"functions" : [
						{
							"function" : "set_count",
							"count" : {
								"min" : 1,
								"max" : 2
							}
						}
					]
				},
				{
					"type" : "item",
					"name" : "minecraft:coal",
					"weight" : 15,
					"functions" : [
						{
							"function" : "set_count",
							"count" : {
								"min" : 5,
								"max" : 8
							}
						}
					]
				},
				{
					"type" : "item",
					"name" : "minecraft:stick",
					"weight" : 15,
					"functions" : [
						{
							"function" : "set_count",
							"count" : {
								"min" : 2,
								"max" : 4
							}
						}
					]
				},
				{
					"type" : "item",
					"name" : "minecraft:wooden_pickaxe",
					"weight" : 10,
					"functions" : [
						{
							"function" : "looting_enchant",
							"count" : {
								"min" : 1,
								"max" : 1
							}
						},
						{
							"function" : "enchant_random_gear",
							"chance" : 0.50
						}
					]
				},
				{
					"type" : "item",
					"name" : "minecraft:stone_pickaxe",
					"weight" : 10,
					"functions" : [
						{
							"function" : "looting_enchant",
							"count" : {
								"min" : 1,
								"max" : 1
							}
						},
						{
							"function" : "enchant_random_gear",
							"chance" : 0.50
						}
					]
				},
				{
					"type" : "item",
					"name" : "minecraft:iron_pickaxe",
					"weight" : 5,
					"functions" : [
						{
							"function" : "looting_enchant",
							"count" : {
								"min" : 1,
								"max" : 1
							}
						},
						{
							"function" : "enchant_random_gear",
							"chance" : 0.50
						}
					]
				}
			]
		}
	]
}
