{
  "format_version": "1.13.0",
  "minecraft:entity": {
    "description": {
      "identifier": "op_asa:hao_p_40",
      "is_spawnable": false,
      "is_summonable": true,
      "is_experimental": false,
      "runtime_identifier": "minecraft:snowball"
    },
    "component_groups": {
      "op_asa:despawn":{
        "minecraft:instant_despawn":{}
      }
    },

    "components": {
      "minecraft:timer": {
        "looping": false,
        "randomInterval": false,
        "time": 0.07,
        "time_down_event": {
         "event": "op_asa:timer_event",
         "target": "self"
        }
      },
      "minecraft:projectile": {
        "on_hit": {
          "remove_on_hit":{},
          "impact_damage": {
            "damage": 20,
            "knockback": true,
            "semi_random_diff_damage":false,
            "destroy_on_hit": true,
            "max_critical_damage": 10,
            "min_critical_damage": 9,
            "power_multiplier": 0.97
          }
        },
        "liquid_inertia":1.0,
        "power": 2,
        "gravity": 0.00,
        "uncertainty_base": 1,
        "uncertainty_multiplier": 0,
        "anchor": 1,
        "should_bounce": true
      },
      "minecraft:collision_box": {
        "width":0,
        "height":0
      },
      "minecraft:physics": {
      },
      "minecraft:pushable": {
        "is_pushable": false,
        "is_pushable_by_piston": false
      }
    },

    "events": {
      "op_asa:timer_event":{
        "add":{
          "component_groups":["op_asa:despawn"]
        }
      }
    }

  }
}