{
  "format_version": "1.13.0",
  "minecraft:entity": {
    "description": {
      "identifier": "op_asa:kamusari_p_10",
      "is_spawnable": false,
      "is_summonable": true,
      "is_experimental": false,
      "runtime_identifier": "minecraft:snowball"
    },
    "component_groups": {},

    "components": {
      "minecraft:timer": {
        "looping": true,
        "randomInterval": false,
        "time": 0.0,
        "time_down_event": {
         "event": "op_asa:timer_event",
         "target": "self"
        }
      },
      "minecraft:projectile": {
        "reflect_on_hurt":false,
        "on_hit": {
          "remove_on_hit": { },
          "impact_damage": {
            "damage": 8,
            "knockback": true,
            "semi_random_diff_damage":false,
            "destroy_on_hit": true,
            "max_critical_damage": 10,
            "min_critical_damage": 9,
            "power_multiplier": 0.97
          }
        },
        "liquid_inertia":1.0,
        "power": 2,
        "gravity": 0.00,
        "uncertainty_base": 1,
        "uncertainty_multiplier": 0,
        "anchor": 0,
        "should_bounce": true,
        "offset": [ 0, 0, 0 ]
      },
      "minecraft:collision_box": {
        "width":0,
        "height":0
      },
      "minecraft:physics": {
      },
      "minecraft:transformation": {
        "into": "op_asa:despawn",
        "delay": 2.5
      },
      "minecraft:pushable": {
        "is_pushable": false,
        "is_pushable_by_piston": false
      },
      "minecraft:conditional_bandwidth_optimization": {
        "default_values": {
          "max_optimized_distance": 80.0,
          "max_dropped_ticks": 10,
          "use_motion_prediction_hints": true
        }
      }
    },

    "events": {
      "op_asa:timer_event":{
        "run_command":{
          "command": "damage @e[r=3,tag=!kamusari,type=!item,type=!xp_orb] 8 entity_attack entity @p[hasitem={item=op_asa:roger_sword,location=slot.weapon.mainhand}]"
        }
      }
    }

  }
}