{
	"resource_pack_name": "bridgeRP",
	"texture_name": "atlas.items",
	"texture_data": {
		"ftl_sc_huggy_buddy_spawn": {
			"textures": [
				"textures/items/ftl_sc_ppt/ftl_huggy_buddie_spawn"
			]
		},
		"sc_red_hand": {
			"textures": [
				"textures/items/ftl_sc_ppt/red_hand"
			]
		},
		"sc_blue_hand": {
			"textures": [
				"textures/items/ftl_sc_ppt/blue_hand"
			]
		},
		"sc_green_hand": {
			"textures": [
				"textures/items/ftl_sc_ppt/green_hand"
			]
		},
		"sc_grabpack1": {
			"textures": [
				"textures/items/ftl_sc_ppt/sc_grabpack1"
			]
		},
		"sc_grabpack2": {
			"textures": [
				"textures/items/ftl_sc_ppt/sc_grabpack2"
			]
		},
		"ftl_sc_kissy_missy_spawn": {
			"textures": [
				"textures/items/ftl_sc_ppt/ftl_kissy_missy_spawn"
			]
		},
		"ftl_sc_pj_spawn": {
			"textures": [
				"textures/items/ftl_sc_ppt/ftl_pj_pugapillar_spawn"
			]
		},
		"ftl_sc_bunzo_spawn": {
			"textures": [
				"textures/items/ftl_sc_ppt/ftl_bunzo_bunny_spawn"
			]
		},
		"ftl_sc_poppy_spawn": {
			"textures": [
				"textures/items/ftl_sc_ppt/ftl_poppy_spawn"
			]
		},
		"ftl_sc_mommy_spawn": {
			"textures": [
				"textures/items/ftl_sc_ppt/ftl_mommy_long_legs_spawn"
			]
		},
		"ftl_sc_huggy_wuggy_statue_spawn": {
			"textures": [
				"textures/items/ftl_sc_ppt/ftl_huggy_wuggy_statue_spawn"
			]
		},
		"ftl_sc_huggy_wuggy_spawn": {
			"textures": [
				"textures/items/ftl_sc_ppt/ftl_huggy_wuggy_spawn"
			]
		}
	}
}