{
  "format_version": "1.13.0",
  "minecraft:entity": {
    "description": {
      "identifier": "op_asa:crocodile_p",
      "is_spawnable": false,
      "is_summonable": true,
      "is_experimental": false,
      "runtime_identifier": "minecraft:snowball"
    },
    "component_groups": {
      "op_asa:despawn":{
        "minecraft:instant_despawn":{}
      }
    },

    "components": {
      "minecraft:timer": {
        "looping": true,
        "randomInterval": false,
        "time": 0.0,
        "time_down_event": {
         "event": "op_asa:timer_event",
         "target": "self"
        }
      },
      "minecraft:projectile": {
        "reflect_on_hurt":false,
        "on_hit": {
          "spawn_chance": {
            "first_spawn_percent_chance": 100.0,
            "first_spawn_count": 1,
            "spawn_definition": "op_asa:crocodile_p_particle"
          },
          "remove_on_hit": { },
          "impact_damage": {
            "damage": 14,
            "knockback": true,
            "semi_random_diff_damage":false,
            "destroy_on_hit": true,
            "max_critical_damage": 10,
            "min_critical_damage": 9,
            "power_multiplier": 0.97
          }
        },
        "filter": "op_asa:crocodile",
        "power": 1.75,
        "gravity": 0.00,
        "uncertainty_base": 1,
        "uncertainty_multiplier": 0,
        "anchor": 0,
        "should_bounce": true,
        "offset": [ 0, 1.5, 0 ]
      },
      "minecraft:collision_box": {
        "width":5,
        "height":5
      },
      "minecraft:physics": {
      },
      "minecraft:transformation": {
        "into": "op_asa:despawn",
        "delay": 5
      },
      "minecraft:pushable": {
        "is_pushable": false,
        "is_pushable_by_piston": false
      },
      "minecraft:conditional_bandwidth_optimization": {
        "default_values": {
          "max_optimized_distance": 80.0,
          "max_dropped_ticks": 10,
          "use_motion_prediction_hints": true
        }
      }
    },

    "events": {
      "op_asa:timer_event":{
        "sequence":[
          {
            "filters":{
              "test":"in_water","value":false
            },
            "run_command":{
              "command": "damage @e[r=4,tag=!sunasuna,family=!sunasuna,type=!item,type=!xp_orb] 14 entity_attack entity @e[c=1,type=op_asa:crocodile]"
            }
          },
          {
            "filters":{
              "test":"in_water"
            },
            "add":{
              "component_groups":["op_asa:despawn"]
            }
          }
        ]
      }
    }
  }
}