{
  "format_version": "1.12.0",
  "minecraft:entity": {
    "description": {
      "identifier": "op_asa:fish_kaizoku2_p",
      "is_spawnable": false,
      "is_summonable": true,
      "is_experimental": false,
      "runtime_identifier": "minecraft:snowball"
    },
    "component_groups": {
      "op_asa:despawn": {
        "minecraft:instant_despawn": {}
      }
    },

    "components": {
      "minecraft:collision_box": {
        "width": 0.0,
        "height": 0.0
      },
      "minecraft:projectile": {
        "on_hit": {
          "remove_on_hit": {},
          "impact_damage": {
            "damage": 6,
            "knockback": true,
            "semi_random_diff_damage":false,
            "destroy_on_hit": true,
            "power_multiplier": 0.97
          }
        },
        "offset": [ 0, 2.5, 0 ],
        "power": 2,
        "gravity": 0.00,
        "angle_offset": 0.0,
        "inertia": 1,
        "knockback":true,
        "multiple_targets":true,
        "liquid_inertia": 1
      },
      "minecraft:timer": {
        "looping": true,
        "randomInterval": false,
        "time": 0,
        "time_down_event": {
         "event": "op_asa:timer_event",
         "target": "self"
        }
      },
      "minecraft:transformation": {
        "into": "op_asa:despawn",
        "delay": 2
      },
	    "minecraft:physics": {
      },
      "minecraft:pushable": {
        "is_pushable": false,
        "is_pushable_by_piston": false
      },
      "minecraft:conditional_bandwidth_optimization": {
        "default_values": {
          "max_optimized_distance": 80.0,
          "max_dropped_ticks": 10,
          "use_motion_prediction_hints": true
        }
      }
    },

    "events": {
      "op_asa:despawn": {
        "add": {
          "component_groups": [
            "op_asa:despawn"
          ]
        }
      },
      "op_asa:timer_event":{
        "run_command":{
          "command":"particle op_asa:fish_kaizoku2_p_particle ~~~"
        }
      }
  }
}
}
