{
  "format_version": "1.13.0",
  "minecraft:entity": {    
    "description": {
      "identifier": "op_asa:luccy_rocket",
      "is_spawnable": false,
      "is_summonable": true,
      "is_experimental": false
    },
    "component_groups": {
      "op_asa:despawn":{
        "minecraft:instant_despawn": {}
      }
    },
    "components": {
      "minecraft:type_family": {
        "family": [ "gomgom" ]
      },
      "minecraft:behavior.knockback_roar": {
        "duration": 0.11,
        "attack_time": 0.1,
        "knockback_damage": 0,
        "knockback_strength": 7,
        "knockback_range": 3,
        "knockback_filters": {
          "all_of":[
            {
              "test": "is_family",
              "subject": "other",
              "value": "luffy"
            }
          ]
        },
        "damage_filters": {
          "all_of":[
            {
              "test": "is_family",
              "subject": "other",
              "value": "luffy"
            }
          ]
        },
        "on_roar_end": {
          "event": "op_asa:end_roar"
        }
      },
      "minecraft:collision_box": {
        "width":0.0,
        "height":0.0
      },
      "minecraft:physics": {
      },
      "minecraft:pushable": {
        "is_pushable": false,
        "is_pushable_by_piston": false
      },
      "minecraft:conditional_bandwidth_optimization": {
        "default_values": {
          "max_optimized_distance": 80.0,
          "max_dropped_ticks": 10,
          "use_motion_prediction_hints": true
        }
      }
    },
    "events": {
      "op_asa:end_roar":{
        "add":{
          "component_groups":[
            "op_asa:despawn"
          ]
        }
      }
    }
  }
}