{
  "format_version": "1.12.0",
  "minecraft:entity": {
    "description": {
      "identifier": "op_asa:usopp_midoriboshi1_p",
      "is_spawnable": false,
      "is_summonable": false,
      "is_experimental": false,
      "runtime_identifier": "minecraft:snowball"
    },
    "component_groups": {
      "op_asa:despawn":{
        "minecraft:instant_despawn": {}
      }
    },

    "components": {
      "minecraft:type_family": {
        "family": [ "usopp" ]
      },
      "minecraft:collision_box": {
        "width": 0.1,
        "height": 0.1
      },
      "minecraft:projectile": {
        "on_hit": {
          "definition_event": {
            "affectProjectile": true,
            "eventTrigger": {
                  "event": "op_asa:event1",
                  "target": "self"
            }
          },
          "impact_damage": {
            "knockback": true,
            "semi_random_diff_damage":false,
            "destroy_on_hit": true,
            "max_critical_damage": 10,
            "min_critical_damage": 9,
            "power_multiplier": 0.97
          }
        },
        "power": 2,
        "gravity": 0,
        "angle_offset": 0.0,
        "inertia": 1,
        "knockback":false,
        "liquid_inertia": 1
      },
      "minecraft:transformation": {
        "into": "op_asa:despawn",
        "delay": 1
      },
	    "minecraft:physics": {
      },
      "minecraft:pushable": {
        "is_pushable": true,
        "is_pushable_by_piston": true
      },
      "minecraft:conditional_bandwidth_optimization": {
        "default_values": {
          "max_optimized_distance": 80.0,
          "max_dropped_ticks": 10,
          "use_motion_prediction_hints": true
        }
      }
    },

    "events": {
      "op_asa:event1":{
        "sequence":[
          {
            "run_command":{
              "command":[
                "summon op_asa:usopp_midoriboshi1_e",
                "damage @e[family=!usopp,family=!chopper,family=!nami,r=3,type=!item,type=!xp_orb] 10 entity_attack entity @e[c=1,type=op_asa:usopp]",
                "fill ~-2~-3~-2 ~2~5~2 bamboo 0 replace air"
              ]
            }
          },
          {
            "add":{
              "component_groups":[
                "op_asa:despawn"
              ]
            }
          }
        ]
      }
    }
  }
}
