{
  "format_version": "1.10.0",
  "minecraft:client_entity": {
    "description": { "identifier": "stk:tree_punch",
      "materials": {
        "default": "elytra"
      },
      "textures": {
        "default": "textures/powers/mori/forest"
      },
      "geometry": {
        "default": "geometry.arm"
      },
      "animations": {
        "move": "animation.arm"
      },
      "scripts": {
        "animate": [
          "move"
        ]
      },
      "render_controllers": [ "controller.render.base",
      "controller.render.base"]
    }
  }
}


