{
  "format_version":"1.16.100",
  "animation_controllers":{
    "controller.animation.katakuri":{
      "states":{
        "default":{
          "transitions":[
            {"1":"query.has_target && !query.is_in_water && !variable.attack_time"}
          ]
        },
        "1":{
          "transitions":[
            {"default":"v.time = (v.time ?? 0);v.time = v.time < 60 ? v.time + 1:0;return v.time == 0;"}
          ],
          "on_entry":[
            "/tp @s ^^7^10 true"
          ]
        }
      }
    }
  }
}