{
	"file_path": "C:\\Users\\fiddy\\AppData\\Local\\Packages\\Microsoft.MinecraftUWP_8wekyb3d8bbwe\\LocalState\\games\\com.mojang\\development_resource_packs\\H_DecorR\\blocks.json",
	"file_type": "client_block",
	"format_version": 1,
	"file_uuid": "a2f61187_1602_4979_907a_f2405ec54c6a",
	"file_version": 51,
	"cache_content": {
		"children": [
			{
				"key": "format_version",
				"is_minified": true,
				"children": [
					1,
					0,
					9
				]
			},
			{
				"key": "boi:web_layer",
				"is_minified": true,
				"children": {
					"sound": "cloth"
				}
			},
			{
				"key": "boi:web_hanging_mid",
				"is_minified": true,
				"children": {
					"sound": "cloth"
				}
			},
			{
				"key": "boi:web_hanging",
				"is_minified": true,
				"children": {
					"sound": "cloth"
				}
			},
			{
				"key": "boi:web_hanging_tech",
				"is_minified": true,
				"children": {
					"sound": "cloth"
				}
			},
			{
				"key": "boi:autumn_sapling",
				"is_minified": true,
				"children": {
					"sound": "grass"
				}
			},
			{
				"key": "boi:autumn_leaves",
				"is_minified": true,
				"children": {
					"sound": "grass"
				}
			},
			{
				"key": "boi:autumn_leaves_pile",
				"is_minified": true,
				"children": {
					"sound": "grass"
				}
			},
			{
				"key": "boi:decoration_skeleton",
				"is_minified": true,
				"children": {
					"sound": "bone_block"
				}
			},
			{
				"key": "boi:bone_pile",
				"is_minified": true,
				"children": {
					"sound": "bone_block"
				}
			},
			{
				"key": "boi:bone_pile_skulls",
				"is_minified": true,
				"children": {
					"sound": "bone_block"
				}
			},
			{
				"key": "boi:brain_jar",
				"is_minified": true,
				"children": {
					"sound": "glass"
				}
			},
			{
				"key": "boi:eye_jar",
				"is_minified": true,
				"children": {
					"sound": "glass"
				}
			},
			{
				"key": "boi:candelabra",
				"is_minified": true,
				"children": {
					"sound": "lantern"
				}
			},
			{
				"key": "boi:lantern_pumpkin",
				"is_minified": true,
				"children": {
					"sound": "lantern"
				}
			},
			{
				"key": "boi:lantern_ghost",
				"is_minified": true,
				"children": {
					"sound": "lantern"
				}
			},
			{
				"key": "boi:coffin",
				"is_minified": true,
				"children": {
					"sound": "wood"
				}
			},
			{
				"open": {
					"format_version": [
						1,
						0,
						9
					],
					"boi:web_layer": {
						"sound": "cloth"
					},
					"boi:web_hanging_mid": {
						"sound": "cloth"
					},
					"boi:web_hanging": {
						"sound": "cloth"
					},
					"boi:web_hanging_tech": {
						"sound": "cloth"
					},
					"boi:autumn_sapling": {
						"sound": "grass"
					},
					"boi:autumn_leaves": {
						"sound": "grass"
					},
					"boi:autumn_leaves_pile": {
						"sound": "grass"
					},
					"boi:decoration_skeleton": {
						"sound": "bone_block"
					},
					"boi:bone_pile": {
						"sound": "bone_block"
					},
					"boi:bone_pile_skulls": {
						"sound": "bone_block"
					},
					"boi:brain_jar": {
						"sound": "glass"
					},
					"boi:eye_jar": {
						"sound": "glass"
					},
					"boi:candelabra": {
						"sound": "lantern"
					},
					"boi:lantern_pumpkin": {
						"sound": "lantern"
					},
					"boi:lantern_ghost": {
						"sound": "lantern"
					},
					"boi:coffin": {
						"sound": "wood"
					},
					"boi:valve": {
						"sound": "copper"
					}
				},
				"key": "boi:valve",
				"is_minified": true,
				"children": {
					"sound": "copper"
				}
			}
		]
	}
}