{
	"file_path": "C:\\Users\\fiddy\\AppData\\Local\\Packages\\Microsoft.MinecraftUWP_8wekyb3d8bbwe\\LocalState\\games\\com.mojang\\development_resource_packs\\SeasonalDecorRP\\sounds.json",
	"file_type": "client_sound",
	"format_version": 1,
	"file_uuid": "fb5e86e0_60dc_479b_93c3_15713555aa8c",
	"file_version": 18,
	"cache_content": {
		"children": [
			{
				"open": {
					"entity_sounds": {
						"defaults": {
							"volume": 1,
							"pitch": [
								0.8,
								1.2
							],
							"events": {
								"fall.big": {
									"sound": "damage.fallbig",
									"volume": 0.75,
									"pitch": 1
								},
								"fall.small": {
									"sound": "damage.fallsmall",
									"volume": 0.75,
									"pitch": 1
								},
								"unlock.chest": {
									"sound": "damage.fallbig",
									"volume": 0.75,
									"pitch": 1
								},
								"splash": {
									"sound": "random.splash",
									"pitch": [
										0.6,
										1.4
									]
								},
								"swim": {
									"sound": "random.swim",
									"pitch": [
										0.6,
										1.4
									]
								},
								"fizz": {
									"sound": "random.fizz",
									"volume": 0.7,
									"pitch": [
										1.2,
										2
									]
								},
								"drink": {
									"sound": "random.drink",
									"volume": 0.5,
									"pitch": [
										0.9,
										1
									]
								},
								"eat": {
									"sound": "random.eat",
									"volume": [
										0.5,
										1.5
									],
									"pitch": [
										0.8,
										1.2
									]
								},
								"ambient": {},
								"flop": {},
								"hurt": "game.player.hurt",
								"death": "game.player.die",
								"ambient.in.water": {},
								"hurt.in.water": {},
								"death.in.water": {}
							}
						},
						"entities": {
							"bat": {
								"volume": 0.1,
								"pitch": [
									0.76,
									1.14
								],
								"events": {
									"ambient": "mob.bat.idle",
									"hurt": "mob.bat.hurt",
									"death": "mob.bat.death",
									"plop": "mob.chicken.plop",
									"takeoff": {
										"sound": "mob.bat.takeoff",
										"volume": 0.05,
										"pitch": [
											0.8,
											1.2
										]
									}
								}
							},
							"boi:halloween_trader": {
								"events": {
									"ambient": "mob.wanderingtrader.idle",
									"death": "mob.wanderingtrader.death",
									"disappeared": "mob.wanderingtrader.disappeared",
									"drink": "mob.wanderingtrader.drink_potion",
									"haggle": "mob.wanderingtrader.haggle",
									"haggle.no": "mob.wanderingtrader.no",
									"haggle.yes": "mob.wanderingtrader.yes",
									"hurt": "mob.wanderingtrader.hurt",
									"reappeared": "mob.wanderingtrader.reappeared"
								},
								"pitch": [
									0.8,
									1.2
								],
								"volume": 1
							},
							"boi:skeleton_wolf": {
								"events": {
									"ambient": "mob.wolf.bark",
									"growl": "mob.wolf.growl",
									"pant": "mob.wolf.panting",
									"shake": {
										"pitch": [
											0.8,
											1.2
										],
										"sound": "mob.wolf.shake"
									},
									"whine": "mob.wolf.whine",
									"hurt": {
										"sound": "mob.skeleton.hurt",
										"volume": 0.7
									},
									"step": {
										"pitch": 1,
										"sound": "mob.skeleton.step",
										"volume": 1
									},
									"death": "mob.skeleton.death"
								},
								"pitch": [
									0.7,
									0.9
								],
								"volume": 1
							},
							"boi:ghost_cat": {
								"events": {
									"ambient": "mob.ghostcat.meow",
									"ambient.tame": "mob.ghostcat.meow",
									"death": {
										"pitch": 0.9,
										"sound": "mob.ghostcat.hit",
										"volume": 0.5
									},
									"eat": "mob.cat.eat",
									"hurt": {
										"sound": "mob.ghostcat.hit",
										"volume": 0.45
									},
									"purr": "mob.ghostcat.meow",
									"purreow": "mob.ghostcat.meow"
								},
								"pitch": [
									0.8,
									1.2
								],
								"volume": 1
							}
						}
					}
				},
				"key": "entity_sounds",
				"children": [
					{
						"open": {
							"defaults": {
								"volume": 1,
								"pitch": [
									0.8,
									1.2
								],
								"events": {
									"fall.big": {
										"sound": "damage.fallbig",
										"volume": 0.75,
										"pitch": 1
									},
									"fall.small": {
										"sound": "damage.fallsmall",
										"volume": 0.75,
										"pitch": 1
									},
									"unlock.chest": {
										"sound": "damage.fallbig",
										"volume": 0.75,
										"pitch": 1
									},
									"splash": {
										"sound": "random.splash",
										"pitch": [
											0.6,
											1.4
										]
									},
									"swim": {
										"sound": "random.swim",
										"pitch": [
											0.6,
											1.4
										]
									},
									"fizz": {
										"sound": "random.fizz",
										"volume": 0.7,
										"pitch": [
											1.2,
											2
										]
									},
									"drink": {
										"sound": "random.drink",
										"volume": 0.5,
										"pitch": [
											0.9,
											1
										]
									},
									"eat": {
										"sound": "random.eat",
										"volume": [
											0.5,
											1.5
										],
										"pitch": [
											0.8,
											1.2
										]
									},
									"ambient": {},
									"flop": {},
									"hurt": "game.player.hurt",
									"death": "game.player.die",
									"ambient.in.water": {},
									"hurt.in.water": {},
									"death.in.water": {}
								}
							},
							"entities": {
								"bat": {
									"volume": 0.1,
									"pitch": [
										0.76,
										1.14
									],
									"events": {
										"ambient": "mob.bat.idle",
										"hurt": "mob.bat.hurt",
										"death": "mob.bat.death",
										"plop": "mob.chicken.plop",
										"takeoff": {
											"sound": "mob.bat.takeoff",
											"volume": 0.05,
											"pitch": [
												0.8,
												1.2
											]
										}
									}
								},
								"boi:halloween_trader": {
									"events": {
										"ambient": "mob.wanderingtrader.idle",
										"death": "mob.wanderingtrader.death",
										"disappeared": "mob.wanderingtrader.disappeared",
										"drink": "mob.wanderingtrader.drink_potion",
										"haggle": "mob.wanderingtrader.haggle",
										"haggle.no": "mob.wanderingtrader.no",
										"haggle.yes": "mob.wanderingtrader.yes",
										"hurt": "mob.wanderingtrader.hurt",
										"reappeared": "mob.wanderingtrader.reappeared"
									},
									"pitch": [
										0.8,
										1.2
									],
									"volume": 1
								},
								"boi:skeleton_wolf": {
									"events": {
										"ambient": "mob.wolf.bark",
										"growl": "mob.wolf.growl",
										"pant": "mob.wolf.panting",
										"shake": {
											"pitch": [
												0.8,
												1.2
											],
											"sound": "mob.wolf.shake"
										},
										"whine": "mob.wolf.whine",
										"hurt": {
											"sound": "mob.skeleton.hurt",
											"volume": 0.7
										},
										"step": {
											"pitch": 1,
											"sound": "mob.skeleton.step",
											"volume": 1
										},
										"death": "mob.skeleton.death"
									},
									"pitch": [
										0.7,
										0.9
									],
									"volume": 1
								},
								"boi:ghost_cat": {
									"events": {
										"ambient": "mob.ghostcat.meow",
										"ambient.tame": "mob.ghostcat.meow",
										"death": {
											"pitch": 0.9,
											"sound": "mob.ghostcat.hit",
											"volume": 0.5
										},
										"eat": "mob.cat.eat",
										"hurt": {
											"sound": "mob.ghostcat.hit",
											"volume": 0.45
										},
										"purr": "mob.ghostcat.meow",
										"purreow": "mob.ghostcat.meow"
									},
									"pitch": [
										0.8,
										1.2
									],
									"volume": 1
								}
							}
						},
						"key": "defaults",
						"is_minified": true,
						"children": {
							"volume": 1,
							"pitch": [
								0.8,
								1.2
							],
							"events": {
								"fall.big": {
									"sound": "damage.fallbig",
									"volume": 0.75,
									"pitch": 1
								},
								"fall.small": {
									"sound": "damage.fallsmall",
									"volume": 0.75,
									"pitch": 1
								},
								"unlock.chest": {
									"sound": "damage.fallbig",
									"volume": 0.75,
									"pitch": 1
								},
								"splash": {
									"sound": "random.splash",
									"pitch": [
										0.6,
										1.4
									]
								},
								"swim": {
									"sound": "random.swim",
									"pitch": [
										0.6,
										1.4
									]
								},
								"fizz": {
									"sound": "random.fizz",
									"volume": 0.7,
									"pitch": [
										1.2,
										2
									]
								},
								"drink": {
									"sound": "random.drink",
									"volume": 0.5,
									"pitch": [
										0.9,
										1
									]
								},
								"eat": {
									"sound": "random.eat",
									"volume": [
										0.5,
										1.5
									],
									"pitch": [
										0.8,
										1.2
									]
								},
								"ambient": {},
								"flop": {},
								"hurt": "game.player.hurt",
								"death": "game.player.die",
								"ambient.in.water": {},
								"hurt.in.water": {},
								"death.in.water": {}
							}
						}
					},
					{
						"open": {
							"defaults": {
								"volume": 1,
								"pitch": [
									0.8,
									1.2
								],
								"events": {
									"fall.big": {
										"sound": "damage.fallbig",
										"volume": 0.75,
										"pitch": 1
									},
									"fall.small": {
										"sound": "damage.fallsmall",
										"volume": 0.75,
										"pitch": 1
									},
									"unlock.chest": {
										"sound": "damage.fallbig",
										"volume": 0.75,
										"pitch": 1
									},
									"splash": {
										"sound": "random.splash",
										"pitch": [
											0.6,
											1.4
										]
									},
									"swim": {
										"sound": "random.swim",
										"pitch": [
											0.6,
											1.4
										]
									},
									"fizz": {
										"sound": "random.fizz",
										"volume": 0.7,
										"pitch": [
											1.2,
											2
										]
									},
									"drink": {
										"sound": "random.drink",
										"volume": 0.5,
										"pitch": [
											0.9,
											1
										]
									},
									"eat": {
										"sound": "random.eat",
										"volume": [
											0.5,
											1.5
										],
										"pitch": [
											0.8,
											1.2
										]
									},
									"ambient": {},
									"flop": {},
									"hurt": "game.player.hurt",
									"death": "game.player.die",
									"ambient.in.water": {},
									"hurt.in.water": {},
									"death.in.water": {}
								}
							},
							"entities": {
								"bat": {
									"volume": 0.1,
									"pitch": [
										0.76,
										1.14
									],
									"events": {
										"ambient": "mob.bat.idle",
										"hurt": "mob.bat.hurt",
										"death": "mob.bat.death",
										"plop": "mob.chicken.plop",
										"takeoff": {
											"sound": "mob.bat.takeoff",
											"volume": 0.05,
											"pitch": [
												0.8,
												1.2
											]
										}
									}
								},
								"boi:halloween_trader": {
									"events": {
										"ambient": "mob.wanderingtrader.idle",
										"death": "mob.wanderingtrader.death",
										"disappeared": "mob.wanderingtrader.disappeared",
										"drink": "mob.wanderingtrader.drink_potion",
										"haggle": "mob.wanderingtrader.haggle",
										"haggle.no": "mob.wanderingtrader.no",
										"haggle.yes": "mob.wanderingtrader.yes",
										"hurt": "mob.wanderingtrader.hurt",
										"reappeared": "mob.wanderingtrader.reappeared"
									},
									"pitch": [
										0.8,
										1.2
									],
									"volume": 1
								},
								"boi:skeleton_wolf": {
									"events": {
										"ambient": "mob.wolf.bark",
										"growl": "mob.wolf.growl",
										"pant": "mob.wolf.panting",
										"shake": {
											"pitch": [
												0.8,
												1.2
											],
											"sound": "mob.wolf.shake"
										},
										"whine": "mob.wolf.whine",
										"hurt": {
											"sound": "mob.skeleton.hurt",
											"volume": 0.7
										},
										"step": {
											"pitch": 1,
											"sound": "mob.skeleton.step",
											"volume": 1
										},
										"death": "mob.skeleton.death"
									},
									"pitch": [
										0.7,
										0.9
									],
									"volume": 1
								},
								"boi:ghost_cat": {
									"events": {
										"ambient": "mob.ghostcat.meow",
										"ambient.tame": "mob.ghostcat.meow",
										"death": {
											"pitch": 0.9,
											"sound": "mob.ghostcat.hit",
											"volume": 0.5
										},
										"eat": "mob.cat.eat",
										"hurt": {
											"sound": "mob.ghostcat.hit",
											"volume": 0.45
										},
										"purr": "mob.ghostcat.meow",
										"purreow": "mob.ghostcat.meow"
									},
									"pitch": [
										0.8,
										1.2
									],
									"volume": 1
								}
							}
						},
						"key": "entities",
						"children": [
							{
								"key": "bat",
								"is_minified": true,
								"children": {
									"volume": 0.1,
									"pitch": [
										0.76,
										1.14
									],
									"events": {
										"ambient": "mob.bat.idle",
										"hurt": "mob.bat.hurt",
										"death": "mob.bat.death",
										"plop": "mob.chicken.plop",
										"takeoff": {
											"sound": "mob.bat.takeoff",
											"volume": 0.05,
											"pitch": [
												0.8,
												1.2
											]
										}
									}
								}
							},
							{
								"key": "boi:halloween_trader",
								"is_minified": true,
								"children": {
									"events": {
										"ambient": "mob.wanderingtrader.idle",
										"death": "mob.wanderingtrader.death",
										"disappeared": "mob.wanderingtrader.disappeared",
										"drink": "mob.wanderingtrader.drink_potion",
										"haggle": "mob.wanderingtrader.haggle",
										"haggle.no": "mob.wanderingtrader.no",
										"haggle.yes": "mob.wanderingtrader.yes",
										"hurt": "mob.wanderingtrader.hurt",
										"reappeared": "mob.wanderingtrader.reappeared"
									},
									"pitch": [
										0.8,
										1.2
									],
									"volume": 1
								}
							},
							{
								"open": {
									"bat": {
										"volume": 0.1,
										"pitch": [
											0.76,
											1.14
										],
										"events": {
											"ambient": "mob.bat.idle",
											"hurt": "mob.bat.hurt",
											"death": "mob.bat.death",
											"plop": "mob.chicken.plop",
											"takeoff": {
												"sound": "mob.bat.takeoff",
												"volume": 0.05,
												"pitch": [
													0.8,
													1.2
												]
											}
										}
									},
									"boi:halloween_trader": {
										"events": {
											"ambient": "mob.wanderingtrader.idle",
											"death": "mob.wanderingtrader.death",
											"disappeared": "mob.wanderingtrader.disappeared",
											"drink": "mob.wanderingtrader.drink_potion",
											"haggle": "mob.wanderingtrader.haggle",
											"haggle.no": "mob.wanderingtrader.no",
											"haggle.yes": "mob.wanderingtrader.yes",
											"hurt": "mob.wanderingtrader.hurt",
											"reappeared": "mob.wanderingtrader.reappeared"
										},
										"pitch": [
											0.8,
											1.2
										],
										"volume": 1
									},
									"boi:skeleton_wolf": {
										"events": {
											"ambient": "mob.wolf.bark",
											"growl": "mob.wolf.growl",
											"pant": "mob.wolf.panting",
											"shake": {
												"pitch": [
													0.8,
													1.2
												],
												"sound": "mob.wolf.shake"
											},
											"whine": "mob.wolf.whine",
											"hurt": {
												"sound": "mob.skeleton.hurt",
												"volume": 0.7
											},
											"step": {
												"pitch": 1,
												"sound": "mob.skeleton.step",
												"volume": 1
											},
											"death": "mob.skeleton.death"
										},
										"pitch": [
											0.7,
											0.9
										],
										"volume": 1
									},
									"boi:ghost_cat": {
										"events": {
											"ambient": "mob.ghostcat.meow",
											"ambient.tame": "mob.ghostcat.meow",
											"death": {
												"pitch": 0.9,
												"sound": "mob.ghostcat.hit",
												"volume": 0.5
											},
											"eat": "mob.cat.eat",
											"hurt": {
												"sound": "mob.ghostcat.hit",
												"volume": 0.45
											},
											"purr": "mob.ghostcat.meow",
											"purreow": "mob.ghostcat.meow"
										},
										"pitch": [
											0.8,
											1.2
										],
										"volume": 1
									}
								},
								"key": "boi:skeleton_wolf",
								"children": [
									{
										"open": {
											"events": {
												"ambient": "mob.wolf.bark",
												"growl": "mob.wolf.growl",
												"pant": "mob.wolf.panting",
												"shake": {
													"pitch": [
														0.8,
														1.2
													],
													"sound": "mob.wolf.shake"
												},
												"whine": "mob.wolf.whine",
												"hurt": {
													"sound": "mob.skeleton.hurt",
													"volume": 0.7
												},
												"step": {
													"pitch": 1,
													"sound": "mob.skeleton.step",
													"volume": 1
												},
												"death": "mob.skeleton.death"
											},
											"pitch": [
												0.7,
												0.9
											],
											"volume": 1
										},
										"key": "events",
										"is_minified": true,
										"children": {
											"ambient": "mob.wolf.bark",
											"growl": "mob.wolf.growl",
											"pant": "mob.wolf.panting",
											"shake": {
												"pitch": [
													0.8,
													1.2
												],
												"sound": "mob.wolf.shake"
											},
											"whine": "mob.wolf.whine",
											"hurt": {
												"sound": "mob.skeleton.hurt",
												"volume": 0.7
											},
											"step": {
												"pitch": 1,
												"sound": "mob.skeleton.step",
												"volume": 1
											},
											"death": "mob.skeleton.death"
										}
									},
									{
										"key": "pitch",
										"is_minified": true,
										"children": [
											0.7,
											0.9
										]
									},
									{
										"data": "1",
										"key": "volume"
									}
								]
							},
							{
								"key": "boi:ghost_cat",
								"children": [
									{
										"open": {
											"events": {
												"ambient": "mob.ghostcat.meow",
												"ambient.tame": "mob.ghostcat.meow",
												"death": {
													"pitch": 0.9,
													"sound": "mob.ghostcat.hit",
													"volume": 0.5
												},
												"eat": "mob.cat.eat",
												"hurt": {
													"sound": "mob.ghostcat.hit",
													"volume": 0.45
												},
												"purr": "mob.ghostcat.meow",
												"purreow": "mob.ghostcat.meow"
											},
											"pitch": [
												0.8,
												1.2
											],
											"volume": 1
										},
										"key": "events",
										"children": [
											{
												"open": {
													"ambient": "mob.ghostcat.meow",
													"ambient.tame": "mob.ghostcat.meow",
													"death": {
														"pitch": 0.9,
														"sound": "mob.ghostcat.hit",
														"volume": 0.5
													},
													"eat": "mob.cat.eat",
													"hurt": {
														"sound": "mob.ghostcat.hit",
														"volume": 0.45
													},
													"purr": "mob.ghostcat.meow",
													"purreow": "mob.ghostcat.meow"
												},
												"data": "mob.ghostcat.meow",
												"key": "ambient"
											},
											{
												"open": {
													"ambient": "mob.ghostcat.meow",
													"ambient.tame": "mob.ghostcat.meow",
													"death": {
														"pitch": 0.9,
														"sound": "mob.ghostcat.hit",
														"volume": 0.5
													},
													"eat": "mob.cat.eat",
													"hurt": {
														"sound": "mob.ghostcat.hit",
														"volume": 0.45
													},
													"purr": "mob.ghostcat.meow",
													"purreow": "mob.ghostcat.meow"
												},
												"data": "mob.ghostcat.meow",
												"key": "ambient.tame"
											},
											{
												"open": {
													"ambient": "mob.ghostcat.meow",
													"ambient.tame": "mob.ghostcat.meow",
													"death": {
														"pitch": 0.9,
														"sound": "mob.ghostcat.hit",
														"volume": 0.5
													},
													"eat": "mob.cat.eat",
													"hurt": {
														"sound": "mob.ghostcat.hit",
														"volume": 0.45
													},
													"purr": "mob.ghostcat.meow",
													"purreow": "mob.ghostcat.meow"
												},
												"key": "death",
												"is_minified": true,
												"children": {
													"pitch": 0.9,
													"sound": "mob.ghostcat.hit",
													"volume": 0.5
												}
											},
											{
												"data": "mob.cat.eat",
												"key": "eat"
											},
											{
												"open": {
													"ambient": "mob.ghostcat.meow",
													"ambient.tame": "mob.ghostcat.meow",
													"death": {
														"pitch": 0.9,
														"sound": "mob.ghostcat.hit",
														"volume": 0.5
													},
													"eat": "mob.cat.eat",
													"hurt": {
														"sound": "mob.ghostcat.hit",
														"volume": 0.45
													},
													"purr": "mob.ghostcat.meow",
													"purreow": "mob.ghostcat.meow"
												},
												"key": "hurt",
												"is_minified": true,
												"children": {
													"sound": "mob.ghostcat.hit",
													"volume": 0.45
												}
											},
											{
												"open": {
													"ambient": "mob.ghostcat.meow",
													"ambient.tame": "mob.ghostcat.meow",
													"death": {
														"pitch": 0.9,
														"sound": "mob.ghostcat.hit",
														"volume": 0.5
													},
													"eat": "mob.cat.eat",
													"hurt": {
														"sound": "mob.ghostcat.hit",
														"volume": 0.45
													},
													"purr": "mob.ghostcat.meow",
													"purreow": "mob.ghostcat.meow"
												},
												"data": "mob.ghostcat.meow",
												"key": "purr"
											},
											{
												"open": {
													"ambient": "mob.ghostcat.meow",
													"ambient.tame": "mob.ghostcat.meow",
													"death": {
														"pitch": 0.9,
														"sound": "mob.ghostcat.hit",
														"volume": 0.5
													},
													"eat": "mob.cat.eat",
													"hurt": {
														"sound": "mob.ghostcat.hit",
														"volume": 0.45
													},
													"purr": "mob.ghostcat.meow",
													"purreow": "mob.ghostcat.meow"
												},
												"data": "mob.ghostcat.meow",
												"key": "purreow"
											}
										]
									},
									{
										"key": "pitch",
										"is_minified": true,
										"children": [
											0.8,
											1.2
										]
									},
									{
										"data": "1",
										"key": "volume"
									}
								]
							}
						]
					}
				]
			}
		]
	}
}