{
	"file_path": "C:\\Users\\fiddy\\AppData\\Local\\Packages\\Microsoft.MinecraftUWP_8wekyb3d8bbwe\\LocalState\\games\\com.mojang\\development_behavior_packs\\Seasonal_decor_BP\\blocks\\decoration_blocks\\candelabra.json",
	"file_type": "block",
	"format_version": 1,
	"file_uuid": "7187d609_0fa7_447b_8a95_8616475d3b48",
	"file_version": 147,
	"cache_content": {
		"children": [
			{
				"data": "1.17.0",
				"key": "format_version"
			},
			{
				"open": {
					"format_version": "1.17.0",
					"minecraft:block": {
						"description": {
							"identifier": "boi:candelabra"
						},
						"components": {
							"minecraft:destroy_time": 0.3,
							"minecraft:explosion_resistance": 1,
							"minecraft:map_color": "#3A3D47",
							"minecraft:entity_collision": {
								"origin": [
									-6,
									0,
									-6
								],
								"size": [
									12,
									16,
									12
								]
							},
							"minecraft:pick_collision": {
								"origin": [
									-6,
									0,
									-6
								],
								"size": [
									12,
									16,
									12
								]
							},
							"minecraft:block_light_absorption": 0,
							"minecraft:block_light_emission": 0.8,
							"minecraft:material_instances": {
								"*": {
									"texture": "candelabra",
									"render_method": "alpha_test",
									"ambient_occlusion": false,
									"face_dimming": true
								}
							},
							"minecraft:geometry": "geometry.candelabra",
							"minecraft:ticking": {
								"looping": true,
								"range": [
									2,
									2
								],
								"on_tick": {
									"event": "flame"
								}
							},
							"minecraft:on_player_placing": {
								"event": "flame"
							},
							"minecraft:placement_filter": {
								"conditions": [
									{
										"allowed_faces": [
											"up"
										]
									}
								]
							},
							"minecraft:on_placed": {
								"event": "flame"
							}
						},
						"events": {
							"flame": {
								"run_command": {
									"command": [
										"particle boi:candelabra_fire ~~1.5~",
										"particle boi:candelabra_fire ~0.3~1.33~0.3",
										"particle boi:candelabra_fire ~-0.3~1.33~-0.3",
										"particle boi:candelabra_fire ~0.3~1.33~-0.3",
										"particle boi:candelabra_fire ~-0.3~1.33~0.3"
									]
								}
							}
						}
					}
				},
				"key": "minecraft:block",
				"children": [
					{
						"key": "description",
						"is_minified": true,
						"children": {
							"identifier": "boi:candelabra"
						}
					},
					{
						"key": "components",
						"is_minified": true,
						"children": {
							"minecraft:destroy_time": 0.3,
							"minecraft:explosion_resistance": 1,
							"minecraft:map_color": "#3A3D47",
							"minecraft:entity_collision": {
								"origin": [
									-6,
									0,
									-6
								],
								"size": [
									12,
									16,
									12
								]
							},
							"minecraft:pick_collision": {
								"origin": [
									-6,
									0,
									-6
								],
								"size": [
									12,
									16,
									12
								]
							},
							"minecraft:block_light_absorption": 0,
							"minecraft:block_light_emission": 0.8,
							"minecraft:material_instances": {
								"*": {
									"texture": "candelabra",
									"render_method": "alpha_test",
									"ambient_occlusion": false,
									"face_dimming": true
								}
							},
							"minecraft:geometry": "geometry.candelabra",
							"minecraft:ticking": {
								"looping": true,
								"range": [
									2,
									2
								],
								"on_tick": {
									"event": "flame"
								}
							},
							"minecraft:on_player_placing": {
								"event": "flame"
							},
							"minecraft:placement_filter": {
								"conditions": [
									{
										"allowed_faces": [
											"up"
										]
									}
								]
							},
							"minecraft:on_placed": {
								"event": "flame"
							}
						}
					},
					{
						"open": {
							"description": {
								"identifier": "boi:candelabra"
							},
							"components": {
								"minecraft:destroy_time": 0.3,
								"minecraft:explosion_resistance": 1,
								"minecraft:map_color": "#3A3D47",
								"minecraft:entity_collision": {
									"origin": [
										-6,
										0,
										-6
									],
									"size": [
										12,
										16,
										12
									]
								},
								"minecraft:pick_collision": {
									"origin": [
										-6,
										0,
										-6
									],
									"size": [
										12,
										16,
										12
									]
								},
								"minecraft:block_light_absorption": 0,
								"minecraft:block_light_emission": 0.8,
								"minecraft:material_instances": {
									"*": {
										"texture": "candelabra",
										"render_method": "alpha_test",
										"ambient_occlusion": false,
										"face_dimming": true
									}
								},
								"minecraft:geometry": "geometry.candelabra",
								"minecraft:ticking": {
									"looping": true,
									"range": [
										2,
										2
									],
									"on_tick": {
										"event": "flame"
									}
								},
								"minecraft:on_player_placing": {
									"event": "flame"
								},
								"minecraft:placement_filter": {
									"conditions": [
										{
											"allowed_faces": [
												"up"
											]
										}
									]
								},
								"minecraft:on_placed": {
									"event": "flame"
								}
							},
							"events": {
								"flame": {
									"run_command": {
										"command": [
											"particle boi:candelabra_fire ~~1.5~",
											"particle boi:candelabra_fire ~0.3~1.33~0.3",
											"particle boi:candelabra_fire ~-0.3~1.33~-0.3",
											"particle boi:candelabra_fire ~0.3~1.33~-0.3",
											"particle boi:candelabra_fire ~-0.3~1.33~0.3"
										]
									}
								}
							}
						},
						"key": "events",
						"children": [
							{
								"open": {
									"flame": {
										"run_command": {
											"command": [
												"particle boi:candelabra_fire ~~1.5~",
												"particle boi:candelabra_fire ~0.3~1.33~0.3",
												"particle boi:candelabra_fire ~-0.3~1.33~-0.3",
												"particle boi:candelabra_fire ~0.3~1.33~-0.3",
												"particle boi:candelabra_fire ~-0.3~1.33~0.3"
											]
										}
									}
								},
								"key": "flame",
								"children": [
									{
										"open": {
											"run_command": {
												"command": [
													"particle boi:candelabra_fire ~~1.5~",
													"particle boi:candelabra_fire ~0.3~1.33~0.3",
													"particle boi:candelabra_fire ~-0.3~1.33~-0.3",
													"particle boi:candelabra_fire ~0.3~1.33~-0.3",
													"particle boi:candelabra_fire ~-0.3~1.33~0.3"
												]
											}
										},
										"key": "run_command",
										"children": [
											{
												"open": {
													"command": [
														"particle boi:candelabra_fire ~~1.5~",
														"particle boi:candelabra_fire ~0.3~1.33~0.3",
														"particle boi:candelabra_fire ~-0.3~1.33~-0.3",
														"particle boi:candelabra_fire ~0.3~1.33~-0.3",
														"particle boi:candelabra_fire ~-0.3~1.33~0.3"
													]
												},
												"key": "command",
												"is_minified": true,
												"children": [
													"particle boi:candelabra_fire ~~1.5~",
													"particle boi:candelabra_fire ~0.3~1.33~0.3",
													"particle boi:candelabra_fire ~-0.3~1.33~-0.3",
													"particle boi:candelabra_fire ~0.3~1.33~-0.3",
													"particle boi:candelabra_fire ~-0.3~1.33~0.3"
												]
											}
										]
									}
								]
							}
						]
					}
				]
			}
		]
	}
}