{
	"file_path": "C:\\Users\\fiddy\\AppData\\Local\\Packages\\Microsoft.MinecraftUWP_8wekyb3d8bbwe\\LocalState\\games\\com.mojang\\development_behavior_packs\\Seasonal_decor_BP\\blocks\\decoration_blocks\\pillory2.json",
	"file_type": "block",
	"format_version": 1,
	"file_uuid": "987a41ce_98c2_45db_9607_1b75c16f5fc2",
	"file_version": 90,
	"cache_content": {
		"children": [
			{
				"data": "1.17.0",
				"key": "format_version"
			},
			{
				"open": {
					"format_version": "1.17.0",
					"minecraft:block": {
						"description": {
							"identifier": "boi:pillory",
							"properties": {
								"boi:direction": [
									0,
									1,
									2,
									3
								]
							}
						},
						"components": {
							"minecraft:destroy_time": 0.3,
							"minecraft:on_player_placing": {
								"event": "on_placed"
							},
							"minecraft:geometry": "geometry.pillory",
							"minecraft:material_instances": {
								"*": {
									"texture": "coffin",
									"ambient_occlusion": false,
									"face_dimming": true,
									"render_method": "alpha_test"
								}
							},
							"minecraft:block_light_absorption": 0,
							"minecraft:breathability": "air",
							"minecraft:pick_collision": {
								"origin": [
									-8,
									0,
									-8
								],
								"size": [
									16,
									16,
									16
								]
							},
							"minecraft:entity_collision": {
								"origin": [
									-6,
									0,
									-6
								],
								"size": [
									12,
									14,
									12
								]
							},
							"minecraft:placement_filter": {
								"conditions": [
									{
										"allowed_faces": [
											"up",
											"side"
										]
									}
								]
							}
						},
						"permutations": [
							{
								"condition": "q.block_property('boi:direction') == 0",
								"components": {
									"minecraft:rotation": [
										0,
										0,
										0
									]
								}
							},
							{
								"condition": "q.block_property('boi:direction') == 1",
								"components": {
									"minecraft:rotation": [
										0,
										180,
										0
									]
								}
							},
							{
								"condition": "q.block_property('boi:direction') == 2",
								"components": {
									"minecraft:rotation": [
										0,
										90,
										0
									]
								}
							},
							{
								"condition": "q.block_property('boi:direction') == 3",
								"components": {
									"minecraft:rotation": [
										0,
										270,
										0
									]
								}
							}
						],
						"events": {
							"on_placed": {
								"sequence": [
									{
										"set_block_property": {
											"boi:direction": "query.cardinal_facing_2d - 2"
										}
									}
								]
							}
						}
					}
				},
				"key": "minecraft:block",
				"children": [
					{
						"open": {
							"description": {
								"identifier": "boi:pillory",
								"properties": {
									"boi:direction": [
										0,
										1,
										2,
										3
									]
								}
							},
							"components": {
								"minecraft:destroy_time": 0.3,
								"minecraft:on_player_placing": {
									"event": "on_placed"
								},
								"minecraft:geometry": "geometry.pillory",
								"minecraft:material_instances": {
									"*": {
										"texture": "coffin",
										"ambient_occlusion": false,
										"face_dimming": true,
										"render_method": "alpha_test"
									}
								},
								"minecraft:block_light_absorption": 0,
								"minecraft:breathability": "air",
								"minecraft:pick_collision": {
									"origin": [
										-8,
										0,
										-8
									],
									"size": [
										16,
										16,
										16
									]
								},
								"minecraft:entity_collision": {
									"origin": [
										-6,
										0,
										-6
									],
									"size": [
										12,
										14,
										12
									]
								},
								"minecraft:placement_filter": {
									"conditions": [
										{
											"allowed_faces": [
												"up",
												"side"
											]
										}
									]
								}
							},
							"permutations": [
								{
									"condition": "q.block_property('boi:direction') == 0",
									"components": {
										"minecraft:rotation": [
											0,
											0,
											0
										]
									}
								},
								{
									"condition": "q.block_property('boi:direction') == 1",
									"components": {
										"minecraft:rotation": [
											0,
											180,
											0
										]
									}
								},
								{
									"condition": "q.block_property('boi:direction') == 2",
									"components": {
										"minecraft:rotation": [
											0,
											90,
											0
										]
									}
								},
								{
									"condition": "q.block_property('boi:direction') == 3",
									"components": {
										"minecraft:rotation": [
											0,
											270,
											0
										]
									}
								}
							],
							"events": {
								"on_placed": {
									"sequence": [
										{
											"set_block_property": {
												"boi:direction": "query.cardinal_facing_2d - 2"
											}
										}
									]
								}
							}
						},
						"key": "description",
						"is_minified": true,
						"children": {
							"identifier": "boi:pillory",
							"properties": {
								"boi:direction": [
									0,
									1,
									2,
									3
								]
							}
						}
					},
					{
						"key": "components",
						"is_minified": true,
						"children": {
							"minecraft:destroy_time": 0.3,
							"minecraft:on_player_placing": {
								"event": "on_placed"
							},
							"minecraft:geometry": "geometry.pillory",
							"minecraft:material_instances": {
								"*": {
									"texture": "coffin",
									"ambient_occlusion": false,
									"face_dimming": true,
									"render_method": "alpha_test"
								}
							},
							"minecraft:block_light_absorption": 0,
							"minecraft:breathability": "air",
							"minecraft:pick_collision": {
								"origin": [
									-8,
									0,
									-8
								],
								"size": [
									16,
									16,
									16
								]
							},
							"minecraft:entity_collision": {
								"origin": [
									-6,
									0,
									-6
								],
								"size": [
									12,
									14,
									12
								]
							},
							"minecraft:placement_filter": {
								"conditions": [
									{
										"allowed_faces": [
											"up",
											"side"
										]
									}
								]
							}
						}
					},
					{
						"key": "permutations",
						"is_minified": true,
						"children": [
							{
								"condition": "q.block_property('boi:direction') == 0",
								"components": {
									"minecraft:rotation": [
										0,
										0,
										0
									]
								}
							},
							{
								"condition": "q.block_property('boi:direction') == 1",
								"components": {
									"minecraft:rotation": [
										0,
										180,
										0
									]
								}
							},
							{
								"condition": "q.block_property('boi:direction') == 2",
								"components": {
									"minecraft:rotation": [
										0,
										90,
										0
									]
								}
							},
							{
								"condition": "q.block_property('boi:direction') == 3",
								"components": {
									"minecraft:rotation": [
										0,
										270,
										0
									]
								}
							}
						]
					},
					{
						"key": "events",
						"is_minified": true,
						"children": {
							"on_placed": {
								"sequence": [
									{
										"set_block_property": {
											"boi:direction": "query.cardinal_facing_2d - 2"
										}
									}
								]
							}
						}
					}
				]
			}
		]
	}
}