{"format_version":"1.8.0","animations":{"animation.yg_ink_demon.general":{"loop":true,"animation_length":2,"bones":{"Body":{"rotation":{"0.0":[0,0,0],"0.5":[6.25,0,0],"1.0":[7.5,0,0],"2.0":[0,0,0]}},"Rightarm":{"rotation":{"0.0":[5,0,12.5],"0.5":[6.25475,0.10891,14.99763],"1.0":[-2.4905,0.21782,17.49527],"2.0":[5,0,12.5]}},"Lowerrightarm":{"rotation":{"0.0":[-35,0,0],"0.5":[-43.75,0,0],"1.0":[-47.5,0,0],"2.0":[-35,0,0]}},"Leftarm":{"rotation":{"0.0":[0,0,-12.5],"0.5":[1.30181,-0.80944,-16.16209],"1.0":[-12.39638,-1.61888,-19.82417],"2.0":[0,0,-12.5]}},"Lowerleftarm":{"rotation":{"0.0":[-25,0,0],"0.5":[-40,0,0],"1.0":[-40,0,0],"2.0":[-25,0,0]}}},"particle_effects":{"0.0":{"effect":"ink","locator":"ink"}}},"animation.yg_ink_demon.looking":{"loop":true,"bones":{"Head":{"rotation":["query.target_x_rotation-this","query.target_y_rotation-this",0]}}},"animation.yg_ink_demon.move":{"loop":true,"animation_length":1,"anim_time_update":"query.modified_distance_moved * 0.1","bones":{"Body":{"rotation":{"0.0":[0,12.5,0],"0.5":[0,-12.5,0],"1.0":[0,12.5,0]},"position":{"0.0":[0,-1,0],"0.5":[0,0,0],"1.0":[0,-1,0]}},"Rightarm":{"rotation":{"0.0":[47.5,0,12.5],"0.5":[-31.24074,6.60796,9.05613],"1.0":[47.5,0,12.5]}},"Lowerrightarm":{"rotation":{"0.0":[-77.5,0,0],"0.5":[-50,0,0],"1.0":[-77.5,0,0]}},"Leftarm":{"rotation":{"0.0":[-25,0,-12.5],"0.5":[51.4042,5.68422,-9.30633],"1.0":[-25,0,-12.5]}},"Lowerleftarm":{"rotation":{"0.0":[-50,0,0],"0.5":[-85,0,0],"1.0":[-50,0,0]}},"Rightleg":{"rotation":{"0.0":[-27.5,0,0],"0.25":[0,0,0],"0.5":[35,0,0],"0.75":[0,0,0],"1.0":[-27.5,0,0]}},"bone":{"rotation":{"0.0":[25,0,0],"0.5":[27.5,0,0],"0.75":[-12.5,0,0],"1.0":[25,0,0]},"position":{"0.0":[0,0,0],"0.25":[0,4,0],"0.5":[0,0,0],"1.0":[0,0,0]}},"Leftleg":{"rotation":{"0.0":[35,0,0],"0.25":[0,0,0],"0.5":[-27.5,0,0],"0.75":[0,0,0],"1.0":[35,0,0]}},"bone2":{"rotation":{"0.0":[27.5,0,0],"0.25":[-12.5,0,0],"0.5":[25,0,0],"1.0":[27.5,0,0]},"position":{"0.0":[0,0,0],"0.5":[0,0,0],"0.75":[0,4,0],"1.0":[0,0,0]}},"Root":{"position":{"0.0":[0,-2,0],"0.25":[0,-2,0],"0.5":[0,-2,0],"0.75":[0,-2,0],"1.0":[0,-2,0]}}}},"animation.yg_ink_demon.attack":{"animation_length":0.5,"bones":{"Head":{"rotation":{"0.0":[0,0,0],"0.1667":[0,-37.5,0],"0.3333":[0,10,0],"0.5":[0,0,0]}},"Body":{"rotation":{"0.0":[0,0,0],"0.1667":[0,17.5,0],"0.3333":[0,-40,0],"0.5":[0,0,0]}},"Rightarm":{"rotation":{"0.0":[0,0,0],"0.1667":[52.5,0,37.5],"0.3333":[-35.27313,-19.4641,-20.12217],"0.5":[0,0,0]}},"Lowerrightarm":{"rotation":{"0.0":[0,0,0],"0.1667":[-125,0,0],"0.3333":[-69.98973,-50.76404,-15.75215],"0.5":[0,0,0]}},"Leftarm":{"rotation":{"0.0":[0,0,0],"0.1667":[20,0,-25],"0.3333":[52.5,0,-25],"0.5":[0,0,0]}},"Lowerleftarm":{"rotation":{"0.0":[0,0,0],"0.1667":[-62.5,0,0],"0.3333":[-82.5,0,0],"0.5":[0,0,0]}}}}}}