{
	"file_path": "C:\\Users\\fiddy\\AppData\\Local\\Packages\\Microsoft.MinecraftUWP_8wekyb3d8bbwe\\LocalState\\games\\com.mojang\\development_behavior_packs\\SeasonalDecorBP\\loot_tables\\entities\\skeleton_wolf.json",
	"file_type": "loot_table",
	"format_version": 1,
	"file_uuid": "4d48b3db_b127_4f9a_be6e_49cfe7cf0d46",
	"file_version": 3,
	"cache_content": {
		"children": [
			{
				"open": {
					"pools": [
						{
							"rolls": 1,
							"entries": [
								{
									"type": "item",
									"name": "boi:skeleton_wolf_summon",
									"weight": 1,
									"functions": [
										{
											"function": "set_count",
											"count": {
												"min": 1,
												"max": 1
											}
										}
									]
								}
							]
						}
					]
				},
				"key": "pools",
				"children": [
					{
						"open": [
							{
								"rolls": 1,
								"entries": [
									{
										"type": "item",
										"name": "boi:skeleton_wolf_summon",
										"weight": 1,
										"functions": [
											{
												"function": "set_count",
												"count": {
													"min": 1,
													"max": 1
												}
											}
										]
									}
								]
							}
						],
						"children": [
							{
								"data": "1",
								"key": "rolls"
							},
							{
								"open": {
									"rolls": 1,
									"entries": [
										{
											"type": "item",
											"name": "boi:skeleton_wolf_summon",
											"weight": 1,
											"functions": [
												{
													"function": "set_count",
													"count": {
														"min": 1,
														"max": 1
													}
												}
											]
										}
									]
								},
								"key": "entries",
								"children": [
									{
										"open": [
											{
												"type": "item",
												"name": "boi:skeleton_wolf_summon",
												"weight": 1,
												"functions": [
													{
														"function": "set_count",
														"count": {
															"min": 1,
															"max": 1
														}
													}
												]
											}
										],
										"children": [
											{
												"data": "item",
												"key": "type"
											},
											{
												"open": {
													"type": "item",
													"name": "boi:skeleton_wolf_summon",
													"weight": 1,
													"functions": [
														{
															"function": "set_count",
															"count": {
																"min": 1,
																"max": 1
															}
														}
													]
												},
												"data": "boi:skeleton_wolf_summon",
												"key": "name"
											},
											{
												"data": "1",
												"key": "weight"
											},
											{
												"key": "functions",
												"children": [
													{
														"open": [
															{
																"function": "set_count",
																"count": {
																	"min": 1,
																	"max": 1
																}
															}
														],
														"children": [
															{
																"data": "set_count",
																"key": "function"
															},
															{
																"open": {
																	"function": "set_count",
																	"count": {
																		"min": 1,
																		"max": 1
																	}
																},
																"key": "count",
																"is_minified": true,
																"children": {
																	"min": 1,
																	"max": 1
																}
															}
														]
													}
												]
											}
										]
									}
								]
							}
						]
					}
				]
			}
		]
	}
}