{
  "format_version":"1.16.100",
  "animation_controllers":{
    "controller.animation.law3_attack":{
      "states":{
        "default":{
          "transitions":[
            {"k":"query.variant == 27000"},
            {"kurouzu":"query.variant == 270"},
            {"250":"!query.is_in_water && query.has_target && query.health <= 250"}
          ]
        },
        "250":{
          "transitions":[
            {"k":"query.variant == 27000"},
            {"kurouzu":"query.variant == 270"},
            {"200":"!query.is_in_water && query.has_target && query.health <= 200"}
          ],
          "on_entry":[
            "/tp @p[r=32,tag=!opeope] ^^1^1"
          ]
        },
        "200":{
          "transitions":[
            {"k":"query.variant == 27000"},
            {"kurouzu":"query.variant == 270"},
            {"150":"!query.is_in_water && query.has_target && query.health <= 150"}
          ],
          "on_entry":[
            "/tp @p[r=32,tag=!opeope] ^^1^1"
          ]
        },
        "150":{
          "transitions":[
            {"k":"query.variant == 27000"},
            {"kurouzu":"query.variant == 270"},
            {"100":"!query.is_in_water && query.has_target && query.health <= 100"}
          ],
          "on_entry":[
            "/tp @p[r=32,tag=!opeope] ^^1^1"
          ]
        },
        "100":{
          "transitions":[
            {"k":"query.variant == 27000"},
            {"kurouzu":"query.variant == 270"}
          ],
          "on_entry":[
            "/tp @p[r=32,tag=!opeope] ^^1^1"
          ]
        },
        "kurouzu":{
          "transitions":[
            {"default":"query.variant == 0"}
          ]
        },
        "k":{}
      }
    },
    "controller.animation.law3_crisis":{
      "states":{
        "default":{
          "transitions":[
            {"k":"query.variant == 27000"},
            {"c":"query.health <= 100"},
            {"n":"query.health > 100"}
          ]
        },
        "n":{
          "transitions":[
            {"k":"query.variant == 27000"},
            {"c":"query.health <= 100"},
            {"n1":"query.has_target"}
          ],
          "on_entry":[
            "/replaceitem entity @s slot.weapon.mainhand 0 op_asa:kikoku_off",
            "/effect @s strength 0 20 true"
          ]
        },
        "n1":{
          "transitions":[
            {"k":"query.variant == 27000"},
            {"c":"query.health <= 100"},
            {"n2":"!query.has_target"}
          ],
          "on_entry":[
            "/replaceitem entity @s slot.weapon.mainhand 0 op_asa:kikoku",
            "/effect @s strength 1000 1 true"
          ]
        },
        "n2":{
          "transitions":[
            {"n":"v.time = (v.time ?? 0);v.time = v.time < 20 ? v.time + 1:0;return v.time == 0;"},
            {"n3":"query.has_target"}
          ]
        },
        "n3":{
          "transitions":[
            {"k":"query.variant == 27000"},
            {"c":"query.health <= 100"},
            {"n2":"!query.has_target"}
          ]
        },
        "c":{
          "transitions":[
            {"k":"query.variant == 27000"},
            {"kurouzu":"query.variant == 270"},
            {"n":"query.health > 100"},
            {"c1":"query.has_target"}
          ],
          "on_entry":[
            "/replaceitem entity @s slot.weapon.mainhand 0 op_asa:kikoku_off",
            "/effect @s strength 0 20 true"
          ]
        },
        "c1":{
          "transitions":[
            {"k":"query.variant == 27000"},
            {"kurouzu":"query.variant == 270"},
            {"n":"query.health > 100"},
            {"c2":"!query.has_target"}
          ],
          "on_entry":[
            "/replaceitem entity @s slot.weapon.mainhand 0 op_asa:gamma_knife"
          ]
        },
        "c2":{
          "transitions":[
            {"c":"v.time = (v.time ?? 0);v.time = v.time < 20 ? v.time + 1:0;return v.time == 0;"},
            {"c3":"query.has_target"}
          ]
        },
        "c3":{
          "transitions":[
            {"k":"query.variant == 27000"},
            {"kurouzu":"query.variant == 270"},
            {"n":"query.health > 100"},
            {"c2":"!query.has_target"}
          ]
        },
        "kurouzu":{
          "transitions":[
            {"c":"query.variant == 0"}
          ]
        },
        "k":{}
      }
    }
  }
}