{"format_version":"1.10.0","particle_effect":{"description":{"identifier":"yg:rush_particle","basic_render_parameters":{"material":"particles_alpha","texture":"textures/particles/rush_smoke"}},"curves":{"variable.rainbow":{"type":"catmull_rom","input":"variable.particle_random_2","horizontal_range":1,"nodes":[1,0,1,1.18]},"variable.psize":{"type":"catmull_rom","input":"variable.particle_age","horizontal_range":"variable.particle_lifetime","nodes":[0,0,1,0,0]}},"components":{"minecraft:emitter_rate_steady":{"spawn_rate":40,"max_particles":100},"minecraft:emitter_lifetime_looping":{"active_time":1},"minecraft:emitter_shape_sphere":{"offset":[0,0.4,0],"radius":60,"direction":[4,6,4]},"minecraft:particle_lifetime_expression":{"max_lifetime":"Math.random(1, 1.4)"},"minecraft:particle_initial_speed":0,"minecraft:particle_motion_dynamic":{"linear_acceleration":["(variable.particle_random_1-0.5)",1.2,"(variable.particle_random_1-0.5)"]},"minecraft:particle_appearance_billboard":{"size":[1,1],"facing_camera_mode":"lookat_xyz","uv":{"texture_width":16,"texture_height":192,"flipbook":{"base_UV":[0,0],"size_UV":[16,16],"step_UV":[0,16],"max_frame":32,"stretch_to_lifetime":true,"loop":true}}},"minecraft:particle_motion_collision":{"coefficient_of_restitution":2}}}}