{
  "format_version":"1.16.100",
  "animation_controllers":{
    "controller.animation.chloroball_e":{
      "states":{
        "default":{
          "transitions":[
            {"state1":"(1.0)"}
          ]
        },
        "state1":{
          "transitions":[
            {"state2":"v.time = (v.time ?? 0);v.time = v.time < 10 ? v.time + 1:0;return v.time == 0;"}
          ],
          "on_entry":[
            "/summon op_asa:chloroball_ex",
            "/particle op_asa:chloroball_particle ~~~",
            "/effect @e[r=6,tag=!dokudoku,family=!dokudoku] nausea 15 1",
            "/effect @e[r=6,tag=!dokudoku,family=!dokudoku] mining_fatigue 3 2 true",
            "/effect @e[r=6,tag=!dokudoku,family=!dokudoku] slowness 3 1 true"
          ]
        },
        "state2":{
          "transitions":[
            {"state3":"v.time = (v.time ?? 0);v.time = v.time < 10 ? v.time + 1:0;return v.time == 0;"}
          ],
          "on_entry":[
            "/effect @e[r=10,tag=!dokudoku,family=!dokudoku] nausea 15 1",
            "/effect @e[r=10,tag=!dokudoku,family=!dokudoku] mining_fatigue 3 2 true",
            "/effect @e[r=10,tag=!dokudoku,family=!dokudoku] slowness 3 1 true"
          ]
        },
        "state3":{
          "transitions":[
            {"state4":"v.time = (v.time ?? 0);v.time = v.time < 10 ? v.time + 1:0;return v.time == 0;"}
          ],
          "on_entry":[
            "/effect @e[r=14,tag=!dokudoku,family=!dokudoku] nausea 15 1",
            "/effect @e[r=14,tag=!dokudoku,family=!dokudoku] mining_fatigue 3 2 true",
            "/effect @e[r=14,tag=!dokudoku,family=!dokudoku] slowness 3 1 true"
          ]
        },
        "state4":{
          "transitions":[
            {"state5":"v.time = (v.time ?? 0);v.time = v.time < 10 ? v.time + 1:0;return v.time == 0;"}
          ],
          "on_entry":[
            "/effect @e[r=18,tag=!dokudoku,family=!dokudoku] nausea 15 1",
            "/effect @e[r=18,tag=!dokudoku,family=!dokudoku] mining_fatigue 3 2 true",
            "/effect @e[r=18,tag=!dokudoku,family=!dokudoku] slowness 3 1 true"
          ]
        },
        "state5":{
          "transitions":[
            {"state6":"v.time = (v.time ?? 0);v.time = v.time < 20 ? v.time + 1:0;return v.time == 0;"}
          ],
          "on_entry":[
            "/effect @e[r=22,tag=!dokudoku,family=!dokudoku] nausea 15 1",
            "/effect @e[r=22,tag=!dokudoku,family=!dokudoku] mining_fatigue 3 2 true",
            "/effect @e[r=22,tag=!dokudoku,family=!dokudoku] slowness 3 1 true"
          ]
        },
        "state6":{
          "transitions":[
            {"state7":"v.time = (v.time ?? 0);v.time = v.time < 20 ? v.time + 1:0;return v.time == 0;"}
          ],
          "on_entry":[
            "/effect @e[r=26,tag=!dokudoku,family=!dokudoku] nausea 15 1",
            "/effect @e[r=26,tag=!dokudoku,family=!dokudoku] mining_fatigue 3 2 true",
            "/effect @e[r=26,tag=!dokudoku,family=!dokudoku] slowness 3 1 true"
          ]
        },
        "state7":{
          "transitions":[
            {"state8":"(1.0)"}
          ],
          "on_entry":[
            "/effect @e[r=30,tag=!dokudoku,family=!dokudoku] nausea 15 1",
            "/effect @e[r=30,tag=!dokudoku,family=!dokudoku] mining_fatigue 3 2 true",
            "/effect @e[r=30,tag=!dokudoku,family=!dokudoku] slowness 3 1 true"
          ]
        },
        "state8":{
          "transitions":[
            {"state7":"(1.0)"}
          ]
        }
      }
    }
  }
}