{
  "format_version":"1.16.100",
  "animation_controllers":{
    "controller.animation.dokufugu_e":{
      "states":{
        "default":{
          "transitions":[
            {"start":"(1.0)"}
          ]
        },
        "start":{
          "transitions":[
            {"state":"(1.0)"}
          ],
          "on_entry":[
            "/particle op_asa:dokufugu_particle ~~~",
            "/damage @e[r=3,tag=!dokudoku,family=!dokudoku,type=!item,type=!xp_orb] 8 suicide"
          ]
        },
        "state":{
          "transitions":[
            {"loop":"(1.0)"}
          ],
          "on_entry":[
            "/effect @e[r=3,tag=!dokudoku,family=!dokudoku] fatal_poison 15 1 true"
          ]
        },
        "loop":{
          "transitions":[
            {"state":"(1.0)"}
          ]
        }
      }
    }
  }
}