{
  "format_version": "1.16.0",
  "minecraft:entity": {
    "description": {
      "identifier": "op_asa:prometheus_neo",
      "is_spawnable": true,
      "is_summonable": true,
      "is_experimental": false,
      "scripts":{
        "animate":["1","2"]
      },
      "animations":{
        "1":"controller.animation.homies_target",
        "2":"controller.animation.homies_rider"
      }
    },
    "component_groups":{
      "op_asa:wild":{
        "minecraft:type_family": {
          "family": ["sorusoru"]
        },
        "minecraft:tameable": {
          "probability": 1,
          "tame_items": "op_asa:homies_tame",
          "tame_event": {
            "event": "op_asa:on_tame",
            "target": "self"
          }
        }
      },
      "op_asa:tame":{
        "minecraft:type_family": {
          "family": ["sorusoru","player","soru_ride"]
        },
        "minecraft:is_tamed": {},
        "minecraft:behavior.owner_hurt_by_target": {
          "priority": 2
        },
        "minecraft:behavior.owner_hurt_target": {
          "priority": 1
        },
        "minecraft:behavior.follow_owner": {
          "priority": 0,
          "speed_multiplier": 1.0,
          "start_distance": 8,
          "stop_distance": 2
        },
        "minecraft:behavior.hurt_by_target": {
          "entity_types": {
            "filters": {
                "test": "is_family",
                "subject": "other",
                "operator": "!=",
                "value": "waza"
            }
          },
          "priority": 3
        },
        "minecraft:healable": {
          "items": [
            {
              "item":"op_asa:mysoul",
              "heal_amount":10
            }
          ]
        }
      },
      "op_asa:calm":{
        "minecraft:scale":{
          "value":1
        }
      },
      "op_asa:angry":{
        "minecraft:scale":{
          "value":2.7
        },
        "minecraft:area_attack" : {
          "damage_range": 2,
          "damage_per_tick": 2,
          "cause": "lightning",
          "entity_filter": {
            "all_of": [
              { "test": "has_tag", "subject": "other", "operator":"!=", "value": "sorusoru" },
              { "test": "is_family", "subject": "other", "operator":"!=", "value": "sorusoru" }
            ]
          }
        }
      },
      "op_asa:has_rider":{
        "minecraft:timer": {
          "looping": true,
          "randomInterval": false,
          "time": 0,
          "time_down_event": {
           "event": "op_asa:timer_event",
           "target": "self"
          }
        },
        "minecraft:navigation.walk": {
          "is_amphibious": false
        },
        "minecraft:movement.basic": {}
      },
      "op_asa:no_rider":{
        "minecraft:navigation.fly": {
          "is_amphibious": true,
          "can_pass_doors":true,
          "can_open_doors": true,
          "can_path_over_water": true,
          "avoid_water": true,
          "can_path_from_air": true
        },
        "minecraft:movement.fly": {
        },
        "minecraft:ground_offset":{
          "value": 1.0
        },
        "minecraft:movement": {
          "value": 0.4
        }
      },
      "op_asa:on_ground": {
        "minecraft:variant":{
          "value":0
        },
        "minecraft:movement": {
          "value": 0.2
        }
      },
      "op_asa:not_on_ground": {
        "minecraft:variant":{
          "value":1
        },
        "minecraft:movement": {
          "value": 0.4
        }
      },
      "op_asa:rideable":{
        "minecraft:rideable": {
          "seat_count": 1,
          "family_types": ["player"],
          "interact_text": "action.interact.ride.homies",
          "seats": {
            "position": [ 0.0,0.8,0.0 ]
          }
        }
      }
    },

    "components": {
      "minecraft:health": {
        "value": 100,
        "max": 100
      },
      "minecraft:collision_box": {
        "width": 0.7,
        "height": 0.7
      },
      "minecraft:shooter": {
        "def": "op_asa:prometheus_neo_p"
      },
      "minecraft:behavior.ranged_attack": {
        "priority": 1,
        "burst_shots": 1,
        "burst_interval": 0.5,
        "charge_charged_trigger": 0,
        "charge_shoot_trigger": 1,
        "attack_interval_min": 3,
        "attack_interval_max": 3,
        "attack_radius": 64.0
      },
      "minecraft:environment_sensor": {
        "triggers": [
          {
            "filters":{
              "all_of": [
                {
                  "test":"has_target",
                  "value":true
                },
                {
                  "test":"has_component",
                  "operator":"!=",
                  "value":"minecraft:area_attack"
                }
              ]
            },
            "event":"op_asa:angry"
          },
          {
            "filters":{
              "all_of": [
                {
                  "test":"has_target",
                  "value":false
                },
                {
                  "test":"has_component",
                  "value":"minecraft:area_attack"
                }
              ]
            },
            "event":"op_asa:calm"
          },
          {
            "filters":{
              "all_of": [
                {
                  "test":"rider_count",
                  "value":1
                },
                {
                  "test":"has_component",
                  "operator":"!=",
                  "value":"minecraft:navigation.walk"
                }
              ]
            },
            "event":"op_asa:has_rider"
          },
          {
            "filters":{
              "all_of": [
                {
                  "test":"rider_count",
                  "value":0
                },
                {
                  "test":"has_component",
                  "value":"minecraft:navigation.walk"
                }
              ]
            },
            "event":"op_asa:no_rider"
          },
          {
            "filters": {
              "all_of": [
                {
                  "test":"rider_count",
                  "value":1
                },
                {
                  "test": "on_ground",
                  "value":true
                },
                {
                  "test": "is_variant",
                  "operator":"!=",
                  "value":0
                }
              ]
            },
            "event": "op_asa:on_ground"
          },
          {
            "filters": {
              "all_of": [
                {
                  "test":"rider_count",
                  "value":1
                },
                {
                  "test": "on_ground",
                  "value":false
                },
                {
                  "test": "is_variant",
                  "operator":"!=",
                  "value":1
                }
              ]
            },
            "event": "op_asa:not_on_ground"
          }
        ]
      },
      "minecraft:input_ground_controlled": {},
      "minecraft:hurt_on_condition": {
        "damage_conditions": [
          {
            "filters": {
              "test": "in_water_or_rain",
              "operator": "==",
              "value": true
            },
            "cause": "drowning",
            "damage_per_tick": 1
          }
        ]
      },
      "minecraft:breathable": {
        "total_supply": 15,
        "suffocate_time": 0
      },
      "minecraft:fire_immune": {
      },
      "minecraft:nameable": {
      },
      "minecraft:damage_sensor": {
        "triggers": {
          "cause": "fall",
          "deals_damage": false
        }
      },
      "minecraft:can_climb": {
      },
      "minecraft:follow_range": {
        "value": 64,
        "max": 64
      },
      "minecraft:physics": {
      },
      "minecraft:pushable": {
        "is_pushable": true,
        "is_pushable_by_piston": true
      },
      "minecraft:conditional_bandwidth_optimization": {
      },
      "minecraft:persistent":{
      }
    },
    "events":{
      "minecraft:entity_spawned":{
        "add":{
          "component_groups":["op_asa:wild","op_asa:calm","op_asa:no_rider","op_asa:rideable"]
        },
        "run_command":{
          "command":"give @p op_asa:homies_tame"
        }
      },
      "op_asa:on_tame":{
        "remove":{
          "component_groups":["op_asa:wild"]
        },
        "add": {
          "component_groups": ["op_asa:tame"]
        }
      },
      "op_asa:angry":{
        "remove":{
          "component_groups":["op_asa:calm"]
        },
        "add":{
          "component_groups":["op_asa:angry"]
        }
      },
      "op_asa:calm":{
        "remove":{
          "component_groups":["op_asa:angry"]
        },
        "add":{
          "component_groups":["op_asa:calm"]
        }
      },
      "op_asa:has_rider":{
        "remove":{
          "component_groups":["op_asa:no_rider"]
        },
        "add":{
          "component_groups":["op_asa:has_rider","op_asa:on_ground"]
        }
      },
      "op_asa:no_rider":{
        "remove":{
          "component_groups":["op_asa:has_rider","op_asa:on_ground","op_asa:not_on_ground"]
        },
        "add":{
          "component_groups":["op_asa:no_rider"]
        }
      },
      "op_asa:on_ground": {
        "remove":{
          "component_groups":["op_asa:not_on_ground"]
        },
        "add": {
          "component_groups": ["op_asa:on_ground"]
        }
      },
      "op_asa:not_on_ground": {
        "remove": {
          "component_groups": ["op_asa:on_ground"]
        },
        "add":{
          "component_groups":["op_asa:not_on_ground"]
        }
      },
      "op_asa:rideable":{
        "add":{
          "component_groups":["op_asa:rideable"]
        }
      },
      "op_asa:unrideable":{
        "remove":{
          "component_groups":["op_asa:rideable"]
        }
      },
      "op_asa:timer_event":{
        "run_command":{
          "command":"function akumanomi/sorusoru/prometheus_neo_fly"
        }
      }
    }
  }
}