{
  "format_version": "1.16.0",
  "minecraft:entity": {
    "description": {
      "identifier": "op_asa:red_flower3",
      "is_spawnable": true,
      "is_summonable": true,
      "is_experimental": false
    },
    "component_groups":{
      "op_asa:wild":{
        "minecraft:tameable": {
          "probability": 1,
          "tame_items": "op_asa:homies_tame",
          "tame_event": {
            "event": "op_asa:on_tame",
            "target": "self"
          }
        }
      },
      "op_asa:mam":{
        "minecraft:type_family": {
          "family": ["sorusoru","mam","sorusoru1"]
        },
        "minecraft:is_baby":{},
        "minecraft:behavior.nearest_attackable_target": {
          "priority": 1,
          "must_see": true,
          "reselect_targets": true,
          "entity_types": [
            {
              "filters":{
                "all_of": [
                  { "test": "is_family", "subject": "other", "value": "player" }
                ]
              },
              "max_dist": 32
            }
          ]
        },
        "minecraft:behavior.random_stroll": {
          "priority": 6,
          "speed_multiplier": 1
        }
      },
      "op_asa:tame":{
        "minecraft:type_family": {
          "family": ["sorusoru","player","sorusoru1"]
        },
        "minecraft:behavior.stay_while_sitting": {
          "priority": 0
        },
        "minecraft:is_tamed": {},
        "minecraft:behavior.owner_hurt_by_target": {
          "priority": 3
        },
        "minecraft:behavior.owner_hurt_target": {
          "priority": 1
        },
        "minecraft:behavior.follow_owner": {
          "priority": 2,
          "speed_multiplier": 1.0,
          "start_distance": 4,
          "stop_distance": 3
        },
        "minecraft:sittable": {},
        "minecraft:behavior.hurt_by_target": {
          "entity_types": {
            "filters": {
                "test": "is_family",
                "subject": "other",
                "operator": "!=",
                "value": "waza"
            }
          },
          "priority": 3
        },
        "minecraft:healable": {
          "items": [
            {
              "item":"op_asa:soul",
              "heal_amount":1
            }
          ]
        }
      }
    },
    
    "components": {
      "minecraft:scale":{
        "value":1.2
      },
      "minecraft:movement": {
        "value": 0.2
      },
      "minecraft:health": {
        "value": 10,
        "max": 10
      },
      "minecraft:attack":{
        "damage":3
      },
      "minecraft:collision_box": {
        "width": 0.3,
        "height": 0.5
      },
      "minecraft:navigation.walk": {
        "is_amphibious": true,
        "can_pass_doors":false,
        "can_break_doors":false,
        "can_walk":true,
        "can_open_doors": false,
        "can_path_over_water": true,
        "avoid_water": true
      },
      "minecraft:behavior.melee_attack": {},
      "minecraft:nameable": {
      },
      "minecraft:type_family": {
        "family": ["sorusoru","sorusoru1"]
      },
      "minecraft:movement.basic": {
      },
      "minecraft:jump.static": {},
      "minecraft:can_climb": {
      },
      "minecraft:hurt_on_condition": {
        "damage_conditions": [
          {
            "filters": {
              "test": "in_lava",
              "subject": "self",
              "operator": "==",
              "value": true
            },
            "cause": "lava",
            "damage_per_tick": 4
          },
          {
            "filters": { "test": "in_water", "operator": "==", "value": true },
            "cause": "drowning",
            "damage_per_tick": 1
          }
        ]
      },
      "minecraft:breathable": {
        "total_supply": 15,
        "suffocate_time": 0
      },
      "minecraft:behavior.look_at_player": {
        "priority": 9,
        "look_distance": 10,
        "probability": 0.02
      },
      "minecraft:behavior.random_look_around":{
        "priority":7,
        "speed_multiplier":1
      },
      "minecraft:physics": {
      },
      "minecraft:pushable": {
        "is_pushable": true,
        "is_pushable_by_piston": true
      },
      "minecraft:conditional_bandwidth_optimization": {
      },
      "minecraft:persistent":{
      }
    },
    "events":{
      "minecraft:entity_spawned":{
        "add":{
          "component_groups":[
            "op_asa:wild"
          ]
        },
        "run_command":{
          "command":"give @p op_asa:homies_tame"
        }
      },
      "op_asa:on_tame":{
        "remove":{
          "component_groups":[
            "op_asa:wild"
          ]
        },
        "add": {
          "component_groups": [
            "op_asa:tame"
          ]
        }
      },
      "op_asa:mam":{
        "add":{
          "component_groups":[
            "op_asa:mam"
          ]
        }
      }
    }
  }
}