{
  "format_version": "1.16.100",
  "minecraft:item": {
    "description": {
      "identifier": "mystery:scrap_plate",
      "category": "Equipment"
    },
    "components": {
      "minecraft:icon": {
        "texture": "mystery_scrap_plate"
      },
      "minecraft:creative_category": {
        "parent": "itemGroup.name.chestplate"
      },
      "minecraft:max_stack_size": 1,
      "minecraft:enchantable": {
        "value": 10,
        "slot": "armor_torso"
      },
      "minecraft:durability": {
        "max_durability": 500,
        "damage_chance": {
          "min": 60,
          "max": 100
        }
      },
      "minecraft:knockback_resistance": {
        "protection": 0.3
      },
      "minecraft:mining_speed": 5,
      "minecraft:foil": false,
      "minecraft:hand_equipped": true,
      "minecraft:wearable": {
        "slot": "slot.armor.chest"
      },
      "minecraft:render_offsets": {
        "main_hand": {
          "third_person": {
            "scale": [
              0.1,
              0.1,
              0.1
            ]
          },
          "first_person": {
            "scale": [
              0.037999999999977205,
              0.037999999999977205,
              0.037999999999977205
            ]
          }
        },
        "off_hand": {
          "third_person": {
            "scale": [
              0.1,
              0.1,
              0.1
            ]
          },
          "first_person": {
            "scale": [
              0.037999999999977205,
              0.037999999999977205,
              0.037999999999977205
            ]
          }
        }
      },
      "minecraft:repairable": {
        "repair_items": [
          {
            "items": [
              "mystery:scrap_metal",
              "mystery:scrap_plate"
            ],
            "repair_amount": 100
          }
        ]
      },
      "minecraft:armor": {
        "protection": 8
      },
      "minecraft:display_name": {}
    }
  }
}