{
  "format_version": "1.10",
  "minecraft:item": {
    "description": {
      "identifier": "mystery:greasy_marshmallows",
      "category": "items"
    },
    "components": {
      "minecraft:hand_equipped": false,
      "minecraft:max_stack_size": 16,
      "minecraft:foil": false,
      "minecraft:stack_by_data": true,
      "minecraft:food": {
        "saturation_modifier": "low",
        "nutrition": 3,
        "can_always_eat": false,
        "effects": [
          {
            "name": "fatal_poison",
            "chance": 1,
            "duration": 5,
            "amplifier": 1
          },
          {
            "name": "nausea",
            "chance": 1,
            "duration": 30,
            "amplifier": 1
          },
          {
            "name": "slowness",
            "chance": 1,
            "duration": 10,
            "amplifier": 1
          }
        ],
        "remove_effects": []
      },
      "minecraft:use_duration": 32
    }
  }
}