{
  "format_version": "1.10",
  "minecraft:item": {
    "description": {
      "identifier": "mystery:almond_bread",
      "category": "items"
    },
    "components": {
      "minecraft:hand_equipped": false,
      "minecraft:max_stack_size": 64,
      "minecraft:foil": false,
      "minecraft:stack_by_data": true,
      "minecraft:food": {
        "saturation_modifier": "good",
        "nutrition": 6,
        "can_always_eat": true,
        "effects": [],
        "remove_effects": [
          "hunger",
          "fatal_poison",
          "wither",
          "weakness",
          "nausea",
          "poison"
        ]
      },
      "minecraft:use_duration": 43
    }
  }
}