{"format_version":"1.16.100","minecraft:item":{"description":{"category":"equipment","identifier":"mystery:boiled_memory_juice"},"components":{"minecraft:icon":{"texture":"mystery_boiled_memory_juice"},"minecraft:creative_category":{"parent":"itemGroup.name.sword"},"minecraft:max_stack_size":1,"minecraft:hand_equipped":true,"minecraft:allow_off_hand":true,"minecraft:foil":false,"minecraft:durability":{"max_durability":4,"damage_chance":{"min":60,"max":100}},"minecraft:repairable":{"repair_items":[{"items":["mystery:boiled_memory_juice"],"repair_amount":"context.other->query.remaining_durability + 0.2 * context.other->query.max_durability"}]},"minecraft:mining_speed":1,"minecraft:damage":0,"minecraft:enchantable":{"value":15,"slot":"sword"},"minecraft:can_destroy_in_creative":true,"minecraft:weapon":{"on_hurt_entity":{"event":"hurt"},"on_not_hurt_entity":{"event":"hurt"},"on_hit_block":{"event":"hurt"}},"minecraft:on_use":{"on_use":{"event":"on_use_event"}},"minecraft:render_offsets":{"main_hand":{"third_person":{"scale":[0.1,0.1,0.1]},"first_person":{"scale":[0.037999999999977205,0.037999999999977205,0.037999999999977205]}},"off_hand":{"third_person":{"scale":[0.1,0.1,0.1]},"first_person":{"scale":[0.037999999999977205,0.037999999999977205,0.037999999999977205]}}},"tag:minecraft:is_sword":{},"minecraft:display_name":{},"minecraft:cooldown":{"category":"action_cooldown","duration":5}},"events":{"on_use_event":{"sequence":[{"run_command":{"command":["function memory_juice"],"target":"self"}},{"damage":{"type":"magic","amount":1,"target":"self"}}]},"hurt":{"damage":{"type":"magic","amount":1,"target":"self"}}}}}