{
  "format_version": "1.10",
  "minecraft:item": {
    "description": {
      "identifier": "mystery:fire_salt_crystal",
      "category": "items"
    },
    "components": {
      "minecraft:hand_equipped": false,
      "minecraft:max_stack_size": 16,
      "minecraft:foil": false,
      "minecraft:stack_by_data": true,
      "minecraft:fuel": {
        "duration": 90
      },
      "minecraft:icon": {
        "texture": "mystery:fire_salt_crystal"
      },
      "minecraft:display_name": {
        "value": "Fire salt crystals"
      }
    }
  }
}