{
  "format_version": "1.16.0",
  "minecraft:item": {
    "description": {
      "identifier": "mystery:picture_party_goer",
      "category": "items"
    },
    "components": {
      "minecraft:hand_equipped": false,
      "minecraft:max_stack_size": 64,
      "minecraft:foil": false,
      "minecraft:stack_by_data": true,
      "minecraft:icon": {
        "texture": "mystery:picture_party_goer"
      },
      "minecraft:display_name": {
        "value": "Picture (Party goer)"
      }
    }
  }
}