{
  "format_version": "1.10",
  "minecraft:item": {
    "description": {
      "identifier": "mystery:royal_ration",
      "category": "items"
    },
    "components": {
      "minecraft:hand_equipped": false,
      "minecraft:max_stack_size": 64,
      "minecraft:foil": false,
      "minecraft:stack_by_data": true,
      "minecraft:food": {
        "saturation_modifier": "supernatural",
        "nutrition": 30,
        "can_always_eat": true,
        "effects": [],
        "remove_effects": [
          "poison",
          "nausea",
          "mining_fatigue",
          "wither",
          "weakness",
          "slowness",
          "blindness",
          "fatal_poison",
          "bad_omen",
          "hunger"
        ]
      },
      "minecraft:use_duration": 40
    }
  }
}