{
  "format_version": "1.13.0",
  "minecraft:entity": {
    "description": {
      "identifier": "op_asa:betabetton_p",
      "is_spawnable": false,
      "is_summonable": true,
      "is_experimental": false,
      "runtime_identifier": "minecraft:snowball"
    },
    "component_groups": {
    },

    "components": {
      "minecraft:projectile": {
        "on_hit": {
          "spawn_chance": {
            "first_spawn_percent_chance": 100.0,
            "first_spawn_count": 1,
            "spawn_definition": "op_asa:betabetton_e"
          },
          "remove_on_hit": {},
          "stick_in_ground": {
            "shake_time" : 0.35
          }
        },
        "power": 1.5,
        "gravity": 0.025,
        "uncertainty_base": 1,
        "uncertainty_multiplier": 0,
        "anchor": 1,
        "should_bounce": true,
        "offset": [ 0, -0.1, 0 ]
      },
      "minecraft:collision_box": {
        "width":1,
        "height":1
      },
      "minecraft:physics": {
      },
      "minecraft:transformation": {
        "into": "op_asa:despawn",
        "delay": 1.5
      },
      "minecraft:pushable": {
        "is_pushable": false,
        "is_pushable_by_piston": false
      },
      "minecraft:conditional_bandwidth_optimization": {
        "default_values": {
          "max_optimized_distance": 80.0,
          "max_dropped_ticks": 10,
          "use_motion_prediction_hints": true
        }
      }
    },

    "events": {
    }

  }
}