{
  "format_version": "1.13.0",
  "minecraft:entity": {    
    "description": {
      "identifier": "op_asa:betabeta_ex",
      "is_spawnable": false,
      "is_summonable": true,
      "is_experimental": false
    },
    "component_groups": {
      "op_asa:despawn":{
        "minecraft:instant_despawn": {}
      }
    },
    "components": {
      "minecraft:type_family": {
        "family": [ "betabeta" ]
      },
      "minecraft:collision_box": {
        "width": 0.0,
        "height": 0.0
      },
      "minecraft:explode": {
        "breaks_blocks":true,
        "fuse_length": 0,
        "fuse_lit": true,
        "power": 4,
        "causes_fire": true,
        "destroy_affected_by_griefing": true
      },
      "minecraft:timer": {
        "looping": false,
        "randomInterval": false,
        "time": 0.2,
        "time_down_event": {
         "event": "op_asa:timer_event",
         "target": "self"
        }
      },
      "minecraft:physics": {
      },
      "minecraft:pushable": {
        "is_pushable": false,
        "is_pushable_by_piston": false
      },
      "minecraft:damage_sensor": {
        "triggers": {
            "on_damage": {"filters": {}},
            "deals_damage": false
        }
      }
    },
    "events": {
      "op_asa:timer_event":{
        "add":{
          "component_groups":["op_asa:despawn"]
        }
      }
    }
  }
}