{
  "format_version":"1.16.100",
  "animation_controllers":{
    "controller.animation.homies_target":{
      "states":{
        "default":{
          "transitions":[
            {"1":"q.has_target"}
          ]
        },
        "1":{
          "transitions":[
            {"default":"(1.0)"}
          ],
          "on_entry":[
            "/execute @s[type=op_asa:prometheus_neo] ~~~ damage @e[tag=!sorusoru,family=!sorusoru,r=5,type=!item,type=!xp_orb] 3 fire entity @s",
            "/execute @s[type=op_asa:prometheus_neo] ~~~ particle op_asa:prometheus_particle ~~~",
            "/execute @s[type=op_asa:zeus_neo] ~~~ damage @e[tag=!sorusoru,family=!sorusoru,r=5,type=!item,type=!xp_orb] 3 lightning entity @s",
            "/execute @s[type=op_asa:zeus_neo] ~~~ particle op_asa:zeus_particle ~~~"
          ]
        }
      }
    },
    "controller.animation.homies_rider":{
      "states":{
        "default":{
          "transitions":[
            {"1":"q.has_rider?(for_each(t.r,q.get_riders,{t.v=t.r->q.variant;});return t.v!= 2713);"}
          ],
          "on_entry":[
            "/event entity @s op_asa:rideable"
          ]
        },
        "1":{
          "transitions":[
            {"default":"!q.has_rider"}
          ],
          "on_entry":[
            "/event entity @s op_asa:unrideable"
          ]
        }
      }
    },
    "controller.animation.homies_furnace":{
      "states":{
        "default":{
          "transitions":[
            {"nobake":"q.health <= 10"},
            {"canbake":"q.health > 10"}
          ]
        },
        "nobake":{
          "transitions":[
            {"default":"q.health > 10"}
          ],
          "on_entry":[
            "/event entity @s op_asa:nobake"
          ]
        },
        "canbake":{
          "transitions":[
            {"default":"q.health <= 10"}
          ],
          "on_entry":[
            "/event entity @s op_asa:canbake"
          ]
        }
      }
    },
    "controller.animation.homies_torch":{
      "states":{
        "default":{
          "transitions":[
            {"dark":"q.health <= 3"},
            {"light":"q.health > 3"}
          ]
        },
        "dark":{
          "transitions":[
            {"default":"q.health > 3"}
          ],
          "on_entry":[
            "/event entity @s op_asa:dark"
          ]
        },
        "light":{
          "transitions":[
            {"default":"q.health <= 3"}
          ],
          "on_entry":[
            "/event entity @s op_asa:light"
          ]
        }
      }
    }
  }
}