{
	"format_version": "1.12.0",
	"minecraft:geometry": [
		{
			"description": {
				"identifier": "geometry.rascal",
				"texture_width": 64,
				"texture_height": 64,
				"visible_bounds_width": 3,
				"visible_bounds_height": 2.5,
				"visible_bounds_offset": [0, 0.75, 0]
			},
			"bones": [
				{
					"name": "waist",
					"pivot": [0, 1, 0],
					"locators": {
						"footstep": [0, 0, 0]
					}
				},
				{
					"name": "bundle",
					"parent": "waist",
					"pivot": [0, 9, 9],
					"cubes": [
						{
							"origin": [-7, 5, 12],
							"size": [14, 8, 1],
							"uv": {
								"north": {"uv": [44, 23], "uv_size": [16, 10]},
								"east": {"uv": [44, 27], "uv_size": [2, 16]},
								"south": {"uv": [44, 26], "uv_size": [16, 7]},
								"west": {"uv": [58, 27], "uv_size": [2, 16]},
								"up": {"uv": [60, 25], "uv_size": [-16, -2]},
								"down": {"uv": [60, 33], "uv_size": [-16, -10]}
							}
						},
						{
							"origin": [6, 5, 7],
							"size": [1, 8, 5],
							"uv": {
								"north": {"uv": [44, 23], "uv_size": [16, 10]},
								"east": {"uv": [45, 27], "uv_size": [14, 6]},
								"south": {"uv": [44, 26], "uv_size": [16, 7]},
								"west": {"uv": [45, 27], "uv_size": [14, 6]},
								"up": {"uv": [46, 43], "uv_size": [-2, -10]},
								"down": {"uv": [60, 33], "uv_size": [-16, -10]}
							}
						},
						{
							"origin": [-7, 5, 7],
							"size": [1, 8, 5],
							"uv": {
								"north": {"uv": [44, 23], "uv_size": [16, 10]},
								"east": {"uv": [45, 27], "uv_size": [13, 6]},
								"south": {"uv": [44, 26], "uv_size": [16, 7]},
								"west": {"uv": [45, 27], "uv_size": [14, 6]},
								"up": {"uv": [44, 43], "uv_size": [2, -10]},
								"down": {"uv": [60, 33], "uv_size": [-16, -10]}
							}
						},
						{
							"origin": [-7, 5, 6],
							"size": [14, 8, 1],
							"uv": {
								"north": {"uv": [44, 23], "uv_size": [16, 10]},
								"east": {"uv": [57, 27], "uv_size": [3, 16]},
								"south": {"uv": [44, 26], "uv_size": [16, 7]},
								"west": {"uv": [44, 27], "uv_size": [3, 16]},
								"up": {"uv": [60, 25], "uv_size": [-16, -2]},
								"down": {"uv": [60, 33], "uv_size": [-16, -10]}
							}
						},
						{
							"origin": [-6, 5, 7],
							"size": [12, 1, 5],
							"uv": {
								"north": {"uv": [44, 23], "uv_size": [16, 10]},
								"east": {"uv": [44, 27], "uv_size": [16, 6]},
								"south": {"uv": [44, 26], "uv_size": [16, 7]},
								"west": {"uv": [44, 27], "uv_size": [16, 6]},
								"up": {"uv": [60, 33], "uv_size": [-16, -9]},
								"down": {"uv": [60, 33], "uv_size": [-16, -10]}
							}
						}
					]
				},
				{
					"name": "root",
					"parent": "waist",
					"pivot": [0, 0, 0]
				},
				{
					"name": "body",
					"parent": "root",
					"pivot": [0, 1, 0],
					"cubes": [
						{
							"origin": [-4, 12, -3],
							"size": [8, 6, 8],
							"inflate": 0.5,
							"uv": {
								"north": {"uv": [36, 0], "uv_size": [25, 13]},
								"east": {"uv": [36, 0], "uv_size": [25, 13]},
								"south": {"uv": [36, 0], "uv_size": [22, 13]},
								"west": {"uv": [36, 0], "uv_size": [25, 13]},
								"up": {"uv": [51, 13], "uv_size": [-10, -13]},
								"down": {"uv": [61, 13], "uv_size": [-25, -13]}
							}
						},
						{
							"origin": [-4.4, 6, -8],
							"size": [0, 8, 6],
							"uv": {
								"north": {"uv": [64, 64], "uv_size": [0, 0]},
								"east": {"uv": [25, 24], "uv_size": [-9, 8]},
								"south": {"uv": [64, 64], "uv_size": [0, 0]},
								"west": {"uv": [64, 64], "uv_size": [0, 0]},
								"up": {"uv": [64, 64], "uv_size": [0, 0]},
								"down": {"uv": [64, 64], "uv_size": [0, 0]}
							}
						},
						{
							"origin": [4.4, 6, -8],
							"size": [0, 8, 6],
							"uv": {
								"north": {"uv": [64, 64], "uv_size": [0, 0]},
								"east": {"uv": [64, 64], "uv_size": [0, 0]},
								"south": {"uv": [64, 64], "uv_size": [0, 0]},
								"west": {"uv": [16, 24], "uv_size": [9, 8]},
								"up": {"uv": [64, 64], "uv_size": [0, 0]},
								"down": {"uv": [64, 64], "uv_size": [0, 0]}
							}
						},
						{
							"origin": [-4, 5, -4],
							"size": [8, 7, 9],
							"uv": {
								"north": {"uv": [40, 0], "uv_size": [8.1, 13]},
								"east": {"uv": [36, 0], "uv_size": [9.1, 13]},
								"south": {"uv": [52, 0], "uv_size": [8.1, 13]},
								"west": {"uv": [45, 0], "uv_size": [10.1, 13]},
								"up": {"uv": [48.1, 5], "uv_size": [-8.1, -5]},
								"down": {"uv": [48.1, 13], "uv_size": [-8.1, -5]}
							}
						}
					]
				},
				{
					"name": "head",
					"parent": "body",
					"pivot": [0, 11, -8],
					"cubes": [
						{
							"origin": [-4, 12, -8],
							"size": [8, 6, 5],
							"uv": {
								"north": {"uv": [12, 12], "uv_size": [12, 12]},
								"east": {"uv": [12, 12], "uv_size": [-12, 12]},
								"south": {"uv": [24, 12], "uv_size": [12, 12]},
								"west": {"uv": [0, 12], "uv_size": [12, 12]},
								"up": {"uv": [24, 12], "uv_size": [-12, -12]},
								"down": {"uv": [36, 12], "uv_size": [-12, -12]}
							}
						}
					]
				},
				{
					"name": "hat",
					"parent": "head",
					"pivot": [0, 11, -8],
					"cubes": [
						{
							"origin": [-4, 12, -8],
							"size": [8, 6, 4],
							"inflate": 0.49,
							"uv": {
								"north": {"uv": [8, 32], "uv_size": [8, 8]},
								"east": {"uv": [0, 32], "uv_size": [8, 8]},
								"south": {"uv": [24, 32], "uv_size": [8, 8]},
								"west": {"uv": [16, 32], "uv_size": [8, 8]},
								"up": {"uv": [16, 32], "uv_size": [-8, -8]},
								"down": {"uv": [24, 32], "uv_size": [-8, -8]}
							}
						}
					]
				},
				{
					"name": "leftArm",
					"parent": "body",
					"pivot": [-4, 11, 0],
					"cubes": [
						{
							"origin": [-8, 3, -2],
							"size": [4, 8, 4],
							"uv": {
								"north": {"uv": [0, 48], "uv_size": [7, 11]},
								"east": {"uv": [0, 48], "uv_size": [7, 11]},
								"south": {"uv": [0, 48], "uv_size": [7, 11]},
								"west": {"uv": [0, 48], "uv_size": [7, 11]},
								"up": {"uv": [7, 55], "uv_size": [-7, -7]},
								"down": {"uv": [14, 54], "uv_size": [-7, -6]}
							}
						}
					]
				},
				{
					"name": "rightArm",
					"parent": "body",
					"pivot": [3, 10, 0],
					"cubes": [
						{
							"origin": [4, 3, -2],
							"size": [4, 8, 4],
							"uv": {
								"north": {"uv": [0, 48], "uv_size": [7, 11]},
								"east": {"uv": [0, 48], "uv_size": [7, 11]},
								"south": {"uv": [0, 48], "uv_size": [7, 11]},
								"west": {"uv": [0, 48], "uv_size": [7, 11]},
								"up": {"uv": [7, 55], "uv_size": [-7, -7]},
								"down": {"uv": [14, 54], "uv_size": [-7, -6]}
							}
						}
					]
				},
				{
					"name": "leftLeg",
					"parent": "root",
					"pivot": [2, 6.5, -0.5],
					"cubes": [
						{
							"origin": [0, 0, -2],
							"size": [4, 6, 5],
							"inflate": -0.1,
							"uv": {
								"north": {"uv": [14, 48], "uv_size": [7, 12]},
								"east": {"uv": [14, 48], "uv_size": [7, 12]},
								"south": {"uv": [14, 48], "uv_size": [7, 12]},
								"west": {"uv": [14, 48], "uv_size": [7, 12]},
								"up": {"uv": [21, 54], "uv_size": [-7, -6]},
								"down": {"uv": [28, 54], "uv_size": [-7, -6]}
							}
						}
					]
				},
				{
					"name": "rightLeg",
					"parent": "root",
					"pivot": [-2, 6, 0],
					"cubes": [
						{
							"origin": [-4, 0, -2],
							"size": [4, 6, 5],
							"inflate": -0.1,
							"uv": {
								"north": {"uv": [14, 48], "uv_size": [7, 12]},
								"east": {"uv": [14, 48], "uv_size": [7, 12]},
								"south": {"uv": [14, 48], "uv_size": [7, 12]},
								"west": {"uv": [14, 48], "uv_size": [7, 12]},
								"up": {"uv": [21, 54], "uv_size": [-7, -6]},
								"down": {"uv": [28, 54], "uv_size": [-7, -6]}
							}
						}
					]
				},
				{
					"name": "backpack",
					"parent": "root",
					"pivot": [0, 0, 0],
					"cubes": [
						{
							"origin": [4, 5, -3],
							"size": [1, 14, 2],
							"uv": {
								"north": {"uv": [36, 13], "uv_size": [8, 10]},
								"east": {"uv": [36, 13], "uv_size": [8, 10]},
								"south": {"uv": [36, 13], "uv_size": [8, 10]},
								"west": {"uv": [36, 13], "uv_size": [8, 10]},
								"up": {"uv": [44, 23], "uv_size": [-8, -10]},
								"down": {"uv": [44, 23], "uv_size": [-8, -10]}
							}
						},
						{
							"origin": [4, 5, 5],
							"size": [1, 14, 1],
							"uv": {
								"north": {"uv": [36, 13], "uv_size": [8, 10]},
								"east": {"uv": [36, 13], "uv_size": [8, 10]},
								"south": {"uv": [36, 13], "uv_size": [8, 10]},
								"west": {"uv": [36, 13], "uv_size": [8, 10]},
								"up": {"uv": [44, 23], "uv_size": [-8, -10]},
								"down": {"uv": [44, 23], "uv_size": [-8, -10]}
							}
						},
						{
							"origin": [-5, 5, 5],
							"size": [1, 14, 1],
							"uv": {
								"north": {"uv": [36, 13], "uv_size": [8, 10]},
								"east": {"uv": [36, 13], "uv_size": [8, 10]},
								"south": {"uv": [36, 13], "uv_size": [8, 10]},
								"west": {"uv": [36, 13], "uv_size": [8, 10]},
								"up": {"uv": [44, 23], "uv_size": [-8, -10]},
								"down": {"uv": [44, 23], "uv_size": [-8, -10]}
							}
						},
						{
							"origin": [-5, 5, -3],
							"size": [1, 14, 2],
							"uv": {
								"north": {"uv": [36, 13], "uv_size": [8, 10]},
								"east": {"uv": [36, 13], "uv_size": [8, 10]},
								"south": {"uv": [36, 13], "uv_size": [8, 10]},
								"west": {"uv": [36, 13], "uv_size": [8, 10]},
								"up": {"uv": [44, 23], "uv_size": [-8, -10]},
								"down": {"uv": [44, 23], "uv_size": [-8, -10]}
							}
						},
						{
							"origin": [-5, 5, -1],
							"size": [1, 2, 6],
							"uv": {
								"north": {"uv": [36, 13], "uv_size": [8, 10]},
								"east": {"uv": [36, 13], "uv_size": [8, 10]},
								"south": {"uv": [36, 13], "uv_size": [8, 10]},
								"west": {"uv": [36, 13], "uv_size": [8, 10]},
								"up": {"uv": [44, 23], "uv_size": [-8, -10]},
								"down": {"uv": [44, 23], "uv_size": [-8, -10]}
							}
						},
						{
							"origin": [4, 5, -1],
							"size": [1, 2, 6],
							"uv": {
								"north": {"uv": [36, 13], "uv_size": [8, 10]},
								"east": {"uv": [36, 13], "uv_size": [8, 10]},
								"south": {"uv": [36, 13], "uv_size": [8, 10]},
								"west": {"uv": [36, 13], "uv_size": [8, 10]},
								"up": {"uv": [44, 23], "uv_size": [-8, -10]},
								"down": {"uv": [44, 23], "uv_size": [-8, -10]}
							}
						},
						{
							"origin": [-4, 19, -3],
							"size": [8, 1, 2],
							"uv": {
								"north": {"uv": [36, 13], "uv_size": [8, 10]},
								"east": {"uv": [36, 13], "uv_size": [8, 10]},
								"south": {"uv": [36, 13], "uv_size": [8, 10]},
								"west": {"uv": [36, 13], "uv_size": [8, 10]},
								"up": {"uv": [44, 23], "uv_size": [-8, -10]},
								"down": {"uv": [44, 23], "uv_size": [-8, -10]}
							}
						},
						{
							"origin": [-4, 19, 5],
							"size": [8, 1, 1],
							"uv": {
								"north": {"uv": [36, 13], "uv_size": [8, 10]},
								"east": {"uv": [36, 13], "uv_size": [8, 10]},
								"south": {"uv": [36, 13], "uv_size": [8, 10]},
								"west": {"uv": [36, 13], "uv_size": [8, 10]},
								"up": {"uv": [44, 23], "uv_size": [-8, -10]},
								"down": {"uv": [44, 23], "uv_size": [-8, -10]}
							}
						}
					]
				},
				{
					"name": "up",
					"parent": "backpack",
					"pivot": [0, 0, 0],
					"cubes": [
						{
							"origin": [-5, 18, -1],
							"size": [10, 1, 6],
							"uv": {
								"north": {"uv": [44, 13], "uv_size": [8, 10]},
								"east": {"uv": [44, 13], "uv_size": [8, 2]},
								"south": {"uv": [44, 13], "uv_size": [8, 10]},
								"west": {"uv": [44, 21], "uv_size": [8, 2]},
								"up": {"uv": [52, 23], "uv_size": [-8, -10]},
								"down": {"uv": [52, 23], "uv_size": [-8, -10]}
							}
						},
						{
							"origin": [5, 13, -1],
							"size": [0, 5, 6],
							"uv": {
								"north": {"uv": [36, 23], "uv_size": [8, 10]},
								"east": {"uv": [44, 23], "uv_size": [-8, 10]},
								"south": {"uv": [36, 23], "uv_size": [8, 10]},
								"west": {"uv": [36, 23], "uv_size": [8, 10]},
								"up": {"uv": [44, 33], "uv_size": [-8, -10]},
								"down": {"uv": [44, 33], "uv_size": [-8, -10]}
							}
						},
						{
							"origin": [-5, 13, -1],
							"size": [0, 5, 6],
							"uv": {
								"north": {"uv": [36, 23], "uv_size": [8, 10]},
								"east": {"uv": [44, 23], "uv_size": [-8, 10]},
								"south": {"uv": [36, 23], "uv_size": [8, 10]},
								"west": {"uv": [36, 23], "uv_size": [8, 10]},
								"up": {"uv": [44, 33], "uv_size": [-8, -10]},
								"down": {"uv": [44, 33], "uv_size": [-8, -10]}
							}
						}
					]
				}
			]
		}
	]
}