{
	"format_version": "1.12.0",
	"minecraft:geometry": [
		{
			"description": {
				"identifier": "geometry.sniffer_plant",
				"texture_width": 32,
				"texture_height": 32,
				"visible_bounds_width": 2,
				"visible_bounds_height": 2.5,
				"visible_bounds_offset": [0, 0.75, 0]
			},
			"bones": [
				{
					"name": "sniffer_leaves",
					"pivot": [-0.2, 8, -0.2],
					"rotation": [0, -142.5, 0],
					"cubes": [
						{
							"origin": [-8.2, 0, -0.2],
							"size": [16, 16, 0],
							"uv": {
								"north": {"uv": [0, 0], "uv_size": [32, 32]},
								"east": {"uv": [0, 0], "uv_size": [32, 32]},
								"south": {"uv": [32, 0], "uv_size": [-32, 32]},
								"west": {"uv": [0, 0], "uv_size": [32, 32]},
								"up": {"uv": [32, 32], "uv_size": [-32, -32]},
								"down": {"uv": [32, 32], "uv_size": [-32, -32]}
							}
						}
					]
				}
			]
		}
	]
}