{
  "format_version": "1.16.0",
  "minecraft:entity": {
    "description": {
      "identifier": "op_asa:goro_jamburu",
      "is_spawnable": false,
      "is_summonable": true,
      "is_experimental": false,
      "scripts":{
        "animate":["1"]
      },
      "animations":{
        "1":"controller.animation.goro_jamburu"
      }
    },
    "component_groups":{
      "op_asa:despawn":{
        "minecraft:instant_despawn":{}
      }
    },
    
    "components": {
      "minecraft:timer": {
        "looping": false,
        "randomInterval": false,
        "time": 5,
        "time_down_event": {
         "event": "op_asa:despawn",
         "target": "self"
        }
      },
      "minecraft:type_family": {
        "family": ["gorogoro","goro_ex"]
      },
      "minecraft:attack": {
        "damage": 0
      },
      "minecraft:behavior.nearest_attackable_target": {
        "must_see": true,
        "reselect_targets": true,
        "entity_types": [
          {
            "filters": {
              "test": "has_tag",
              "subject": "other",
              "value": "goro_target"
            },
            "max_dist": 32
          }
        ]
      },
      "minecraft:environment_sensor": {
        "triggers": [
          {
            "filters":{
              "all_of": [
                { "test":"has_target","value":true },
                { "test":"has_tag","operator":"!=","value":"has_target" }
              ]
            },
            "event": "op_asa:has_target"
          },
          {
            "filters":{
              "all_of": [
                { "test":"has_target","value":false },
                { "test":"has_tag","value":"has_target" }
              ]
            },
            "event": "op_asa:despawn"
          }
        ]
      },
      "minecraft:navigation.hover": {
        "avoid_damage_blocks":false,
        "avoid_water": true,
        "can_open_doors": false,
        "can_path_from_air":true,
        "is_amphibious": true
      },
      "minecraft:can_fly": {},
      "minecraft:movement.hover": {},
      "minecraft:flying_speed": {
        "value": 0.35
      },
      "minecraft:target_nearby_sensor": {
        "inside_range": 0.0,
        "must_see":  true,
        "on_inside_range": {
          "event": "op_asa:despawn",
          "target": "self"
        }
      },
      "minecraft:follow_range": {
        "value": 32,
        "max": 32
      },
      "minecraft:movement": {
        "value": 0.3
      },
      "minecraft:collision_box": {
        "width": 0.0,
        "height": 0.0
      },
      "minecraft:jump.static": {},
      "minecraft:can_climb": {},
      "minecraft:behavior.melee_attack": {
        "reach_multiplier":1
      },
      "minecraft:physics": {},
      "minecraft:pushable": {
        "is_pushable": true,
        "is_pushable_by_piston": true
      },
      "minecraft:conditional_bandwidth_optimization": {
      },
      "minecraft:behavior.float": {
        "priority": 0
      },
      "minecraft:damage_sensor": {
        "triggers": {
            "on_damage": {"filters": {}},
            "deals_damage": false
        }
      }
    },
    "events":{
      "op_asa:has_target":{
        "run_command":{
          "command":"tag @s add has_target"
        }
      },
      "op_asa:despawn":{
        "run_command":{
          "command":"tag @e[r=32] remove goro_target"
        },
        "add":{
          "component_groups":["op_asa:despawn"]
        }
      }
    }
}}
