{
  "format_version": "1.16.0",
  "minecraft:entity": {
    "description": {
      "identifier": "op_asa:goro_mamaragan",
      "is_spawnable": false,
      "is_summonable": true,
      "is_experimental": false,
      "scripts":{
        "animate":["1","2"]
      },
      "animations":{
        "1":"controller.animation.goro_mamaragan1",
        "2":"controller.animation.goro_mamaragan2"
      }
    },
    "component_groups":{
      "op_asa:despawn":{
        "minecraft:instant_despawn":{}
      }
    },
    
    "components": {
      "minecraft:timer": {
        "looping": false,
        "randomInterval": false,
        "time": 20,
        "time_down_event": {
         "event": "op_asa:despawn",
         "target": "self"
        }
      },
      "minecraft:type_family": {
        "family": ["gorogoro"]
      },
      "minecraft:collision_box": {
        "width": 0.0,
        "height": 0.0
      },
      "minecraft:physics": {},
      "minecraft:pushable": {
        "is_pushable": false,
        "is_pushable_by_piston": false
      },
      "minecraft:conditional_bandwidth_optimization": {
      },
      "minecraft:behavior.float": {
        "priority": 0
      },
      "minecraft:damage_sensor": {
        "triggers": {
            "on_damage": {"filters": {}},
            "deals_damage": false
        }
      }
    },

    "events":{
      "op_asa:despawn":{
        "run_command":{
          "command":[
            "function akumanomi/gorogoro/mamaragan_end",
            "fill ~5~~5 ~-5~-3~-5 air 0 replace op_asa:blackmamba_block"
          ]
        },
        "add":{
          "component_groups":["op_asa:despawn"]
        }
      },
      "op_asa:raigou":{
        "run_command":{
          "command":[
            "summon op_asa:goro_raigou ~~40~",
            "particle op_asa:goro_mamaragan_particle2 ~~~",
            "fill ~5~~5 ~-5~-3~-5 air 0 replace op_asa:blackmamba_block"
          ]
        },
        "add":{
          "component_groups":["op_asa:despawn"]
        }
      }
    }
}}