{
  "format_version": "1.13.0",
  "minecraft:entity": {    
    "description": {
      "identifier": "op_asa:goro_raigou_ex",
      "is_spawnable": false,
      "is_summonable": true,
      "is_experimental": false
    },
    "component_groups": {
      "op_asa:despawn":{
        "minecraft:instant_despawn": {}
      }
    },
    "components": {
      "minecraft:timer": {
        "looping": false,
        "randomInterval": false,
        "time": 0.3,
        "time_down_event": {
         "event": "op_asa:timer_event",
         "target": "self"
        }
      },
      "minecraft:type_family": {
        "family": [ "gorogoro","goro_ex" ]
      },
      "minecraft:collision_box": {
        "width": 0.0,
        "height": 0.0
      },
      "minecraft:explode": {
        "fuseLength": 0,
        "fuseLit": true,
        "power": 50,
        "causesFire": true,
        "fireAffectedByGriefing": true,
        "destroyAffectedByGriefing": true
      },
      "minecraft:damage_sensor": {
        "triggers": {
            "on_damage": {"filters": {}},
            "deals_damage": false
        }
      }
    },
    "events": {
      "op_asa:timer_event":{
        "add":{
          "component_groups":[ "op_asa:despawn" ]
        }
      }
    }
  }
}