{
  "format_version": "1.13.0",
  "minecraft:entity": {
    "description": {
      "identifier": "op_asa:goro_target_p",
      "is_spawnable": false,
      "is_summonable": true,
      "is_experimental": false,
      "runtime_identifier": "minecraft:snowball"
    },
    "component_groups": {
      "op_asa:despawn":{
        "minecraft:instant_despawn": {}
      }
    },

    "components": {
      "minecraft:timer": {
        "looping": false,
        "randomInterval": false,
        "time": 1.5,
        "time_down_event": {
         "event": "op_asa:timer_event",
         "target": "self"
        }
      },
      "minecraft:collision_box": {
        "width": 0,
        "height": 0
      },
      "minecraft:projectile": {
        "on_hit": {
          "definition_event": {
            "affectProjectile": true,
            "eventTrigger": {
                  "event": "op_asa:event1",
                  "target": "self"
            }
          },
          "stick_in_ground": {}
        },
        "power": 5,
        "gravity": 0,
        "angle_offset": 0.0,
        "inertia": 1,
        "knockback":false,
        "liquid_inertia": 1
      },
	    "minecraft:physics": {
      },
      "minecraft:pushable": {
        "is_pushable": false,
        "is_pushable_by_piston": false
      },
      "minecraft:conditional_bandwidth_optimization": {
        "default_values": {
          "max_optimized_distance": 80.0,
          "max_dropped_ticks": 10,
          "use_motion_prediction_hints": true
        }
      }
    },

    "events": {
      "op_asa:event1":{
        "run_command":{
          "command":"tag @e[r=7,c=1,tag=!gorogoro,family=!gorogoro,type=!op_asa:goro_target_p,type=!item] add goro_target"
        },
        "add":{
          "component_groups":[ "op_asa:despawn" ]
        }
      },
      "op_asa:timer_event":{
        "add":{
          "component_groups":[ "op_asa:despawn" ]
        }
      }
    }
  }
}
