{
  "format_version": "1.8.0",
  "minecraft:entity": {
    "description": {
      "identifier": "mystery:death_moth",
      "is_spawnable": true,
      "is_summonable": true,
      "is_experimental": false
    },
    "component_groups": {},
    "components": {
      "minecraft:type_family": {
        "family": [
          "entities"
        ]
      },
      "minecraft:breathable": {
        "totalSupply": 15,
        "breathesWater": true,
        "generatesBubbles": false,
        "breathesAir": true,
        "suffocateTime": -1
      },
      "minecraft:collision_box": {
        "height": 0.9,
        "width": 0.5
      },
      "minecraft:fall_damage": {
        "value": 0.0
      },
      "minecraft:movement": {
        "value": 0.1
      },
      "minecraft:navigation.float": {
        "can_path_over_water": true,
        "can_float": true
      },
      "minecraft:movement.basic": {},
      "minecraft:jump.static": {},
      "minecraft:behavior.float": {
        "priority": 0
      },
      "minecraft:behavior.float_wander": {
        "random_reselect": true,
        "priority": 2
      },
      "minecraft:can_fly": {},
      "minecraft:health": {
        "value": 10,
        "max": 10
      },
      "minecraft:nameable": {
        "alwaysShow": false,
        "allowNameTagRenaming": false
      },
      "minecraft:physics": {},
      "minecraft:scale": {
        "value": 2.3
      },
      "minecraft:experience_reward": {
        "on_death": "query.last_hit_by_player ? 10 : 0"
      },
      "minecraft:underwater_movement": {
        "value": 0.02
      },
      "minecraft:flying_speed": {
        "value": 0.04
      },
      "minecraft:attack": {
        "damage": 4
      },
      "minecraft:behavior.nearest_attackable_target": {
        "priority": 3,
        "within_radius": 40,
        "must_reach": false,
        "entity_types": [
          {
            "filters": {
              "any_of": [
                {
                  "test": "is_family",
                  "subject": "other",
                  "value": "player"
                },
                {
                  "test": "is_family",
                  "subject": "other",
                  "value": "friendly"
                }
              ]
            },
            "max_dist": 40.0,
            "must_see": false
          }
        ],
        "must_see": false,
        "speed_multiplier": 1.0
      },
      "minecraft:behavior.hurt_by_target": {
        "priority": 3
      },
      "minecraft:behavior.owner_hurt_by_target": {
        "priority": 1
      },
      "minecraft:behavior.owner_hurt_target": {
        "priority": 2
      },
      "minecraft:movement.generic": {},
      "minecraft:navigation.fly": {
        "avoid_damage_blocks": true,
        "avoid_portals": false,
        "avoid_sun": false,
        "avoid_water": true,
        "blocks_to_avoid": [],
        "can_breach": false,
        "can_break_doors": false,
        "can_jump": true,
        "can_open_doors": false,
        "can_open_iron_doors": false,
        "can_pass_doors": true,
        "can_path_from_air": true,
        "can_path_over_lava": true,
        "can_path_over_water": true,
        "can_sink": true,
        "can_swim": false,
        "can_walk": true,
        "can_walk_in_lava": false,
        "is_amphibious": false
      },
      "minecraft:behavior.circle_around_anchor": {
        "priority": 3,
        "radius_range": [
          5.0,
          15.0
        ],
        "radius_change_chance": 250,
        "height_above_target_range": [
          20.0,
          40.0
        ],
        "height_offset_range": [
          -4.0,
          5.0
        ],
        "height_change_chance": 350,
        "goal_radius": 1.0
      },
      "minecraft:movement.glide": {
        "start_speed": 0.1,
        "speed_when_turning": 0.2
      },
      "minecraft:can_climb": {},
      "minecraft:on_death": {
        "event": "on:death",
        "target": "self"
      },
      "minecraft:on_hurt": {
        "event": "on:hurt",
        "target": "self"
      },
      "minecraft:on_hurt_by_player": {
        "event": "on:hurt_by_player",
        "target": "self"
      },
      "minecraft:on_ignite": {
        "event": "on:ignite",
        "target": "self"
      },
      "minecraft:on_target_acquired": {
        "event": "on:target_acquired",
        "target": "self"
      },
      "minecraft:on_target_escape": {
        "event": "on:target_escape",
        "target": "self"
      },
      "minecraft:on_wake_with_owner": {
        "event": "on:wake_with_owner",
        "target": "self"
      },
      "minecraft:behavior.melee_attack": {
        "priority": 2,
        "speed_multiplier": 1.0,
        "target_dist": 0.0,
        "max_dist": 3,
        "random_stop_interval": 100,
        "track_target": false,
        "reach_multiplier": 1.4
      },
      "minecraft:area_attack": {
        "damage_range": 2.0,
        "damage_per_tick": 1,
        "cause": "contact",
        "entity_filter": {
          "all_of": [
            {
              "test": "is_family",
              "subject": "other",
              "value": "entities",
              "operator": "!="
            }
          ]
        }
      },
      "minecraft:behavior.panic": {
        "speed_multiplier": 1.25
      }
    },
    "events": {
      "on:death": {
        "run_command": {
          "command": []
        }
      },
      "on:hurt": {
        "run_command": {
          "command": []
        }
      },
      "on:hurt_by_player": {
        "run_command": {
          "command": []
        }
      },
      "on:ignite": {
        "run_command": {
          "command": []
        }
      },
      "on:target_acquired": {
        "run_command": {
          "command": []
        }
      },
      "on:target_escape": {
        "run_command": {
          "command": []
        }
      },
      "on:wake_with_owner": {
        "run_command": {
          "command": []
        }
      }
    }
  }
}