{
  "format_version": "1.8.0",
  "minecraft:entity": {
    "description": {
      "identifier": "mystery:the_thing",
      "is_spawnable": true,
      "is_summonable": true,
      "is_experimental": false
    },
    "component_groups": {
      "minecraft:dolphin_adult": {
        "minecraft:loot": {
          "table": "loot_tables/entities/dolphin.json"
        },
        "minecraft:bribeable": {
          "bribe_items": [
            "fish",
            "salmon"
          ]
        },
        "minecraft:behavior.melee_attack": {
          "priority": 2,
          "track_target": true
        }
      },
      "minecraft:dolphin_baby": {
        "minecraft:is_baby": {},
        "minecraft:scale": {
          "value": 0.65
        },
        "minecraft:ageable": {
          "duration": 1200,
          "feedItems": [
            "fish",
            "salmon"
          ],
          "grow_up": {
            "event": "minecraft:ageable_grow_up",
            "target": "self"
          }
        },
        "minecraft:behavior.follow_parent": {
          "priority": 4,
          "speed_multiplier": 1.1
        },
        "minecraft:behavior.panic": {
          "priority": 1,
          "speed_multiplier": 1.25
        }
      },
      "minecraft:dolphin_angry": {
        "minecraft:angry": {
          "duration": 25,
          "broadcastAnger": true,
          "broadcastRange": 16,
          "calm_event": {
            "event": "minecraft:on_calm",
            "target": "self"
          }
        },
        "minecraft:on_target_acquired": {}
      },
      "minecraft:dolphin_dried": {
        "minecraft:damage_over_time": {
          "damagePerHurt": 1,
          "timeBetweenHurt": 0
        }
      },
      "minecraft:dolphin_swimming_navigation": {
        "minecraft:behavior.look_at_player": {
          "priority": 8,
          "look_distance": 6
        },
        "minecraft:navigation.generic": {
          "is_amphibious": true,
          "can_path_over_water": false,
          "can_swim": true,
          "can_walk": false,
          "can_breach": true,
          "can_sink": false
        },
        "minecraft:environment_sensor": [
          {
            "filters": {
              "all_of": [
                {
                  "test": "on_ground",
                  "operator": "==",
                  "value": true
                },
                {
                  "test": "in_water",
                  "operator": "!=",
                  "value": true
                }
              ]
            },
            "event": "minecraft:navigation_on_land"
          }
        ]
      },
      "minecraft:dolphin_on_land": {
        "minecraft:navigation.generic": {
          "is_amphibious": true,
          "can_path_over_water": true,
          "can_swim": true,
          "can_walk": true,
          "can_breach": false,
          "can_jump": false
        },
        "minecraft:timer": {
          "looping": false,
          "time": 20,
          "time_down_event": {
            "event": "minecraft:dried_out"
          }
        },
        "minecraft:environment_sensor": [
          {
            "filters": {
              "test": "in_water_or_rain",
              "operator": "==",
              "value": true
            },
            "event": "minecraft:stop_dryingout"
          }
        ]
      },
      "minecraft:dolphin_on_land_in_rain": {
        "minecraft:navigation.generic": {
          "is_amphibious": true,
          "can_path_over_water": true,
          "can_swim": true,
          "can_walk": true,
          "can_breach": false,
          "can_jump": false
        },
        "minecraft:environment_sensor": [
          {
            "filters": {
              "test": "in_water",
              "operator": "==",
              "value": true
            },
            "event": "minecraft:navigation_off_land"
          },
          {
            "filters": {
              "test": "in_water_or_rain",
              "operator": "!=",
              "value": true
            },
            "event": "minecraft:start_dryingout"
          }
        ]
      }
    },
    "components": {
      "minecraft:nameable": {
        "alwaysShow": false,
        "allowNameTagRenaming": false
      },
      "minecraft:type_family": {
        "family": [
          "entities"
        ]
      },
      "minecraft:collision_box": {
        "height": 0.6,
        "width": 0.9
      },
      "minecraft:health": {
        "value": 80,
        "max": 80
      },
      "minecraft:follow_range": {
        "value": 48,
        "max": 48
      },
      "minecraft:breathable": {
        "totalSupply": 99999,
        "suffocateTime": 0,
        "breathesAir": true,
        "breathesWater": false,
        "generatesBubbles": false
      },
      "minecraft:attack": {
        "damage": 15
      },
      "minecraft:movement": {
        "value": 0.6
      },
      "minecraft:navigation.generic": {
        "is_amphibious": true,
        "can_path_over_water": true,
        "can_swim": true,
        "can_walk": false,
        "can_breach": true,
        "can_sink": false
      },
      "minecraft:underwater_movement": {
        "value": 1.8
      },
      "minecraft:jump.static": {
        "jump_power": 0.6
      },
      "minecraft:can_climb": {},
      "minecraft:behavior.random_swim": {
        "priority": 5,
        "interval": 0,
        "xz_dist": 20
      },
      "minecraft:behavior.random_breach": {
        "priority": 6,
        "interval": 50,
        "xz_dist": 6,
        "cooldown_time": 2.0
      },
      "minecraft:behavior.random_look_around": {
        "priority": 7
      },
      "minecraft:behavior.find_underwater_treasure": {
        "priority": 2,
        "speed_multiplier": 2.0,
        "search_range": 30,
        "stop_distance": 50
      },
      "minecraft:behavior.move_to_water": {
        "priority": 1,
        "search_range": 15,
        "search_height": 5
      },
      "minecraft:behavior.hurt_by_target": {
        "priority": 3
      },
      "minecraft:on_target_acquired": {
        "event": "on:target_acquired",
        "target": "self"
      },
      "minecraft:on_target_escape": {
        "event": "on:target_escape",
        "target": "self"
      },
      "minecraft:physics": {},
      "minecraft:experience_reward": {
        "on_death": "query.last_hit_by_player ? 10 : 0"
      },
      "minecraft:scale": {
        "value": 2.8
      },
      "minecraft:behavior.melee_attack": {
        "priority": 2,
        "speed_multiplier": 0.6,
        "target_dist": 0.0,
        "max_dist": 3,
        "random_stop_interval": 100,
        "track_target": true,
        "reach_multiplier": 1.4
      },
      "minecraft:behavior.nearest_attackable_target": {
        "priority": 3,
        "within_radius": 40,
        "must_reach": false,
        "entity_types": [
          {
            "filters": {
              "any_of": [
                {
                  "test": "is_family",
                  "subject": "other",
                  "value": "player"
                },
                {
                  "test": "is_family",
                  "subject": "other",
                  "value": "raider"
                },
                {
                  "test": "is_family",
                  "subject": "other",
                  "value": "friendly"
                }
              ]
            },
            "max_dist": 40.0,
            "must_see": false
          }
        ],
        "must_see": false,
        "speed_multiplier": 1.0
      },
      "minecraft:behavior.owner_hurt_by_target": {
        "priority": 1
      },
      "minecraft:behavior.owner_hurt_target": {
        "priority": 2
      },
      "minecraft:knockback_resistance": {
        "value": 8.0,
        "max": 8.0
      },
      "minecraft:on_death": {
        "event": "on:death",
        "target": "self"
      },
      "minecraft:on_hurt": {
        "event": "on:hurt",
        "target": "self"
      },
      "minecraft:on_hurt_by_player": {
        "event": "on:hurt_by_player",
        "target": "self"
      },
      "minecraft:on_ignite": {
        "event": "on:ignite",
        "target": "self"
      },
      "minecraft:on_wake_with_owner": {
        "event": "on:wake_with_owner",
        "target": "self"
      }
    },
    "events": {
      "minecraft:entity_spawned": {
        "randomize": [
          {
            "weight": 90,
            "add": {
              "component_groups": [
                "minecraft:dolphin_adult",
                "minecraft:dolphin_swimming_navigation"
              ]
            }
          },
          {
            "weight": 10,
            "add": {
              "component_groups": [
                "minecraft:dolphin_baby",
                "minecraft:dolphin_swimming_navigation"
              ]
            }
          }
        ]
      },
      "minecraft:ageable_grow_up": {
        "remove": {
          "component_groups": [
            "minecraft:dolphin_baby"
          ]
        },
        "add": {
          "component_groups": [
            "minecraft:dolphin_adult"
          ]
        }
      },
      "minecraft:become_angry": {
        "add": {
          "component_groups": [
            "minecraft:dolphin_angry"
          ]
        }
      },
      "minecraft:on_calm": {
        "remove": {
          "component_groups": [
            "minecraft:dolphin_angry"
          ]
        }
      },
      "minecraft:stop_dryingout": {
        "remove": {
          "component_groups": [
            "minecraft:dolphin_on_land",
            "minecraft:dolphin_dried"
          ]
        },
        "add": {
          "component_groups": [
            "minecraft:dolphin_on_land_in_rain"
          ]
        }
      },
      "minecraft:start_dryingout": {
        "remove": {
          "component_groups": [
            "minecraft:dolphin_on_land_in_rain"
          ]
        },
        "add": {
          "component_groups": [
            "minecraft:dolphin_on_land"
          ]
        }
      },
      "minecraft:dried_out": {
        "add": {
          "component_groups": [
            "minecraft:dolphin_dried"
          ]
        }
      },
      "minecraft:navigation_on_land": {
        "add": {
          "component_groups": [
            "minecraft:dolphin_on_land"
          ]
        },
        "remove": {
          "component_groups": [
            "minecraft:dolphin_swimming_navigation"
          ]
        }
      },
      "minecraft:navigation_off_land": {
        "add": {
          "component_groups": [
            "minecraft:dolphin_swimming_navigation"
          ]
        },
        "remove": {
          "component_groups": [
            "minecraft:dolphin_on_land_in_rain",
            "minecraft:dolphin_on_land",
            "minecraft:dolphin_dried"
          ]
        }
      },
      "on:death": {
        "run_command": {
          "command": []
        }
      },
      "on:hurt": {
        "run_command": {
          "command": []
        }
      },
      "on:hurt_by_player": {
        "run_command": {
          "command": []
        }
      },
      "on:ignite": {
        "run_command": {
          "command": []
        }
      },
      "on:target_acquired": {
        "run_command": {
          "command": []
        }
      },
      "on:target_escape": {
        "run_command": {
          "command": []
        }
      },
      "on:wake_with_owner": {
        "run_command": {
          "command": []
        }
      }
    }
  }
}