{
  "format_version": "1.11",
  "minecraft:entity": {
    "description": {
      "identifier": "minecraft:player",
      "is_spawnable": false,
      "is_summonable": false,
      "is_experimental": false,
      "scripts": {
        "animate": [
          "walk",
          "mystery:gas_mask",
          "mystery:scrap_helemt",
          "mystery:ballistic_vest",
          "mystery:scrap_plate",
          "mystery:red_jacket",
          "mystery:blue_jacket",
          "mystery:purple_jacket",
          "mystery:hazmat_suit",
          "mystery:hound_boots",
          "mystery:pants",
          "mystery:hound_chestplate",
          "mystery:hound_cap",
          "mystery:hound_pants",
          "mystery:flintlock_pistol",
          "mystery:flintlock_empty",
          "mystery:party_mask",
          "mystery:jerry_robe"
        ]
      },
      "animations": {
        "walk": "controller.animation.walk",
        "mystery:gas_mask": "controller.animation.mystery_gas_mask",
        "mystery:scrap_helemt": "controller.animation.mystery_scrap_helemt",
        "mystery:ballistic_vest": "controller.animation.mystery_ballistic_vest",
        "mystery:scrap_plate": "controller.animation.mystery_scrap_plate",
        "mystery:red_jacket": "controller.animation.mystery_red_jacket",
        "mystery:blue_jacket": "controller.animation.mystery_blue_jacket",
        "mystery:purple_jacket": "controller.animation.mystery_purple_jacket",
        "mystery:hazmat_suit": "controller.animation.mystery_hazmat_suit",
        "mystery:hound_boots": "controller.animation.mystery_hound_boots",
        "mystery:pants": "controller.animation.mystery_pants",
        "mystery:hound_chestplate": "controller.animation.mystery_hound_chestplate",
        "mystery:hound_cap": "controller.animation.mystery_hound_cap",
        "mystery:hound_pants": "controller.animation.mystery_hound_pants",
        "mystery:flintlock_pistol": "controller.animation.mystery_flintlock_pistol",
        "mystery:flintlock_empty": "controller.animation.mystery_flintlock_empty",
        "mystery:party_mask": "controller.animation.mystery_party_mask",
        "mystery:jerry_robe": "controller.animation.mystery_jerry_robe"
      }
    },
    "component_groups": {
      "pamobile:respawn": {
        "minecraft:mark_variant": {
          "value": 99999
        },
        "minecraft:health": {
          "value": 20,
          "max": 20
        },
        "minecraft:movement": {
          "value": 0.1
        },
        "minecraft:attack": {
          "damage": 1
        },
        "minecraft:spell_effects": {
          "remove_effects": []
        }
      },
      "ammo:1": {
        "minecraft:mark_variant": {
          "value": 1
        }
      },
      "mystery:baseball_bat": {
        "minecraft:health": {
          "value": 20,
          "max": 20
        },
        "minecraft:movement": {
          "value": 0.1
        },
        "minecraft:spell_effects": {
          "add_effects": []
        }
      },
      "mystery:pencil_spear": {
        "minecraft:health": {
          "value": 20,
          "max": 20
        },
        "minecraft:movement": {
          "value": 0.1
        },
        "minecraft:spell_effects": {
          "add_effects": []
        }
      },
      "mystery:iron_spear": {
        "minecraft:health": {
          "value": 20,
          "max": 20
        },
        "minecraft:movement": {
          "value": 0.1
        },
        "minecraft:spell_effects": {
          "add_effects": []
        }
      },
      "mystery:almond_water": {
        "minecraft:health": {
          "value": 20,
          "max": 20
        },
        "minecraft:movement": {
          "value": 0.1
        },
        "minecraft:spell_effects": {
          "add_effects": []
        }
      },
      "mystery:liquid_pain": {
        "minecraft:health": {
          "value": 20,
          "max": 20
        },
        "minecraft:movement": {
          "value": 0.1
        },
        "minecraft:spell_effects": {
          "add_effects": []
        }
      },
      "mystery:melted_mallows": {
        "minecraft:health": {
          "value": 20,
          "max": 20
        },
        "minecraft:movement": {
          "value": 0.1
        },
        "minecraft:spell_effects": {
          "add_effects": []
        }
      },
      "mystery:smiler_repellant": {
        "minecraft:health": {
          "value": 20,
          "max": 20
        },
        "minecraft:movement": {
          "value": 0.1
        },
        "minecraft:spell_effects": {
          "add_effects": []
        }
      },
      "mystery:bottle": {
        "minecraft:health": {
          "value": 20,
          "max": 20
        },
        "minecraft:movement": {
          "value": 0.1
        },
        "minecraft:spell_effects": {
          "add_effects": []
        }
      },
      "mystery:carpet_fluid": {
        "minecraft:health": {
          "value": 20,
          "max": 20
        },
        "minecraft:movement": {
          "value": 0.1
        },
        "minecraft:spell_effects": {
          "add_effects": []
        }
      },
      "mystery:gas_mask_event_play": {
        "minecraft:health": {
          "value": 20,
          "max": 20
        },
        "minecraft:movement": {
          "value": 0.1
        },
        "minecraft:spell_effects": {
          "add_effects": []
        }
      },
      "mystery:machete": {
        "minecraft:health": {
          "value": 20,
          "max": 20
        },
        "minecraft:movement": {
          "value": 0.1
        },
        "minecraft:spell_effects": {
          "add_effects": []
        }
      },
      "mystery:creature_decimator_active": {
        "minecraft:health": {
          "value": 20,
          "max": 20
        },
        "minecraft:movement": {
          "value": 0.1
        },
        "minecraft:spell_effects": {
          "add_effects": []
        }
      },
      "mystery:scrap_helemt_event_play": {
        "minecraft:health": {
          "value": 20,
          "max": 20
        },
        "minecraft:movement": {
          "value": 0.1
        },
        "minecraft:spell_effects": {
          "add_effects": []
        }
      },
      "mystery:ballistic_vest_event_play": {
        "minecraft:health": {
          "value": 20,
          "max": 20
        },
        "minecraft:movement": {
          "value": 0.1
        },
        "minecraft:spell_effects": {
          "add_effects": []
        }
      },
      "mystery:scrap_plate_event_play": {
        "minecraft:health": {
          "value": 20,
          "max": 20
        },
        "minecraft:movement": {
          "value": 0.1
        },
        "minecraft:spell_effects": {
          "add_effects": []
        }
      },
      "mystery:clean_water": {
        "minecraft:health": {
          "value": 20,
          "max": 20
        },
        "minecraft:movement": {
          "value": 0.1
        },
        "minecraft:spell_effects": {
          "add_effects": []
        }
      },
      "mystery:fire_axe": {
        "minecraft:health": {
          "value": 20,
          "max": 20
        },
        "minecraft:movement": {
          "value": 0.1
        },
        "minecraft:spell_effects": {
          "add_effects": []
        }
      },
      "mystery:red_jacket_event_play": {
        "minecraft:health": {
          "value": 20,
          "max": 20
        },
        "minecraft:movement": {
          "value": 0.1
        },
        "minecraft:spell_effects": {
          "add_effects": []
        }
      },
      "mystery:blue_jacket_event_play": {
        "minecraft:health": {
          "value": 20,
          "max": 20
        },
        "minecraft:movement": {
          "value": 0.1
        },
        "minecraft:spell_effects": {
          "add_effects": []
        }
      },
      "mystery:purple_jacket_event_play": {
        "minecraft:health": {
          "value": 20,
          "max": 20
        },
        "minecraft:movement": {
          "value": 0.1
        },
        "minecraft:spell_effects": {
          "add_effects": []
        }
      },
      "mystery:baseball_bat_nailed": {
        "minecraft:health": {
          "value": 20,
          "max": 20
        },
        "minecraft:movement": {
          "value": 0.1
        },
        "minecraft:spell_effects": {
          "add_effects": []
        }
      },
      "mystery:crowbar": {
        "minecraft:health": {
          "value": 20,
          "max": 20
        },
        "minecraft:movement": {
          "value": 0.1
        },
        "minecraft:spell_effects": {
          "add_effects": []
        }
      },
      "mystery:canned_beef": {
        "minecraft:health": {
          "value": 20,
          "max": 20
        },
        "minecraft:movement": {
          "value": 0.1
        },
        "minecraft:spell_effects": {
          "add_effects": []
        }
      },
      "mystery:hazmat_suit_event_play": {
        "minecraft:health": {
          "value": 20,
          "max": 20
        },
        "minecraft:movement": {
          "value": 0.1
        },
        "minecraft:spell_effects": {
          "add_effects": []
        }
      },
      "mystery:canned_tuna": {
        "minecraft:health": {
          "value": 20,
          "max": 20
        },
        "minecraft:movement": {
          "value": 0.1
        },
        "minecraft:spell_effects": {
          "add_effects": []
        }
      },
      "mystery:canned_sardines": {
        "minecraft:health": {
          "value": 20,
          "max": 20
        },
        "minecraft:movement": {
          "value": 0.1
        },
        "minecraft:spell_effects": {
          "add_effects": []
        }
      },
      "mystery:canned_vegetables": {
        "minecraft:health": {
          "value": 20,
          "max": 20
        },
        "minecraft:movement": {
          "value": 0.1
        },
        "minecraft:spell_effects": {
          "add_effects": []
        }
      },
      "mystery:medkit": {
        "minecraft:health": {
          "value": 20,
          "max": 20
        },
        "minecraft:movement": {
          "value": 0.1
        },
        "minecraft:spell_effects": {
          "add_effects": []
        }
      },
      "mystery:hound_boots_event_play": {
        "minecraft:health": {
          "value": 20,
          "max": 20
        },
        "minecraft:movement": {
          "value": 0.1
        },
        "minecraft:spell_effects": {
          "add_effects": []
        }
      },
      "mystery:unknown_camera": {
        "minecraft:health": {
          "value": 20,
          "max": 20
        },
        "minecraft:movement": {
          "value": 0.1
        },
        "minecraft:spell_effects": {
          "add_effects": []
        }
      },
      "mystery:pants_event_play": {
        "minecraft:health": {
          "value": 20,
          "max": 20
        },
        "minecraft:movement": {
          "value": 0.1
        },
        "minecraft:spell_effects": {
          "add_effects": []
        }
      },
      "mystery:iron_spear_pain": {
        "minecraft:health": {
          "value": 20,
          "max": 20
        },
        "minecraft:movement": {
          "value": 0.1
        },
        "minecraft:spell_effects": {
          "add_effects": []
        }
      },
      "mystery:hound_chestplate_event_play": {
        "minecraft:health": {
          "value": 20,
          "max": 20
        },
        "minecraft:movement": {
          "value": 0.1
        },
        "minecraft:spell_effects": {
          "add_effects": []
        }
      },
      "mystery:hound_cap_event_play": {
        "minecraft:health": {
          "value": 20,
          "max": 20
        },
        "minecraft:movement": {
          "value": 0.1
        },
        "minecraft:spell_effects": {
          "add_effects": []
        }
      },
      "mystery:hound_pants_event_play": {
        "minecraft:health": {
          "value": 22,
          "max": 22
        },
        "minecraft:movement": {
          "value": 0.1
        },
        "minecraft:spell_effects": {
          "add_effects": []
        }
      },
      "mystery:katana": {
        "minecraft:health": {
          "value": 20,
          "max": 20
        },
        "minecraft:movement": {
          "value": 0.1
        },
        "minecraft:spell_effects": {
          "add_effects": []
        }
      },
      "mystery:flintlock_pistol_fire": {
        "minecraft:spawn_entity": [
          {
            "min_wait_time": 0,
            "max_wait_time": 0,
            "single_use": true,
            "spawn_entity": "mystery:flintlock_pistol",
            "num_to_spawn": 1
          }
        ]
      },
      "mystery:super_almond_water": {
        "minecraft:health": {
          "value": 20,
          "max": 20
        },
        "minecraft:movement": {
          "value": 0.1
        },
        "minecraft:spell_effects": {
          "add_effects": []
        }
      },
      "mystery:flintlock_empty_fire": {
        "minecraft:spawn_entity": [
          {
            "min_wait_time": 0,
            "max_wait_time": 0,
            "single_use": true,
            "spawn_entity": "mystery:flintlock_empty",
            "num_to_spawn": 1
          }
        ]
      },
      "mystery:knife": {
        "minecraft:health": {
          "value": 20,
          "max": 20
        },
        "minecraft:movement": {
          "value": 0.1
        },
        "minecraft:spell_effects": {
          "add_effects": []
        }
      },
      "mystery:natural_almon_water": {
        "minecraft:health": {
          "value": 20,
          "max": 20
        },
        "minecraft:movement": {
          "value": 0.1
        },
        "minecraft:spell_effects": {
          "add_effects": []
        }
      },
      "mystery:wrench": {
        "minecraft:health": {
          "value": 20,
          "max": 20
        },
        "minecraft:movement": {
          "value": 0.1
        },
        "minecraft:spell_effects": {
          "add_effects": []
        }
      },
      "mystery:hammer": {
        "minecraft:health": {
          "value": 20,
          "max": 20
        },
        "minecraft:movement": {
          "value": 0.1
        },
        "minecraft:spell_effects": {
          "add_effects": []
        }
      },
      "mystery:boiled_memory_juice": {
        "minecraft:health": {
          "value": 20,
          "max": 20
        },
        "minecraft:movement": {
          "value": 0.1
        },
        "minecraft:spell_effects": {
          "add_effects": []
        }
      },
      "mystery:energy_bar_opened": {
        "minecraft:health": {
          "value": 20,
          "max": 20
        },
        "minecraft:movement": {
          "value": 0.1
        },
        "minecraft:spell_effects": {
          "add_effects": []
        }
      },
      "mystery:energy_bar": {
        "minecraft:health": {
          "value": 20,
          "max": 20
        },
        "minecraft:movement": {
          "value": 0.1
        },
        "minecraft:spell_effects": {
          "add_effects": []
        }
      },
      "mystery:metal_bat": {
        "minecraft:health": {
          "value": 20,
          "max": 20
        },
        "minecraft:movement": {
          "value": 0.1
        },
        "minecraft:spell_effects": {
          "add_effects": []
        }
      },
      "mystery:party_mask_event_play": {
        "minecraft:health": {
          "value": 20,
          "max": 20
        },
        "minecraft:movement": {
          "value": 0.1
        },
        "minecraft:spell_effects": {
          "add_effects": []
        }
      },
      "mystery:jerry_robe_event_play": {
        "minecraft:health": {
          "value": 20,
          "max": 20
        },
        "minecraft:movement": {
          "value": 0.1
        },
        "minecraft:spell_effects": {
          "add_effects": []
        }
      }
    },
    "components": {
      "minecraft:type_family": {
        "family": [
          "player"
        ]
      },
      "minecraft:loot": {
        "table": "loot_tables/empty.json"
      },
      "minecraft:collision_box": {
        "width": 0.6,
        "height": 1.8
      },
      "minecraft:can_climb": {},
      "minecraft:movement": {
        "value": 0.1
      },
      "minecraft:environment_sensor": [
        {
          "on_environment": {
            "filters": {
              "any_of": [
                {
                  "test": "is_family",
                  "subject": "self",
                  "value": "player"
                }
              ]
            },
            "event": "pamobile:refresh_player"
          }
        },
        {
          "on_environment": {
            "filters": {
              "all_of": [
                {
                  "test": "has_equipment",
                  "subject": "self",
                  "domain": "hand",
                  "value": "mystery:baseball_bat"
                }
              ]
            },
            "event": "mystery:baseball_bat_event"
          }
        },
        {
          "on_environment": {
            "filters": {
              "all_of": [
                {
                  "test": "has_equipment",
                  "subject": "self",
                  "domain": "hand",
                  "value": "mystery:pencil_spear"
                }
              ]
            },
            "event": "mystery:pencil_spear_event"
          }
        },
        {
          "on_environment": {
            "filters": {
              "all_of": [
                {
                  "test": "has_equipment",
                  "subject": "self",
                  "domain": "hand",
                  "value": "mystery:iron_spear"
                }
              ]
            },
            "event": "mystery:iron_spear_event"
          }
        },
        {
          "on_environment": {
            "filters": {
              "all_of": [
                {
                  "test": "has_equipment",
                  "subject": "self",
                  "domain": "hand",
                  "value": "mystery:almond_water"
                }
              ]
            },
            "event": "mystery:almond_water_event"
          }
        },
        {
          "on_environment": {
            "filters": {
              "all_of": [
                {
                  "test": "has_equipment",
                  "subject": "self",
                  "domain": "hand",
                  "value": "mystery:liquid_pain"
                }
              ]
            },
            "event": "mystery:liquid_pain_event"
          }
        },
        {
          "on_environment": {
            "filters": {
              "all_of": [
                {
                  "test": "has_equipment",
                  "subject": "self",
                  "domain": "hand",
                  "value": "mystery:melted_mallows"
                }
              ]
            },
            "event": "mystery:melted_mallows_event"
          }
        },
        {
          "on_environment": {
            "filters": {
              "all_of": [
                {
                  "test": "has_equipment",
                  "subject": "self",
                  "domain": "hand",
                  "value": "mystery:smiler_repellant"
                }
              ]
            },
            "event": "mystery:smiler_repellant_event"
          }
        },
        {
          "on_environment": {
            "filters": {
              "all_of": [
                {
                  "test": "has_equipment",
                  "subject": "self",
                  "domain": "hand",
                  "value": "mystery:bottle"
                }
              ]
            },
            "event": "mystery:bottle_event"
          }
        },
        {
          "on_environment": {
            "filters": {
              "all_of": [
                {
                  "test": "has_equipment",
                  "subject": "self",
                  "domain": "hand",
                  "value": "mystery:carpet_fluid"
                }
              ]
            },
            "event": "mystery:carpet_fluid_event"
          }
        },
        {
          "on_environment": {
            "filters": {
              "all_of": [
                {
                  "test": "has_equipment",
                  "subject": "self",
                  "domain": "hand",
                  "value": "mystery:gas_mask"
                }
              ]
            },
            "event": "mystery:gas_mask_event_hold"
          }
        },
        {
          "on_environment": {
            "filters": {
              "all_of": [
                {
                  "test": "has_equipment",
                  "subject": "self",
                  "domain": "head",
                  "value": "mystery:gas_mask"
                }
              ]
            },
            "event": "mystery:gas_mask_event_play"
          }
        },
        {
          "on_environment": {
            "filters": {
              "all_of": [
                {
                  "test": "has_equipment",
                  "subject": "self",
                  "domain": "hand",
                  "value": "mystery:machete"
                }
              ]
            },
            "event": "mystery:machete_event"
          }
        },
        {
          "on_environment": {
            "filters": {
              "all_of": [
                {
                  "test": "has_equipment",
                  "subject": "self",
                  "domain": "hand",
                  "value": "mystery:creature_decimator_active"
                }
              ]
            },
            "event": "mystery:creature_decimator_active_event"
          }
        },
        {
          "on_environment": {
            "filters": {
              "all_of": [
                {
                  "test": "has_equipment",
                  "subject": "self",
                  "domain": "hand",
                  "value": "mystery:scrap_helemt"
                }
              ]
            },
            "event": "mystery:scrap_helemt_event_hold"
          }
        },
        {
          "on_environment": {
            "filters": {
              "all_of": [
                {
                  "test": "has_equipment",
                  "subject": "self",
                  "domain": "head",
                  "value": "mystery:scrap_helemt"
                }
              ]
            },
            "event": "mystery:scrap_helemt_event_play"
          }
        },
        {
          "on_environment": {
            "filters": {
              "all_of": [
                {
                  "test": "has_equipment",
                  "subject": "self",
                  "domain": "hand",
                  "value": "mystery:ballistic_vest"
                }
              ]
            },
            "event": "mystery:ballistic_vest_event_hold"
          }
        },
        {
          "on_environment": {
            "filters": {
              "all_of": [
                {
                  "test": "has_equipment",
                  "subject": "self",
                  "domain": "head",
                  "value": "mystery:ballistic_vest"
                }
              ]
            },
            "event": "mystery:ballistic_vest_event_play"
          }
        },
        {
          "on_environment": {
            "filters": {
              "all_of": [
                {
                  "test": "has_equipment",
                  "subject": "self",
                  "domain": "hand",
                  "value": "mystery:scrap_plate"
                }
              ]
            },
            "event": "mystery:scrap_plate_event_hold"
          }
        },
        {
          "on_environment": {
            "filters": {
              "all_of": [
                {
                  "test": "has_equipment",
                  "subject": "self",
                  "domain": "head",
                  "value": "mystery:scrap_plate"
                }
              ]
            },
            "event": "mystery:scrap_plate_event_play"
          }
        },
        {
          "on_environment": {
            "filters": {
              "all_of": [
                {
                  "test": "has_equipment",
                  "subject": "self",
                  "domain": "hand",
                  "value": "mystery:clean_water"
                }
              ]
            },
            "event": "mystery:clean_water_event"
          }
        },
        {
          "on_environment": {
            "filters": {
              "all_of": [
                {
                  "test": "has_equipment",
                  "subject": "self",
                  "domain": "hand",
                  "value": "mystery:fire_axe"
                }
              ]
            },
            "event": "mystery:fire_axe_event"
          }
        },
        {
          "on_environment": {
            "filters": {
              "all_of": [
                {
                  "test": "has_equipment",
                  "subject": "self",
                  "domain": "hand",
                  "value": "mystery:red_jacket"
                }
              ]
            },
            "event": "mystery:red_jacket_event_hold"
          }
        },
        {
          "on_environment": {
            "filters": {
              "all_of": [
                {
                  "test": "has_equipment",
                  "subject": "self",
                  "domain": "head",
                  "value": "mystery:red_jacket"
                }
              ]
            },
            "event": "mystery:red_jacket_event_play"
          }
        },
        {
          "on_environment": {
            "filters": {
              "all_of": [
                {
                  "test": "has_equipment",
                  "subject": "self",
                  "domain": "hand",
                  "value": "mystery:blue_jacket"
                }
              ]
            },
            "event": "mystery:blue_jacket_event_hold"
          }
        },
        {
          "on_environment": {
            "filters": {
              "all_of": [
                {
                  "test": "has_equipment",
                  "subject": "self",
                  "domain": "head",
                  "value": "mystery:blue_jacket"
                }
              ]
            },
            "event": "mystery:blue_jacket_event_play"
          }
        },
        {
          "on_environment": {
            "filters": {
              "all_of": [
                {
                  "test": "has_equipment",
                  "subject": "self",
                  "domain": "hand",
                  "value": "mystery:purple_jacket"
                }
              ]
            },
            "event": "mystery:purple_jacket_event_hold"
          }
        },
        {
          "on_environment": {
            "filters": {
              "all_of": [
                {
                  "test": "has_equipment",
                  "subject": "self",
                  "domain": "head",
                  "value": "mystery:purple_jacket"
                }
              ]
            },
            "event": "mystery:purple_jacket_event_play"
          }
        },
        {
          "on_environment": {
            "filters": {
              "all_of": [
                {
                  "test": "has_equipment",
                  "subject": "self",
                  "domain": "hand",
                  "value": "mystery:baseball_bat_nailed"
                }
              ]
            },
            "event": "mystery:baseball_bat_nailed_event"
          }
        },
        {
          "on_environment": {
            "filters": {
              "all_of": [
                {
                  "test": "has_equipment",
                  "subject": "self",
                  "domain": "hand",
                  "value": "mystery:crowbar"
                }
              ]
            },
            "event": "mystery:crowbar_event"
          }
        },
        {
          "on_environment": {
            "filters": {
              "all_of": [
                {
                  "test": "has_equipment",
                  "subject": "self",
                  "domain": "hand",
                  "value": "mystery:canned_beef"
                }
              ]
            },
            "event": "mystery:canned_beef_event"
          }
        },
        {
          "on_environment": {
            "filters": {
              "all_of": [
                {
                  "test": "has_equipment",
                  "subject": "self",
                  "domain": "hand",
                  "value": "mystery:hazmat_suit"
                }
              ]
            },
            "event": "mystery:hazmat_suit_event_hold"
          }
        },
        {
          "on_environment": {
            "filters": {
              "all_of": [
                {
                  "test": "has_equipment",
                  "subject": "self",
                  "domain": "head",
                  "value": "mystery:hazmat_suit"
                }
              ]
            },
            "event": "mystery:hazmat_suit_event_play"
          }
        },
        {
          "on_environment": {
            "filters": {
              "all_of": [
                {
                  "test": "has_equipment",
                  "subject": "self",
                  "domain": "hand",
                  "value": "mystery:canned_tuna"
                }
              ]
            },
            "event": "mystery:canned_tuna_event"
          }
        },
        {
          "on_environment": {
            "filters": {
              "all_of": [
                {
                  "test": "has_equipment",
                  "subject": "self",
                  "domain": "hand",
                  "value": "mystery:canned_sardines"
                }
              ]
            },
            "event": "mystery:canned_sardines_event"
          }
        },
        {
          "on_environment": {
            "filters": {
              "all_of": [
                {
                  "test": "has_equipment",
                  "subject": "self",
                  "domain": "hand",
                  "value": "mystery:canned_vegetables"
                }
              ]
            },
            "event": "mystery:canned_vegetables_event"
          }
        },
        {
          "on_environment": {
            "filters": {
              "all_of": [
                {
                  "test": "has_equipment",
                  "subject": "self",
                  "domain": "hand",
                  "value": "mystery:medkit"
                }
              ]
            },
            "event": "mystery:medkit_event"
          }
        },
        {
          "on_environment": {
            "filters": {
              "all_of": [
                {
                  "test": "has_equipment",
                  "subject": "self",
                  "domain": "hand",
                  "value": "mystery:hound_boots"
                }
              ]
            },
            "event": "mystery:hound_boots_event_hold"
          }
        },
        {
          "on_environment": {
            "filters": {
              "all_of": [
                {
                  "test": "has_equipment",
                  "subject": "self",
                  "domain": "head",
                  "value": "mystery:hound_boots"
                }
              ]
            },
            "event": "mystery:hound_boots_event_play"
          }
        },
        {
          "on_environment": {
            "filters": {
              "all_of": [
                {
                  "test": "has_equipment",
                  "subject": "self",
                  "domain": "hand",
                  "value": "mystery:unknown_camera"
                }
              ]
            },
            "event": "mystery:unknown_camera_event"
          }
        },
        {
          "on_environment": {
            "filters": {
              "all_of": [
                {
                  "test": "has_equipment",
                  "subject": "self",
                  "domain": "hand",
                  "value": "mystery:pants"
                }
              ]
            },
            "event": "mystery:pants_event_hold"
          }
        },
        {
          "on_environment": {
            "filters": {
              "all_of": [
                {
                  "test": "has_equipment",
                  "subject": "self",
                  "domain": "head",
                  "value": "mystery:pants"
                }
              ]
            },
            "event": "mystery:pants_event_play"
          }
        },
        {
          "on_environment": {
            "filters": {
              "all_of": [
                {
                  "test": "has_equipment",
                  "subject": "self",
                  "domain": "hand",
                  "value": "mystery:iron_spear_pain"
                }
              ]
            },
            "event": "mystery:iron_spear_pain_event"
          }
        },
        {
          "on_environment": {
            "filters": {
              "all_of": [
                {
                  "test": "has_equipment",
                  "subject": "self",
                  "domain": "hand",
                  "value": "mystery:hound_chestplate"
                }
              ]
            },
            "event": "mystery:hound_chestplate_event_hold"
          }
        },
        {
          "on_environment": {
            "filters": {
              "all_of": [
                {
                  "test": "has_equipment",
                  "subject": "self",
                  "domain": "head",
                  "value": "mystery:hound_chestplate"
                }
              ]
            },
            "event": "mystery:hound_chestplate_event_play"
          }
        },
        {
          "on_environment": {
            "filters": {
              "all_of": [
                {
                  "test": "has_equipment",
                  "subject": "self",
                  "domain": "hand",
                  "value": "mystery:hound_cap"
                }
              ]
            },
            "event": "mystery:hound_cap_event_hold"
          }
        },
        {
          "on_environment": {
            "filters": {
              "all_of": [
                {
                  "test": "has_equipment",
                  "subject": "self",
                  "domain": "head",
                  "value": "mystery:hound_cap"
                }
              ]
            },
            "event": "mystery:hound_cap_event_play"
          }
        },
        {
          "on_environment": {
            "filters": {
              "all_of": [
                {
                  "test": "has_equipment",
                  "subject": "self",
                  "domain": "hand",
                  "value": "mystery:hound_pants"
                }
              ]
            },
            "event": "mystery:hound_pants_event_hold"
          }
        },
        {
          "on_environment": {
            "filters": {
              "all_of": [
                {
                  "test": "has_equipment",
                  "subject": "self",
                  "domain": "head",
                  "value": "mystery:hound_pants"
                }
              ]
            },
            "event": "mystery:hound_pants_event_play"
          }
        },
        {
          "on_environment": {
            "filters": {
              "all_of": [
                {
                  "test": "has_equipment",
                  "subject": "self",
                  "domain": "hand",
                  "value": "mystery:katana"
                }
              ]
            },
            "event": "mystery:katana_event"
          }
        },
        {
          "on_environment": {
            "filters": {
              "all_of": [
                {
                  "test": "has_equipment",
                  "subject": "self",
                  "domain": "hand",
                  "value": "mystery:flintlock_pistol"
                },
                {
                  "test": "is_family",
                  "subject": "self",
                  "value": "player"
                }
              ]
            },
            "event": "ammo:1"
          }
        },
        {
          "on_environment": {
            "filters": {
              "all_of": [
                {
                  "test": "has_equipment",
                  "subject": "self",
                  "domain": "hand",
                  "value": "mystery:super_almond_water"
                }
              ]
            },
            "event": "mystery:super_almond_water_event"
          }
        },
        {
          "on_environment": {
            "filters": {
              "all_of": [
                {
                  "test": "has_equipment",
                  "subject": "self",
                  "domain": "hand",
                  "value": "mystery:flintlock_empty"
                },
                {
                  "test": "is_family",
                  "subject": "self",
                  "value": "player"
                }
              ]
            },
            "event": "ammo:1"
          }
        },
        {
          "on_environment": {
            "filters": {
              "all_of": [
                {
                  "test": "has_equipment",
                  "subject": "self",
                  "domain": "hand",
                  "value": "mystery:knife"
                }
              ]
            },
            "event": "mystery:knife_event"
          }
        },
        {
          "on_environment": {
            "filters": {
              "all_of": [
                {
                  "test": "has_equipment",
                  "subject": "self",
                  "domain": "hand",
                  "value": "mystery:natural_almon_water"
                }
              ]
            },
            "event": "mystery:natural_almon_water_event"
          }
        },
        {
          "on_environment": {
            "filters": {
              "all_of": [
                {
                  "test": "has_equipment",
                  "subject": "self",
                  "domain": "hand",
                  "value": "mystery:wrench"
                }
              ]
            },
            "event": "mystery:wrench_event"
          }
        },
        {
          "on_environment": {
            "filters": {
              "all_of": [
                {
                  "test": "has_equipment",
                  "subject": "self",
                  "domain": "hand",
                  "value": "mystery:hammer"
                }
              ]
            },
            "event": "mystery:hammer_event"
          }
        },
        {
          "on_environment": {
            "filters": {
              "all_of": [
                {
                  "test": "has_equipment",
                  "subject": "self",
                  "domain": "hand",
                  "value": "mystery:boiled_memory_juice"
                }
              ]
            },
            "event": "mystery:boiled_memory_juice_event"
          }
        },
        {
          "on_environment": {
            "filters": {
              "all_of": [
                {
                  "test": "has_equipment",
                  "subject": "self",
                  "domain": "hand",
                  "value": "mystery:energy_bar_opened"
                }
              ]
            },
            "event": "mystery:energy_bar_opened_event"
          }
        },
        {
          "on_environment": {
            "filters": {
              "all_of": [
                {
                  "test": "has_equipment",
                  "subject": "self",
                  "domain": "hand",
                  "value": "mystery:energy_bar"
                }
              ]
            },
            "event": "mystery:energy_bar_event"
          }
        },
        {
          "on_environment": {
            "filters": {
              "all_of": [
                {
                  "test": "has_equipment",
                  "subject": "self",
                  "domain": "hand",
                  "value": "mystery:metal_bat"
                }
              ]
            },
            "event": "mystery:metal_bat_event"
          }
        },
        {
          "on_environment": {
            "filters": {
              "all_of": [
                {
                  "test": "has_equipment",
                  "subject": "self",
                  "domain": "hand",
                  "value": "mystery:party_mask"
                }
              ]
            },
            "event": "mystery:party_mask_event_hold"
          }
        },
        {
          "on_environment": {
            "filters": {
              "all_of": [
                {
                  "test": "has_equipment",
                  "subject": "self",
                  "domain": "head",
                  "value": "mystery:party_mask"
                }
              ]
            },
            "event": "mystery:party_mask_event_play"
          }
        },
        {
          "on_environment": {
            "filters": {
              "all_of": [
                {
                  "test": "has_equipment",
                  "subject": "self",
                  "domain": "hand",
                  "value": "mystery:jerry_robe"
                }
              ]
            },
            "event": "mystery:jerry_robe_event_hold"
          }
        },
        {
          "on_environment": {
            "filters": {
              "all_of": [
                {
                  "test": "has_equipment",
                  "subject": "self",
                  "domain": "head",
                  "value": "mystery:jerry_robe"
                }
              ]
            },
            "event": "mystery:jerry_robe_event_play"
          }
        }
      ],
      "minecraft:player.saturation": {
        "value": 20
      },
      "minecraft:player.exhaustion": {
        "value": 0,
        "max": 4
      },
      "minecraft:player.level": {
        "value": 0,
        "max": 24791
      },
      "minecraft:player.experience": {
        "value": 0,
        "max": 1
      },
      "minecraft:breathable": {
        "totalSupply": 15,
        "suffocateTime": -1,
        "inhaleTime": 3.75,
        "generatesBubbles": false
      },
      "minecraft:nameable": {
        "alwaysShow": true,
        "allowNameTagRenaming": false
      },
      "minecraft:physics": {},
      "minecraft:insomnia": {
        "days_until_insomnia": 3
      },
      "minecraft:rideable": {
        "seat_count": 2,
        "family_types": [
          "parrot_tame"
        ],
        "pull_in_entities": true,
        "seats": [
          {
            "position": [
              0.4,
              -0.15,
              0.04
            ],
            "min_rider_count": 0,
            "max_rider_count": 0,
            "lock_rider_rotation": 0
          },
          {
            "position": [
              -0.4,
              -0.15,
              0.04
            ],
            "min_rider_count": 1,
            "max_rider_count": 2,
            "lock_rider_rotation": 0
          }
        ]
      },
      "minecraft:scaffolding_climber": {}
    },
    "events": {
      "pamobile:refresh_player": {
        "add": {
          "component_groups": [
            "pamobile:respawn"
          ]
        },
        "remove": {
          "component_groups": [
            "mystery:baseball_bat",
            "mystery:pencil_spear",
            "mystery:iron_spear",
            "mystery:almond_water",
            "mystery:liquid_pain",
            "mystery:melted_mallows",
            "mystery:smiler_repellant",
            "mystery:bottle",
            "mystery:carpet_fluid",
            "mystery:gas_mask_event_hold",
            "mystery:gas_mask_event_play",
            "mystery:machete",
            "mystery:creature_decimator_active",
            "mystery:scrap_helemt_event_hold",
            "mystery:scrap_helemt_event_play",
            "mystery:ballistic_vest_event_hold",
            "mystery:ballistic_vest_event_play",
            "mystery:scrap_plate_event_hold",
            "mystery:scrap_plate_event_play",
            "mystery:clean_water",
            "mystery:fire_axe",
            "mystery:red_jacket_event_hold",
            "mystery:red_jacket_event_play",
            "mystery:blue_jacket_event_hold",
            "mystery:blue_jacket_event_play",
            "mystery:purple_jacket_event_hold",
            "mystery:purple_jacket_event_play",
            "mystery:baseball_bat_nailed",
            "mystery:crowbar",
            "mystery:canned_beef",
            "mystery:hazmat_suit_event_hold",
            "mystery:hazmat_suit_event_play",
            "mystery:canned_tuna",
            "mystery:canned_sardines",
            "mystery:canned_vegetables",
            "mystery:medkit",
            "mystery:hound_boots_event_hold",
            "mystery:hound_boots_event_play",
            "mystery:unknown_camera",
            "mystery:pants_event_hold",
            "mystery:pants_event_play",
            "mystery:iron_spear_pain",
            "mystery:hound_chestplate_event_hold",
            "mystery:hound_chestplate_event_play",
            "mystery:hound_cap_event_hold",
            "mystery:hound_cap_event_play",
            "mystery:hound_pants_event_hold",
            "mystery:hound_pants_event_play",
            "mystery:katana",
            "mystery:super_almond_water",
            "mystery:knife",
            "mystery:natural_almon_water",
            "mystery:wrench",
            "mystery:hammer",
            "mystery:boiled_memory_juice",
            "mystery:energy_bar_opened",
            "mystery:energy_bar",
            "mystery:metal_bat",
            "mystery:party_mask_event_hold",
            "mystery:party_mask_event_play",
            "mystery:jerry_robe_event_hold",
            "mystery:jerry_robe_event_play"
          ]
        }
      },
      "minecraft:entity_spawned": {
        "add": {
          "component_groups": [
            "pamobile:respawn"
          ]
        },
        "remove": {}
      },
      "ammo:1": {
        "remove": {
          "component_groups": [
            "ammo:1"
          ]
        },
        "add": {
          "component_groups": [
            "ammo:1"
          ]
        }
      },
      "ammo:2": {
        "remove": {
          "component_groups": [
            "ammo:2"
          ]
        },
        "add": {
          "component_groups": [
            "ammo:2"
          ]
        }
      },
      "mystery:baseball_bat_event": {
        "add": {
          "component_groups": [
            "mystery:baseball_bat"
          ]
        }
      },
      "mystery:pencil_spear_event": {
        "add": {
          "component_groups": [
            "mystery:pencil_spear"
          ]
        }
      },
      "mystery:iron_spear_event": {
        "add": {
          "component_groups": [
            "mystery:iron_spear"
          ]
        }
      },
      "mystery:almond_water_event": {
        "add": {
          "component_groups": [
            "mystery:almond_water"
          ]
        }
      },
      "mystery:liquid_pain_event": {
        "add": {
          "component_groups": [
            "mystery:liquid_pain"
          ]
        }
      },
      "mystery:melted_mallows_event": {
        "add": {
          "component_groups": [
            "mystery:melted_mallows"
          ]
        }
      },
      "mystery:smiler_repellant_event": {
        "add": {
          "component_groups": [
            "mystery:smiler_repellant"
          ]
        }
      },
      "mystery:bottle_event": {
        "add": {
          "component_groups": [
            "mystery:bottle"
          ]
        }
      },
      "mystery:carpet_fluid_event": {
        "add": {
          "component_groups": [
            "mystery:carpet_fluid"
          ]
        }
      },
      "mystery:gas_mask_event_hold": {
        "add": {
          "component_groups": [
            "mystery:gas_mask_event_hold"
          ]
        }
      },
      "mystery:gas_mask_event_play": {
        "add": {
          "component_groups": [
            "mystery:gas_mask_event_play"
          ]
        }
      },
      "mystery:machete_event": {
        "add": {
          "component_groups": [
            "mystery:machete"
          ]
        }
      },
      "mystery:creature_decimator_active_event": {
        "add": {
          "component_groups": [
            "mystery:creature_decimator_active"
          ]
        }
      },
      "mystery:scrap_helemt_event_hold": {
        "add": {
          "component_groups": [
            "mystery:scrap_helemt_event_hold"
          ]
        }
      },
      "mystery:scrap_helemt_event_play": {
        "add": {
          "component_groups": [
            "mystery:scrap_helemt_event_play"
          ]
        }
      },
      "mystery:ballistic_vest_event_hold": {
        "add": {
          "component_groups": [
            "mystery:ballistic_vest_event_hold"
          ]
        }
      },
      "mystery:ballistic_vest_event_play": {
        "add": {
          "component_groups": [
            "mystery:ballistic_vest_event_play"
          ]
        }
      },
      "mystery:scrap_plate_event_hold": {
        "add": {
          "component_groups": [
            "mystery:scrap_plate_event_hold"
          ]
        }
      },
      "mystery:scrap_plate_event_play": {
        "add": {
          "component_groups": [
            "mystery:scrap_plate_event_play"
          ]
        }
      },
      "mystery:clean_water_event": {
        "add": {
          "component_groups": [
            "mystery:clean_water"
          ]
        }
      },
      "mystery:fire_axe_event": {
        "add": {
          "component_groups": [
            "mystery:fire_axe"
          ]
        }
      },
      "mystery:red_jacket_event_hold": {
        "add": {
          "component_groups": [
            "mystery:red_jacket_event_hold"
          ]
        }
      },
      "mystery:red_jacket_event_play": {
        "add": {
          "component_groups": [
            "mystery:red_jacket_event_play"
          ]
        }
      },
      "mystery:blue_jacket_event_hold": {
        "add": {
          "component_groups": [
            "mystery:blue_jacket_event_hold"
          ]
        }
      },
      "mystery:blue_jacket_event_play": {
        "add": {
          "component_groups": [
            "mystery:blue_jacket_event_play"
          ]
        }
      },
      "mystery:purple_jacket_event_hold": {
        "add": {
          "component_groups": [
            "mystery:purple_jacket_event_hold"
          ]
        }
      },
      "mystery:purple_jacket_event_play": {
        "add": {
          "component_groups": [
            "mystery:purple_jacket_event_play"
          ]
        }
      },
      "mystery:baseball_bat_nailed_event": {
        "add": {
          "component_groups": [
            "mystery:baseball_bat_nailed"
          ]
        }
      },
      "mystery:crowbar_event": {
        "add": {
          "component_groups": [
            "mystery:crowbar"
          ]
        }
      },
      "mystery:canned_beef_event": {
        "add": {
          "component_groups": [
            "mystery:canned_beef"
          ]
        }
      },
      "mystery:hazmat_suit_event_hold": {
        "add": {
          "component_groups": [
            "mystery:hazmat_suit_event_hold"
          ]
        }
      },
      "mystery:hazmat_suit_event_play": {
        "add": {
          "component_groups": [
            "mystery:hazmat_suit_event_play"
          ]
        }
      },
      "mystery:canned_tuna_event": {
        "add": {
          "component_groups": [
            "mystery:canned_tuna"
          ]
        }
      },
      "mystery:canned_sardines_event": {
        "add": {
          "component_groups": [
            "mystery:canned_sardines"
          ]
        }
      },
      "mystery:canned_vegetables_event": {
        "add": {
          "component_groups": [
            "mystery:canned_vegetables"
          ]
        }
      },
      "mystery:medkit_event": {
        "add": {
          "component_groups": [
            "mystery:medkit"
          ]
        }
      },
      "mystery:hound_boots_event_hold": {
        "add": {
          "component_groups": [
            "mystery:hound_boots_event_hold"
          ]
        }
      },
      "mystery:hound_boots_event_play": {
        "add": {
          "component_groups": [
            "mystery:hound_boots_event_play"
          ]
        }
      },
      "mystery:unknown_camera_event": {
        "add": {
          "component_groups": [
            "mystery:unknown_camera"
          ]
        }
      },
      "mystery:pants_event_hold": {
        "add": {
          "component_groups": [
            "mystery:pants_event_hold"
          ]
        }
      },
      "mystery:pants_event_play": {
        "add": {
          "component_groups": [
            "mystery:pants_event_play"
          ]
        }
      },
      "mystery:iron_spear_pain_event": {
        "add": {
          "component_groups": [
            "mystery:iron_spear_pain"
          ]
        }
      },
      "mystery:hound_chestplate_event_hold": {
        "add": {
          "component_groups": [
            "mystery:hound_chestplate_event_hold"
          ]
        }
      },
      "mystery:hound_chestplate_event_play": {
        "add": {
          "component_groups": [
            "mystery:hound_chestplate_event_play"
          ]
        }
      },
      "mystery:hound_cap_event_hold": {
        "add": {
          "component_groups": [
            "mystery:hound_cap_event_hold"
          ]
        }
      },
      "mystery:hound_cap_event_play": {
        "add": {
          "component_groups": [
            "mystery:hound_cap_event_play"
          ]
        }
      },
      "mystery:hound_pants_event_hold": {
        "add": {
          "component_groups": [
            "mystery:hound_pants_event_hold"
          ]
        }
      },
      "mystery:hound_pants_event_play": {
        "add": {
          "component_groups": [
            "mystery:hound_pants_event_play"
          ]
        }
      },
      "mystery:katana_event": {
        "add": {
          "component_groups": [
            "mystery:katana"
          ]
        }
      },
      "mystery:flintlock_pistol_fire": {
        "add": {
          "component_groups": [
            "mystery:flintlock_pistol_fire"
          ]
        }
      },
      "mystery:super_almond_water_event": {
        "add": {
          "component_groups": [
            "mystery:super_almond_water"
          ]
        }
      },
      "mystery:flintlock_empty_fire": {
        "add": {
          "component_groups": [
            "mystery:flintlock_empty_fire"
          ]
        }
      },
      "mystery:knife_event": {
        "add": {
          "component_groups": [
            "mystery:knife"
          ]
        }
      },
      "mystery:natural_almon_water_event": {
        "add": {
          "component_groups": [
            "mystery:natural_almon_water"
          ]
        }
      },
      "mystery:wrench_event": {
        "add": {
          "component_groups": [
            "mystery:wrench"
          ]
        }
      },
      "mystery:hammer_event": {
        "add": {
          "component_groups": [
            "mystery:hammer"
          ]
        }
      },
      "mystery:boiled_memory_juice_event": {
        "add": {
          "component_groups": [
            "mystery:boiled_memory_juice"
          ]
        }
      },
      "mystery:energy_bar_opened_event": {
        "add": {
          "component_groups": [
            "mystery:energy_bar_opened"
          ]
        }
      },
      "mystery:energy_bar_event": {
        "add": {
          "component_groups": [
            "mystery:energy_bar"
          ]
        }
      },
      "mystery:metal_bat_event": {
        "add": {
          "component_groups": [
            "mystery:metal_bat"
          ]
        }
      },
      "mystery:party_mask_event_hold": {
        "add": {
          "component_groups": [
            "mystery:party_mask_event_hold"
          ]
        }
      },
      "mystery:party_mask_event_play": {
        "add": {
          "component_groups": [
            "mystery:party_mask_event_play"
          ]
        }
      },
      "mystery:jerry_robe_event_hold": {
        "add": {
          "component_groups": [
            "mystery:jerry_robe_event_hold"
          ]
        }
      },
      "mystery:jerry_robe_event_play": {
        "add": {
          "component_groups": [
            "mystery:jerry_robe_event_play"
          ]
        }
      }
    }
  }
}