{
  "format_version": "1.13.0",
  "minecraft:entity": {
    "description": {
      "identifier": "op_asa:blue_bird_p",
      "is_spawnable": false,
      "is_summonable": false,
      "is_experimental": false,
      "runtime_identifier": "minecraft:snowball"
    },
    "component_groups": {
      "op_asa:despawn":{
        "minecraft:instant_despawn":{}
      }
    },

    "components": {
      "minecraft:timer": {
        "looping": true,
        "randomInterval": false,
        "time": 0.0,
        "time_down_event": {
         "event": "op_asa:timer_event",
         "target": "self"
        }
      },
      "minecraft:collision_box": {
        "width": 0,
        "height": 0
      },
      "minecraft:projectile": {
        "on_hit": {
          "definition_event": {
            "affectProjectile": true,
            "eventTrigger": {
                  "event": "op_asa:hit_event",
                  "target": "self"
            }
          },
          "impact_damage": {
            "damage": 40,
            "knockback": true,
            "semi_random_diff_damage":false,
            "destroy_on_hit": true,
            "max_critical_damage": 10,
            "min_critical_damage": 9,
            "power_multiplier": 0.97,
            "catch_fire":false
          }
        },
        "power": 3,
        "gravity": 0,
        "angle_offset": 0.0,
        "inertia": 1,
        "knockback":true,
        "liquid_inertia": 1
      },
	    "minecraft:physics": {
      },
      "minecraft:pushable": {
        "is_pushable": true,
        "is_pushable_by_piston": true
      },
      "minecraft:transformation": {
        "into": "op_asa:despawn",
        "delay": 2
      },
      "minecraft:conditional_bandwidth_optimization": {
        "default_values": {
          "max_optimized_distance": 80.0,
          "max_dropped_ticks": 10,
          "use_motion_prediction_hints": true
        }
      }
    },

    "events": {
      "op_asa:timer_event":{
        "run_command":{
          "command":[
            "particle op_asa:blue_bird_particle ~~~",
            "damage @e[tag=!toritori,family=!toritori,r=3,type=!item,type=!xp_orb] 42 temperature entity @p[tag=toritori,hasitem={item=op_asa:blue_bird,location=slot.weapon.mainhand}]"
          ]
        }
      },
      "op_asa:hit_event":{
        "add":{
          "component_groups":["op_asa:despawn"]
        },
        "run_command":{
          "command":[
            "particle op_asa:toritori_particle1 ~~~",
            "particle op_asa:toritori_particle2 ~~~"
          ]
        }
      }
    }
  }
}
