{
	"file_path": "C:\\Users\\fiddy\\AppData\\Local\\Packages\\Microsoft.MinecraftUWP_8wekyb3d8bbwe\\LocalState\\games\\com.mojang\\development_resource_packs\\SeasonalDecorRP\\textures\\item_texture.json",
	"file_type": "item_texture",
	"format_version": 1,
	"file_uuid": "1e0579cd_9285_4b89_b48d_b620ddb87ce6",
	"file_version": 37,
	"cache_content": {
		"children": [
			{
				"data": "vanilla",
				"key": "resource_pack_name"
			},
			{
				"data": "atlas.items",
				"key": "texture_name"
			},
			{
				"open": {
					"resource_pack_name": "vanilla",
					"texture_name": "atlas.items",
					"texture_data": {
						"all_hall_items": {
							"textures": "textures/items/all_hall_items"
						},
						"autumn_sapling_item": {
							"textures": "textures/items/autumn_sapling_item"
						},
						"bag_halloween": {
							"textures": "textures/items/bag_halloween"
						},
						"bag_crypt": {
							"textures": "textures/items/bag_crypt"
						},
						"bag_scientist": {
							"textures": "textures/items/bag_scientist"
						},
						"bag_pet": {
							"textures": "textures/items/bag_pet"
						},
						"bag_costume": {
							"textures": "textures/items/bag_costume"
						},
						"broomstick_item": {
							"textures": "textures/items/broomstick_item"
						},
						"egg_halloween_trader": {
							"textures": "textures/items/egg_halloween_trader"
						},
						"summon_ghost_pet": {
							"textures": "textures/items/summon_ghost_pet"
						},
						"summon_ghost_cat": {
							"textures": "textures/items/summon_ghost_cat"
						},
						"summon_pumpkin_pet": {
							"textures": "textures/items/summon_pumpkin_pet"
						},
						"summon_skeleton_wolf": {
							"textures": "textures/items/summon_skeleton_wolf"
						},
						"costume_arrow": {
							"textures": "textures/items/costume_arrow"
						},
						"costume_axe_head": {
							"textures": "textures/items/costume_axe_head"
						},
						"costume_bolts": {
							"textures": "textures/items/costume_bolts"
						},
						"costume_demon_wings": {
							"textures": "textures/items/costume_demon_wings"
						},
						"costume_devil_horns": {
							"textures": "textures/items/costume_devil_horns"
						},
						"costume_eyeball": {
							"textures": "textures/items/costume_eyeball"
						},
						"costume_ghost": {
							"textures": "textures/items/costume_ghost"
						},
						"costume_vampire_cape": {
							"textures": "textures/items/costume_vampire_cape"
						},
						"costume_werewolf_head": {
							"textures": "textures/items/costume_werewolf_head"
						},
						"costume_witch_hat": {
							"textures": "textures/items/costume_witch_hat"
						}
					}
				},
				"key": "texture_data",
				"is_minified": true,
				"children": {
					"all_hall_items": {
						"textures": "textures/items/all_hall_items"
					},
					"autumn_sapling_item": {
						"textures": "textures/items/autumn_sapling_item"
					},
					"bag_halloween": {
						"textures": "textures/items/bag_halloween"
					},
					"bag_crypt": {
						"textures": "textures/items/bag_crypt"
					},
					"bag_scientist": {
						"textures": "textures/items/bag_scientist"
					},
					"bag_pet": {
						"textures": "textures/items/bag_pet"
					},
					"bag_costume": {
						"textures": "textures/items/bag_costume"
					},
					"broomstick_item": {
						"textures": "textures/items/broomstick_item"
					},
					"egg_halloween_trader": {
						"textures": "textures/items/egg_halloween_trader"
					},
					"summon_ghost_pet": {
						"textures": "textures/items/summon_ghost_pet"
					},
					"summon_ghost_cat": {
						"textures": "textures/items/summon_ghost_cat"
					},
					"summon_pumpkin_pet": {
						"textures": "textures/items/summon_pumpkin_pet"
					},
					"summon_skeleton_wolf": {
						"textures": "textures/items/summon_skeleton_wolf"
					},
					"costume_arrow": {
						"textures": "textures/items/costume_arrow"
					},
					"costume_axe_head": {
						"textures": "textures/items/costume_axe_head"
					},
					"costume_bolts": {
						"textures": "textures/items/costume_bolts"
					},
					"costume_demon_wings": {
						"textures": "textures/items/costume_demon_wings"
					},
					"costume_devil_horns": {
						"textures": "textures/items/costume_devil_horns"
					},
					"costume_eyeball": {
						"textures": "textures/items/costume_eyeball"
					},
					"costume_ghost": {
						"textures": "textures/items/costume_ghost"
					},
					"costume_vampire_cape": {
						"textures": "textures/items/costume_vampire_cape"
					},
					"costume_werewolf_head": {
						"textures": "textures/items/costume_werewolf_head"
					},
					"costume_witch_hat": {
						"textures": "textures/items/costume_witch_hat"
					}
				}
			}
		]
	}
}