{
	"file_path": "C:\\Users\\fiddy\\AppData\\Local\\Packages\\Microsoft.MinecraftUWP_8wekyb3d8bbwe\\LocalState\\games\\com.mojang\\development_resource_packs\\H_DecorR\\textures\\terrain_texture.json",
	"file_type": "terrain_texture",
	"format_version": 1,
	"file_uuid": "1c2f2b84_8254_4834_8bdd_3df3737e7be1",
	"file_version": 78,
	"cache_content": {
		"children": [
			{
				"data": "vanilla",
				"key": "resource_pack_name"
			},
			{
				"data": "atlas.terrain",
				"key": "texture_name"
			},
			{
				"data": "8",
				"key": "padding"
			},
			{
				"data": "4",
				"key": "num_mip_levels"
			},
			{
				"open": {
					"resource_pack_name": "vanilla",
					"texture_name": "atlas.terrain",
					"padding": 8,
					"num_mip_levels": 4,
					"texture_data": {
						"invisibro": {
							"textures": [
								{
									"path": "textures/blocks/invisibro"
								}
							]
						},
						"web_layer_top": {
							"textures": [
								{
									"path": "textures/blocks/web_layer_top"
								}
							]
						},
						"web_layer_side": {
							"textures": [
								{
									"path": "textures/blocks/web_layer_side"
								}
							]
						},
						"web_layer_bottom": {
							"textures": [
								{
									"path": "textures/blocks/web_layer_bottom"
								}
							]
						},
						"web_hanging_held": {
							"textures": [
								{
									"path": "textures/blocks/web_hanging_held"
								}
							]
						},
						"web_hanging_base": {
							"textures": [
								{
									"path": "textures/blocks/web_hanging_base"
								}
							]
						},
						"web_hanging_base_attached": {
							"textures": [
								{
									"path": "textures/blocks/web_hanging_base_attached"
								}
							]
						},
						"web_hanging_mid": {
							"textures": [
								{
									"path": "textures/blocks/web_hanging_mid"
								}
							]
						},
						"web_hanging_mid_attached": {
							"textures": [
								{
									"path": "textures/blocks/web_hanging_mid_attached"
								}
							]
						},
						"web_hanging_mid_end": {
							"textures": [
								{
									"path": "textures/blocks/web_hanging_mid_end"
								}
							]
						},
						"autumn_sapling": {
							"textures": [
								{
									"path": "textures/blocks/autumn_sapling"
								}
							]
						},
						"autumn_leaves": {
							"textures": [
								{
									"path": "textures/blocks/autumn_leaves"
								}
							]
						},
						"autumn_leaves_pile": {
							"textures": [
								{
									"path": "textures/blocks/autumn_leaves_pile"
								}
							]
						},
						"bone_pile_top": {
							"textures": [
								{
									"path": "textures/blocks/bone_pile_top"
								}
							]
						},
						"bone_pile_side": {
							"textures": [
								{
									"path": "textures/blocks/bone_pile_side"
								}
							]
						},
						"bone_pile_skulls": {
							"textures": [
								{
									"path": "textures/blocks/bone_pile_skulls"
								}
							]
						},
						"sound_block_0": {
							"textures": [
								{
									"path": "textures/blocks/sound_block"
								}
							]
						},
						"effect_block": {
							"textures": [
								{
									"path": "textures/blocks/effect_block"
								}
							]
						},
						"sound_block_1": {
							"textures": [
								{
									"path": "textures/blocks/sound_block1"
								}
							]
						},
						"sound_block_2": {
							"textures": [
								{
									"path": "textures/blocks/sound_block2"
								}
							]
						},
						"sound_block_3": {
							"textures": [
								{
									"path": "textures/blocks/sound_block3"
								}
							]
						},
						"zombie_block": {
							"textures": [
								{
									"path": "textures/blocks/zombie_block"
								}
							]
						},
						"skeleton_block": {
							"textures": [
								{
									"path": "textures/blocks/skeleton_block"
								}
							]
						},
						"ghost_block_held": {
							"textures": [
								{
									"path": "textures/blocks/ghost_block_held"
								}
							]
						},
						"ghost_block0": {
							"textures": [
								{
									"path": "textures/blocks/ghost_block0"
								}
							]
						},
						"ghost_block1": {
							"textures": [
								{
									"path": "textures/blocks/ghost_block1"
								}
							]
						},
						"ghost_block2": {
							"textures": [
								{
									"path": "textures/blocks/ghost_block2"
								}
							]
						},
						"tombstone0": {
							"textures": [
								{
									"path": "textures/blocks/tombstone0"
								}
							]
						},
						"tombstone1": {
							"textures": [
								{
									"path": "textures/blocks/tombstone1"
								}
							]
						},
						"tombstone2": {
							"textures": [
								{
									"path": "textures/blocks/tombstone2"
								}
							]
						},
						"misc0": {
							"textures": [
								{
									"path": "textures/blocks/misc0"
								}
							]
						},
						"lantern_ghost": {
							"textures": [
								{
									"path": "textures/blocks/lantern_ghost"
								}
							]
						},
						"coffin": {
							"textures": [
								{
									"path": "textures/blocks/coffin"
								}
							]
						},
						"candelabra": {
							"textures": [
								{
									"path": "textures/blocks/candelabra"
								}
							]
						},
						"hall_table_up": {
							"textures": [
								{
									"path": "textures/blocks/hall_table_up"
								}
							]
						},
						"hall_table_side": {
							"textures": [
								{
									"path": "textures/blocks/hall_table_side"
								}
							]
						},
						"hall_table_down": {
							"textures": [
								{
									"path": "textures/blocks/hall_table_down"
								}
							]
						}
					}
				},
				"key": "texture_data",
				"children": [
					{
						"key": "invisibro",
						"is_minified": true,
						"children": {
							"textures": [
								{
									"path": "textures/blocks/invisibro"
								}
							]
						}
					},
					{
						"key": "web_layer_top",
						"is_minified": true,
						"children": {
							"textures": [
								{
									"path": "textures/blocks/web_layer_top"
								}
							]
						}
					},
					{
						"key": "web_layer_side",
						"is_minified": true,
						"children": {
							"textures": [
								{
									"path": "textures/blocks/web_layer_side"
								}
							]
						}
					},
					{
						"key": "web_layer_bottom",
						"is_minified": true,
						"children": {
							"textures": [
								{
									"path": "textures/blocks/web_layer_bottom"
								}
							]
						}
					},
					{
						"key": "web_hanging_held",
						"is_minified": true,
						"children": {
							"textures": [
								{
									"path": "textures/blocks/web_hanging_held"
								}
							]
						}
					},
					{
						"key": "web_hanging_base",
						"is_minified": true,
						"children": {
							"textures": [
								{
									"path": "textures/blocks/web_hanging_base"
								}
							]
						}
					},
					{
						"key": "web_hanging_base_attached",
						"is_minified": true,
						"children": {
							"textures": [
								{
									"path": "textures/blocks/web_hanging_base_attached"
								}
							]
						}
					},
					{
						"key": "web_hanging_mid",
						"is_minified": true,
						"children": {
							"textures": [
								{
									"path": "textures/blocks/web_hanging_mid"
								}
							]
						}
					},
					{
						"key": "web_hanging_mid_attached",
						"is_minified": true,
						"children": {
							"textures": [
								{
									"path": "textures/blocks/web_hanging_mid_attached"
								}
							]
						}
					},
					{
						"key": "web_hanging_mid_end",
						"is_minified": true,
						"children": {
							"textures": [
								{
									"path": "textures/blocks/web_hanging_mid_end"
								}
							]
						}
					},
					{
						"key": "autumn_sapling",
						"children": [
							{
								"open": {
									"textures": [
										{
											"path": "textures/blocks/autumn_sapling"
										}
									]
								},
								"key": "textures",
								"children": [
									{
										"open": [
											{
												"path": "textures/blocks/autumn_sapling"
											}
										],
										"is_minified": true,
										"children": {
											"path": "textures/blocks/autumn_sapling"
										}
									}
								]
							}
						]
					},
					{
						"key": "autumn_leaves",
						"children": [
							{
								"open": {
									"textures": [
										{
											"path": "textures/blocks/autumn_leaves"
										}
									]
								},
								"key": "textures",
								"children": [
									{
										"open": [
											{
												"path": "textures/blocks/autumn_leaves"
											}
										],
										"is_minified": true,
										"children": {
											"path": "textures/blocks/autumn_leaves"
										}
									}
								]
							}
						]
					},
					{
						"key": "autumn_leaves_pile",
						"children": [
							{
								"open": {
									"textures": [
										{
											"path": "textures/blocks/autumn_leaves_pile"
										}
									]
								},
								"key": "textures",
								"children": [
									{
										"open": [
											{
												"path": "textures/blocks/autumn_leaves_pile"
											}
										],
										"is_minified": true,
										"children": {
											"path": "textures/blocks/autumn_leaves_pile"
										}
									}
								]
							}
						]
					},
					{
						"key": "bone_pile_top",
						"children": [
							{
								"open": {
									"textures": [
										{
											"path": "textures/blocks/bone_pile_top"
										}
									]
								},
								"key": "textures",
								"children": [
									{
										"open": [
											{
												"path": "textures/blocks/bone_pile_top"
											}
										],
										"is_minified": true,
										"children": {
											"path": "textures/blocks/bone_pile_top"
										}
									}
								]
							}
						]
					},
					{
						"key": "bone_pile_side",
						"children": [
							{
								"open": {
									"textures": [
										{
											"path": "textures/blocks/bone_pile_side"
										}
									]
								},
								"key": "textures",
								"children": [
									{
										"open": [
											{
												"path": "textures/blocks/bone_pile_side"
											}
										],
										"is_minified": true,
										"children": {
											"path": "textures/blocks/bone_pile_side"
										}
									}
								]
							}
						]
					},
					{
						"key": "bone_pile_skulls",
						"children": [
							{
								"open": {
									"textures": [
										{
											"path": "textures/blocks/bone_pile_skulls"
										}
									]
								},
								"key": "textures",
								"children": [
									{
										"open": [
											{
												"path": "textures/blocks/bone_pile_skulls"
											}
										],
										"is_minified": true,
										"children": {
											"path": "textures/blocks/bone_pile_skulls"
										}
									}
								]
							}
						]
					},
					{
						"key": "sound_block_0",
						"children": [
							{
								"open": {
									"textures": [
										{
											"path": "textures/blocks/sound_block"
										}
									]
								},
								"key": "textures",
								"children": [
									{
										"open": [
											{
												"path": "textures/blocks/sound_block"
											}
										],
										"is_minified": true,
										"children": {
											"path": "textures/blocks/sound_block"
										}
									}
								]
							}
						]
					},
					{
						"key": "effect_block",
						"children": [
							{
								"open": {
									"textures": [
										{
											"path": "textures/blocks/effect_block"
										}
									]
								},
								"key": "textures",
								"children": [
									{
										"open": [
											{
												"path": "textures/blocks/effect_block"
											}
										],
										"is_minified": true,
										"children": {
											"path": "textures/blocks/effect_block"
										}
									}
								]
							}
						]
					},
					{
						"key": "sound_block_1",
						"children": [
							{
								"open": {
									"textures": [
										{
											"path": "textures/blocks/sound_block1"
										}
									]
								},
								"key": "textures",
								"children": [
									{
										"open": [
											{
												"path": "textures/blocks/sound_block1"
											}
										],
										"is_minified": true,
										"children": {
											"path": "textures/blocks/sound_block1"
										}
									}
								]
							}
						]
					},
					{
						"key": "sound_block_2",
						"children": [
							{
								"open": {
									"textures": [
										{
											"path": "textures/blocks/sound_block2"
										}
									]
								},
								"key": "textures",
								"children": [
									{
										"open": [
											{
												"path": "textures/blocks/sound_block2"
											}
										],
										"is_minified": true,
										"children": {
											"path": "textures/blocks/sound_block2"
										}
									}
								]
							}
						]
					},
					{
						"key": "sound_block_3",
						"children": [
							{
								"open": {
									"textures": [
										{
											"path": "textures/blocks/sound_block3"
										}
									]
								},
								"key": "textures",
								"children": [
									{
										"open": [
											{
												"path": "textures/blocks/sound_block3"
											}
										],
										"is_minified": true,
										"children": {
											"path": "textures/blocks/sound_block3"
										}
									}
								]
							}
						]
					},
					{
						"key": "zombie_block",
						"children": [
							{
								"open": {
									"textures": [
										{
											"path": "textures/blocks/zombie_block"
										}
									]
								},
								"key": "textures",
								"children": [
									{
										"open": [
											{
												"path": "textures/blocks/zombie_block"
											}
										],
										"is_minified": true,
										"children": {
											"path": "textures/blocks/zombie_block"
										}
									}
								]
							}
						]
					},
					{
						"key": "skeleton_block",
						"children": [
							{
								"open": {
									"textures": [
										{
											"path": "textures/blocks/skeleton_block"
										}
									]
								},
								"key": "textures",
								"children": [
									{
										"open": [
											{
												"path": "textures/blocks/skeleton_block"
											}
										],
										"is_minified": true,
										"children": {
											"path": "textures/blocks/skeleton_block"
										}
									}
								]
							}
						]
					},
					{
						"key": "ghost_block_held",
						"children": [
							{
								"open": {
									"textures": [
										{
											"path": "textures/blocks/ghost_block_held"
										}
									]
								},
								"key": "textures",
								"children": [
									{
										"open": [
											{
												"path": "textures/blocks/ghost_block_held"
											}
										],
										"is_minified": true,
										"children": {
											"path": "textures/blocks/ghost_block_held"
										}
									}
								]
							}
						]
					},
					{
						"key": "ghost_block0",
						"children": [
							{
								"open": {
									"textures": [
										{
											"path": "textures/blocks/ghost_block0"
										}
									]
								},
								"key": "textures",
								"children": [
									{
										"open": [
											{
												"path": "textures/blocks/ghost_block0"
											}
										],
										"is_minified": true,
										"children": {
											"path": "textures/blocks/ghost_block0"
										}
									}
								]
							}
						]
					},
					{
						"key": "ghost_block1",
						"children": [
							{
								"open": {
									"textures": [
										{
											"path": "textures/blocks/ghost_block1"
										}
									]
								},
								"key": "textures",
								"children": [
									{
										"open": [
											{
												"path": "textures/blocks/ghost_block1"
											}
										],
										"is_minified": true,
										"children": {
											"path": "textures/blocks/ghost_block1"
										}
									}
								]
							}
						]
					},
					{
						"key": "ghost_block2",
						"children": [
							{
								"open": {
									"textures": [
										{
											"path": "textures/blocks/ghost_block2"
										}
									]
								},
								"key": "textures",
								"children": [
									{
										"open": [
											{
												"path": "textures/blocks/ghost_block2"
											}
										],
										"is_minified": true,
										"children": {
											"path": "textures/blocks/ghost_block2"
										}
									}
								]
							}
						]
					},
					{
						"key": "tombstone0",
						"children": [
							{
								"open": {
									"textures": [
										{
											"path": "textures/blocks/tombstone0"
										}
									]
								},
								"key": "textures",
								"children": [
									{
										"open": [
											{
												"path": "textures/blocks/tombstone0"
											}
										],
										"is_minified": true,
										"children": {
											"path": "textures/blocks/tombstone0"
										}
									}
								]
							}
						]
					},
					{
						"key": "tombstone1",
						"children": [
							{
								"open": {
									"textures": [
										{
											"path": "textures/blocks/tombstone1"
										}
									]
								},
								"key": "textures",
								"children": [
									{
										"open": [
											{
												"path": "textures/blocks/tombstone1"
											}
										],
										"is_minified": true,
										"children": {
											"path": "textures/blocks/tombstone1"
										}
									}
								]
							}
						]
					},
					{
						"key": "tombstone2",
						"children": [
							{
								"open": {
									"textures": [
										{
											"path": "textures/blocks/tombstone2"
										}
									]
								},
								"key": "textures",
								"children": [
									{
										"open": [
											{
												"path": "textures/blocks/tombstone2"
											}
										],
										"is_minified": true,
										"children": {
											"path": "textures/blocks/tombstone2"
										}
									}
								]
							}
						]
					},
					{
						"key": "misc0",
						"children": [
							{
								"open": {
									"textures": [
										{
											"path": "textures/blocks/misc0"
										}
									]
								},
								"key": "textures",
								"children": [
									{
										"open": [
											{
												"path": "textures/blocks/misc0"
											}
										],
										"is_minified": true,
										"children": {
											"path": "textures/blocks/misc0"
										}
									}
								]
							}
						]
					},
					{
						"key": "lantern_ghost",
						"children": [
							{
								"key": "textures",
								"children": [
									{
										"open": [
											{
												"path": "textures/blocks/lantern_ghost"
											}
										],
										"is_minified": true,
										"children": {
											"path": "textures/blocks/lantern_ghost"
										}
									}
								]
							}
						]
					},
					{
						"key": "coffin",
						"children": [
							{
								"open": {
									"textures": [
										{
											"path": "textures/blocks/coffin"
										}
									]
								},
								"key": "textures",
								"children": [
									{
										"open": [
											{
												"path": "textures/blocks/coffin"
											}
										],
										"is_minified": true,
										"children": {
											"path": "textures/blocks/coffin"
										}
									}
								]
							}
						]
					},
					{
						"key": "candelabra",
						"children": [
							{
								"key": "textures",
								"children": [
									{
										"open": [
											{
												"path": "textures/blocks/candelabra"
											}
										],
										"is_minified": true,
										"children": {
											"path": "textures/blocks/candelabra"
										}
									}
								]
							}
						]
					},
					{
						"open": {
							"invisibro": {
								"textures": [
									{
										"path": "textures/blocks/invisibro"
									}
								]
							},
							"web_layer_top": {
								"textures": [
									{
										"path": "textures/blocks/web_layer_top"
									}
								]
							},
							"web_layer_side": {
								"textures": [
									{
										"path": "textures/blocks/web_layer_side"
									}
								]
							},
							"web_layer_bottom": {
								"textures": [
									{
										"path": "textures/blocks/web_layer_bottom"
									}
								]
							},
							"web_hanging_held": {
								"textures": [
									{
										"path": "textures/blocks/web_hanging_held"
									}
								]
							},
							"web_hanging_base": {
								"textures": [
									{
										"path": "textures/blocks/web_hanging_base"
									}
								]
							},
							"web_hanging_base_attached": {
								"textures": [
									{
										"path": "textures/blocks/web_hanging_base_attached"
									}
								]
							},
							"web_hanging_mid": {
								"textures": [
									{
										"path": "textures/blocks/web_hanging_mid"
									}
								]
							},
							"web_hanging_mid_attached": {
								"textures": [
									{
										"path": "textures/blocks/web_hanging_mid_attached"
									}
								]
							},
							"web_hanging_mid_end": {
								"textures": [
									{
										"path": "textures/blocks/web_hanging_mid_end"
									}
								]
							},
							"autumn_sapling": {
								"textures": [
									{
										"path": "textures/blocks/autumn_sapling"
									}
								]
							},
							"autumn_leaves": {
								"textures": [
									{
										"path": "textures/blocks/autumn_leaves"
									}
								]
							},
							"autumn_leaves_pile": {
								"textures": [
									{
										"path": "textures/blocks/autumn_leaves_pile"
									}
								]
							},
							"bone_pile_top": {
								"textures": [
									{
										"path": "textures/blocks/bone_pile_top"
									}
								]
							},
							"bone_pile_side": {
								"textures": [
									{
										"path": "textures/blocks/bone_pile_side"
									}
								]
							},
							"bone_pile_skulls": {
								"textures": [
									{
										"path": "textures/blocks/bone_pile_skulls"
									}
								]
							},
							"sound_block_0": {
								"textures": [
									{
										"path": "textures/blocks/sound_block"
									}
								]
							},
							"effect_block": {
								"textures": [
									{
										"path": "textures/blocks/effect_block"
									}
								]
							},
							"sound_block_1": {
								"textures": [
									{
										"path": "textures/blocks/sound_block1"
									}
								]
							},
							"sound_block_2": {
								"textures": [
									{
										"path": "textures/blocks/sound_block2"
									}
								]
							},
							"sound_block_3": {
								"textures": [
									{
										"path": "textures/blocks/sound_block3"
									}
								]
							},
							"zombie_block": {
								"textures": [
									{
										"path": "textures/blocks/zombie_block"
									}
								]
							},
							"skeleton_block": {
								"textures": [
									{
										"path": "textures/blocks/skeleton_block"
									}
								]
							},
							"ghost_block_held": {
								"textures": [
									{
										"path": "textures/blocks/ghost_block_held"
									}
								]
							},
							"ghost_block0": {
								"textures": [
									{
										"path": "textures/blocks/ghost_block0"
									}
								]
							},
							"ghost_block1": {
								"textures": [
									{
										"path": "textures/blocks/ghost_block1"
									}
								]
							},
							"ghost_block2": {
								"textures": [
									{
										"path": "textures/blocks/ghost_block2"
									}
								]
							},
							"tombstone0": {
								"textures": [
									{
										"path": "textures/blocks/tombstone0"
									}
								]
							},
							"tombstone1": {
								"textures": [
									{
										"path": "textures/blocks/tombstone1"
									}
								]
							},
							"tombstone2": {
								"textures": [
									{
										"path": "textures/blocks/tombstone2"
									}
								]
							},
							"misc0": {
								"textures": [
									{
										"path": "textures/blocks/misc0"
									}
								]
							},
							"lantern_ghost": {
								"textures": [
									{
										"path": "textures/blocks/lantern_ghost"
									}
								]
							},
							"coffin": {
								"textures": [
									{
										"path": "textures/blocks/coffin"
									}
								]
							},
							"candelabra": {
								"textures": [
									{
										"path": "textures/blocks/candelabra"
									}
								]
							},
							"hall_table_up": {
								"textures": [
									{
										"path": "textures/blocks/hall_table_up"
									}
								]
							},
							"hall_table_side": {
								"textures": [
									{
										"path": "textures/blocks/hall_table_side"
									}
								]
							},
							"hall_table_down": {
								"textures": [
									{
										"path": "textures/blocks/hall_table_down"
									}
								]
							}
						},
						"key": "hall_table_up",
						"children": [
							{
								"open": {
									"textures": [
										{
											"path": "textures/blocks/candelabra"
										}
									]
								},
								"key": "textures",
								"children": [
									{
										"open": [
											{
												"path": "textures/blocks/candelabra"
											}
										],
										"is_minified": true,
										"children": {
											"path": "textures/blocks/hall_table_up"
										}
									}
								]
							}
						]
					},
					{
						"open": {
							"invisibro": {
								"textures": [
									{
										"path": "textures/blocks/invisibro"
									}
								]
							},
							"web_layer_top": {
								"textures": [
									{
										"path": "textures/blocks/web_layer_top"
									}
								]
							},
							"web_layer_side": {
								"textures": [
									{
										"path": "textures/blocks/web_layer_side"
									}
								]
							},
							"web_layer_bottom": {
								"textures": [
									{
										"path": "textures/blocks/web_layer_bottom"
									}
								]
							},
							"web_hanging_held": {
								"textures": [
									{
										"path": "textures/blocks/web_hanging_held"
									}
								]
							},
							"web_hanging_base": {
								"textures": [
									{
										"path": "textures/blocks/web_hanging_base"
									}
								]
							},
							"web_hanging_base_attached": {
								"textures": [
									{
										"path": "textures/blocks/web_hanging_base_attached"
									}
								]
							},
							"web_hanging_mid": {
								"textures": [
									{
										"path": "textures/blocks/web_hanging_mid"
									}
								]
							},
							"web_hanging_mid_attached": {
								"textures": [
									{
										"path": "textures/blocks/web_hanging_mid_attached"
									}
								]
							},
							"web_hanging_mid_end": {
								"textures": [
									{
										"path": "textures/blocks/web_hanging_mid_end"
									}
								]
							},
							"autumn_sapling": {
								"textures": [
									{
										"path": "textures/blocks/autumn_sapling"
									}
								]
							},
							"autumn_leaves": {
								"textures": [
									{
										"path": "textures/blocks/autumn_leaves"
									}
								]
							},
							"autumn_leaves_pile": {
								"textures": [
									{
										"path": "textures/blocks/autumn_leaves_pile"
									}
								]
							},
							"bone_pile_top": {
								"textures": [
									{
										"path": "textures/blocks/bone_pile_top"
									}
								]
							},
							"bone_pile_side": {
								"textures": [
									{
										"path": "textures/blocks/bone_pile_side"
									}
								]
							},
							"bone_pile_skulls": {
								"textures": [
									{
										"path": "textures/blocks/bone_pile_skulls"
									}
								]
							},
							"sound_block_0": {
								"textures": [
									{
										"path": "textures/blocks/sound_block"
									}
								]
							},
							"effect_block": {
								"textures": [
									{
										"path": "textures/blocks/effect_block"
									}
								]
							},
							"sound_block_1": {
								"textures": [
									{
										"path": "textures/blocks/sound_block1"
									}
								]
							},
							"sound_block_2": {
								"textures": [
									{
										"path": "textures/blocks/sound_block2"
									}
								]
							},
							"sound_block_3": {
								"textures": [
									{
										"path": "textures/blocks/sound_block3"
									}
								]
							},
							"zombie_block": {
								"textures": [
									{
										"path": "textures/blocks/zombie_block"
									}
								]
							},
							"skeleton_block": {
								"textures": [
									{
										"path": "textures/blocks/skeleton_block"
									}
								]
							},
							"ghost_block_held": {
								"textures": [
									{
										"path": "textures/blocks/ghost_block_held"
									}
								]
							},
							"ghost_block0": {
								"textures": [
									{
										"path": "textures/blocks/ghost_block0"
									}
								]
							},
							"ghost_block1": {
								"textures": [
									{
										"path": "textures/blocks/ghost_block1"
									}
								]
							},
							"ghost_block2": {
								"textures": [
									{
										"path": "textures/blocks/ghost_block2"
									}
								]
							},
							"tombstone0": {
								"textures": [
									{
										"path": "textures/blocks/tombstone0"
									}
								]
							},
							"tombstone1": {
								"textures": [
									{
										"path": "textures/blocks/tombstone1"
									}
								]
							},
							"tombstone2": {
								"textures": [
									{
										"path": "textures/blocks/tombstone2"
									}
								]
							},
							"misc0": {
								"textures": [
									{
										"path": "textures/blocks/misc0"
									}
								]
							},
							"lantern_ghost": {
								"textures": [
									{
										"path": "textures/blocks/lantern_ghost"
									}
								]
							},
							"coffin": {
								"textures": [
									{
										"path": "textures/blocks/coffin"
									}
								]
							},
							"candelabra": {
								"textures": [
									{
										"path": "textures/blocks/candelabra"
									}
								]
							},
							"hall_table_up": {
								"textures": [
									{
										"path": "textures/blocks/hall_table_up"
									}
								]
							},
							"hall_table_side": {
								"textures": [
									{
										"path": "textures/blocks/hall_table_side"
									}
								]
							},
							"hall_table_down": {
								"textures": [
									{
										"path": "textures/blocks/hall_table_down"
									}
								]
							}
						},
						"key": "hall_table_side",
						"children": [
							{
								"open": {
									"textures": [
										{
											"path": "textures/blocks/candelabra"
										}
									]
								},
								"key": "textures",
								"children": [
									{
										"open": [
											{
												"path": "textures/blocks/candelabra"
											}
										],
										"is_minified": true,
										"children": {
											"path": "textures/blocks/hall_table_side"
										}
									}
								]
							}
						]
					},
					{
						"open": {
							"invisibro": {
								"textures": [
									{
										"path": "textures/blocks/invisibro"
									}
								]
							},
							"web_layer_top": {
								"textures": [
									{
										"path": "textures/blocks/web_layer_top"
									}
								]
							},
							"web_layer_side": {
								"textures": [
									{
										"path": "textures/blocks/web_layer_side"
									}
								]
							},
							"web_layer_bottom": {
								"textures": [
									{
										"path": "textures/blocks/web_layer_bottom"
									}
								]
							},
							"web_hanging_held": {
								"textures": [
									{
										"path": "textures/blocks/web_hanging_held"
									}
								]
							},
							"web_hanging_base": {
								"textures": [
									{
										"path": "textures/blocks/web_hanging_base"
									}
								]
							},
							"web_hanging_base_attached": {
								"textures": [
									{
										"path": "textures/blocks/web_hanging_base_attached"
									}
								]
							},
							"web_hanging_mid": {
								"textures": [
									{
										"path": "textures/blocks/web_hanging_mid"
									}
								]
							},
							"web_hanging_mid_attached": {
								"textures": [
									{
										"path": "textures/blocks/web_hanging_mid_attached"
									}
								]
							},
							"web_hanging_mid_end": {
								"textures": [
									{
										"path": "textures/blocks/web_hanging_mid_end"
									}
								]
							},
							"autumn_sapling": {
								"textures": [
									{
										"path": "textures/blocks/autumn_sapling"
									}
								]
							},
							"autumn_leaves": {
								"textures": [
									{
										"path": "textures/blocks/autumn_leaves"
									}
								]
							},
							"autumn_leaves_pile": {
								"textures": [
									{
										"path": "textures/blocks/autumn_leaves_pile"
									}
								]
							},
							"bone_pile_top": {
								"textures": [
									{
										"path": "textures/blocks/bone_pile_top"
									}
								]
							},
							"bone_pile_side": {
								"textures": [
									{
										"path": "textures/blocks/bone_pile_side"
									}
								]
							},
							"bone_pile_skulls": {
								"textures": [
									{
										"path": "textures/blocks/bone_pile_skulls"
									}
								]
							},
							"sound_block_0": {
								"textures": [
									{
										"path": "textures/blocks/sound_block"
									}
								]
							},
							"effect_block": {
								"textures": [
									{
										"path": "textures/blocks/effect_block"
									}
								]
							},
							"sound_block_1": {
								"textures": [
									{
										"path": "textures/blocks/sound_block1"
									}
								]
							},
							"sound_block_2": {
								"textures": [
									{
										"path": "textures/blocks/sound_block2"
									}
								]
							},
							"sound_block_3": {
								"textures": [
									{
										"path": "textures/blocks/sound_block3"
									}
								]
							},
							"zombie_block": {
								"textures": [
									{
										"path": "textures/blocks/zombie_block"
									}
								]
							},
							"skeleton_block": {
								"textures": [
									{
										"path": "textures/blocks/skeleton_block"
									}
								]
							},
							"ghost_block_held": {
								"textures": [
									{
										"path": "textures/blocks/ghost_block_held"
									}
								]
							},
							"ghost_block0": {
								"textures": [
									{
										"path": "textures/blocks/ghost_block0"
									}
								]
							},
							"ghost_block1": {
								"textures": [
									{
										"path": "textures/blocks/ghost_block1"
									}
								]
							},
							"ghost_block2": {
								"textures": [
									{
										"path": "textures/blocks/ghost_block2"
									}
								]
							},
							"tombstone0": {
								"textures": [
									{
										"path": "textures/blocks/tombstone0"
									}
								]
							},
							"tombstone1": {
								"textures": [
									{
										"path": "textures/blocks/tombstone1"
									}
								]
							},
							"tombstone2": {
								"textures": [
									{
										"path": "textures/blocks/tombstone2"
									}
								]
							},
							"misc0": {
								"textures": [
									{
										"path": "textures/blocks/misc0"
									}
								]
							},
							"lantern_ghost": {
								"textures": [
									{
										"path": "textures/blocks/lantern_ghost"
									}
								]
							},
							"coffin": {
								"textures": [
									{
										"path": "textures/blocks/coffin"
									}
								]
							},
							"candelabra": {
								"textures": [
									{
										"path": "textures/blocks/candelabra"
									}
								]
							},
							"hall_table_up": {
								"textures": [
									{
										"path": "textures/blocks/hall_table_up"
									}
								]
							},
							"hall_table_side": {
								"textures": [
									{
										"path": "textures/blocks/hall_table_side"
									}
								]
							},
							"hall_table_down": {
								"textures": [
									{
										"path": "textures/blocks/hall_table_down"
									}
								]
							}
						},
						"key": "hall_table_down",
						"children": [
							{
								"open": {
									"textures": [
										{
											"path": "textures/blocks/candelabra"
										}
									]
								},
								"key": "textures",
								"children": [
									{
										"open": [
											{
												"path": "textures/blocks/candelabra"
											}
										],
										"is_minified": true,
										"children": {
											"path": "textures/blocks/hall_table_down"
										}
									}
								]
							}
						]
					}
				]
			}
		]
	}
}