{
	"file_path": "C:\\Users\\fiddy\\AppData\\Local\\Packages\\Microsoft.MinecraftUWP_8wekyb3d8bbwe\\LocalState\\games\\com.mojang\\development_behavior_packs\\Seasonal_decor_BP\\blocks\\ChristmasBlocks\\drapes_red.json",
	"file_type": "block",
	"format_version": 1,
	"file_uuid": "c5cfc04f_45ad_421b_86d8_1fc453005245",
	"file_version": 103,
	"cache_content": {
		"children": [
			{
				"data": "1.17.0",
				"key": "format_version"
			},
			{
				"open": {
					"format_version": "1.17.0",
					"minecraft:block": {
						"description": {
							"identifier": "boi:drapes_red",
							"properties": {
								"bridge:block_rotation": [
									0,
									1,
									2,
									3,
									4,
									5,
									6
								]
							}
						},
						"components": {
							"minecraft:on_player_placing": {
								"event": "bridge:update_rotation"
							},
							"minecraft:destroy_time": 0,
							"minecraft:explosion_resistance": 1,
							"minecraft:map_color": "#C50016",
							"minecraft:entity_collision": false,
							"minecraft:pick_collision": {
								"origin": [
									-8,
									0,
									-8
								],
								"size": [
									16,
									2,
									16
								]
							},
							"minecraft:rotation": [
								0,
								0,
								0
							],
							"minecraft:breathability": "air",
							"minecraft:block_light_absorption": 0,
							"minecraft:placement_filter": {
								"conditions": [
									{
										"allowed_faces": [
											"side"
										]
									}
								]
							},
							"minecraft:material_instances": {
								"*": {
									"texture": "drapes_red",
									"render_method": "alpha_test",
									"face_dimming": true,
									"ambient_occlusion": false
								}
							},
							"minecraft:geometry": "geometry.side_layer_thumbnail"
						},
						"permutations": [
							{
								"condition": "query.block_property('bridge:block_rotation') == 3",
								"components": {
									"minecraft:rotation": [
										0,
										0,
										0
									],
									"minecraft:entity_collision": false,
									"minecraft:pick_collision": {
										"origin": [
											-8,
											6,
											6
										],
										"size": [
											16,
											10,
											2
										]
									},
									"minecraft:geometry": "geometry.side_layer",
									"minecraft:material_instances": {
										"*": {
											"texture": "drapes_red",
											"render_method": "alpha_test",
											"face_dimming": true,
											"ambient_occlusion": false
										}
									}
								}
							},
							{
								"condition": "query.block_property('bridge:block_rotation') == 4",
								"components": {
									"minecraft:rotation": [
										0,
										180,
										0
									],
									"minecraft:entity_collision": false,
									"minecraft:pick_collision": {
										"origin": [
											-8,
											6,
											6
										],
										"size": [
											16,
											10,
											2
										]
									},
									"minecraft:geometry": "geometry.side_layer",
									"minecraft:material_instances": {
										"*": {
											"texture": "drapes_red",
											"render_method": "alpha_test",
											"face_dimming": true,
											"ambient_occlusion": false
										}
									}
								}
							},
							{
								"condition": "query.block_property('bridge:block_rotation') == 5",
								"components": {
									"minecraft:rotation": [
										0,
										90,
										0
									],
									"minecraft:entity_collision": false,
									"minecraft:pick_collision": {
										"origin": [
											-8,
											6,
											6
										],
										"size": [
											16,
											10,
											2
										]
									},
									"minecraft:geometry": "geometry.side_layer",
									"minecraft:material_instances": {
										"*": {
											"texture": "drapes_red",
											"render_method": "alpha_test",
											"face_dimming": true,
											"ambient_occlusion": false
										}
									}
								}
							},
							{
								"condition": "query.block_property('bridge:block_rotation') == 6",
								"components": {
									"minecraft:rotation": [
										0,
										-90,
										0
									],
									"minecraft:entity_collision": false,
									"minecraft:pick_collision": {
										"origin": [
											-8,
											6,
											6
										],
										"size": [
											16,
											10,
											2
										]
									},
									"minecraft:geometry": "geometry.side_layer",
									"minecraft:material_instances": {
										"*": {
											"texture": "drapes_red",
											"render_method": "alpha_test",
											"face_dimming": true,
											"ambient_occlusion": false
										}
									}
								}
							}
						],
						"events": {
							"bridge:update_rotation": {
								"set_block_property": {
									"bridge:block_rotation": "query.block_face + 1"
								}
							}
						}
					}
				},
				"key": "minecraft:block",
				"children": [
					{
						"key": "description",
						"is_minified": true,
						"children": {
							"identifier": "boi:drapes_red",
							"properties": {
								"bridge:block_rotation": [
									0,
									1,
									2,
									3,
									4,
									5,
									6
								]
							}
						}
					},
					{
						"open": {
							"description": {
								"identifier": "boi:drapes_red",
								"properties": {
									"bridge:block_rotation": [
										0,
										1,
										2,
										3,
										4,
										5,
										6
									]
								}
							},
							"components": {
								"minecraft:on_player_placing": {
									"event": "bridge:update_rotation"
								},
								"minecraft:destroy_time": 0,
								"minecraft:explosion_resistance": 1,
								"minecraft:map_color": "#C50016",
								"minecraft:entity_collision": false,
								"minecraft:pick_collision": {
									"origin": [
										-8,
										0,
										-8
									],
									"size": [
										16,
										2,
										16
									]
								},
								"minecraft:rotation": [
									0,
									0,
									0
								],
								"minecraft:breathability": "air",
								"minecraft:block_light_absorption": 0,
								"minecraft:placement_filter": {
									"conditions": [
										{
											"allowed_faces": [
												"side"
											]
										}
									]
								},
								"minecraft:material_instances": {
									"*": {
										"texture": "drapes_red",
										"render_method": "alpha_test",
										"face_dimming": true,
										"ambient_occlusion": false
									}
								},
								"minecraft:geometry": "geometry.side_layer_thumbnail"
							},
							"permutations": [
								{
									"condition": "query.block_property('bridge:block_rotation') == 3",
									"components": {
										"minecraft:rotation": [
											0,
											0,
											0
										],
										"minecraft:entity_collision": false,
										"minecraft:pick_collision": {
											"origin": [
												-8,
												6,
												6
											],
											"size": [
												16,
												10,
												2
											]
										},
										"minecraft:geometry": "geometry.side_layer",
										"minecraft:material_instances": {
											"*": {
												"texture": "drapes_red",
												"render_method": "alpha_test",
												"face_dimming": true,
												"ambient_occlusion": false
											}
										}
									}
								},
								{
									"condition": "query.block_property('bridge:block_rotation') == 4",
									"components": {
										"minecraft:rotation": [
											0,
											180,
											0
										],
										"minecraft:entity_collision": false,
										"minecraft:pick_collision": {
											"origin": [
												-8,
												6,
												6
											],
											"size": [
												16,
												10,
												2
											]
										},
										"minecraft:geometry": "geometry.side_layer",
										"minecraft:material_instances": {
											"*": {
												"texture": "drapes_red",
												"render_method": "alpha_test",
												"face_dimming": true,
												"ambient_occlusion": false
											}
										}
									}
								},
								{
									"condition": "query.block_property('bridge:block_rotation') == 5",
									"components": {
										"minecraft:rotation": [
											0,
											90,
											0
										],
										"minecraft:entity_collision": false,
										"minecraft:pick_collision": {
											"origin": [
												-8,
												6,
												6
											],
											"size": [
												16,
												10,
												2
											]
										},
										"minecraft:geometry": "geometry.side_layer",
										"minecraft:material_instances": {
											"*": {
												"texture": "drapes_red",
												"render_method": "alpha_test",
												"face_dimming": true,
												"ambient_occlusion": false
											}
										}
									}
								},
								{
									"condition": "query.block_property('bridge:block_rotation') == 6",
									"components": {
										"minecraft:rotation": [
											0,
											-90,
											0
										],
										"minecraft:entity_collision": false,
										"minecraft:pick_collision": {
											"origin": [
												-8,
												6,
												6
											],
											"size": [
												16,
												10,
												2
											]
										},
										"minecraft:geometry": "geometry.side_layer",
										"minecraft:material_instances": {
											"*": {
												"texture": "drapes_red",
												"render_method": "alpha_test",
												"face_dimming": true,
												"ambient_occlusion": false
											}
										}
									}
								}
							],
							"events": {
								"bridge:update_rotation": {
									"set_block_property": {
										"bridge:block_rotation": "query.block_face + 1"
									}
								}
							}
						},
						"key": "components",
						"is_minified": true,
						"children": {
							"minecraft:on_player_placing": {
								"event": "bridge:update_rotation"
							},
							"minecraft:destroy_time": 0,
							"minecraft:explosion_resistance": 1,
							"minecraft:map_color": "#C50016",
							"minecraft:entity_collision": false,
							"minecraft:pick_collision": {
								"origin": [
									-8,
									0,
									-8
								],
								"size": [
									16,
									2,
									16
								]
							},
							"minecraft:rotation": [
								0,
								0,
								0
							],
							"minecraft:breathability": "air",
							"minecraft:block_light_absorption": 0,
							"minecraft:placement_filter": {
								"conditions": [
									{
										"allowed_faces": [
											"side"
										]
									}
								]
							},
							"minecraft:material_instances": {
								"*": {
									"texture": "drapes_red",
									"render_method": "alpha_test",
									"face_dimming": true,
									"ambient_occlusion": false
								}
							},
							"minecraft:geometry": "geometry.side_layer_thumbnail"
						}
					},
					{
						"key": "permutations",
						"is_minified": true,
						"children": [
							{
								"condition": "query.block_property('bridge:block_rotation') == 3",
								"components": {
									"minecraft:rotation": [
										0,
										0,
										0
									],
									"minecraft:entity_collision": false,
									"minecraft:pick_collision": {
										"origin": [
											-8,
											6,
											6
										],
										"size": [
											16,
											10,
											2
										]
									},
									"minecraft:geometry": "geometry.side_layer",
									"minecraft:material_instances": {
										"*": {
											"texture": "drapes_red",
											"render_method": "alpha_test",
											"face_dimming": true,
											"ambient_occlusion": false
										}
									}
								}
							},
							{
								"condition": "query.block_property('bridge:block_rotation') == 4",
								"components": {
									"minecraft:rotation": [
										0,
										180,
										0
									],
									"minecraft:entity_collision": false,
									"minecraft:pick_collision": {
										"origin": [
											-8,
											6,
											6
										],
										"size": [
											16,
											10,
											2
										]
									},
									"minecraft:geometry": "geometry.side_layer",
									"minecraft:material_instances": {
										"*": {
											"texture": "drapes_red",
											"render_method": "alpha_test",
											"face_dimming": true,
											"ambient_occlusion": false
										}
									}
								}
							},
							{
								"condition": "query.block_property('bridge:block_rotation') == 5",
								"components": {
									"minecraft:rotation": [
										0,
										90,
										0
									],
									"minecraft:entity_collision": false,
									"minecraft:pick_collision": {
										"origin": [
											-8,
											6,
											6
										],
										"size": [
											16,
											10,
											2
										]
									},
									"minecraft:geometry": "geometry.side_layer",
									"minecraft:material_instances": {
										"*": {
											"texture": "drapes_red",
											"render_method": "alpha_test",
											"face_dimming": true,
											"ambient_occlusion": false
										}
									}
								}
							},
							{
								"condition": "query.block_property('bridge:block_rotation') == 6",
								"components": {
									"minecraft:rotation": [
										0,
										-90,
										0
									],
									"minecraft:entity_collision": false,
									"minecraft:pick_collision": {
										"origin": [
											-8,
											6,
											6
										],
										"size": [
											16,
											10,
											2
										]
									},
									"minecraft:geometry": "geometry.side_layer",
									"minecraft:material_instances": {
										"*": {
											"texture": "drapes_red",
											"render_method": "alpha_test",
											"face_dimming": true,
											"ambient_occlusion": false
										}
									}
								}
							}
						]
					},
					{
						"key": "events",
						"is_minified": true,
						"children": {
							"bridge:update_rotation": {
								"set_block_property": {
									"bridge:block_rotation": "query.block_face + 1"
								}
							}
						}
					}
				]
			}
		]
	}
}