{
	"file_path": "C:\\Users\\fiddy\\AppData\\Local\\Packages\\Microsoft.MinecraftUWP_8wekyb3d8bbwe\\LocalState\\games\\com.mojang\\development_behavior_packs\\Seasonal_decor_BP\\blocks\\ChristmasBlocks\\wreath.json",
	"file_type": "block",
	"format_version": 1,
	"file_uuid": "bb931028_098d_4a1f_92f7_4dc88d493850",
	"file_version": 174,
	"cache_content": {
		"children": [
			{
				"data": "1.17",
				"key": "format_version"
			},
			{
				"open": {
					"format_version": 1.17,
					"minecraft:block": {
						"description": {
							"identifier": "boi:wreath",
							"properties": {
								"bridge:block_rotation": [
									0,
									1,
									2,
									3,
									4,
									5,
									6
								]
							}
						},
						"components": {
							"minecraft:on_player_placing": {
								"event": "bridge:update_rotation"
							},
							"minecraft:block_light_absorption": 0,
							"minecraft:destroy_time": 0.3,
							"minecraft:explosion_resistance": 1,
							"minecraft:map_color": "#B89347",
							"minecraft:pick_collision": {
								"origin": [
									-7,
									0,
									-7
								],
								"size": [
									14,
									4,
									14
								]
							},
							"minecraft:entity_collision": false,
							"minecraft:rotation": [
								0,
								0,
								0
							],
							"minecraft:geometry": "geometry.boi_wreath",
							"minecraft:material_instances": {
								"*": {
									"texture": "boi_wreath",
									"render_method": "alpha_test"
								}
							},
							"minecraft:breathability": "air"
						},
						"events": {
							"bridge:update_rotation": {
								"set_block_property": {
									"bridge:block_rotation": "query.block_face + 1"
								}
							}
						},
						"permutations": [
							{
								"condition": "query.block_property('bridge:block_rotation') == 0",
								"components": {
									"minecraft:rotation": [
										0,
										0,
										0
									]
								}
							},
							{
								"condition": "query.block_property('bridge:block_rotation') == 1",
								"components": {
									"minecraft:rotation": [
										0,
										0,
										180
									]
								}
							},
							{
								"condition": "query.block_property('bridge:block_rotation') == 2",
								"components": {
									"minecraft:rotation": [
										0,
										0,
										0
									]
								}
							},
							{
								"condition": "query.block_property('bridge:block_rotation') == 3",
								"components": {
									"minecraft:rotation": [
										-90,
										0,
										0
									]
								}
							},
							{
								"condition": "query.block_property('bridge:block_rotation') == 4",
								"components": {
									"minecraft:rotation": [
										90,
										0,
										0
									]
								}
							},
							{
								"condition": "query.block_property('bridge:block_rotation') == 5",
								"components": {
									"minecraft:rotation": [
										0,
										0,
										90
									]
								}
							},
							{
								"condition": "query.block_property('bridge:block_rotation') == 6",
								"components": {
									"minecraft:rotation": [
										0,
										0,
										-90
									]
								}
							}
						]
					}
				},
				"key": "minecraft:block",
				"children": [
					{
						"key": "description",
						"is_minified": true,
						"children": {
							"identifier": "boi:wreath",
							"properties": {
								"bridge:block_rotation": [
									0,
									1,
									2,
									3,
									4,
									5,
									6
								]
							}
						}
					},
					{
						"open": {
							"description": {
								"identifier": "boi:wreath",
								"properties": {
									"bridge:block_rotation": [
										0,
										1,
										2,
										3,
										4,
										5,
										6
									]
								}
							},
							"components": {
								"minecraft:on_player_placing": {
									"event": "bridge:update_rotation"
								},
								"minecraft:block_light_absorption": 0,
								"minecraft:destroy_time": 0.3,
								"minecraft:explosion_resistance": 1,
								"minecraft:map_color": "#B89347",
								"minecraft:pick_collision": {
									"origin": [
										-7,
										0,
										-7
									],
									"size": [
										14,
										4,
										14
									]
								},
								"minecraft:entity_collision": false,
								"minecraft:rotation": [
									0,
									0,
									0
								],
								"minecraft:geometry": "geometry.boi_wreath",
								"minecraft:material_instances": {
									"*": {
										"texture": "boi_wreath",
										"render_method": "alpha_test"
									}
								},
								"minecraft:breathability": "air"
							},
							"events": {
								"bridge:update_rotation": {
									"set_block_property": {
										"bridge:block_rotation": "query.block_face + 1"
									}
								}
							},
							"permutations": [
								{
									"condition": "query.block_property('bridge:block_rotation') == 0",
									"components": {
										"minecraft:rotation": [
											0,
											0,
											0
										]
									}
								},
								{
									"condition": "query.block_property('bridge:block_rotation') == 1",
									"components": {
										"minecraft:rotation": [
											0,
											0,
											180
										]
									}
								},
								{
									"condition": "query.block_property('bridge:block_rotation') == 2",
									"components": {
										"minecraft:rotation": [
											0,
											0,
											0
										]
									}
								},
								{
									"condition": "query.block_property('bridge:block_rotation') == 3",
									"components": {
										"minecraft:rotation": [
											-90,
											0,
											0
										]
									}
								},
								{
									"condition": "query.block_property('bridge:block_rotation') == 4",
									"components": {
										"minecraft:rotation": [
											90,
											0,
											0
										]
									}
								},
								{
									"condition": "query.block_property('bridge:block_rotation') == 5",
									"components": {
										"minecraft:rotation": [
											0,
											0,
											90
										]
									}
								},
								{
									"condition": "query.block_property('bridge:block_rotation') == 6",
									"components": {
										"minecraft:rotation": [
											0,
											0,
											-90
										]
									}
								}
							]
						},
						"key": "components",
						"is_minified": true,
						"children": {
							"minecraft:on_player_placing": {
								"event": "bridge:update_rotation"
							},
							"minecraft:block_light_absorption": 0,
							"minecraft:destroy_time": 0.3,
							"minecraft:explosion_resistance": 1,
							"minecraft:map_color": "#B89347",
							"minecraft:pick_collision": {
								"origin": [
									-7,
									0,
									-7
								],
								"size": [
									14,
									4,
									14
								]
							},
							"minecraft:entity_collision": false,
							"minecraft:rotation": [
								0,
								0,
								0
							],
							"minecraft:geometry": "geometry.boi_wreath",
							"minecraft:material_instances": {
								"*": {
									"texture": "boi_wreath",
									"render_method": "alpha_test"
								}
							},
							"minecraft:breathability": "air"
						}
					},
					{
						"key": "events",
						"is_minified": true,
						"children": {
							"bridge:update_rotation": {
								"set_block_property": {
									"bridge:block_rotation": "query.block_face + 1"
								}
							}
						}
					},
					{
						"key": "permutations",
						"is_minified": true,
						"children": [
							{
								"condition": "query.block_property('bridge:block_rotation') == 0",
								"components": {
									"minecraft:rotation": [
										0,
										0,
										0
									]
								}
							},
							{
								"condition": "query.block_property('bridge:block_rotation') == 1",
								"components": {
									"minecraft:rotation": [
										0,
										0,
										180
									]
								}
							},
							{
								"condition": "query.block_property('bridge:block_rotation') == 2",
								"components": {
									"minecraft:rotation": [
										0,
										0,
										0
									]
								}
							},
							{
								"condition": "query.block_property('bridge:block_rotation') == 3",
								"components": {
									"minecraft:rotation": [
										-90,
										0,
										0
									]
								}
							},
							{
								"condition": "query.block_property('bridge:block_rotation') == 4",
								"components": {
									"minecraft:rotation": [
										90,
										0,
										0
									]
								}
							},
							{
								"condition": "query.block_property('bridge:block_rotation') == 5",
								"components": {
									"minecraft:rotation": [
										0,
										0,
										90
									]
								}
							},
							{
								"condition": "query.block_property('bridge:block_rotation') == 6",
								"components": {
									"minecraft:rotation": [
										0,
										0,
										-90
									]
								}
							}
						]
					}
				]
			}
		]
	}
}