{
	"format_version": "1.8.0",
	"animations": {
		"animation.ftl_sc_huggy_wuggy_vent.new": {
			"loop": true,
			"animation_length": 0.33333,
			"bones": {
				"waist": {
					"position": {
						"0.0": {
							"post": [0, -21, 0],
							"lerp_mode": "catmullrom"
						}
					}
				},
				"body": {
					"rotation": {
						"0.0": {
							"post": [57.5, 0, 0],
							"lerp_mode": "catmullrom"
						}
					}
				},
				"head": {
					"rotation": {
						"0.0": {
							"post": [-55, 0, 0],
							"lerp_mode": "catmullrom"
						}
					}
				},
				"rightarm": {
					"rotation": {
						"0.0": {
							"post": [-10, 0, 0],
							"lerp_mode": "catmullrom"
						}
					}
				},
				"rightarmpeice": {
					"rotation": {
						"0.0": {
							"post": [-27.5, 0, 10],
							"lerp_mode": "catmullrom"
						}
					}
				},
				"rightarmpeice1": {
					"rotation": {
						"0.0": {
							"post": [0, 0, -12.5],
							"lerp_mode": "catmullrom"
						}
					}
				},
				"rightarmpeice2": {
					"rotation": {
						"0.0": {
							"post": [-80, 12.5, 0],
							"lerp_mode": "catmullrom"
						}
					}
				},
				"rightarmpeice3": {
					"rotation": {
						"0.0": {
							"post": [-12.5, 0, 0],
							"lerp_mode": "catmullrom"
						}
					}
				},
				"rightarmpeice4": {
					"rotation": {
						"0.0": {
							"post": [-15, 0, -5],
							"lerp_mode": "catmullrom"
						}
					}
				},
				"righthand": {
					"rotation": {
						"0.0": {
							"post": [0, -62.5, -12.5],
							"lerp_mode": "catmullrom"
						}
					}
				},
				"leftarm": {
					"rotation": {
						"0.0": {
							"post": [-20, 0, 0],
							"lerp_mode": "catmullrom"
						}
					}
				},
				"leftarmpeice": {
					"rotation": {
						"0.0": {
							"post": [-42.5, 0, 0],
							"lerp_mode": "catmullrom"
						}
					}
				},
				"leftarmpeice2": {
					"rotation": {
						"0.0": {
							"post": [0, 0, -25],
							"lerp_mode": "catmullrom"
						}
					}
				},
				"leftarmpeice3": {
					"rotation": {
						"0.0": {
							"post": [-37.5, 0, 37.5],
							"lerp_mode": "catmullrom"
						}
					}
				},
				"leftarmpeice4": {
					"rotation": {
						"0.0": {
							"post": [-42.5, 0, 0],
							"lerp_mode": "catmullrom"
						}
					}
				},
				"leftarmpeice5": {
					"rotation": {
						"0.0": {
							"post": [0, 0, -7.5],
							"lerp_mode": "catmullrom"
						}
					}
				},
				"lefthand": {
					"rotation": {
						"0.0": {
							"post": [0, 90, 10],
							"lerp_mode": "catmullrom"
						}
					}
				},
				"bowtie": {
					"rotation": {
						"0.0": {
							"post": [-50, 0, 0],
							"lerp_mode": "catmullrom"
						}
					}
				},
				"rightleg": {
					"rotation": {
						"0.0": {
							"post": [-52.5, 25, 0],
							"lerp_mode": "catmullrom"
						}
					}
				},
				"rightlegpeice": {
					"rotation": {
						"0.0": {
							"post": [62.5, 0, 0],
							"lerp_mode": "catmullrom"
						}
					}
				},
				"rightlegpeice2": {
					"rotation": {
						"0.0": {
							"post": [-77.5, -32.5, 0],
							"lerp_mode": "catmullrom"
						}
					}
				},
				"rightlegpeice3": {
					"rotation": {
						"0.0": {
							"post": [-63.30806, -3.26278, -39.69621],
							"lerp_mode": "catmullrom"
						}
					}
				},
				"rightlegpeice4": {
					"rotation": {
						"0.0": {
							"post": [20, -35, 37.5],
							"lerp_mode": "catmullrom"
						}
					}
				},
				"rightlegpeice5": {
					"rotation": {
						"0.0": {
							"post": [42.5, 0, -5],
							"lerp_mode": "catmullrom"
						}
					}
				},
				"rightfoot": {
					"rotation": {
						"0.0": {
							"post": [60, -10, 0],
							"lerp_mode": "catmullrom"
						}
					}
				},
				"leftl_sceg": {
					"rotation": {
						"0.0": {
							"post": [-27.5, 0, -7.5],
							"lerp_mode": "catmullrom"
						}
					}
				},
				"leftl_scegpeice": {
					"rotation": {
						"0.0": {
							"post": [-52.5, 0, 0],
							"lerp_mode": "catmullrom"
						}
					}
				},
				"leftl_scegpeice2": {
					"rotation": {
						"0.0": {
							"post": [35, 0, 0],
							"lerp_mode": "catmullrom"
						}
					}
				},
				"leftl_scegpeice3": {
					"rotation": {
						"0.0": {
							"post": [125, 0, 12.5],
							"lerp_mode": "catmullrom"
						}
					}
				},
				"leftl_scegpeice4": {
					"rotation": {
						"0.0": {
							"post": [35, 0, 0],
							"lerp_mode": "catmullrom"
						}
					}
				},
				"leftl_scegpeice5": {
					"rotation": {
						"0.0": {
							"post": [-27.5, 0, 0],
							"lerp_mode": "catmullrom"
						}
					}
				},
				"leftfoot": {
					"rotation": {
						"0.0": {
							"post": [-57.5, 0, 0],
							"lerp_mode": "catmullrom"
						}
					}
				}
			}
		},
		"animation.ftl_sc_huggy_wuggy_vent.moving": {
			"loop": true,
			"animation_length": 0.91667,
			"bones": {
				"waist": {
					"position": {
						"0.0": {
							"post": [0, -21, 0],
							"lerp_mode": "catmullrom"
						},
						"0.125": {
							"post": [0, -20, 0],
							"lerp_mode": "catmullrom"
						},
						"0.4167": {
							"post": [0, -21, 0],
							"lerp_mode": "catmullrom"
						},
						"0.5417": {
							"post": [0, -19.12, 0],
							"lerp_mode": "catmullrom"
						},
						"0.6667": {
							"post": [0, -18, 0],
							"lerp_mode": "catmullrom"
						},
						"0.7917": {
							"post": [0, -18.71, 0],
							"lerp_mode": "catmullrom"
						},
						"0.9167": {
							"post": [0, -21, 0],
							"lerp_mode": "catmullrom"
						}
					}
				},
				"body": {
					"rotation": {
						"0.0": {
							"post": [57.5, 0, 0],
							"lerp_mode": "catmullrom"
						},
						"0.125": {
							"post": [82.5, 0, 0],
							"lerp_mode": "catmullrom"
						},
						"0.4167": {
							"post": [57.5, 0, 0],
							"lerp_mode": "catmullrom"
						},
						"0.6667": {
							"post": [85.94, 0, 0],
							"lerp_mode": "catmullrom"
						},
						"0.9167": {
							"post": [57.5, 0, 0],
							"lerp_mode": "catmullrom"
						}
					}
				},
				"head": {
					"rotation": {
						"0.0": {
							"post": [-55, 0, 0],
							"lerp_mode": "catmullrom"
						},
						"0.125": {
							"post": [-77.5, 0, 0],
							"lerp_mode": "catmullrom"
						},
						"0.4167": {
							"post": [-55, 0, 0],
							"lerp_mode": "catmullrom"
						},
						"0.6667": {
							"post": [-81.09, 0, 0],
							"lerp_mode": "catmullrom"
						},
						"0.9167": {
							"post": [-55, 0, 0],
							"lerp_mode": "catmullrom"
						}
					}
				},
				"rightarm": {
					"rotation": {
						"0.0": {
							"post": [17.5, 0, 7.5],
							"lerp_mode": "catmullrom"
						},
						"0.4167": {
							"post": [-115, 0, 0],
							"lerp_mode": "catmullrom"
						},
						"0.9167": {
							"post": [17.5, 0, 7.5],
							"lerp_mode": "catmullrom"
						}
					}
				},
				"rightarmpeice": {
					"rotation": {
						"0.0": {
							"post": [-47.5, 0, 5],
							"lerp_mode": "catmullrom"
						},
						"0.4167": {
							"post": [-22.5, 0, 0],
							"lerp_mode": "catmullrom"
						},
						"0.9167": {
							"post": [-47.5, 0, 5],
							"lerp_mode": "catmullrom"
						}
					}
				},
				"rightarmpeice1": {
					"rotation": {
						"0.0": {
							"post": [-57.5, 17.5, 0],
							"lerp_mode": "catmullrom"
						},
						"0.1667": {
							"post": [-37.5, 7.66, 14.06],
							"lerp_mode": "catmullrom"
						},
						"0.4167": {
							"post": [22.5, 0, 25],
							"lerp_mode": "catmullrom"
						},
						"0.6667": {
							"post": [-30, 8.27, 13.18],
							"lerp_mode": "catmullrom"
						},
						"0.9167": {
							"post": [-57.5, 17.5, 0],
							"lerp_mode": "catmullrom"
						}
					}
				},
				"rightarmpeice2": {
					"rotation": {
						"0.0": {
							"post": [-72.5, 12.5, 0],
							"lerp_mode": "catmullrom"
						},
						"0.1667": {
							"post": [-43.12, -12.03, -15.47],
							"lerp_mode": "catmullrom"
						},
						"0.4167": {
							"post": [-2.5, 0, -27.5],
							"lerp_mode": "catmullrom"
						},
						"0.6667": {
							"post": [-47.46, 5.91, -14.5],
							"lerp_mode": "catmullrom"
						},
						"0.9167": {
							"post": [-72.5, 12.5, 0],
							"lerp_mode": "catmullrom"
						}
					}
				},
				"rightarmpeice3": {
					"rotation": {
						"0.0": {
							"post": [-15, 0, -10],
							"lerp_mode": "catmullrom"
						},
						"0.1667": {
							"post": [-48.59, 0, -9.37],
							"lerp_mode": "catmullrom"
						},
						"0.4167": {
							"post": [-57.5, 0, 0],
							"lerp_mode": "catmullrom"
						},
						"0.6667": {
							"post": [-34.31, 0, -4.73],
							"lerp_mode": "catmullrom"
						},
						"0.9167": {
							"post": [-15, 0, -10],
							"lerp_mode": "catmullrom"
						}
					}
				},
				"rightarmpeice4": {
					"rotation": {
						"0.0": {
							"post": [15, -5, -5],
							"lerp_mode": "catmullrom"
						},
						"0.1667": {
							"post": [34.11853, 22.20556, 5.06336],
							"lerp_mode": "catmullrom"
						},
						"0.4167": {
							"post": [30, 0, -7.5],
							"lerp_mode": "catmullrom"
						},
						"0.6667": {
							"post": [37.56, -1.54, 12.96],
							"lerp_mode": "catmullrom"
						},
						"0.9167": {
							"post": [15, -5, -5],
							"lerp_mode": "catmullrom"
						}
					}
				},
				"righthand": {
					"rotation": {
						"0.0": {
							"post": [0, -165, -5],
							"lerp_mode": "catmullrom"
						},
						"0.9167": {
							"post": [0, -165, -5],
							"lerp_mode": "catmullrom"
						}
					}
				},
				"leftarm": {
					"rotation": {
						"0.0": {
							"post": [-115, 0, 0],
							"lerp_mode": "catmullrom"
						},
						"0.4167": {
							"post": [17.5, 0, -7.5],
							"lerp_mode": "catmullrom"
						},
						"0.9167": {
							"post": [-115, 0, 0],
							"lerp_mode": "catmullrom"
						}
					}
				},
				"leftarmpeice": {
					"rotation": {
						"0.0": {
							"post": [-22.5, 0, 0],
							"lerp_mode": "catmullrom"
						},
						"0.1667": {
							"post": [-62.5, 0, 0],
							"lerp_mode": "catmullrom"
						},
						"0.9167": {
							"post": [-22.5, 0, 0],
							"lerp_mode": "catmullrom"
						}
					}
				},
				"leftarmpeice2": {
					"rotation": {
						"0.0": {
							"post": [22.5, 0, -25],
							"lerp_mode": "catmullrom"
						},
						"0.1667": {
							"post": [-30, -9.84, -10.94],
							"lerp_mode": "catmullrom"
						},
						"0.4167": {
							"post": [-57.5, -17.5, 0],
							"lerp_mode": "catmullrom"
						},
						"0.6667": {
							"post": [-29.22, -9.23, -11.82],
							"lerp_mode": "catmullrom"
						},
						"0.9167": {
							"post": [22.5, 0, -25],
							"lerp_mode": "catmullrom"
						}
					}
				},
				"leftarmpeice3": {
					"rotation": {
						"0.0": {
							"post": [-2.5, 0, 27.5],
							"lerp_mode": "catmullrom"
						},
						"0.4167": {
							"post": [-72.5, -12.5, 0],
							"lerp_mode": "catmullrom"
						},
						"0.6667": {
							"post": [-41.87, 12.97, 12.03],
							"lerp_mode": "catmullrom"
						},
						"0.9167": {
							"post": [-2.5, 0, 27.5],
							"lerp_mode": "catmullrom"
						}
					}
				},
				"leftarmpeice4": {
					"rotation": {
						"0.0": {
							"post": [-57.5, 0, 0],
							"lerp_mode": "catmullrom"
						},
						"0.1667": {
							"post": [-4.37, 0, 12.66],
							"lerp_mode": "catmullrom"
						},
						"0.4167": {
							"post": [-7.5, 0, 22.5],
							"lerp_mode": "catmullrom"
						},
						"0.6667": {
							"post": [-57.7, 0, 24.36],
							"lerp_mode": "catmullrom"
						},
						"0.9167": {
							"post": [-57.5, 0, 0],
							"lerp_mode": "catmullrom"
						}
					}
				},
				"leftarmpeice5": {
					"rotation": {
						"0.0": {
							"post": [30, 0, -7.5],
							"lerp_mode": "catmullrom"
						},
						"0.1667": {
							"post": [1.56, -2.81, -23.59],
							"lerp_mode": "catmullrom"
						},
						"0.4167": {
							"post": [-25, -5, -5],
							"lerp_mode": "catmullrom"
						},
						"0.6667": {
							"post": [31.15, -2.64, 3.82],
							"lerp_mode": "catmullrom"
						},
						"0.9167": {
							"post": [30, 0, -7.5],
							"lerp_mode": "catmullrom"
						}
					}
				},
				"lefthand": {
					"rotation": {
						"0.0": {
							"post": [0, 177.5, -15],
							"lerp_mode": "catmullrom"
						},
						"0.9167": {
							"post": [0, 177.5, -15],
							"lerp_mode": "catmullrom"
						}
					}
				},
				"bowtie": {
					"rotation": {
						"0.0": {
							"post": [-50, 0, 0],
							"lerp_mode": "catmullrom"
						},
						"0.1667": {
							"post": [-102.5, 0, 0],
							"lerp_mode": "catmullrom"
						},
						"0.4167": {
							"post": [-50, 0, 0],
							"lerp_mode": "catmullrom"
						},
						"0.6667": {
							"post": [-96.72, 0, 0],
							"lerp_mode": "catmullrom"
						},
						"0.9167": {
							"post": [-50, 0, 0],
							"lerp_mode": "catmullrom"
						}
					}
				},
				"rightleg": {
					"rotation": {
						"0.0": {
							"post": [-30, 0, 7.5],
							"lerp_mode": "catmullrom"
						},
						"0.4167": {
							"post": [20, 0, 7.5],
							"lerp_mode": "catmullrom"
						},
						"0.9167": {
							"post": [-30, 0, 7.5],
							"lerp_mode": "catmullrom"
						}
					},
					"position": {
						"0.0": {
							"post": [0, 0, 0],
							"lerp_mode": "catmullrom"
						},
						"0.9167": {
							"post": [0, 0, 0],
							"lerp_mode": "catmullrom"
						}
					}
				},
				"rightlegpeice": {
					"rotation": {
						"0.0": {
							"post": [-45, 0, 0],
							"lerp_mode": "catmullrom"
						},
						"0.4167": {
							"post": [-105, 0, 0],
							"lerp_mode": "catmullrom"
						},
						"0.6667": {
							"post": [-105, 0, 0],
							"lerp_mode": "catmullrom"
						},
						"0.9167": {
							"post": [-45, 0, 0],
							"lerp_mode": "catmullrom"
						}
					},
					"position": {
						"0.0": {
							"post": [0, 0, 0],
							"lerp_mode": "catmullrom"
						},
						"0.2917": {
							"post": [0, 3, 0],
							"lerp_mode": "catmullrom"
						},
						"0.4167": {
							"post": [0, 0, 0],
							"lerp_mode": "catmullrom"
						},
						"0.9167": {
							"post": [0, 0, 0],
							"lerp_mode": "catmullrom"
						}
					}
				},
				"rightlegpeice2": {
					"rotation": {
						"0.0": {
							"post": [-12.5, 0, 0],
							"lerp_mode": "catmullrom"
						},
						"0.4167": {
							"post": [35, 0, 0],
							"lerp_mode": "catmullrom"
						},
						"0.9167": {
							"post": [-12.5, 0, 0],
							"lerp_mode": "catmullrom"
						}
					},
					"position": {
						"0.0": {
							"post": [0, 0, 0],
							"lerp_mode": "catmullrom"
						},
						"0.1667": {
							"post": [0, 3, 0],
							"lerp_mode": "catmullrom"
						},
						"0.2917": {
							"post": [0, 2.5, 0],
							"lerp_mode": "catmullrom"
						},
						"0.4167": {
							"post": [0, 0, 0],
							"lerp_mode": "catmullrom"
						},
						"0.5417": {
							"post": [0, 0, 0],
							"lerp_mode": "catmullrom"
						},
						"0.9167": {
							"post": [0, 0, 0],
							"lerp_mode": "catmullrom"
						}
					}
				},
				"rightlegpeice3": {
					"rotation": {
						"0.0": {
							"post": [57.5, 0, -12.5],
							"lerp_mode": "catmullrom"
						},
						"0.4167": {
							"post": [125, 0, -12.5],
							"lerp_mode": "catmullrom"
						},
						"0.9167": {
							"post": [57.5, 0, -12.5],
							"lerp_mode": "catmullrom"
						}
					},
					"position": {
						"0.0": {
							"post": [0, 0, 0],
							"lerp_mode": "catmullrom"
						},
						"0.1667": {
							"post": [0, 2, 0],
							"lerp_mode": "catmullrom"
						},
						"0.4167": {
							"post": [0, 0, 0],
							"lerp_mode": "catmullrom"
						},
						"0.5417": {
							"post": [0, 0, -2],
							"lerp_mode": "catmullrom"
						},
						"0.9167": {
							"post": [0, 0, 0],
							"lerp_mode": "catmullrom"
						}
					}
				},
				"rightlegpeice4": {
					"rotation": {
						"0.0": {
							"post": [-55, 0, 0],
							"lerp_mode": "catmullrom"
						},
						"0.1667": {
							"post": [-61.87, 0, 0],
							"lerp_mode": "catmullrom"
						},
						"0.4167": {
							"post": [35, 0, 0],
							"lerp_mode": "catmullrom"
						},
						"0.9167": {
							"post": [-55, 0, 0],
							"lerp_mode": "catmullrom"
						}
					},
					"position": {
						"0.0": {
							"post": [0, 0, 0],
							"lerp_mode": "catmullrom"
						},
						"0.1667": {
							"post": [0, 4, 0],
							"lerp_mode": "catmullrom"
						},
						"0.2917": {
							"post": [0, 4, 0],
							"lerp_mode": "catmullrom"
						},
						"0.4167": {
							"post": [0, 0, 0],
							"lerp_mode": "catmullrom"
						},
						"0.5417": {
							"post": [0, 3, 0],
							"lerp_mode": "catmullrom"
						},
						"0.9167": {
							"post": [0, 0, 0],
							"lerp_mode": "catmullrom"
						}
					}
				},
				"rightlegpeice5": {
					"rotation": {
						"0.0": {
							"post": [-20.68834, 4.732, 10.0487],
							"lerp_mode": "catmullrom"
						},
						"0.2917": {
							"post": [-23.46, -1.07, -2.28],
							"lerp_mode": "catmullrom"
						},
						"0.4167": {
							"post": [-27.5, 0, 0],
							"lerp_mode": "catmullrom"
						},
						"0.9167": {
							"post": [-20.68834, 4.732, 10.0487],
							"lerp_mode": "catmullrom"
						}
					},
					"position": {
						"0.0": {
							"post": [0, 0, 0],
							"lerp_mode": "catmullrom"
						},
						"0.1667": {
							"post": [0, 5, 0],
							"lerp_mode": "catmullrom"
						},
						"0.2917": {
							"post": [0, 4.5, 0],
							"lerp_mode": "catmullrom"
						},
						"0.4167": {
							"post": [0, 0, 0],
							"lerp_mode": "catmullrom"
						},
						"0.5417": {
							"post": [0, 3, 0],
							"lerp_mode": "catmullrom"
						},
						"0.9167": {
							"post": [0, 0, 0],
							"lerp_mode": "catmullrom"
						}
					}
				},
				"rightfoot": {
					"rotation": {
						"0.0": {
							"post": [130, 0, 0],
							"lerp_mode": "catmullrom"
						},
						"0.1667": {
							"post": [50.47, 0, 0],
							"lerp_mode": "catmullrom"
						},
						"0.2917": {
							"post": [-44.03355, 0.60216, -0.20735],
							"lerp_mode": "catmullrom"
						},
						"0.4167": {
							"post": [-57.5, 0, 0],
							"lerp_mode": "catmullrom"
						},
						"0.9167": {
							"post": [130, 0, 0],
							"lerp_mode": "catmullrom"
						}
					}
				},
				"leftl_sceg": {
					"rotation": {
						"0.0": {
							"post": [20, 0, -7.5],
							"lerp_mode": "catmullrom"
						},
						"0.4167": {
							"post": [-30, 0, -7.5],
							"lerp_mode": "catmullrom"
						},
						"0.9167": {
							"post": [20, 0, -7.5],
							"lerp_mode": "catmullrom"
						}
					},
					"position": {
						"0.0": {
							"post": [0, 0, 0],
							"lerp_mode": "catmullrom"
						},
						"0.9167": {
							"post": [0, 0, 0],
							"lerp_mode": "catmullrom"
						}
					}
				},
				"leftl_scegpeice": {
					"rotation": {
						"0.0": {
							"post": [-105, 0, 0],
							"lerp_mode": "catmullrom"
						},
						"0.1667": {
							"post": [-105, 0, 0],
							"lerp_mode": "catmullrom"
						},
						"0.4167": {
							"post": [-45, 0, 0],
							"lerp_mode": "catmullrom"
						},
						"0.9167": {
							"post": [-105, 0, 0],
							"lerp_mode": "catmullrom"
						}
					},
					"position": {
						"0.0": {
							"post": [0, 0, 0],
							"lerp_mode": "catmullrom"
						},
						"0.4167": {
							"post": [0, 0, 0],
							"lerp_mode": "catmullrom"
						},
						"0.9167": {
							"post": [0, 0, 0],
							"lerp_mode": "catmullrom"
						}
					}
				},
				"leftl_scegpeice2": {
					"rotation": {
						"0.0": {
							"post": [35, 0, 0],
							"lerp_mode": "catmullrom"
						},
						"0.4167": {
							"post": [-12.5, 0, 0],
							"lerp_mode": "catmullrom"
						},
						"0.9167": {
							"post": [35, 0, 0],
							"lerp_mode": "catmullrom"
						}
					},
					"position": {
						"0.0": {
							"post": [0, 0, 0],
							"lerp_mode": "catmullrom"
						},
						"0.125": {
							"post": [0, 0, 0],
							"lerp_mode": "catmullrom"
						},
						"0.4167": {
							"post": [0, 0, 0],
							"lerp_mode": "catmullrom"
						},
						"0.6667": {
							"post": [0, 3, 0],
							"lerp_mode": "catmullrom"
						},
						"0.9167": {
							"post": [0, 0, 0],
							"lerp_mode": "catmullrom"
						}
					}
				},
				"leftl_scegpeice3": {
					"rotation": {
						"0.0": {
							"post": [125, 0, 12.5],
							"lerp_mode": "catmullrom"
						},
						"0.4167": {
							"post": [57.5, 0, 12.5],
							"lerp_mode": "catmullrom"
						},
						"0.9167": {
							"post": [125, 0, 12.5],
							"lerp_mode": "catmullrom"
						}
					},
					"position": {
						"0.0": {
							"post": [0, 0, 0],
							"lerp_mode": "catmullrom"
						},
						"0.125": {
							"post": [0, 0, -2],
							"lerp_mode": "catmullrom"
						},
						"0.4167": {
							"post": [0, 0, 0],
							"lerp_mode": "catmullrom"
						},
						"0.6667": {
							"post": [0, 2, 0],
							"lerp_mode": "catmullrom"
						},
						"0.9167": {
							"post": [0, 0, 0],
							"lerp_mode": "catmullrom"
						}
					}
				},
				"leftl_scegpeice4": {
					"rotation": {
						"0.0": {
							"post": [35, 0, 0],
							"lerp_mode": "catmullrom"
						},
						"0.4167": {
							"post": [-55, 0, 0],
							"lerp_mode": "catmullrom"
						},
						"0.9167": {
							"post": [35, 0, 0],
							"lerp_mode": "catmullrom"
						}
					},
					"position": {
						"0.0": {
							"post": [0, 0, 0],
							"lerp_mode": "catmullrom"
						},
						"0.125": {
							"post": [0, 3, 0],
							"lerp_mode": "catmullrom"
						},
						"0.4167": {
							"post": [0, 0, 0],
							"lerp_mode": "catmullrom"
						},
						"0.6667": {
							"post": [0, 4, 0],
							"lerp_mode": "catmullrom"
						},
						"0.7917": {
							"post": [0, 4, 0],
							"lerp_mode": "catmullrom"
						},
						"0.9167": {
							"post": [0, 0, 0],
							"lerp_mode": "catmullrom"
						}
					}
				},
				"leftl_scegpeice5": {
					"rotation": {
						"0.0": {
							"post": [-27.5, 0, 0],
							"lerp_mode": "catmullrom"
						},
						"0.4167": {
							"post": [-20.68834, -4.73197, -10.04866],
							"lerp_mode": "catmullrom"
						},
						"0.7917": {
							"post": [-23.46, -1.07, -2.28],
							"lerp_mode": "catmullrom"
						},
						"0.9167": {
							"post": [-27.5, 0, 0],
							"lerp_mode": "catmullrom"
						}
					},
					"position": {
						"0.0": {
							"post": [0, 0, 0],
							"lerp_mode": "catmullrom"
						},
						"0.125": {
							"post": [0, 3, 0],
							"lerp_mode": "catmullrom"
						},
						"0.4167": {
							"post": [0, 0, 0],
							"lerp_mode": "catmullrom"
						},
						"0.6667": {
							"post": [0, 5, 0],
							"lerp_mode": "catmullrom"
						},
						"0.7917": {
							"post": [0, 4.5, 0],
							"lerp_mode": "catmullrom"
						},
						"0.9167": {
							"post": [0, 0, 0],
							"lerp_mode": "catmullrom"
						}
					}
				},
				"leftfoot": {
					"rotation": {
						"0.0": {
							"post": [-57.5, 0, 0],
							"lerp_mode": "catmullrom"
						},
						"0.4167": {
							"post": [130, 0, 0],
							"lerp_mode": "catmullrom"
						},
						"0.6667": {
							"post": [22.97, 0, 0],
							"lerp_mode": "catmullrom"
						},
						"0.7917": {
							"post": [-46.45, 0, 0],
							"lerp_mode": "catmullrom"
						},
						"0.9167": {
							"post": [-57.5, 0, 0],
							"lerp_mode": "catmullrom"
						}
					}
				}
			}
		},
		"animation.ftl_sc_huggy_wuggy_vent.running": {
			"loop": true,
			"animation_length": 0.91667,
			"bones": {
				"waist": {
					"position": {
						"0.0": {
							"post": [0, -21, 0],
							"lerp_mode": "catmullrom"
						},
						"0.125": {
							"post": [0, -20, 0],
							"lerp_mode": "catmullrom"
						},
						"0.4167": {
							"post": [0, -21, 0],
							"lerp_mode": "catmullrom"
						},
						"0.5417": {
							"post": [0, -19.12, 0],
							"lerp_mode": "catmullrom"
						},
						"0.6667": {
							"post": [0, -18, 0],
							"lerp_mode": "catmullrom"
						},
						"0.7917": {
							"post": [0, -18.71, 0],
							"lerp_mode": "catmullrom"
						},
						"0.9167": {
							"post": [0, -21, 0],
							"lerp_mode": "catmullrom"
						}
					}
				},
				"body": {
					"rotation": {
						"0.0": {
							"post": [57.5, 0, 0],
							"lerp_mode": "catmullrom"
						},
						"0.125": {
							"post": [82.5, 0, 0],
							"lerp_mode": "catmullrom"
						},
						"0.4167": {
							"post": [57.5, 0, 0],
							"lerp_mode": "catmullrom"
						},
						"0.6667": {
							"post": [85.94, 0, 0],
							"lerp_mode": "catmullrom"
						},
						"0.9167": {
							"post": [57.5, 0, 0],
							"lerp_mode": "catmullrom"
						}
					}
				},
				"head": {
					"rotation": {
						"0.0": {
							"post": [-55, 0, 0],
							"lerp_mode": "catmullrom"
						},
						"0.125": {
							"post": [-77.5, 0, 0],
							"lerp_mode": "catmullrom"
						},
						"0.4167": {
							"post": [-55, 0, 0],
							"lerp_mode": "catmullrom"
						},
						"0.6667": {
							"post": [-81.09, 0, 0],
							"lerp_mode": "catmullrom"
						},
						"0.9167": {
							"post": [-55, 0, 0],
							"lerp_mode": "catmullrom"
						}
					}
				},
				"rightarm": {
					"rotation": {
						"0.0": {
							"post": [17.5, 0, 7.5],
							"lerp_mode": "catmullrom"
						},
						"0.4167": {
							"post": [-115, 0, 0],
							"lerp_mode": "catmullrom"
						},
						"0.9167": {
							"post": [17.5, 0, 7.5],
							"lerp_mode": "catmullrom"
						}
					}
				},
				"rightarmpeice": {
					"rotation": {
						"0.0": {
							"post": [-47.5, 0, 5],
							"lerp_mode": "catmullrom"
						},
						"0.4167": {
							"post": [-22.5, 0, 0],
							"lerp_mode": "catmullrom"
						},
						"0.9167": {
							"post": [-47.5, 0, 5],
							"lerp_mode": "catmullrom"
						}
					}
				},
				"rightarmpeice1": {
					"rotation": {
						"0.0": {
							"post": [-57.5, 17.5, 0],
							"lerp_mode": "catmullrom"
						},
						"0.1667": {
							"post": [-37.5, 7.66, 14.06],
							"lerp_mode": "catmullrom"
						},
						"0.4167": {
							"post": [22.5, 0, 25],
							"lerp_mode": "catmullrom"
						},
						"0.6667": {
							"post": [-30, 8.27, 13.18],
							"lerp_mode": "catmullrom"
						},
						"0.9167": {
							"post": [-57.5, 17.5, 0],
							"lerp_mode": "catmullrom"
						}
					}
				},
				"rightarmpeice2": {
					"rotation": {
						"0.0": {
							"post": [-72.5, 12.5, 0],
							"lerp_mode": "catmullrom"
						},
						"0.1667": {
							"post": [-43.12, -12.03, -15.47],
							"lerp_mode": "catmullrom"
						},
						"0.4167": {
							"post": [-2.5, 0, -27.5],
							"lerp_mode": "catmullrom"
						},
						"0.6667": {
							"post": [-47.46, 5.91, -14.5],
							"lerp_mode": "catmullrom"
						},
						"0.9167": {
							"post": [-72.5, 12.5, 0],
							"lerp_mode": "catmullrom"
						}
					}
				},
				"rightarmpeice3": {
					"rotation": {
						"0.0": {
							"post": [-15, 0, -10],
							"lerp_mode": "catmullrom"
						},
						"0.1667": {
							"post": [-48.59, 0, -9.37],
							"lerp_mode": "catmullrom"
						},
						"0.4167": {
							"post": [-57.5, 0, 0],
							"lerp_mode": "catmullrom"
						},
						"0.6667": {
							"post": [-34.31, 0, -4.73],
							"lerp_mode": "catmullrom"
						},
						"0.9167": {
							"post": [-15, 0, -10],
							"lerp_mode": "catmullrom"
						}
					}
				},
				"rightarmpeice4": {
					"rotation": {
						"0.0": {
							"post": [15, -5, -5],
							"lerp_mode": "catmullrom"
						},
						"0.1667": {
							"post": [34.11853, 22.20556, 5.06336],
							"lerp_mode": "catmullrom"
						},
						"0.4167": {
							"post": [30, 0, -7.5],
							"lerp_mode": "catmullrom"
						},
						"0.6667": {
							"post": [37.56, -1.54, 12.96],
							"lerp_mode": "catmullrom"
						},
						"0.9167": {
							"post": [15, -5, -5],
							"lerp_mode": "catmullrom"
						}
					}
				},
				"righthand": {
					"rotation": {
						"0.0": {
							"post": [0, -165, -5],
							"lerp_mode": "catmullrom"
						},
						"0.9167": {
							"post": [0, -165, -5],
							"lerp_mode": "catmullrom"
						}
					}
				},
				"leftarm": {
					"rotation": {
						"0.0": {
							"post": [-115, 0, 0],
							"lerp_mode": "catmullrom"
						},
						"0.4167": {
							"post": [17.5, 0, -7.5],
							"lerp_mode": "catmullrom"
						},
						"0.9167": {
							"post": [-115, 0, 0],
							"lerp_mode": "catmullrom"
						}
					}
				},
				"leftarmpeice": {
					"rotation": {
						"0.0": {
							"post": [-22.5, 0, 0],
							"lerp_mode": "catmullrom"
						},
						"0.1667": {
							"post": [-62.5, 0, 0],
							"lerp_mode": "catmullrom"
						},
						"0.9167": {
							"post": [-22.5, 0, 0],
							"lerp_mode": "catmullrom"
						}
					}
				},
				"leftarmpeice2": {
					"rotation": {
						"0.0": {
							"post": [22.5, 0, -25],
							"lerp_mode": "catmullrom"
						},
						"0.1667": {
							"post": [-30, -9.84, -10.94],
							"lerp_mode": "catmullrom"
						},
						"0.4167": {
							"post": [-57.5, -17.5, 0],
							"lerp_mode": "catmullrom"
						},
						"0.6667": {
							"post": [-29.22, -9.23, -11.82],
							"lerp_mode": "catmullrom"
						},
						"0.9167": {
							"post": [22.5, 0, -25],
							"lerp_mode": "catmullrom"
						}
					}
				},
				"leftarmpeice3": {
					"rotation": {
						"0.0": {
							"post": [-2.5, 0, 27.5],
							"lerp_mode": "catmullrom"
						},
						"0.4167": {
							"post": [-72.5, -12.5, 0],
							"lerp_mode": "catmullrom"
						},
						"0.6667": {
							"post": [-41.87, 12.97, 12.03],
							"lerp_mode": "catmullrom"
						},
						"0.9167": {
							"post": [-2.5, 0, 27.5],
							"lerp_mode": "catmullrom"
						}
					}
				},
				"leftarmpeice4": {
					"rotation": {
						"0.0": {
							"post": [-57.5, 0, 0],
							"lerp_mode": "catmullrom"
						},
						"0.1667": {
							"post": [-4.37, 0, 12.66],
							"lerp_mode": "catmullrom"
						},
						"0.4167": {
							"post": [-7.5, 0, 22.5],
							"lerp_mode": "catmullrom"
						},
						"0.6667": {
							"post": [-57.7, 0, 24.36],
							"lerp_mode": "catmullrom"
						},
						"0.9167": {
							"post": [-57.5, 0, 0],
							"lerp_mode": "catmullrom"
						}
					}
				},
				"leftarmpeice5": {
					"rotation": {
						"0.0": {
							"post": [30, 0, -7.5],
							"lerp_mode": "catmullrom"
						},
						"0.1667": {
							"post": [1.56, -2.81, -23.59],
							"lerp_mode": "catmullrom"
						},
						"0.4167": {
							"post": [-25, -5, -5],
							"lerp_mode": "catmullrom"
						},
						"0.6667": {
							"post": [31.15, -2.64, 3.82],
							"lerp_mode": "catmullrom"
						},
						"0.9167": {
							"post": [30, 0, -7.5],
							"lerp_mode": "catmullrom"
						}
					}
				},
				"lefthand": {
					"rotation": {
						"0.0": {
							"post": [0, 177.5, -15],
							"lerp_mode": "catmullrom"
						},
						"0.9167": {
							"post": [0, 177.5, -15],
							"lerp_mode": "catmullrom"
						}
					}
				},
				"bowtie": {
					"rotation": {
						"0.0": {
							"post": [-50, 0, 0],
							"lerp_mode": "catmullrom"
						},
						"0.1667": {
							"post": [-102.5, 0, 0],
							"lerp_mode": "catmullrom"
						},
						"0.4167": {
							"post": [-50, 0, 0],
							"lerp_mode": "catmullrom"
						},
						"0.6667": {
							"post": [-96.72, 0, 0],
							"lerp_mode": "catmullrom"
						},
						"0.9167": {
							"post": [-50, 0, 0],
							"lerp_mode": "catmullrom"
						}
					}
				},
				"rightleg": {
					"rotation": {
						"0.0": {
							"post": [-30, 0, 7.5],
							"lerp_mode": "catmullrom"
						},
						"0.4167": {
							"post": [20, 0, 7.5],
							"lerp_mode": "catmullrom"
						},
						"0.9167": {
							"post": [-30, 0, 7.5],
							"lerp_mode": "catmullrom"
						}
					},
					"position": {
						"0.0": {
							"post": [0, 0, 0],
							"lerp_mode": "catmullrom"
						},
						"0.9167": {
							"post": [0, 0, 0],
							"lerp_mode": "catmullrom"
						}
					}
				},
				"rightlegpeice": {
					"rotation": {
						"0.0": {
							"post": [-45, 0, 0],
							"lerp_mode": "catmullrom"
						},
						"0.4167": {
							"post": [-105, 0, 0],
							"lerp_mode": "catmullrom"
						},
						"0.6667": {
							"post": [-105, 0, 0],
							"lerp_mode": "catmullrom"
						},
						"0.9167": {
							"post": [-45, 0, 0],
							"lerp_mode": "catmullrom"
						}
					},
					"position": {
						"0.0": {
							"post": [0, 0, 0],
							"lerp_mode": "catmullrom"
						},
						"0.2917": {
							"post": [0, 3, 0],
							"lerp_mode": "catmullrom"
						},
						"0.4167": {
							"post": [0, 0, 0],
							"lerp_mode": "catmullrom"
						},
						"0.9167": {
							"post": [0, 0, 0],
							"lerp_mode": "catmullrom"
						}
					}
				},
				"rightlegpeice2": {
					"rotation": {
						"0.0": {
							"post": [-12.5, 0, 0],
							"lerp_mode": "catmullrom"
						},
						"0.4167": {
							"post": [35, 0, 0],
							"lerp_mode": "catmullrom"
						},
						"0.9167": {
							"post": [-12.5, 0, 0],
							"lerp_mode": "catmullrom"
						}
					},
					"position": {
						"0.0": {
							"post": [0, 0, 0],
							"lerp_mode": "catmullrom"
						},
						"0.1667": {
							"post": [0, 3, 0],
							"lerp_mode": "catmullrom"
						},
						"0.2917": {
							"post": [0, 2.5, 0],
							"lerp_mode": "catmullrom"
						},
						"0.4167": {
							"post": [0, 0, 0],
							"lerp_mode": "catmullrom"
						},
						"0.5417": {
							"post": [0, 0, 0],
							"lerp_mode": "catmullrom"
						},
						"0.9167": {
							"post": [0, 0, 0],
							"lerp_mode": "catmullrom"
						}
					}
				},
				"rightlegpeice3": {
					"rotation": {
						"0.0": {
							"post": [57.5, 0, -12.5],
							"lerp_mode": "catmullrom"
						},
						"0.4167": {
							"post": [125, 0, -12.5],
							"lerp_mode": "catmullrom"
						},
						"0.9167": {
							"post": [57.5, 0, -12.5],
							"lerp_mode": "catmullrom"
						}
					},
					"position": {
						"0.0": {
							"post": [0, 0, 0],
							"lerp_mode": "catmullrom"
						},
						"0.1667": {
							"post": [0, 2, 0],
							"lerp_mode": "catmullrom"
						},
						"0.4167": {
							"post": [0, 0, 0],
							"lerp_mode": "catmullrom"
						},
						"0.5417": {
							"post": [0, 0, -2],
							"lerp_mode": "catmullrom"
						},
						"0.9167": {
							"post": [0, 0, 0],
							"lerp_mode": "catmullrom"
						}
					}
				},
				"rightlegpeice4": {
					"rotation": {
						"0.0": {
							"post": [-55, 0, 0],
							"lerp_mode": "catmullrom"
						},
						"0.1667": {
							"post": [-61.87, 0, 0],
							"lerp_mode": "catmullrom"
						},
						"0.4167": {
							"post": [35, 0, 0],
							"lerp_mode": "catmullrom"
						},
						"0.9167": {
							"post": [-55, 0, 0],
							"lerp_mode": "catmullrom"
						}
					},
					"position": {
						"0.0": {
							"post": [0, 0, 0],
							"lerp_mode": "catmullrom"
						},
						"0.1667": {
							"post": [0, 4, 0],
							"lerp_mode": "catmullrom"
						},
						"0.2917": {
							"post": [0, 4, 0],
							"lerp_mode": "catmullrom"
						},
						"0.4167": {
							"post": [0, 0, 0],
							"lerp_mode": "catmullrom"
						},
						"0.5417": {
							"post": [0, 3, 0],
							"lerp_mode": "catmullrom"
						},
						"0.9167": {
							"post": [0, 0, 0],
							"lerp_mode": "catmullrom"
						}
					}
				},
				"rightlegpeice5": {
					"rotation": {
						"0.0": {
							"post": [-20.68834, 4.732, 10.0487],
							"lerp_mode": "catmullrom"
						},
						"0.2917": {
							"post": [-23.46, -1.07, -2.28],
							"lerp_mode": "catmullrom"
						},
						"0.4167": {
							"post": [-27.5, 0, 0],
							"lerp_mode": "catmullrom"
						},
						"0.9167": {
							"post": [-20.68834, 4.732, 10.0487],
							"lerp_mode": "catmullrom"
						}
					},
					"position": {
						"0.0": {
							"post": [0, 0, 0],
							"lerp_mode": "catmullrom"
						},
						"0.1667": {
							"post": [0, 5, 0],
							"lerp_mode": "catmullrom"
						},
						"0.2917": {
							"post": [0, 4.5, 0],
							"lerp_mode": "catmullrom"
						},
						"0.4167": {
							"post": [0, 0, 0],
							"lerp_mode": "catmullrom"
						},
						"0.5417": {
							"post": [0, 3, 0],
							"lerp_mode": "catmullrom"
						},
						"0.9167": {
							"post": [0, 0, 0],
							"lerp_mode": "catmullrom"
						}
					}
				},
				"rightfoot": {
					"rotation": {
						"0.0": {
							"post": [130, 0, 0],
							"lerp_mode": "catmullrom"
						},
						"0.1667": {
							"post": [50.47, 0, 0],
							"lerp_mode": "catmullrom"
						},
						"0.2917": {
							"post": [-44.03355, 0.60216, -0.20735],
							"lerp_mode": "catmullrom"
						},
						"0.4167": {
							"post": [-57.5, 0, 0],
							"lerp_mode": "catmullrom"
						},
						"0.9167": {
							"post": [130, 0, 0],
							"lerp_mode": "catmullrom"
						}
					}
				},
				"leftl_sceg": {
					"rotation": {
						"0.0": {
							"post": [20, 0, -7.5],
							"lerp_mode": "catmullrom"
						},
						"0.4167": {
							"post": [-30, 0, -7.5],
							"lerp_mode": "catmullrom"
						},
						"0.9167": {
							"post": [20, 0, -7.5],
							"lerp_mode": "catmullrom"
						}
					},
					"position": {
						"0.0": {
							"post": [0, 0, 0],
							"lerp_mode": "catmullrom"
						},
						"0.9167": {
							"post": [0, 0, 0],
							"lerp_mode": "catmullrom"
						}
					}
				},
				"leftl_scegpeice": {
					"rotation": {
						"0.0": {
							"post": [-105, 0, 0],
							"lerp_mode": "catmullrom"
						},
						"0.1667": {
							"post": [-105, 0, 0],
							"lerp_mode": "catmullrom"
						},
						"0.4167": {
							"post": [-45, 0, 0],
							"lerp_mode": "catmullrom"
						},
						"0.9167": {
							"post": [-105, 0, 0],
							"lerp_mode": "catmullrom"
						}
					},
					"position": {
						"0.0": {
							"post": [0, 0, 0],
							"lerp_mode": "catmullrom"
						},
						"0.4167": {
							"post": [0, 0, 0],
							"lerp_mode": "catmullrom"
						},
						"0.9167": {
							"post": [0, 0, 0],
							"lerp_mode": "catmullrom"
						}
					}
				},
				"leftl_scegpeice2": {
					"rotation": {
						"0.0": {
							"post": [35, 0, 0],
							"lerp_mode": "catmullrom"
						},
						"0.4167": {
							"post": [-12.5, 0, 0],
							"lerp_mode": "catmullrom"
						},
						"0.9167": {
							"post": [35, 0, 0],
							"lerp_mode": "catmullrom"
						}
					},
					"position": {
						"0.0": {
							"post": [0, 0, 0],
							"lerp_mode": "catmullrom"
						},
						"0.125": {
							"post": [0, 0, 0],
							"lerp_mode": "catmullrom"
						},
						"0.4167": {
							"post": [0, 0, 0],
							"lerp_mode": "catmullrom"
						},
						"0.6667": {
							"post": [0, 3, 0],
							"lerp_mode": "catmullrom"
						},
						"0.9167": {
							"post": [0, 0, 0],
							"lerp_mode": "catmullrom"
						}
					}
				},
				"leftl_scegpeice3": {
					"rotation": {
						"0.0": {
							"post": [125, 0, 12.5],
							"lerp_mode": "catmullrom"
						},
						"0.4167": {
							"post": [57.5, 0, 12.5],
							"lerp_mode": "catmullrom"
						},
						"0.9167": {
							"post": [125, 0, 12.5],
							"lerp_mode": "catmullrom"
						}
					},
					"position": {
						"0.0": {
							"post": [0, 0, 0],
							"lerp_mode": "catmullrom"
						},
						"0.125": {
							"post": [0, 0, -2],
							"lerp_mode": "catmullrom"
						},
						"0.4167": {
							"post": [0, 0, 0],
							"lerp_mode": "catmullrom"
						},
						"0.6667": {
							"post": [0, 2, 0],
							"lerp_mode": "catmullrom"
						},
						"0.9167": {
							"post": [0, 0, 0],
							"lerp_mode": "catmullrom"
						}
					}
				},
				"leftl_scegpeice4": {
					"rotation": {
						"0.0": {
							"post": [35, 0, 0],
							"lerp_mode": "catmullrom"
						},
						"0.4167": {
							"post": [-55, 0, 0],
							"lerp_mode": "catmullrom"
						},
						"0.9167": {
							"post": [35, 0, 0],
							"lerp_mode": "catmullrom"
						}
					},
					"position": {
						"0.0": {
							"post": [0, 0, 0],
							"lerp_mode": "catmullrom"
						},
						"0.125": {
							"post": [0, 3, 0],
							"lerp_mode": "catmullrom"
						},
						"0.4167": {
							"post": [0, 0, 0],
							"lerp_mode": "catmullrom"
						},
						"0.6667": {
							"post": [0, 4, 0],
							"lerp_mode": "catmullrom"
						},
						"0.7917": {
							"post": [0, 4, 0],
							"lerp_mode": "catmullrom"
						},
						"0.9167": {
							"post": [0, 0, 0],
							"lerp_mode": "catmullrom"
						}
					}
				},
				"leftl_scegpeice5": {
					"rotation": {
						"0.0": {
							"post": [-27.5, 0, 0],
							"lerp_mode": "catmullrom"
						},
						"0.4167": {
							"post": [-20.68834, -4.73197, -10.04866],
							"lerp_mode": "catmullrom"
						},
						"0.7917": {
							"post": [-23.46, -1.07, -2.28],
							"lerp_mode": "catmullrom"
						},
						"0.9167": {
							"post": [-27.5, 0, 0],
							"lerp_mode": "catmullrom"
						}
					},
					"position": {
						"0.0": {
							"post": [0, 0, 0],
							"lerp_mode": "catmullrom"
						},
						"0.125": {
							"post": [0, 3, 0],
							"lerp_mode": "catmullrom"
						},
						"0.4167": {
							"post": [0, 0, 0],
							"lerp_mode": "catmullrom"
						},
						"0.6667": {
							"post": [0, 5, 0],
							"lerp_mode": "catmullrom"
						},
						"0.7917": {
							"post": [0, 4.5, 0],
							"lerp_mode": "catmullrom"
						},
						"0.9167": {
							"post": [0, 0, 0],
							"lerp_mode": "catmullrom"
						}
					}
				},
				"leftfoot": {
					"rotation": {
						"0.0": {
							"post": [-57.5, 0, 0],
							"lerp_mode": "catmullrom"
						},
						"0.4167": {
							"post": [130, 0, 0],
							"lerp_mode": "catmullrom"
						},
						"0.6667": {
							"post": [22.97, 0, 0],
							"lerp_mode": "catmullrom"
						},
						"0.7917": {
							"post": [-46.45, 0, 0],
							"lerp_mode": "catmullrom"
						},
						"0.9167": {
							"post": [-57.5, 0, 0],
							"lerp_mode": "catmullrom"
						}
					}
				}
			}
		},
		"animation.ftl_sc_huggy_wuggy_vent.looking": {
			"loop": true,
			"bones": {
				"head": {
					"rotation": ["query.target_x_rotation", "query.target_y_rotation", 0]
				}
			}
		},
		"animation.ftl_sc_huggy_wuggy_vent.general": {
			"loop": true,
			"animation_length": 0.33333,
			"bones": {
				"waist": {
					"position": {
						"0.0": {
							"post": [0, -21, 0],
							"lerp_mode": "catmullrom"
						}
					}
				},
				"body": {
					"rotation": {
						"0.0": {
							"post": [57.5, 0, 0],
							"lerp_mode": "catmullrom"
						}
					}
				},
				"head": {
					"rotation": {
						"0.0": {
							"post": [-55, 0, 0],
							"lerp_mode": "catmullrom"
						}
					}
				},
				"rightarm": {
					"rotation": {
						"0.0": {
							"post": [-10, 0, 0],
							"lerp_mode": "catmullrom"
						}
					}
				},
				"rightarmpeice": {
					"rotation": {
						"0.0": {
							"post": [-27.5, 0, 10],
							"lerp_mode": "catmullrom"
						}
					}
				},
				"rightarmpeice1": {
					"rotation": {
						"0.0": {
							"post": [0, 0, -12.5],
							"lerp_mode": "catmullrom"
						}
					}
				},
				"rightarmpeice2": {
					"rotation": {
						"0.0": {
							"post": [-80, 12.5, 0],
							"lerp_mode": "catmullrom"
						}
					}
				},
				"rightarmpeice3": {
					"rotation": {
						"0.0": {
							"post": [-12.5, 0, 0],
							"lerp_mode": "catmullrom"
						}
					}
				},
				"rightarmpeice4": {
					"rotation": {
						"0.0": {
							"post": [-15, 0, -5],
							"lerp_mode": "catmullrom"
						}
					}
				},
				"righthand": {
					"rotation": {
						"0.0": {
							"post": [0, -62.5, -12.5],
							"lerp_mode": "catmullrom"
						}
					}
				},
				"leftarm": {
					"rotation": {
						"0.0": {
							"post": [-20, 0, 0],
							"lerp_mode": "catmullrom"
						}
					}
				},
				"leftarmpeice": {
					"rotation": {
						"0.0": {
							"post": [-42.5, 0, 0],
							"lerp_mode": "catmullrom"
						}
					}
				},
				"leftarmpeice2": {
					"rotation": {
						"0.0": {
							"post": [0, 0, -25],
							"lerp_mode": "catmullrom"
						}
					}
				},
				"leftarmpeice3": {
					"rotation": {
						"0.0": {
							"post": [-37.5, 0, 37.5],
							"lerp_mode": "catmullrom"
						}
					}
				},
				"leftarmpeice4": {
					"rotation": {
						"0.0": {
							"post": [-42.5, 0, 0],
							"lerp_mode": "catmullrom"
						}
					}
				},
				"leftarmpeice5": {
					"rotation": {
						"0.0": {
							"post": [0, 0, -7.5],
							"lerp_mode": "catmullrom"
						}
					}
				},
				"lefthand": {
					"rotation": {
						"0.0": {
							"post": [0, 90, 10],
							"lerp_mode": "catmullrom"
						}
					}
				},
				"bowtie": {
					"rotation": {
						"0.0": {
							"post": [-50, 0, 0],
							"lerp_mode": "catmullrom"
						}
					}
				},
				"rightleg": {
					"rotation": {
						"0.0": {
							"post": [-52.5, 25, 0],
							"lerp_mode": "catmullrom"
						}
					}
				},
				"rightlegpeice": {
					"rotation": {
						"0.0": {
							"post": [62.5, 0, 0],
							"lerp_mode": "catmullrom"
						}
					}
				},
				"rightlegpeice2": {
					"rotation": {
						"0.0": {
							"post": [-77.5, -32.5, 0],
							"lerp_mode": "catmullrom"
						}
					}
				},
				"rightlegpeice3": {
					"rotation": {
						"0.0": {
							"post": [-63.30806, -3.26278, -39.69621],
							"lerp_mode": "catmullrom"
						}
					}
				},
				"rightlegpeice4": {
					"rotation": {
						"0.0": {
							"post": [20, -35, 37.5],
							"lerp_mode": "catmullrom"
						}
					}
				},
				"rightlegpeice5": {
					"rotation": {
						"0.0": {
							"post": [42.5, 0, -5],
							"lerp_mode": "catmullrom"
						}
					}
				},
				"rightfoot": {
					"rotation": {
						"0.0": {
							"post": [60, -10, 0],
							"lerp_mode": "catmullrom"
						}
					}
				},
				"leftl_sceg": {
					"rotation": {
						"0.0": {
							"post": [-27.5, 0, -7.5],
							"lerp_mode": "catmullrom"
						}
					}
				},
				"leftl_scegpeice": {
					"rotation": {
						"0.0": {
							"post": [-52.5, 0, 0],
							"lerp_mode": "catmullrom"
						}
					}
				},
				"leftl_scegpeice2": {
					"rotation": {
						"0.0": {
							"post": [35, 0, 0],
							"lerp_mode": "catmullrom"
						}
					}
				},
				"leftl_scegpeice3": {
					"rotation": {
						"0.0": {
							"post": [125, 0, 12.5],
							"lerp_mode": "catmullrom"
						}
					}
				},
				"leftl_scegpeice4": {
					"rotation": {
						"0.0": {
							"post": [35, 0, 0],
							"lerp_mode": "catmullrom"
						}
					}
				},
				"leftl_scegpeice5": {
					"rotation": {
						"0.0": {
							"post": [-27.5, 0, 0],
							"lerp_mode": "catmullrom"
						}
					}
				},
				"leftfoot": {
					"rotation": {
						"0.0": {
							"post": [-57.5, 0, 0],
							"lerp_mode": "catmullrom"
						}
					}
				}
			}
		},
		"animation.ftl_sc_huggy_wuggy_vent.jumping": {
			"loop": true,
			"animation_length": 0.33333,
			"bones": {
				"waist": {
					"position": {
						"0.0": {
							"post": [0, -21, 0],
							"lerp_mode": "catmullrom"
						}
					}
				},
				"body": {
					"rotation": {
						"0.0": {
							"post": [57.5, 0, 0],
							"lerp_mode": "catmullrom"
						}
					}
				},
				"head": {
					"rotation": {
						"0.0": {
							"post": [-55, 0, 0],
							"lerp_mode": "catmullrom"
						}
					}
				},
				"rightarm": {
					"rotation": {
						"0.0": {
							"post": [-10, 0, 0],
							"lerp_mode": "catmullrom"
						}
					}
				},
				"rightarmpeice": {
					"rotation": {
						"0.0": {
							"post": [-27.5, 0, 10],
							"lerp_mode": "catmullrom"
						}
					}
				},
				"rightarmpeice1": {
					"rotation": {
						"0.0": {
							"post": [0, 0, -12.5],
							"lerp_mode": "catmullrom"
						}
					}
				},
				"rightarmpeice2": {
					"rotation": {
						"0.0": {
							"post": [-80, 12.5, 0],
							"lerp_mode": "catmullrom"
						}
					}
				},
				"rightarmpeice3": {
					"rotation": {
						"0.0": {
							"post": [-12.5, 0, 0],
							"lerp_mode": "catmullrom"
						}
					}
				},
				"rightarmpeice4": {
					"rotation": {
						"0.0": {
							"post": [-15, 0, -5],
							"lerp_mode": "catmullrom"
						}
					}
				},
				"righthand": {
					"rotation": {
						"0.0": {
							"post": [0, -62.5, -12.5],
							"lerp_mode": "catmullrom"
						}
					}
				},
				"leftarm": {
					"rotation": {
						"0.0": {
							"post": [-20, 0, 0],
							"lerp_mode": "catmullrom"
						}
					}
				},
				"leftarmpeice": {
					"rotation": {
						"0.0": {
							"post": [-42.5, 0, 0],
							"lerp_mode": "catmullrom"
						}
					}
				},
				"leftarmpeice2": {
					"rotation": {
						"0.0": {
							"post": [0, 0, -25],
							"lerp_mode": "catmullrom"
						}
					}
				},
				"leftarmpeice3": {
					"rotation": {
						"0.0": {
							"post": [-37.5, 0, 37.5],
							"lerp_mode": "catmullrom"
						}
					}
				},
				"leftarmpeice4": {
					"rotation": {
						"0.0": {
							"post": [-42.5, 0, 0],
							"lerp_mode": "catmullrom"
						}
					}
				},
				"leftarmpeice5": {
					"rotation": {
						"0.0": {
							"post": [0, 0, -7.5],
							"lerp_mode": "catmullrom"
						}
					}
				},
				"lefthand": {
					"rotation": {
						"0.0": {
							"post": [0, 90, 10],
							"lerp_mode": "catmullrom"
						}
					}
				},
				"bowtie": {
					"rotation": {
						"0.0": {
							"post": [-50, 0, 0],
							"lerp_mode": "catmullrom"
						}
					}
				},
				"rightleg": {
					"rotation": {
						"0.0": {
							"post": [-52.5, 25, 0],
							"lerp_mode": "catmullrom"
						}
					}
				},
				"rightlegpeice": {
					"rotation": {
						"0.0": {
							"post": [62.5, 0, 0],
							"lerp_mode": "catmullrom"
						}
					}
				},
				"rightlegpeice2": {
					"rotation": {
						"0.0": {
							"post": [-77.5, -32.5, 0],
							"lerp_mode": "catmullrom"
						}
					}
				},
				"rightlegpeice3": {
					"rotation": {
						"0.0": {
							"post": [-63.30806, -3.26278, -39.69621],
							"lerp_mode": "catmullrom"
						}
					}
				},
				"rightlegpeice4": {
					"rotation": {
						"0.0": {
							"post": [20, -35, 37.5],
							"lerp_mode": "catmullrom"
						}
					}
				},
				"rightlegpeice5": {
					"rotation": {
						"0.0": {
							"post": [42.5, 0, -5],
							"lerp_mode": "catmullrom"
						}
					}
				},
				"rightfoot": {
					"rotation": {
						"0.0": {
							"post": [60, -10, 0],
							"lerp_mode": "catmullrom"
						}
					}
				},
				"leftl_sceg": {
					"rotation": {
						"0.0": {
							"post": [-27.5, 0, -7.5],
							"lerp_mode": "catmullrom"
						}
					}
				},
				"leftl_scegpeice": {
					"rotation": {
						"0.0": {
							"post": [-52.5, 0, 0],
							"lerp_mode": "catmullrom"
						}
					}
				},
				"leftl_scegpeice2": {
					"rotation": {
						"0.0": {
							"post": [35, 0, 0],
							"lerp_mode": "catmullrom"
						}
					}
				},
				"leftl_scegpeice3": {
					"rotation": {
						"0.0": {
							"post": [125, 0, 12.5],
							"lerp_mode": "catmullrom"
						}
					}
				},
				"leftl_scegpeice4": {
					"rotation": {
						"0.0": {
							"post": [35, 0, 0],
							"lerp_mode": "catmullrom"
						}
					}
				},
				"leftl_scegpeice5": {
					"rotation": {
						"0.0": {
							"post": [-27.5, 0, 0],
							"lerp_mode": "catmullrom"
						}
					}
				},
				"leftfoot": {
					"rotation": {
						"0.0": {
							"post": [-57.5, 0, 0],
							"lerp_mode": "catmullrom"
						}
					}
				}
			}
		}
	}
}
\\"": \\\\""?\\\"": \\\\""?\\\"": \\\\""?\\\"": \\\\""?\\\"": \\\\""?\\\"": \\\\""?\\\"": \\\\""?\\\"": \\\\""?\\\"": \\\\""?\\\"": \\\\""?\\\"": \\\\""?\\\"": \\\\""?\\\"": \\\\""?\\\"": \\\\""?\\\"": \\\\""?\\\"": \\\\""?\\\"": \\\\""?\\\"": \\\\""?\\\"": \\\\""?\\\"": \\\\""?\\\"": \\\\""?\\\"": \\\\""?\\\"": \\\\""?\\\"": \\\\""?\\\"": \\\\""?\\\"": \\\\""?\\\"": \\\\""?\\\"": \\\\""?\\\"": \\\\""?\\\"": \\\\""?\\\"": \\\\""?\\\"": \\\\""?\\\"": \\\\""?\\\"": \\\\""?\\\"": \\\\""?\\\"": \\\\""?\\\"": \\\\""?\\\"": \\\\""?\\\"": \\\\""?\\\"": \\\\""?\\\"": \\\\""?\\\"": \\\\""?\\\"": \\\\""?\\\"": \\\\""?\\\"": \\\\""?\\\"": \\\\""?\\\"": \\\\""?\\\"": \\\\""?\\\"": \\\\""?\\\"": \\\\""?\\\"": \\\\""?\]}}}}}