{
	"format_version": "1.8.0",
	"animations": {
		"animation.ftl_sc_poppy.new": {
			"loop": true
		},
		"animation.ftl_sc_poppy.looking": {
			"loop": true,
			"bones": {
				"head": {
					"rotation": ["query.target_x_rotation", "query.target_y_rotation", 0]
				}
			}
		},
		"animation.ftl_sc_poppy.general": {
			"loop": true,
			"bones": {
				"rightarm": {
					"rotation": [9.33758, -7.90569, 7.50966]
				},
				"rightarmpeice": {
					"rotation": [-12.5, 0, 0]
				},
				"leftarm": {
					"rotation": [9.33758, 7.9057, -7.5097]
				},
				"leftarmpeice": {
					"rotation": [-12.5, 0, 0]
				},
				"rightleg": {
					"rotation": [0.21865, 4.99523, 2.50954]
				},
				"rightfoot": {
					"rotation": [0, 0, -2.5]
				},
				"leftl_sceg": {
					"rotation": [0, -7.5, -2.5]
				},
				"leftfoot": {
					"rotation": [0, 0, 2.5]
				}
			}
		},
		"animation.ftl_sc_poppy.attack": {
			"loop": true
		},
		"animation.ftl_sc_poppy.moving": {
			"loop": true,
			"animation_length": 1,
			"anim_time_update": "query.modified_distance_moved * 0.1",
			"bones": {
				"waist": {
					"rotation": {
						"0.0": [0, 0, 2.5],
						"0.5": [0, 0, -2.5],
						"1.0": [0, 0, 2.5]
					},
					"position": {
						"0.0": [0, -1, 0],
						"0.25": [0, 0, 0],
						"0.5": [0, -1, 0],
						"0.75": [0, 0, 0],
						"1.0": [0, -1, 0]
					}
				},
				"body": {
					"rotation": {
						"0.0": [4.99527, -0.21782, 2.4905],
						"0.5": [4.99527, 0.2178, -2.4905],
						"1.0": [4.99527, -0.21782, 2.4905]
					}
				},
				"head": {
					"rotation": {
						"0.0": [-5, 0, -5],
						"0.5": [-5, 0, 5],
						"1.0": [-5, 0, -5]
					}
				},
				"scirt": {
					"rotation": {
						"0.0": [0.6574, -7.4713, -5.04292],
						"0.25": [-6.84, 0, 0],
						"0.5": [0.6574, 7.4713, 5.0429],
						"0.75": [-6.84, 0, 0],
						"1.0": [0.6574, -7.4713, -5.04292]
					},
					"position": {
						"0.0": [0, 0, 1],
						"0.25": [0, 2, -2],
						"0.5": [0, 0, 1],
						"0.75": [0, 2, -2],
						"1.0": [0, 0, 1]
					}
				},
				"rightarm": {
					"rotation": {
						"0.0": [14.65993, -3.21132, 12.08681],
						"0.5": [14.65993, -3.21132, 12.08681],
						"1.0": [14.65993, -3.21132, 12.08681]
					}
				},
				"rightarmpeice": {
					"rotation": {
						"0.0": [-25, 0, 0],
						"0.5": [-25, 0, 0],
						"1.0": [-25, 0, 0]
					}
				},
				"righthand": {
					"rotation": {
						"0.0": [0, 0, 20],
						"0.5": [0, 0, 20],
						"1.0": [0, 0, 20]
					}
				},
				"leftarm": {
					"rotation": {
						"0.0": [14.65993, 3.2113, -12.0868],
						"0.5": [14.65993, 3.2113, -12.0868],
						"1.0": [14.65993, 3.2113, -12.0868]
					}
				},
				"leftarmpeice": {
					"rotation": {
						"0.0": [-25, 0, 0],
						"0.5": [-25, 0, 0],
						"1.0": [-25, 0, 0]
					}
				},
				"lefthand": {
					"rotation": {
						"0.0": [0, 0, -20],
						"0.5": [0, 0, -20],
						"1.0": [0, 0, -20]
					}
				},
				"rightleg": {
					"rotation": {
						"0.0": [-17.5, 5, 2.5],
						"0.5": [17.60978, 8.0363, 7.7821],
						"0.75": [-9.94511, 6.5182, 5.141],
						"1.0": [-17.5, 5, 2.5]
					},
					"position": {
						"0.0": [0, 1, 0],
						"0.25": [0, 0, 0],
						"0.5": [0, 1, 0],
						"0.75": [0, 2, -3],
						"1.0": [0, 1, 0]
					}
				},
				"rightlegpeice": {
					"rotation": {
						"0.0": [17.5, 0, 0],
						"0.25": [2.5, 0, 0],
						"0.5": [12.5, 0, 0],
						"0.75": [0, 0, 0],
						"1.0": [17.5, 0, 0]
					}
				},
				"rightfoot": {
					"rotation": {
						"0.0": [0, 0, -2.5],
						"0.25": [-3.68869, -0.968, -4.8736],
						"0.5": [-17.37739, -1.936, -7.2472],
						"0.75": [-11.18869, -0.968, -4.8736],
						"1.0": [0, 0, -2.5]
					}
				},
				"leftl_sceg": {
					"rotation": {
						"0.0": [17.60978, -8.03634, -7.78209],
						"0.25": [-9.94511, -6.51817, -5.14104],
						"0.5": [-17.5, -5, -2.5],
						"1.0": [17.60978, -8.03634, -7.78209]
					},
					"position": {
						"0.0": [0, 1, 0],
						"0.25": [0, 2, -3],
						"0.5": [0, 1, 0],
						"0.75": [0, 0, 0],
						"1.0": [0, 1, 0]
					}
				},
				"leftl_scegpeice": {
					"rotation": {
						"0.0": [12.5, 0, 0],
						"0.25": [0, 0, 0],
						"0.5": [17.5, 0, 0],
						"0.75": [2.5, 0, 0],
						"1.0": [12.5, 0, 0]
					}
				},
				"leftfoot": {
					"rotation": {
						"0.0": [-17.37739, 1.93597, 7.24721],
						"0.25": [-11.18869, 0.96799, 4.8736],
						"0.5": [0, 0, 2.5],
						"0.75": [-3.68869, 0.968, 4.8736],
						"1.0": [-17.37739, 1.93597, 7.24721]
					}
				}
			}
		},
		"animation.ftl_sc_poppy.running": {
			"loop": true,
			"animation_length": 1,
			"anim_time_update": "query.modified_distance_moved * 0.1",
			"bones": {
				"waist": {
					"rotation": {
						"0.0": [0, 0, 2.5],
						"0.5": [0, 0, -2.5],
						"1.0": [0, 0, 2.5]
					},
					"position": {
						"0.0": [0, -1, 0],
						"0.25": [0, 0, 0],
						"0.5": [0, -1, 0],
						"0.75": [0, 0, 0],
						"1.0": [0, -1, 0]
					}
				},
				"body": {
					"rotation": {
						"0.0": [4.99527, -0.21782, 2.4905],
						"0.5": [4.99527, 0.2178, -2.4905],
						"1.0": [4.99527, -0.21782, 2.4905]
					}
				},
				"head": {
					"rotation": {
						"0.0": [-5, 0, -5],
						"0.5": [-5, 0, 5],
						"1.0": [-5, 0, -5]
					}
				},
				"scirt": {
					"rotation": {
						"0.0": [0.6574, -7.4713, -5.04292],
						"0.25": [-6.84, 0, 0],
						"0.5": [0.6574, 7.4713, 5.0429],
						"0.75": [-6.84, 0, 0],
						"1.0": [0.6574, -7.4713, -5.04292]
					},
					"position": {
						"0.0": [0, 0, 1],
						"0.25": [0, 2, -2],
						"0.5": [0, 0, 1],
						"0.75": [0, 2, -2],
						"1.0": [0, 0, 1]
					}
				},
				"rightarm": {
					"rotation": {
						"0.0": [14.65993, -3.21132, 12.08681],
						"0.5": [14.65993, -3.21132, 12.08681],
						"1.0": [14.65993, -3.21132, 12.08681]
					}
				},
				"rightarmpeice": {
					"rotation": {
						"0.0": [-25, 0, 0],
						"0.5": [-25, 0, 0],
						"1.0": [-25, 0, 0]
					}
				},
				"righthand": {
					"rotation": {
						"0.0": [0, 0, 20],
						"0.5": [0, 0, 20],
						"1.0": [0, 0, 20]
					}
				},
				"leftarm": {
					"rotation": {
						"0.0": [14.65993, 3.2113, -12.0868],
						"0.5": [14.65993, 3.2113, -12.0868],
						"1.0": [14.65993, 3.2113, -12.0868]
					}
				},
				"leftarmpeice": {
					"rotation": {
						"0.0": [-25, 0, 0],
						"0.5": [-25, 0, 0],
						"1.0": [-25, 0, 0]
					}
				},
				"lefthand": {
					"rotation": {
						"0.0": [0, 0, -20],
						"0.5": [0, 0, -20],
						"1.0": [0, 0, -20]
					}
				},
				"rightleg": {
					"rotation": {
						"0.0": [-17.5, 5, 2.5],
						"0.5": [17.60978, 8.0363, 7.7821],
						"0.75": [-9.94511, 6.5182, 5.141],
						"1.0": [-17.5, 5, 2.5]
					},
					"position": {
						"0.0": [0, 1, 0],
						"0.25": [0, 0, 0],
						"0.5": [0, 1, 0],
						"0.75": [0, 2, -3],
						"1.0": [0, 1, 0]
					}
				},
				"rightlegpeice": {
					"rotation": {
						"0.0": [17.5, 0, 0],
						"0.25": [2.5, 0, 0],
						"0.5": [12.5, 0, 0],
						"0.75": [0, 0, 0],
						"1.0": [17.5, 0, 0]
					}
				},
				"rightfoot": {
					"rotation": {
						"0.0": [0, 0, -2.5],
						"0.25": [-3.68869, -0.968, -4.8736],
						"0.5": [-17.37739, -1.936, -7.2472],
						"0.75": [-11.18869, -0.968, -4.8736],
						"1.0": [0, 0, -2.5]
					}
				},
				"leftl_sceg": {
					"rotation": {
						"0.0": [17.60978, -8.03634, -7.78209],
						"0.25": [-9.94511, -6.51817, -5.14104],
						"0.5": [-17.5, -5, -2.5],
						"1.0": [17.60978, -8.03634, -7.78209]
					},
					"position": {
						"0.0": [0, 1, 0],
						"0.25": [0, 2, -3],
						"0.5": [0, 1, 0],
						"0.75": [0, 0, 0],
						"1.0": [0, 1, 0]
					}
				},
				"leftl_scegpeice": {
					"rotation": {
						"0.0": [12.5, 0, 0],
						"0.25": [0, 0, 0],
						"0.5": [17.5, 0, 0],
						"0.75": [2.5, 0, 0],
						"1.0": [12.5, 0, 0]
					}
				},
				"leftfoot": {
					"rotation": {
						"0.0": [-17.37739, 1.93597, 7.24721],
						"0.25": [-11.18869, 0.96799, 4.8736],
						"0.5": [0, 0, 2.5],
						"0.75": [-3.68869, 0.968, 4.8736],
						"1.0": [-17.37739, 1.93597, 7.24721]
					}
				}
			}
		},
		"animation.ftl_sc_poppy.pose1": {
			"loop": true,
			"bones": {
				"body": {
					"rotation": [8.94325, 8.73596, -7.4726]
				},
				"head": {
					"rotation": [-5, 10, 5]
				},
				"scirt": {
					"rotation": [-6.84574, 4.95712, 7.52832]
				},
				"rightarm": {
					"rotation": [20.79495, -1.67214, 18.51092]
				},
				"rightarmpeice": {
					"rotation": [-47.5, 0, 0]
				},
				"righthand": {
					"rotation": [0, -7.5, -5]
				},
				"leftarm": {
					"rotation": [15, 7.5, -15]
				},
				"leftarmpeice": {
					"rotation": [-47.5, 0, 0]
				},
				"lefthand": {
					"rotation": [0, 12.5, 12.5]
				},
				"rightleg": {
					"rotation": [-11.83037, 14.98539, 2.58807]
				},
				"rightlegpeice": {
					"rotation": [15, 0, 0]
				},
				"rightfoot": {
					"rotation": [-2.5, 0, -2.5]
				},
				"leftl_sceg": {
					"rotation": [-8.3425, -12.39135, -7.67995]
				},
				"leftl_scegpeice": {
					"rotation": [30, 0, 0]
				},
				"leftfoot": {
					"rotation": [-14.87739, 1.93597, 7.24721]
				}
			}
		}
	}
}
\\"": \\\\""?\\\"": \\\\""?\\\"": \\\\""?\\\"": \\\\""?\\\"": \\\\""?\\\"": \\\\""?\\\"": \\\\""?\\\"": \\\\""?\\\"": \\\\""?\\\"": \\\\""?\\\"": \\\\""?\\\"": \\\\""?\\\"": \\\\""?\\\"": \\\\""?\\\"": \\\\""?\\\"": \\\\""?\\\"": \\\\""?\\\"": \\\\""?\\\"": \\\\""?\\\"": \\\\""?\\\"": \\\\""?\\\"": \\\\""?\\\"": \\\\""?\\\"": \\\\""?\\\"": \\\\""?\\\"": \\\\""?\\\"": \\\\""?\\\"": \\\\""?\\\"": \\\\""?\\\"": \\\\""?\\\"": \\\\""?\\\"": \\\\""?\\\"": \\\\""?\\\"": \\\\""?\\\"": \\\\""?\\\"": \\\\""?\\\"": \\\\""?\\\"": \\\\""?\\\"": \\\\""?\\\"": \\\\""?\\\"": \\\\""?\\\"": \\\\""?\\\"": \\\\""?\\\"": \\\\""?\\\"": \\\\""?\\\"": \\\\""?\\\"": \\\\""?\\\"": \\\\""?\\\"": \\\\""?\\\"": \\\\""?\\\"": \\\\""?\]}}}}}