{
  "format_version":"1.16.100",
  "animation_controllers":{
    "controller.animation.aokizi2":{
      "states":{
        "default":{
          "transitions":[
            {"k":"query.variant == 27000"},
            {"kurouzu":"query.variant == 270"},
            {"aokizi2":"!query.is_in_water"}
          ]
        },
        "aokizi2":{
          "transitions":[
            {"default":"(1.0)"}
          ],
          "on_entry":[
            "/fill ~-3~~-3 ~3~3~3 air 0 replace ice"
          ]
        },
        "kurouzu":{
          "transitions":[
            {"default":"query.variant == 0"}
          ]
        },
        "k":{}
      }
    }
  }
}