{
	"file_path": "C:\\Users\\fiddy\\AppData\\Local\\Packages\\Microsoft.MinecraftUWP_8wekyb3d8bbwe\\LocalState\\games\\com.mojang\\development_behavior_packs\\Seasonal_decor_BP\\blocks\\GLOW_WORM_light_block_2.json",
	"file_type": "block",
	"format_version": 1,
	"file_uuid": "e440bbf7_d049_491b_b1a0_616003bd7efd",
	"file_version": 10,
	"cache_content": {
		"children": [
			{
				"data": "1.17.0",
				"key": "format_version"
			},
			{
				"open": {
					"format_version": "1.17.0",
					"minecraft:block": {
						"description": {
							"identifier": "boi:glow_worm_light_block_2"
						},
						"components": {
							"minecraft:destroy_time": 0,
							"minecraft:block_light_emission": 0.9,
							"minecraft:block_light_absorption": 0,
							"minecraft:entity_collision": false,
							"minecraft:pick_collision": false,
							"minecraft:ticking": {
								"looping": true,
								"on_tick": {
									"event": "delete"
								},
								"range": [
									0.1,
									0.1
								]
							},
							"minecraft:geometry": "geometry.nothing",
							"minecraft:material_instances": {
								"*": {
									"texture": "stone",
									"render_method": "opaque"
								}
							}
						},
						"events": {
							"delete": {
								"run_command": {
									"command": [
										"setblock ~~~ air"
									]
								}
							}
						}
					}
				},
				"key": "minecraft:block",
				"children": [
					{
						"key": "description",
						"is_minified": true,
						"children": {
							"identifier": "boi:glow_worm_light_block_2"
						}
					},
					{
						"open": {
							"description": {
								"identifier": "boi:glow_worm_light_block_2"
							},
							"components": {
								"minecraft:destroy_time": 0,
								"minecraft:block_light_emission": 0.9,
								"minecraft:block_light_absorption": 0,
								"minecraft:entity_collision": false,
								"minecraft:pick_collision": false,
								"minecraft:ticking": {
									"looping": true,
									"on_tick": {
										"event": "delete"
									},
									"range": [
										0.1,
										0.1
									]
								},
								"minecraft:geometry": "geometry.nothing",
								"minecraft:material_instances": {
									"*": {
										"texture": "stone",
										"render_method": "opaque"
									}
								}
							},
							"events": {
								"delete": {
									"run_command": {
										"command": [
											"setblock ~~~ air"
										]
									}
								}
							}
						},
						"key": "components",
						"children": [
							{
								"data": "0",
								"key": "minecraft:destroy_time"
							},
							{
								"data": "0.9",
								"key": "minecraft:block_light_emission"
							},
							{
								"data": "0",
								"key": "minecraft:block_light_absorption"
							},
							{
								"data": "false",
								"key": "minecraft:entity_collision"
							},
							{
								"data": "false",
								"key": "minecraft:pick_collision"
							},
							{
								"key": "minecraft:ticking",
								"is_minified": true,
								"children": {
									"looping": true,
									"on_tick": {
										"event": "delete"
									},
									"range": [
										0.1,
										0.1
									]
								}
							},
							{
								"data": "geometry.nothing",
								"key": "minecraft:geometry"
							},
							{
								"key": "minecraft:material_instances",
								"children": [
									{
										"open": {
											"*": {
												"texture": "stone",
												"render_method": "opaque"
											}
										},
										"key": "*",
										"is_minified": true,
										"children": {
											"texture": "stone",
											"render_method": "opaque"
										}
									}
								]
							}
						]
					},
					{
						"key": "events",
						"children": [
							{
								"open": {
									"delete": {
										"run_command": {
											"command": [
												"setblock ~~~ air"
											]
										}
									}
								},
								"key": "delete",
								"children": [
									{
										"open": {
											"run_command": {
												"command": [
													"setblock ~~~ air"
												]
											}
										},
										"key": "run_command",
										"is_minified": true,
										"children": {
											"command": [
												"setblock ~~~ air"
											]
										}
									}
								]
							}
						]
					}
				]
			}
		]
	}
}