{
	"file_path": "C:\\Users\\fiddy\\AppData\\Local\\Packages\\Microsoft.MinecraftUWP_8wekyb3d8bbwe\\LocalState\\games\\com.mojang\\development_behavior_packs\\Seasonal_decor_BP\\blocks\\halloween_crafting_table.json",
	"file_type": "block",
	"format_version": 1,
	"file_uuid": "18ecd531_528b_4478_b92e_a6ba672b1798",
	"file_version": 126,
	"cache_content": {
		"children": [
			{
				"data": "1.17.0",
				"key": "format_version"
			},
			{
				"open": {
					"format_version": "1.17.0",
					"minecraft:block": {
						"description": {
							"identifier": "boi:halloween_crafting_table"
						},
						"components": {
							"minecraft:block_light_absorption": 16,
							"minecraft:destroy_time": 0.3,
							"minecraft:explosion_resistance": 1,
							"minecraft:map_color": "#B89347",
							"minecraft:unit_cube": {},
							"minecraft:crafting_table": {
								"custom_description": "Seasonal Crafting Table",
								"grid_size": 3,
								"crafting_tags": [
									"hall_table"
								]
							},
							"minecraft:material_instances": {
								"*": {
									"texture": "hall_table_side",
									"render_method": "opaque"
								},
								"bottom": {
									"texture": "hall_table_down",
									"render_method": "opaque"
								},
								"top": {
									"texture": "hall_table_up",
									"render_method": "opaque"
								},
								"down": "bottom",
								"up": "top"
							}
						},
						"events": {}
					}
				},
				"key": "minecraft:block",
				"children": [
					{
						"key": "description",
						"is_minified": true,
						"children": {
							"identifier": "boi:halloween_crafting_table"
						}
					},
					{
						"open": {
							"description": {
								"identifier": "boi:halloween_crafting_table"
							},
							"components": {
								"minecraft:block_light_absorption": 16,
								"minecraft:destroy_time": 0.3,
								"minecraft:explosion_resistance": 1,
								"minecraft:map_color": "#B89347",
								"minecraft:unit_cube": {},
								"minecraft:crafting_table": {
									"custom_description": "Seasonal Crafting Table",
									"grid_size": 3,
									"crafting_tags": [
										"hall_table"
									]
								},
								"minecraft:material_instances": {
									"*": {
										"texture": "hall_table_side",
										"render_method": "opaque"
									},
									"bottom": {
										"texture": "hall_table_down",
										"render_method": "opaque"
									},
									"top": {
										"texture": "hall_table_up",
										"render_method": "opaque"
									},
									"down": "bottom",
									"up": "top"
								}
							},
							"events": {}
						},
						"key": "components",
						"is_minified": true,
						"children": {
							"minecraft:block_light_absorption": 16,
							"minecraft:destroy_time": 0.3,
							"minecraft:explosion_resistance": 1,
							"minecraft:map_color": "#B89347",
							"minecraft:unit_cube": {},
							"minecraft:crafting_table": {
								"custom_description": "Seasonal Crafting Table",
								"grid_size": 3,
								"crafting_tags": [
									"hall_table"
								]
							},
							"minecraft:material_instances": {
								"*": {
									"texture": "hall_table_side",
									"render_method": "opaque"
								},
								"bottom": {
									"texture": "hall_table_down",
									"render_method": "opaque"
								},
								"top": {
									"texture": "hall_table_up",
									"render_method": "opaque"
								},
								"down": "bottom",
								"up": "top"
							}
						}
					},
					{
						"key": "events",
						"is_minified": true,
						"children": {}
					}
				]
			}
		]
	}
}