{
	"file_path": "C:\\Users\\fiddy\\AppData\\Local\\Packages\\Microsoft.MinecraftUWP_8wekyb3d8bbwe\\LocalState\\games\\com.mojang\\development_behavior_packs\\H_DecorB\\loot_tables\\blocks\\autumn_sapling.json",
	"file_type": "loot_table",
	"format_version": 1,
	"file_uuid": "c9e2689e_5457_4c8f_a7a6_ef53e14f2004",
	"file_version": 2,
	"cache_content": {
		"children": [
			{
				"key": "pools",
				"children": [
					{
						"children": [
							{
								"data": "1",
								"key": "rolls"
							},
							{
								"key": "entries",
								"children": [
									{
										"open": [
											{
												"type": "item",
												"name": "boi:autumn_sapling_item",
												"weight": 1,
												"functions": [
													{
														"function": "set_count",
														"count": {
															"min": 1,
															"max": 1
														}
													}
												]
											}
										],
										"is_minified": true,
										"children": {
											"type": "item",
											"name": "boi:autumn_sapling_item",
											"weight": 1,
											"functions": [
												{
													"function": "set_count",
													"count": {
														"min": 1,
														"max": 1
													}
												}
											]
										}
									}
								]
							}
						]
					}
				]
			}
		]
	}
}