{
	"file_path": "C:\\Users\\fiddy\\AppData\\Local\\Packages\\Microsoft.MinecraftUWP_8wekyb3d8bbwe\\LocalState\\games\\com.mojang\\development_behavior_packs\\H_DecorB\\loot_tables\\blocks\\autumn_leaves_shears.json",
	"file_type": "loot_table",
	"format_version": 1,
	"file_uuid": "14441855_35ff_4953_8bf4_fee664f0b758",
	"file_version": 3,
	"cache_content": {
		"children": [
			{
				"open": {
					"pools": [
						{
							"rolls": 1,
							"entries": [
								{
									"type": "item",
									"name": "boi:autumn_leaves",
									"weight": 1,
									"functions": [
										{
											"function": "set_count",
											"count": {
												"min": 1,
												"max": 1
											}
										}
									]
								}
							]
						}
					]
				},
				"key": "pools",
				"children": [
					{
						"open": [
							{
								"rolls": 1,
								"entries": [
									{
										"type": "item",
										"name": "boi:autumn_leaves",
										"weight": 1,
										"functions": [
											{
												"function": "set_count",
												"count": {
													"min": 1,
													"max": 1
												}
											}
										]
									}
								]
							}
						],
						"children": [
							{
								"data": "1",
								"key": "rolls"
							},
							{
								"open": {
									"rolls": 1,
									"entries": [
										{
											"type": "item",
											"name": "boi:autumn_leaves",
											"weight": 1,
											"functions": [
												{
													"function": "set_count",
													"count": {
														"min": 1,
														"max": 1
													}
												}
											]
										}
									]
								},
								"key": "entries",
								"children": [
									{
										"open": [
											{
												"type": "item",
												"name": "boi:autumn_leaves",
												"weight": 1,
												"functions": [
													{
														"function": "set_count",
														"count": {
															"min": 1,
															"max": 1
														}
													}
												]
											}
										],
										"is_minified": true,
										"children": {
											"type": "item",
											"name": "boi:autumn_leaves",
											"weight": 1,
											"functions": [
												{
													"function": "set_count",
													"count": {
														"min": 1,
														"max": 1
													}
												}
											]
										}
									}
								]
							}
						]
					}
				]
			}
		]
	}
}