{
  "format_version":"1.16.100",
  "animation_controllers":{
    "controller.animation.big_mam_attack":{
      "states":{
        "default":{
          "transitions":[
            {"big_mam":"variable.attack_time"}
          ]
        },
        "big_mam":{
          "transitions":[
            {"default":"!variable.attack_time"}
          ],
          "on_entry":[
            "/damage @e[r=6,family=!mam,type=!item,type=!xp_orb] 14 entity_attack entity @s",
            "/particle minecraft:huge_explosion_emitter ~2~~",
            "/particle minecraft:huge_explosion_emitter ~-2~~",
            "/particle minecraft:huge_explosion_emitter ~~~2",
            "/particle minecraft:huge_explosion_emitter ~~~-2"
          ]
        }
      }
    }
  }
}