{
  "format_version": "1.13.0",
  "minecraft:entity": {
    "description": {
      "identifier": "op_asa:gunchoukazan_p",
      "is_spawnable": false,
      "is_summonable": false,
      "is_experimental": false,
      "runtime_identifier": "minecraft:snowball"
    },
    "component_groups": {
      "op_asa:despawn":{
        "minecraft:instant_despawn": {}
      }
    },

    "components": {
      "minecraft:timer": {
        "looping": false,
        "randomInterval": false,
        "time": 1,
        "time_down_event": {
         "event": "op_asa:timer_event",
         "target": "self"
        }
      },
      "minecraft:projectile": {
        "reflect_on_hurt":true,
        "on_hit": {
          "impact_damage": {
            "damage": 6,
            "knockback": false,
            "semi_random_diff_damage":false,
            "destroy_on_hit": true,
            "power_multiplier": 1,
            "catch_fire":true
          },
          "on_fire_time":7.0,
          "ignite":true,
          "remove_on_hit": {}
        },
        "catch_fire":true,
        "knockback": false,
        "on_fire_time":7.0,
        "power": 1.5,
        "gravity": 0.00,
        "uncertainty_base": 1,
        "uncertainty_multiplier": 0,
        "anchor": 1,
        "should_bounce": false,
        "offset": [ 0, 0, 0 ]
      },
      "minecraft:collision_box": {
        "width":0.0,
        "height":0.0
      },
      "minecraft:physics": {
      },
      "minecraft:pushable": {
        "is_pushable": false,
        "is_pushable_by_piston": false
      },
      "minecraft:conditional_bandwidth_optimization": {
        "default_values": {
          "max_optimized_distance": 80.0,
          "max_dropped_ticks": 10,
          "use_motion_prediction_hints": true
        }
      }
    },

    "events": {
      "op_asa:timer_event":{
        "add":{
          "component_groups":["op_asa:despawn"]
        }
      }
    }
  }
}