{
  "format_version": "1.13.0",
  "minecraft:entity": {    
    "description": {
      "identifier": "op_asa:magmag_move",
      "is_spawnable": false,
      "is_summonable": true,
      "is_experimental": false
    },
    "component_groups": {
      "op_asa:2":{
        "minecraft:behavior.knockback_roar": {
          "duration": 0.05,
          "attack_time": 0.05,
          "knockback_damage": 0,
          "knockback_strength": 0.5,
          "knockback_range": 2,
          "knockback_filters": {
            "all_of":[
              {
                "test": "is_family",
                "subject": "other",
                "value": "player"
              },
              {
                "test": "has_equipment",
                "subject": "other",
                "operator": "==",
                "domain":"hand",
                "value": "op_asa:mag_move"
              }
            ]
          },
          "on_roar_end": {
            "event": "op_asa:end_roar"
          }
        }
      },
      "op_asa:despawn":{
        "minecraft:instant_despawn": {}
      }
    },
    "components": {
      "minecraft:type_family": {
        "family": [ "magmag" ]
      },
      "minecraft:collision_box": {
        "width": 0.0,
        "height": 0.0
      },
      "minecraft:behavior.knockback_roar": {
        "duration": 0.05,
        "attack_time": 0.05,
        "knockback_damage": 0,
        "knockback_strength": 1,
        "knockback_range": 2,
        "knockback_filters": {
          "all_of":[
            {
              "test": "is_family",
              "subject": "other",
              "value": "player"
            },
            {
              "test": "has_equipment",
              "subject": "other",
              "operator": "==",
              "domain":"hand",
              "value": "op_asa:mag_move"
            }
          ]
        },
        "on_roar_end": {
          "event": "op_asa:end_roar"
        }
      },
      "minecraft:damage_sensor": {
        "triggers": {
            "on_damage": {"filters": {}},
            "deals_damage": false
        }
      }
    },
    "events": {
      "op_asa:2":{
        "add":{
          "component_groups":["op_asa:2"]
        }
      },
      "op_asa:end_roar":{
        "add":{
          "component_groups":["op_asa:despawn"]
        }
      }
    }
  }
}