{
  "format_version": "1.13.0",
  "minecraft:entity": {
    "description": {
      "identifier": "op_asa:mag_field",
      "is_spawnable": false,
      "is_summonable": true,
      "is_experimental": false,
      "runtime_identifier": "minecraft:snowball"
    },
    "component_groups": {
      "op_asa:despawn":{
        "minecraft:instant_despawn": {}
      }
    },

    "components": {
      "minecraft:type_family": {
        "family": [ "magmag" ]
      },
      "minecraft:timer": {
        "looping": false,
        "randomInterval": false,
        "time": 5,
        "time_down_event": {
         "event": "op_asa:despawn",
         "target": "self"
        }
      },
      "minecraft:collision_box": {
        "width": 0,
        "height": 0
      },
      "minecraft:fire_immune": {
      },
	    "minecraft:physics": {
      },
      "minecraft:pushable": {
        "is_pushable": false,
        "is_pushable_by_piston": false
      },
      "minecraft:conditional_bandwidth_optimization": {
        "default_values": {
          "max_optimized_distance": 80.0,
          "max_dropped_ticks": 10,
          "use_motion_prediction_hints": true
        }
      }
    },
    "events": {
      "op_asa:despawn":{
        "run_command":{
          "command":[
            "fill ~16~1~16 ~-16~-1~-16 cobblestone 0 replace lava",
            "fill ~16~1~16 ~-16~-1~-16 cobblestone 0 replace flowing_lava",
            "fill ~16~1~16 ~-16~-1~-16 cobblestone 0 replace magma"
          ]
        },
        "add":{
          "component_groups":[
            "op_asa:despawn"
          ]
        }
      }
    }
  }
}