{
  "format_version": "1.13.0",
  "minecraft:entity": {
    "description": {
      "identifier": "op_asa:ryuseikazan_down",
      "is_spawnable": false,
      "is_summonable": true,
      "is_experimental": false,
      "runtime_identifier": "minecraft:snowball"
    },
    "component_groups": {
      "op_asa:despawn":{
        "minecraft:instant_despawn": {}
      }
    },

    "components": {
      "minecraft:type_family": {
        "family": [ "magmag" ]
      },
      "minecraft:timer": {
        "looping": true,
        "randomInterval": false,
        "time": 0.0,
        "time_down_event": {
         "event": "op_asa:timer_event",
         "target": "self"
        }
      },
      "minecraft:projectile": {
        "on_hit": {
          "definition_event": {
            "affectProjectile": true,
            "eventTrigger": {
              "event": "op_asa:event1",
              "target": "self"
            }
          },
          "stick_in_ground": {}
        },
        "knockback": true,
        "power": 0,
        "gravity": 0.025,
        "angle_offset": 0.0,
        "inertia": 1,
        "liquid_inertia": 1
      },
      "minecraft:collision_box": {
        "width": 0,
        "height": 0
      },
      "minecraft:fire_immune": {
      },
	    "minecraft:physics": {
      },
      "minecraft:pushable": {
        "is_pushable": false,
        "is_pushable_by_piston": false
      },
      "minecraft:conditional_bandwidth_optimization": {
        "default_values": {
          "max_optimized_distance": 80.0,
          "max_dropped_ticks": 10,
          "use_motion_prediction_hints": true
        }
      }
    },
    "events": {
      "op_asa:timer_event":{
        "run_command":{
          "command":[
            "function akumanomi/magmag/daifunka_p"
          ]
        }
      },
      "op_asa:event1":{
        "add":{
          "component_groups":["op_asa:despawn"]
        }
      }
    }
  }
}