{
  "format_version": "1.13.0",
  "minecraft:entity": {
    "description": {
      "identifier": "op_asa:ryuseikazan_target_p",
      "is_spawnable": false,
      "is_summonable": false,
      "is_experimental": false,
      "runtime_identifier": "minecraft:snowball"
    },
    "component_groups": {
      "op_asa:summon":{
        "minecraft:timer": {
          "looping": false,
          "randomInterval": false,
          "time": 0.1,
          "time_down_event": {
            "event": "op_asa:event2",
            "target": "self"
          }
        }
      },
      "op_asa:despawn":{
        "minecraft:instant_despawn": {}
      }
    },

    "components": {
      "minecraft:collision_box": {
        "width": 0,
        "height": 0
      },
      "minecraft:projectile": {
        "on_hit": {
          "definition_event": {
            "affectProjectile": true,
            "eventTrigger": {
              "event": "op_asa:event1",
              "target": "self"
            }
          },
          "stick_in_ground": {}
        },
        "power": 5,
        "gravity": 0,
        "angle_offset": 0.0,
        "inertia": 1,
        "knockback":false,
        "liquid_inertia": 0,
        "offset": [ 0, 0, 0 ]
      },
	    "minecraft:physics": {
      },
      "minecraft:transformation": {
        "into": "op_asa:despawn",
        "delay": 2
      },
      "minecraft:pushable": {
        "is_pushable": false,
        "is_pushable_by_piston": false
      },
      "minecraft:conditional_bandwidth_optimization": {
        "default_values": {
          "max_optimized_distance": 80.0,
          "max_dropped_ticks": 10,
          "use_motion_prediction_hints": true
        }
      }
    },

    "events": {
      "op_asa:event1":{
        "add":{
          "component_groups":["op_asa:summon"]
        }
      },
      "op_asa:event2":{
        "run_command":{
          "command":"summon op_asa:ryuseikazan_target"
        },
        "add":{
          "component_groups":[ "op_asa:despawn" ]
        }
      }
    }
  }
}