{
	"format_version": "1.12.0",
	"minecraft:geometry": [
		{
			"description": {
				"identifier": "geometry.board",
				"texture_width": 128,
				"texture_height": 128,
				"visible_bounds_width": 4,
				"visible_bounds_height": 3,
				"visible_bounds_offset": [0, 1.5, 0]
			},
			"bones": [
				{
					"name": "waist",
					"pivot": [0, 12, 0],
					"rotation": [179.9, -0.1, -179.8],
					"cubes": [
						{
							"origin": [7.75, 0.1, 1],
							"size": [2.5, 1.9, 5],
							"uv": {
								"north": {"uv": [64, 40], "uv_size": [4, 2]},
								"east": {"uv": [56, 40], "uv_size": [8, 2]},
								"south": {"uv": [74, 37], "uv_size": [4, 2]},
								"west": {"uv": [70, 37], "uv_size": [8, 2]},
								"up": {"uv": [45, 34], "uv_size": [2, 5]},
								"down": {"uv": [68, 40], "uv_size": [2, -6]}
							}
						},
						{
							"origin": [0, 0.1, 1],
							"size": [7.75, 2, 5],
							"uv": {
								"north": {"uv": [64, 37], "uv_size": [8, 2]},
								"east": {"uv": [32, 40], "uv_size": [5, 2]},
								"south": {"uv": [32, 36], "uv_size": [8, 2]},
								"west": {"uv": [56, 40], "uv_size": [5, 2]},
								"up": {"uv": [64, 35], "uv_size": [-8, 5]},
								"down": {"uv": [80, 40], "uv_size": [-8, -6]}
							}
						},
						{
							"origin": [7.75, 0.1, -6],
							"size": [2.5, 1.9, 5],
							"uv": {
								"north": {"uv": [64, 40], "uv_size": [4, 2]},
								"east": {"uv": [56, 40], "uv_size": [8, 2]},
								"south": {"uv": [74, 37], "uv_size": [4, 2]},
								"west": {"uv": [70, 37], "uv_size": [8, 2]},
								"up": {"uv": [45, 42], "uv_size": [2, -5]},
								"down": {"uv": [68, 40], "uv_size": [2, -6]}
							}
						},
						{
							"origin": [4, 0.1, -6],
							"size": [3.75, 2, 5],
							"uv": {
								"north": {"uv": [64, 37], "uv_size": [8, 2]},
								"east": {"uv": [32, 40], "uv_size": [5, 2]},
								"south": {"uv": [32, 36], "uv_size": [8, 2]},
								"west": {"uv": [56, 40], "uv_size": [5, 2]},
								"up": {"uv": [56, 34], "uv_size": [-4, 5]},
								"down": {"uv": [37, 38], "uv_size": [-4, -5]}
							}
						},
						{
							"origin": [-7.75, 0.1, 2],
							"size": [7.75, 2, 5],
							"uv": {
								"north": {"uv": [64, 37], "uv_size": [8, 2]},
								"east": {"uv": [32, 40], "uv_size": [5, 2]},
								"south": {"uv": [32, 36], "uv_size": [8, 2]},
								"west": {"uv": [56, 40], "uv_size": [5, 2]},
								"up": {"uv": [57, 34], "uv_size": [-8, 5]},
								"down": {"uv": [80, 40], "uv_size": [-8, -6]}
							}
						},
						{
							"origin": [-7.75, 0.1, -7],
							"size": [11.75, 2, 5],
							"uv": {
								"north": {"uv": [64, 37], "uv_size": [16, 2]},
								"east": {"uv": [32, 40], "uv_size": [8, 2]},
								"south": {"uv": [32, 36], "uv_size": [16, 2]},
								"west": {"uv": [56, 40], "uv_size": [8, 2]},
								"up": {"uv": [68, 35], "uv_size": [-12, 5]},
								"down": {"uv": [50, 39], "uv_size": [-12, -5]}
							}
						},
						{
							"origin": [-10.25, 0.2, -7],
							"size": [2.5, 2, 5],
							"uv": {
								"north": {"uv": [73, 37], "uv_size": [4, 2]},
								"east": {"uv": [53, 37], "uv_size": [8, 2]},
								"south": {"uv": [74, 37], "uv_size": [4, 2]},
								"west": {"uv": [68, 40], "uv_size": [8, 2]},
								"up": {"uv": [70, 36], "uv_size": [2, 5]},
								"down": {"uv": [68, 40], "uv_size": [2, -6]}
							}
						},
						{
							"origin": [-10.25, 0.1, 2],
							"size": [2.5, 2.1, 5],
							"uv": {
								"north": {"uv": [73, 37], "uv_size": [4, 2]},
								"east": {"uv": [53, 37], "uv_size": [8, 2]},
								"south": {"uv": [74, 37], "uv_size": [4, 2]},
								"west": {"uv": [68, 40], "uv_size": [8, 2]},
								"up": {"uv": [70, 34], "uv_size": [2, 5]},
								"down": {"uv": [68, 40], "uv_size": [2, -6]}
							}
						}
					]
				}
			]
		}
	]
}