{
	"format_version": "1.8.0",
	"geometry.brain.jar": {
		"texturewidth": 128,
		"textureheight": 128,
		"visible_bounds_width": 4,
		"visible_bounds_height": 3,
		"visible_bounds_offset": [0, 1.5, 0],
		"bones": [
			{
				"name": "waist",
				"pivot": [0, 12, 0],
				"rotation": [-180, 0, 180],
				"cubes": [
					{"origin": [-5.5, 2, -5.5], "size": [11, 10, 11], "uv": [0, 0]},
					{"origin": [-3.5, 12, -3.5], "size": [7, 2, 7], "uv": [23, 35]},
					{"origin": [-6, 0, -6], "size": [12, 2, 12], "uv": [0, 21]}
				]
			},
			{
				"name": "brain",
				"parent": "waist",
				"pivot": [0.5, 5.5, -0.75],
				"rotation": [-176.85305, -7.25354, 174.96437],
				"cubes": [
					{"origin": [-2, 5.5, -5.25], "size": [6, 4, 7], "uv": [2, 37], "inflate": -0.3},
					{"origin": [-1, 4.25, -4.75], "size": [4, 2, 5], "uv": [38, 22], "inflate": -0.3}
				]
			}
		]
	}
}