{
	"format_version": "1.12.0",
	"minecraft:geometry": [
		{
			"description": {
				"identifier": "geometry.candelabra",
				"texture_width": 128,
				"texture_height": 128,
				"visible_bounds_width": 3,
				"visible_bounds_height": 3,
				"visible_bounds_offset": [0, 1.5, 0]
			},
			"bones": [
				{
					"name": "Base",
					"pivot": [0, -4.75, 0],
					"rotation": [0, 180, 0],
					"cubes": [
						{
							"origin": [-1, 0, -1],
							"size": [2, 30, 2],
							"uv": {
								"north": {"uv": [122, 2], "uv_size": [2, 30]},
								"east": {"uv": [120, 2], "uv_size": [2, 30]},
								"south": {"uv": [126, 2], "uv_size": [2, 30]},
								"west": {"uv": [124, 2], "uv_size": [2, 30]},
								"up": {"uv": [122, 0], "uv_size": [2, 2]},
								"down": {"uv": [124, 2], "uv_size": [2, -2]}
							}
						},
						{
							"origin": [-6, 19, 4],
							"size": [2, 8, 2],
							"uv": {
								"north": {"uv": [122, 2], "uv_size": [2, 8]},
								"east": {"uv": [120, 2], "uv_size": [2, 8]},
								"south": {"uv": [126, 2], "uv_size": [2, 8]},
								"west": {"uv": [124, 2], "uv_size": [2, 8]},
								"up": {"uv": [122, 0], "uv_size": [2, 2]},
								"down": {"uv": [124, 2], "uv_size": [2, -2]}
							}
						},
						{
							"origin": [4, 19, 4],
							"size": [2, 8, 2],
							"uv": {
								"north": {"uv": [122, 2], "uv_size": [2, 8]},
								"east": {"uv": [120, 2], "uv_size": [2, 8]},
								"south": {"uv": [126, 2], "uv_size": [2, 8]},
								"west": {"uv": [124, 2], "uv_size": [2, 8]},
								"up": {"uv": [122, 0], "uv_size": [2, 2]},
								"down": {"uv": [124, 2], "uv_size": [2, -2]}
							}
						},
						{
							"origin": [4, 19, -6],
							"size": [2, 8, 2],
							"uv": {
								"north": {"uv": [122, 2], "uv_size": [2, 8]},
								"east": {"uv": [120, 2], "uv_size": [2, 8]},
								"south": {"uv": [126, 2], "uv_size": [2, 8]},
								"west": {"uv": [124, 2], "uv_size": [2, 8]},
								"up": {"uv": [122, 0], "uv_size": [2, 2]},
								"down": {"uv": [124, 2], "uv_size": [2, -2]}
							}
						},
						{
							"origin": [-6, 19, -6],
							"size": [2, 8, 2],
							"uv": {
								"north": {"uv": [122, 2], "uv_size": [2, 8]},
								"east": {"uv": [120, 2], "uv_size": [2, 8]},
								"south": {"uv": [126, 2], "uv_size": [2, 8]},
								"west": {"uv": [124, 2], "uv_size": [2, 8]},
								"up": {"uv": [122, 0], "uv_size": [2, 2]},
								"down": {"uv": [124, 2], "uv_size": [2, -2]}
							}
						},
						{
							"origin": [-1.5, 22, -1.5],
							"size": [3, 2, 3],
							"uv": {
								"north": {"uv": [111, 3], "uv_size": [3, 2]},
								"east": {"uv": [108, 3], "uv_size": [3, 2]},
								"south": {"uv": [117, 3], "uv_size": [3, 2]},
								"west": {"uv": [114, 3], "uv_size": [3, 2]},
								"up": {"uv": [111, 0], "uv_size": [3, 3]},
								"down": {"uv": [114, 3], "uv_size": [3, -3]}
							}
						},
						{
							"origin": [-5.5, 20, -5.5],
							"size": [11, 2, 11],
							"uv": {
								"north": {"uv": [95, 33], "uv_size": [11, 2]},
								"east": {"uv": [84, 33], "uv_size": [11, 2]},
								"south": {"uv": [117, 33], "uv_size": [11, 2]},
								"west": {"uv": [106, 33], "uv_size": [11, 2]},
								"up": {"uv": [95, 22], "uv_size": [11, 11]},
								"down": {"uv": [106, 33], "uv_size": [11, -11]}
							}
						}
					]
				},
				{
					"name": "supports",
					"parent": "Base",
					"pivot": [0, -4.75, 0],
					"rotation": [0, 45, 0],
					"cubes": [
						{
							"origin": [0, 0, -8],
							"size": [0, 20, 7],
							"uv": {
								"north": {"uv": [112, 36], "uv_size": [0, 20]},
								"east": {"uv": [105, 36], "uv_size": [7, 20]},
								"south": {"uv": [119, 36], "uv_size": [0, 20]},
								"west": {"uv": [112, 36], "uv_size": [7, 20]},
								"up": {"uv": [112, 29], "uv_size": [0, 7]},
								"down": {"uv": [112, 36], "uv_size": [0, -7]}
							}
						},
						{
							"origin": [0, 0, 1],
							"size": [0, 20, 7],
							"uv": {
								"north": {"uv": [112, 36], "uv_size": [0, 20]},
								"east": {"uv": [0, 106], "uv_size": [13, 22]},
								"south": {"uv": [119, 36], "uv_size": [0, 20]},
								"west": {"uv": [105, 36], "uv_size": [7, 20]},
								"up": {"uv": [112, 29], "uv_size": [0, 7]},
								"down": {"uv": [112, 36], "uv_size": [0, -7]}
							}
						},
						{
							"origin": [1, 0, 0],
							"size": [7, 20, 0],
							"uv": {
								"north": {"uv": [105, 36], "uv_size": [7, 20]},
								"east": {"uv": [96, 36], "uv_size": [0, 20]},
								"south": {"uv": [127, 36], "uv_size": [1, 20]},
								"west": {"uv": [112, 36], "uv_size": [0, 20]},
								"up": {"uv": [96, 36], "uv_size": [16, 0]},
								"down": {"uv": [112, 36], "uv_size": [16, 0]}
							}
						},
						{
							"origin": [-8, 0, 0],
							"size": [7, 20, 0],
							"uv": {
								"north": {"uv": [112, 36], "uv_size": [-7, 20]},
								"east": {"uv": [96, 36], "uv_size": [0, 20]},
								"south": {"uv": [127, 36], "uv_size": [1, 20]},
								"west": {"uv": [112, 36], "uv_size": [0, 20]},
								"up": {"uv": [96, 36], "uv_size": [16, 0]},
								"down": {"uv": [112, 36], "uv_size": [16, 0]}
							}
						},
						{
							"origin": [-8.5, 27, 0],
							"size": [17, 4, 0],
							"uv": {
								"north": {"uv": [86, 17], "uv_size": [17, 4]},
								"east": {"uv": [86, 17], "uv_size": [0, 4]},
								"south": {"uv": [103, 17], "uv_size": [17, 4]},
								"west": {"uv": [103, 17], "uv_size": [0, 4]},
								"up": {"uv": [86, 17], "uv_size": [17, 0]},
								"down": {"uv": [103, 17], "uv_size": [17, 0]}
							}
						},
						{
							"origin": [0, 27, -8.5],
							"size": [0, 4, 17],
							"uv": {
								"north": {"uv": [103, 17], "uv_size": [0, 4]},
								"east": {"uv": [86, 17], "uv_size": [17, 4]},
								"south": {"uv": [120, 17], "uv_size": [0, 4]},
								"west": {"uv": [103, 17], "uv_size": [17, 4]},
								"up": {"uv": [103, 0], "uv_size": [0, 17]},
								"down": {"uv": [103, 17], "uv_size": [0, -17]}
							}
						}
					]
				}
			]
		}
	]
}