{
	"format_version": "1.8.0",
	"geometry.eye.jar": {
		"texturewidth": 128,
		"textureheight": 128,
		"visible_bounds_width": 4,
		"visible_bounds_height": 3,
		"visible_bounds_offset": [0, 1.5, 0],
		"bones": [
			{
				"name": "waist",
				"pivot": [0, 12, 0],
				"rotation": [-180, 0, 180],
				"cubes": [
					{"origin": [-3.5, 2, -3.5], "size": [7, 11, 7], "uv": [45, 3]},
					{"origin": [-4, 0, -4], "size": [8, 2, 8], "uv": [74, 11]}
				]
			},
			{
				"name": "eye",
				"parent": "waist",
				"pivot": [0.25, 5.5, -1],
				"rotation": [-3.1945, 12.2459, -5.31615],
				"cubes": [
					{"origin": [-2.25, 5.5, -2.5], "size": [4, 4, 4], "uv": [6, 51], "inflate": -0.3},
					{"origin": [-1.25, 4, 0], "size": [2, 5, 2], "uv": [33, 50], "inflate": -0.3}
				]
			}
		]
	}
}