{
	"format_version": "1.8.0",
	"geometry.ghost.block0": {
		"texturewidth": 128,
		"textureheight": 128,
		"visible_bounds_width": 3,
		"visible_bounds_height": 3,
		"visible_bounds_offset": [0, 1.5, 0],
		"bones": [
			{
				"name": "waist",
				"pivot": [0, 12, 0],
				"rotation": [-180, 0, 180],
				"cubes": [
					{"origin": [-6, 2, -6], "size": [12, 25, 12], "uv": [0, 0]},
					{"origin": [-5.5, 1.5, -5.5], "size": [11, 25, 11], "uv": [0, 37]},
					{"origin": [-1, 0, -1], "size": [2, 26, 2], "uv": [52, 9]}
				]
			}
		]
	}
}