{
	"format_version": "1.12.0",
	"minecraft:geometry": [
		{
			"description": {
				"identifier": "geometry.pillory",
				"texture_width": 128,
				"texture_height": 128,
				"visible_bounds_width": 4,
				"visible_bounds_height": 3,
				"visible_bounds_offset": [0, 1.5, 0]
			},
			"bones": [
				{
					"name": "waist",
					"pivot": [0, 12, 0],
					"rotation": [179.9, -0.1, -179.8],
					"cubes": [
						{
							"origin": [-8, 16, -4.5],
							"size": [16, 5, 4],
							"uv": {
								"north": {"uv": [112, 0], "uv_size": [16, 5]},
								"east": {"uv": [115, 16], "uv_size": [4, 5]},
								"south": {"uv": [112, 0], "uv_size": [16, 5]},
								"west": {"uv": [115, 18], "uv_size": [4, 5]},
								"up": {"uv": [63, 37], "uv_size": [16, 4]},
								"down": {"uv": [112, 21], "uv_size": [16, -4]}
							}
						},
						{
							"origin": [-8, 11, -4.5],
							"size": [16, 5, 4],
							"uv": {
								"north": {"uv": [112, 6], "uv_size": [16, 5]},
								"east": {"uv": [120, 17], "uv_size": [4, 5]},
								"south": {"uv": [112, 6], "uv_size": [16, 5]},
								"west": {"uv": [119, 17], "uv_size": [4, 5]},
								"up": {"uv": [112, 17], "uv_size": [16, 4]},
								"down": {"uv": [53, 39], "uv_size": [16, -4]}
							}
						},
						{
							"origin": [-11, 2, -4.5],
							"size": [3, 14, 4],
							"uv": {
								"north": {"uv": [35, 8], "uv_size": [3, 14]},
								"east": {"uv": [35, 8], "uv_size": [4, 14]},
								"south": {"uv": [34, 8], "uv_size": [3, 14]},
								"west": {"uv": [34, 8], "uv_size": [4, 14]},
								"up": {"uv": [118, 0], "uv_size": [3, 4]},
								"down": {"uv": [121, 4], "uv_size": [3, -4]}
							}
						},
						{
							"origin": [-11, 16, -4.5],
							"size": [3, 5, 4],
							"uv": {
								"north": {"uv": [43, 6], "uv_size": [3, 5]},
								"east": {"uv": [43, 7], "uv_size": [4, 5]},
								"south": {"uv": [42, 8], "uv_size": [3, 5]},
								"west": {"uv": [41, 11], "uv_size": [4, 5]},
								"up": {"uv": [71, 34], "uv_size": [3, 4]},
								"down": {"uv": [121, 4], "uv_size": [3, -4]}
							}
						},
						{
							"origin": [-3.5, 12, -4.5],
							"size": [0, 9, 4],
							"uv": {
								"north": {"uv": [43, 6], "uv_size": [3, 5]},
								"east": {"uv": [118, 16], "uv_size": [4, 5]},
								"south": {"uv": [115, 18], "uv_size": [3, 5]},
								"west": {"uv": [41, 11], "uv_size": [4, 5]},
								"up": {"uv": [71, 34], "uv_size": [3, 4]},
								"down": {"uv": [121, 4], "uv_size": [3, -4]}
							}
						},
						{
							"origin": [3.5, 12, -4.5],
							"size": [0, 9, 4],
							"uv": {
								"north": {"uv": [118, 17], "uv_size": [3, 5]},
								"east": {"uv": [42, 15], "uv_size": [4, 5]},
								"south": {"uv": [115, 18], "uv_size": [3, 5]},
								"west": {"uv": [114, 16], "uv_size": [4, 5]},
								"up": {"uv": [71, 34], "uv_size": [3, 4]},
								"down": {"uv": [121, 4], "uv_size": [3, -4]}
							}
						},
						{
							"origin": [8, 16, -4.5],
							"size": [3, 5, 4],
							"uv": {
								"north": {"uv": [42, 14], "uv_size": [3, 5]},
								"east": {"uv": [41, 12], "uv_size": [4, 5]},
								"south": {"uv": [44, 9], "uv_size": [3, 5]},
								"west": {"uv": [42, 7], "uv_size": [4, 5]},
								"up": {"uv": [66, 36], "uv_size": [3, 4]},
								"down": {"uv": [121, 4], "uv_size": [3, -4]}
							}
						},
						{
							"origin": [8, 2, -4.5],
							"size": [3, 14, 4],
							"uv": {
								"north": {"uv": [34, 8], "uv_size": [3, 14]},
								"east": {"uv": [33, 8], "uv_size": [4, 14]},
								"south": {"uv": [35, 8], "uv_size": [3, 14]},
								"west": {"uv": [34, 8], "uv_size": [4, 14]},
								"up": {"uv": [118, 0], "uv_size": [3, 4]},
								"down": {"uv": [121, 4], "uv_size": [3, -4]}
							}
						},
						{
							"origin": [-8, 0.1, -6],
							"size": [16, 2, 8],
							"uv": {
								"north": {"uv": [64, 37], "uv_size": [16, 2]},
								"east": {"uv": [32, 40], "uv_size": [8, 2]},
								"south": {"uv": [32, 36], "uv_size": [16, 2]},
								"west": {"uv": [56, 40], "uv_size": [8, 2]},
								"up": {"uv": [40, 32], "uv_size": [16, 8]},
								"down": {"uv": [56, 40], "uv_size": [16, -8]}
							}
						},
						{
							"origin": [-12, 0.1, -6],
							"size": [4, 2, 8],
							"uv": {
								"north": {"uv": [73, 37], "uv_size": [4, 2]},
								"east": {"uv": [53, 37], "uv_size": [8, 2]},
								"south": {"uv": [74, 37], "uv_size": [4, 2]},
								"west": {"uv": [68, 40], "uv_size": [8, 2]},
								"up": {"uv": [64, 32], "uv_size": [4, 8]},
								"down": {"uv": [68, 40], "uv_size": [4, -8]}
							}
						},
						{
							"origin": [8, 0.1, -6],
							"size": [4, 2, 8],
							"uv": {
								"north": {"uv": [64, 40], "uv_size": [4, 2]},
								"east": {"uv": [56, 40], "uv_size": [8, 2]},
								"south": {"uv": [74, 37], "uv_size": [4, 2]},
								"west": {"uv": [70, 37], "uv_size": [8, 2]},
								"up": {"uv": [64, 32], "uv_size": [4, 8]},
								"down": {"uv": [68, 40], "uv_size": [4, -8]}
							}
						}
					]
				}
			]
		}
	]
}