{
	"format_version": "1.12.0",
	"minecraft:geometry": [
		{
			"description": {
				"identifier": "geometry.side_layer",
				"texture_width": 64,
				"texture_height": 64,
				"visible_bounds_width": 3,
				"visible_bounds_height": 2,
				"visible_bounds_offset": [0, 1, 0]
			},
			"bones": [
				{
					"name": "Base",
					"pivot": [0, -0.75, 0],
					"rotation": [-0.5, 0, 0],
					"cubes": [
						{"origin": [-8, 0, 7.75], "size": [16, 16, 0], "inflate": 0.01, "uv": [3, 21]},
						{"origin": [-8, 16, 7.75], "size": [16, 1, 3], "uv": [0, 16]}
					]
				}
			]
		}
	]
}