{
	"format_version": "1.8.0",
	"geometry.skeleton.block1": {
		"texturewidth": 64,
		"textureheight": 32,
		"visible_bounds_width": 3,
		"visible_bounds_height": 3,
		"visible_bounds_offset": [0, 1.5, 0],
		"bones": [
			{
				"name": "waist",
				"pivot": [0, 0, -3],
				"rotation": [0, 180, 0]
			},
			{
				"name": "body",
				"parent": "waist",
				"pivot": [-1, 12.5, -3],
				"rotation": [0, 0, -7.5],
				"cubes": [
					{"origin": [-5.25, 0.75, -5], "size": [8, 12, 4], "uv": [16, 16]},
					{"origin": [-5.25, 1.25, -5], "size": [8, 1, 4], "uv": [24, 16], "inflate": -0.1}
				]
			},
			{
				"name": "head",
				"parent": "body",
				"pivot": [-1, 12.5, -3],
				"rotation": [15.05918, -0.54093, -12.48847],
				"cubes": [
					{"origin": [-5, 12.5, -7], "size": [8, 8, 8], "uv": [0, 0]}
				]
			},
			{
				"name": "rightArm",
				"parent": "body",
				"pivot": [-6, 10.75, -3],
				"rotation": [-2.44081, 0.54094, 12.48848],
				"cubes": [
					{"origin": [-7, 0.75, -4], "size": [2, 12, 2], "uv": [40, 16]}
				]
			},
			{
				"name": "rightItem",
				"parent": "rightArm",
				"pivot": [-7, 3.75, -2]
			},
			{
				"name": "leftArm",
				"parent": "body",
				"pivot": [4, 9.5, -3],
				"rotation": [2.5, 0, 0],
				"mirror": true,
				"cubes": [
					{"origin": [3, -0.5, -4], "size": [2, 12, 2], "uv": [40, 16]}
				]
			},
			{
				"name": "leftItem",
				"parent": "leftArm",
				"pivot": [5, 2.5, -2]
			},
			{
				"name": "rightLeg",
				"parent": "body",
				"pivot": [-3, 2, -3],
				"rotation": [-90, 22.5, 0],
				"cubes": [
					{"origin": [-4, -10, -4], "size": [2, 12, 2], "uv": [0, 16]}
				]
			},
			{
				"name": "leftLeg",
				"parent": "body",
				"pivot": [5, 0.25, -6],
				"rotation": [-92.7553, 47.14564, 3.40565],
				"mirror": true,
				"cubes": [
					{"origin": [3.25, -11, -7], "size": [2, 12, 2], "uv": [0, 16]}
				]
			}
		]
	}
}