{
	"format_version": "1.8.0",
	"geometry.skeleton.block": {
		"texturewidth": 64,
		"textureheight": 32,
		"visible_bounds_width": 3,
		"visible_bounds_height": 3,
		"visible_bounds_offset": [0, 1.5, 0],
		"bones": [
			{
				"name": "waist",
				"pivot": [0, 12, 0],
				"rotation": [0, 180, 0]
			},
			{
				"name": "body",
				"parent": "waist",
				"pivot": [0, 24, 0],
				"rotation": [0, 0, 2.5],
				"cubes": [
					{"origin": [-4, 12, -2], "size": [8, 12, 4], "uv": [16, 16]}
				]
			},
			{
				"name": "rightArm",
				"parent": "body",
				"pivot": [-5, 22, 0],
				"rotation": [-85, 0, 0],
				"cubes": [
					{"origin": [-6, 12, -1], "size": [2, 12, 2], "uv": [40, 16]}
				]
			},
			{
				"name": "rightItem",
				"parent": "rightArm",
				"pivot": [-6, 15, 1]
			},
			{
				"name": "leftArm",
				"parent": "body",
				"pivot": [5, 22, 0],
				"rotation": [-87.5, 0, 0],
				"mirror": true,
				"cubes": [
					{"origin": [4, 12, -1], "size": [2, 12, 2], "uv": [40, 16]}
				]
			},
			{
				"name": "leftItem",
				"parent": "leftArm",
				"pivot": [6, 15, 1]
			},
			{
				"name": "rightLeg",
				"parent": "body",
				"pivot": [-2, 12, 0],
				"cubes": [
					{"origin": [-3, 0, -1], "size": [2, 12, 2], "uv": [0, 16]}
				]
			},
			{
				"name": "leftLeg",
				"parent": "body",
				"pivot": [2, 12.25, 0],
				"rotation": [0, 0, -5],
				"mirror": true,
				"cubes": [
					{"origin": [1, 0.25, -1], "size": [2, 12, 2], "uv": [0, 16]}
				]
			},
			{
				"name": "head",
				"parent": "body",
				"pivot": [0, 24, 0],
				"rotation": [-2.4905, 0.21782, 4.99527],
				"cubes": [
					{"origin": [-4, 24, -4], "size": [8, 8, 8], "uv": [0, 0]}
				]
			}
		]
	}
}