{
	"format_version": "1.12.0",
	"minecraft:geometry": [
		{
			"description": {
				"identifier": "geometry.valve",
				"texture_width": 32,
				"texture_height": 32,
				"visible_bounds_width": 2,
				"visible_bounds_height": 2,
				"visible_bounds_offset": [0, 1, 0]
			},
			"bones": [
				{
					"name": "Base",
					"pivot": [0, -4.75, 0],
					"cubes": [
						{
							"origin": [-2, 0, -2],
							"size": [4, 2, 4],
							"uv": {
								"north": {"uv": [5.25, 18.25], "uv_size": [1, 0.5]},
								"east": {"uv": [5.25, 18.25], "uv_size": [1, 0.5]},
								"south": {"uv": [5.25, 18.25], "uv_size": [1, 0.5]},
								"west": {"uv": [5.25, 18.25], "uv_size": [1, 0.5]},
								"up": {"uv": [6.25, 18], "uv_size": [-1, -1]},
								"down": {"uv": [5.25, 18], "uv_size": [1, -1]}
							}
						},
						{
							"origin": [-1, 2, -1],
							"size": [2, 3, 2],
							"uv": {
								"north": {"uv": [4, 17.25], "uv_size": [0.5, 0.75]},
								"east": {"uv": [4, 17.25], "uv_size": [0.5, 0.75]},
								"south": {"uv": [4, 17.25], "uv_size": [0.5, 0.75]},
								"west": {"uv": [4, 17.25], "uv_size": [0.5, 0.75]},
								"up": {"uv": [0, 0], "uv_size": [2, 2]},
								"down": {"uv": [0, 2], "uv_size": [2, -2]}
							}
						},
						{
							"origin": [-6, 5.25, -6],
							"size": [12, 0, 12],
							"uv": {
								"north": {"uv": [15, 16], "uv_size": [12, 0]},
								"east": {"uv": [3, 16], "uv_size": [12, 0]},
								"south": {"uv": [39, 16], "uv_size": [12, 0]},
								"west": {"uv": [27, 16], "uv_size": [12, 0]},
								"up": {"uv": [3.75, 18], "uv_size": [-3, -3]},
								"down": {"uv": [0, 0.75], "uv_size": [1, -0.75]}
							}
						},
						{
							"origin": [-6, 5, -6],
							"size": [12, 0, 12],
							"uv": {
								"north": {"uv": [15, 12], "uv_size": [12, 0]},
								"east": {"uv": [3, 12], "uv_size": [12, 0]},
								"south": {"uv": [39, 12], "uv_size": [12, 0]},
								"west": {"uv": [27, 12], "uv_size": [12, 0]},
								"up": {"uv": [0, 0], "uv_size": [0.75, 0.5]},
								"down": {"uv": [0.75, 18], "uv_size": [3, -3]}
							}
						}
					]
				}
			]
		}
	]
}