{
	"format_version": "1.8.0",
	"geometry.zombie.block2": {
		"texturewidth": 64,
		"textureheight": 32,
		"visible_bounds_width": 3,
		"visible_bounds_height": 3,
		"visible_bounds_offset": [0, 1.5, 0],
		"bones": [
			{
				"name": "waist",
				"pivot": [0, -1.25, -8.5],
				"rotation": [-135, 0, 180]
			},
			{
				"name": "body",
				"parent": "waist",
				"pivot": [0, 10.75, -8.5],
				"cubes": [
					{"origin": [-4, 2.75, -10.5], "size": [8, 8, 4], "uv": [16, 16]},
					{"origin": [-0.9, 2.5, -7], "size": [2, 9, 1], "uv": [57, 0]}
				]
			},
			{
				"name": "head",
				"parent": "body",
				"pivot": [0, 10.75, -8.5],
				"rotation": [-50.37824, 7.34314, 12.85841],
				"cubes": [
					{"origin": [-4, 10.75, -12.5], "size": [8, 8, 8], "uv": [0, 0]}
				]
			},
			{
				"name": "rightArm",
				"parent": "body",
				"pivot": [-5, 8.75, -8.5],
				"rotation": [-142.50473, 0.21782, -2.4905],
				"cubes": [
					{"origin": [-8, -1.25, -10.5], "size": [4, 12, 4], "uv": [40, 16]}
				]
			},
			{
				"name": "rightItem",
				"parent": "rightArm",
				"pivot": [-6, 1.75, -7.5]
			},
			{
				"name": "leftArm",
				"parent": "body",
				"pivot": [5, 8.75, -8.5],
				"rotation": [-112.50238, -0.10901, 2.49762],
				"mirror": true,
				"cubes": [
					{"origin": [4, -1.25, -10.5], "size": [4, 12, 4], "uv": [40, 16]}
				]
			},
			{
				"name": "leftItem",
				"parent": "leftArm",
				"pivot": [6, 1.75, -7.5]
			},
			{
				"name": "rightLeg",
				"parent": "body",
				"pivot": [-1.9, 3, -9],
				"rotation": [-135, 0, 180],
				"cubes": [
					{"origin": [-7.75, 1.75, -11], "size": [8, 3, 3], "uv": [17, 23], "inflate": -0.3}
				]
			},
			{
				"name": "back_fray",
				"parent": "body",
				"pivot": [0, 10.75, -8.5],
				"rotation": [0, -45, 0],
				"cubes": [
					{"origin": [1.1, 5.75, -7.75], "size": [2, 1, 0], "uv": [46, 7]},
					{"origin": [0.85, 4.75, -7.25], "size": [0, 1, 2], "uv": [46, 7]},
					{"origin": [0.85, 8.75, -6.75], "size": [0, 1, 2], "uv": [46, 6]}
				]
			}
		]
	}
}