{
	"format_version": "1.8.0",
	"geometry.zombie.block0": {
		"texturewidth": 64,
		"textureheight": 32,
		"visible_bounds_width": 3,
		"visible_bounds_height": 4,
		"visible_bounds_offset": [0, 1, 0],
		"bones": [
			{
				"name": "waist",
				"pivot": [-3, 0, -3],
				"rotation": [-180, -32.5, 180]
			},
			{
				"name": "body",
				"parent": "waist",
				"pivot": [-3, 12, -3],
				"cubes": [
					{"origin": [-7, 0, -5], "size": [8, 12, 4], "uv": [16, 16]},
					{"origin": [-3.4, 0, -1.5], "size": [1, 2, 1], "uv": [58, 2]}
				]
			},
			{
				"name": "head",
				"parent": "body",
				"pivot": [-3, 12, -3],
				"rotation": [-16.0355, 40.11097, -1.34558],
				"cubes": [
					{"origin": [-7, 12, -7], "size": [8, 8, 8], "uv": [0, 0]}
				]
			},
			{
				"name": "rightArm",
				"parent": "body",
				"pivot": [-8, 10, -3],
				"rotation": [-85.00473, 0.21782, -2.4905],
				"cubes": [
					{"origin": [-11, 0, -5], "size": [4, 12, 4], "uv": [40, 16]}
				]
			},
			{
				"name": "rightItem",
				"parent": "rightArm",
				"pivot": [-9, 3, -2]
			},
			{
				"name": "leftArm",
				"parent": "body",
				"pivot": [2, 10, -3],
				"rotation": [-87.50238, -0.10901, 2.49762],
				"mirror": true,
				"cubes": [
					{"origin": [1, 0, -5], "size": [4, 12, 4], "uv": [40, 16]}
				]
			},
			{
				"name": "leftItem",
				"parent": "leftArm",
				"pivot": [3, 3, -2]
			},
			{
				"name": "rightLeg",
				"parent": "body",
				"pivot": [-4.9, 0, -3],
				"cubes": [
					{"origin": [-6.9, -12, -5], "size": [4, 12, 4], "uv": [0, 16]}
				]
			},
			{
				"name": "leftLeg",
				"parent": "body",
				"pivot": [-1.1, 0, -3],
				"mirror": true,
				"cubes": [
					{"origin": [-3.1, -12, -5], "size": [4, 12, 4], "uv": [0, 16]}
				]
			},
			{
				"name": "back_fray",
				"parent": "body",
				"pivot": [-3, 12, -3],
				"rotation": [0, -45, 0]
			}
		]
	}
}