{
	"format_version": "1.8.0",
	"geometry.zombie.block3": {
		"texturewidth": 64,
		"textureheight": 32,
		"visible_bounds_width": 3,
		"visible_bounds_height": 3,
		"visible_bounds_offset": [0, 1.5, 0],
		"bones": [
			{
				"name": "waist",
				"pivot": [0, 2.25, -5],
				"rotation": [94.95712, -0.02821, -179.34818]
			},
			{
				"name": "body",
				"parent": "waist",
				"pivot": [0, 14.25, -5],
				"cubes": [
					{"origin": [-4, 2.25, -7], "size": [8, 12, 4], "uv": [16, 16]},
					{"origin": [-0.9, 4.25, -3.5], "size": [2, 11, 1], "uv": [57, 0]},
					{"origin": [0.6, 2.25, -3.5], "size": [3, 2, 1], "uv": [56, 3]},
					{"origin": [-3.4, 2.25, -3.5], "size": [3, 2, 1], "uv": [56, 3]},
					{"origin": [-0.4, 2.25, -3.5], "size": [1, 2, 1], "uv": [58, 2]}
				]
			},
			{
				"name": "head",
				"parent": "body",
				"pivot": [0, 14.25, -6],
				"rotation": [-5, 0, 0],
				"cubes": [
					{"origin": [-4, 14.25, -10], "size": [8, 8, 8], "uv": [0, 0]}
				]
			},
			{
				"name": "rightArm",
				"parent": "body",
				"pivot": [-5, 12.25, -5],
				"rotation": [0.00478, 0.21782, 0.00952],
				"cubes": [
					{"origin": [-8, 2.25, -7], "size": [4, 12, 4], "uv": [40, 16]}
				]
			},
			{
				"name": "rightItem",
				"parent": "rightArm",
				"pivot": [-6, 5.25, -4]
			},
			{
				"name": "leftArm",
				"parent": "body",
				"pivot": [5, 12.25, -5],
				"rotation": [0.25031, -5.31622, -0.23649],
				"mirror": true,
				"cubes": [
					{"origin": [4, 2.25, -7], "size": [4, 12, 4], "uv": [40, 16]}
				]
			},
			{
				"name": "leftItem",
				"parent": "leftArm",
				"pivot": [6, 5.25, -4]
			},
			{
				"name": "rightLeg",
				"parent": "body",
				"pivot": [-1.9, 2.25, -5],
				"rotation": [-5, 0, 0],
				"cubes": [
					{"origin": [-3.9, -9.75, -7], "size": [4, 12, 4], "uv": [0, 16]},
					{"origin": [-2.9, -8.75, -3.5], "size": [2, 11, 1], "uv": [57, 0]}
				]
			},
			{
				"name": "leftLeg",
				"parent": "body",
				"pivot": [1.9, 2.25, -5],
				"rotation": [-4.99917, 2.27268, -2.70829],
				"mirror": true,
				"cubes": [
					{"origin": [-0.1, -9.75, -7], "size": [4, 12, 4], "uv": [0, 16]},
					{"origin": [1.1, -8.75, -3.5], "size": [2, 11, 1], "uv": [57, 0], "mirror": false}
				]
			},
			{
				"name": "back_fray",
				"parent": "body",
				"pivot": [0, 14.25, -5],
				"rotation": [0, -45, 0]
			}
		]
	}
}