{
  "format_version": "1.13.0",
  "minecraft:entity": {
    "description": {
      "identifier": "op_asa:room_medium_entity",
      "is_spawnable": false,
      "is_summonable": true,
      "is_experimental": false
    },
    "component_groups": {
      "op_asa:despawn":{
        "minecraft:instant_despawn": {}
      }
    },

    "components": {
      "minecraft:timer": {
        "looping": true,
        "randomInterval": false,
        "time": 0.1,
        "time_down_event": {
         "event": "op_asa:timer_event",
         "target": "self"
        }
      },
      "minecraft:damage_sensor": {
        "triggers": {
            "on_damage": {"filters": {}},
            "deals_damage": false
        }
      },
      "minecraft:fire_immune": {
      },
      "minecraft:type_family": {
        "family": ["room","opeope"]
      },
      "minecraft:target_nearby_sensor":{
        "outside_range":32.0,
        "on_outside_range":{
          "event":"op_asa:room_end",
          "target":"self"
        }
      },
      "minecraft:behavior.nearest_attackable_target": {
        "priority": 1,
        "must_see": false,
        "entity_types": [
          {
            "filters": {
              "test": "has_tag",
              "subject": "other",
              "value": "opeope"
            },
            "max_dist": 100
          }
        ]
      },
      "minecraft:scale":{
        "value":3.2
      },
      "minecraft:collision_box": {
        "width":0,
        "height":0
      },
      "minecraft:physics": {
      },
      "minecraft:pushable": {
        "is_pushable": false,
        "is_pushable_by_piston": false
      },
      "minecraft:conditional_bandwidth_optimization": {
        "default_values": {
          "max_optimized_distance": 80.0,
          "max_dropped_ticks": 10,
          "use_motion_prediction_hints": true
        }
      }
    },

    "events": {
      "op_asa:timer_event":{
        "run_command":{
          "command":"function akumanomi/opeope/room_entity_timer"
        }
      },
      "op_asa:despawn":{
        "add":{
          "component_groups":[
            "op_asa:despawn"
          ]
        },
        "run_command":{
          "command":[
            "tag @e[r=33] remove room_inside",
            "event entity @a[r=33] amputate_end",
            "event entity @e[r=33] op_asa:amputate_end"
          ]
        }
      },
      "op_asa:room_end":{
        "add": {
          "component_groups": [
            "op_asa:despawn"
          ]
        },
        "run_command":{
          "command":[
            "clear @a[tag=opeope,hasitem={item=op_asa:room_medium,location=slot.weapon.offhand}] op_asa:room_medium",
            "tag @e[r=33] remove room_inside",
            "event entity @a[r=33] amputate_end",
            "event entity @e[r=33] op_asa:amputate_end"
          ]
        }
      }
    }

  }
}