{
	"format_version" : "1.18.20",
	"minecraft:entity" : {
		"description" : {
			"identifier" : "mobvote:sniffer",
			"is_spawnable" : true,
			"is_summonable" : true,
			"is_experimental" : false
		},
		"component_groups" : {
			"seed_spawn" : {
				"minecraft:timer" : {
					"looping" : true,
					"time" : 5,
					"time_down_event" : {
						"event" : "end"
					}
				},
				"minecraft:spawn_entity" : {
					"entities" : {
						"min_wait_time" : 2,
						"max_wait_time" : 4,
						"spawn_sound" : "plop",
						"spawn_item" : "mobvote:sniffer_seed",
						"filters" : {
							"test" : "rider_count",
							"subject" : "self",
							"operator" : "==",
							"value" : 0
						}
					}
				},
				"minecraft:movement" : {
					"value" : 0
				}
			},
			"seed" : {
				"minecraft:timer" : {
					"looping" : true,
					"time" : 2,
					"time_down_event" : {
						"event" : "seed_spawn"
					}
				},
				"minecraft:variant" : {
					"value" : 1
				},
				"minecraft:movement" : {
					"value" : 0
				}
			},
			"flowers" : {
				"minecraft:timer" : {
					"looping" : false,
					"time" : 120,
					"time_down_event" : {
						"event" : "seed"
					}
				},
				"minecraft:variant" : {
					"value" : 0
				},
				"minecraft:movement" : {
					"value" : 0.3
				}
			},
			"baby" : {
				"minecraft:is_baby" : {},
				"minecraft:scale" : {
					"value" : 0.4
				},
				"minecraft:ageable" : {
					"duration" : 1200,
					"feed_items" : "mobvote:sniffer_seed",
					"grow_up" : {
						"event" : "minecraft:ageable_grow_up",
						"target" : "self"
					}
				},
				"minecraft:behavior.follow_parent" : {
					"priority" : 6,
					"speed_multiplier" : 0.5
				}
			},
			"adult" : {
				"minecraft:experience_reward" : {
					"on_bred" : "Math.Random(1,7)",
					"on_death" : "query.last_hit_by_player ? Math.Random(1,3) : 0"
				},
				"minecraft:behavior.breed" : {
					"priority" : 3,
					"speed_multiplier" : 1
				},
				"minecraft:scale" : {
					"value" : 0.8
				}
			}
		},
		"components" : {
			"minecraft:experience_reward" : {
				"on_bred" : "Math.Random(1,7)",
				"on_death" : "query.last_hit_by_player ? 5 : 0"
			},
			"minecraft:is_hidden_when_invisible" : {},
			"minecraft:type_family" : {
				"family" : [ "sniffer", "mob" ]
			},
			"minecraft:breathable" : {
				"total_supply" : 15,
				"suffocate_time" : 0
			},
			"minecraft:movement.basic" : {},
			"minecraft:jump.static" : {},
			"minecraft:can_climb" : {},
			"minecraft:collision_box" : {
				"width" : 2.7,
				"height" : 3
			},
			"minecraft:health" : {
				"value" : 300,
				"max" : 300
			},
			"minecraft:behavior.float" : {
				"priority" : 0
			},
			"minecraft:behavior.random_stroll" : {
				"priority" : 9,
				"speed_multiplier" : 0.5
			},
			"minecraft:behavior.random_look_around" : {
				"priority" : 11
			},
			"minecraft:physics" : {},
			"minecraft:follow_range" : 30,
			"minecraft:nameable" : {},
			"minecraft:navigation.walk" : {
				"is_amphibious" : true,
				"can_path_over_water" : true,
				"can_pass_doors" : true,
				"can_open_doors" : true,
				"can_walk" : true,
				"avoid_water" : true
			},
			"minecraft:behavior.move_to_block" : {
				"priority" : 10,
				"tick_interval" : 1,
				"start_chance" : 0.5,
				"search_range" : 64,
				"search_height" : 8,
				"goal_radius" : 1.0,
				"stay_duration" : 0.3,
				"target_selection_method" : "random",
				"target_offset" : [ 0, -1, 0 ],
				"target_blocks" : [
					"mobvote:sniffer_plant",
					"red_flower",
					"yellow_flower",
					"wither_rose",
					"flowering_azalea",
					"azalea_leaves_flowered",
					"mangrove_propagule"
				]
			}
		},
		"events" : {
			"end" : {
				"add" : {
					"component_groups" : [ "flowers" ]
				},
				"remove" : {
					"component_groups" : [ "seed_spawn", "seed" ]
				}
			},
			"seed" : {
				"remove" : {
					"component_groups" : [ "flowers" ]
				},
				"add" : {
					"component_groups" : [ "seed" ]
				}
			},
			"seed_spawn" : {
				"remove" : {
					"component_groups" : [ "seed", "flowers" ]
				},
				"add" : {
					"component_groups" : [ "seed_spawn" ]
				}
			},
			"minecraft:entity_spawned" : {
				"randomize" : [
					{
						"weight" : 95,
						"trigger" : "minecraft:spawn_adult"
					},
					{
						"weight" : 5,
						"add" : {
							"component_groups" : [ "baby", "flowers" ]
						}
					}
				]
			},
			"minecraft:entity_born" : {
				"add" : {
					"component_groups" : [ "flower", "baby" ]
				}
			},
			"minecraft:spawn_adult" : {
				"add" : {
					"component_groups" : [ "flowers", "adult" ]
				}
			},
			"minecraft:ageable_grow_up" : {
				"remove" : {
					"component_groups" : [ "baby" ]
				},
				"add" : {
					"component_groups" : [ "adult" ]
				}
			}
		}
	}
}
