{"format_version":"1.19.0","minecraft:entity":{"description":{"identifier":"mobvote:tuff_golem","is_spawnable":true,"is_summonable":true,"is_experimental":false,"animations":{"sleep":"controller.animation.sleep"},"scripts":{"animate":["sleep"]}},"component_groups":{"black":{"minecraft:mark_variant":{"value":16},"minecraft:interact":{"interactions":[{"on_interact":{"filters":{"all_of":[{"test":"is_family","subject":"other","value":"player"}]}},"give_item":true,"take_item":true,"interact_text":"action.interact.tuff_golem"}]},"minecraft:inventory":{"inventory_size":1,"private":true},"minecraft:home":{"restriction_radius":16}},"red":{"minecraft:mark_variant":{"value":15},"minecraft:inventory":{"inventory_size":1,"private":true},"minecraft:interact":{"interactions":[{"on_interact":{"filters":{"all_of":[{"test":"is_family","subject":"other","value":"player"}]}},"give_item":true,"take_item":true,"interact_text":"action.interact.tuff_golem"}]},"minecraft:home":{"restriction_radius":16}},"green":{"minecraft:mark_variant":{"value":14},"minecraft:inventory":{"inventory_size":1,"private":true},"minecraft:interact":{"interactions":[{"on_interact":{"filters":{"all_of":[{"test":"is_family","subject":"other","value":"player"}]}},"give_item":true,"take_item":true,"interact_text":"action.interact.tuff_golem"}]},"minecraft:home":{"restriction_radius":16}},"brown":{"minecraft:mark_variant":{"value":13},"minecraft:inventory":{"inventory_size":1,"private":true},"minecraft:interact":{"interactions":[{"on_interact":{"filters":{"all_of":[{"test":"is_family","subject":"other","value":"player"}]}},"give_item":true,"take_item":true,"interact_text":"action.interact.tuff_golem"}]},"minecraft:home":{"restriction_radius":16}},"blue":{"minecraft:mark_variant":{"value":12},"minecraft:inventory":{"inventory_size":1,"private":true},"minecraft:interact":{"interactions":[{"on_interact":{"filters":{"all_of":[{"test":"is_family","subject":"other","value":"player"}]}},"give_item":true,"take_item":true,"interact_text":"action.interact.tuff_golem"}]},"minecraft:home":{"restriction_radius":16}},"purple":{"minecraft:mark_variant":{"value":11},"minecraft:inventory":{"inventory_size":1,"private":true},"minecraft:interact":{"interactions":[{"on_interact":{"filters":{"all_of":[{"test":"is_family","subject":"other","value":"player"}]}},"give_item":true,"take_item":true,"interact_text":"action.interact.tuff_golem"}]},"minecraft:home":{"restriction_radius":16}},"cyan":{"minecraft:mark_variant":{"value":10},"minecraft:inventory":{"inventory_size":1,"private":true},"minecraft:interact":{"interactions":[{"on_interact":{"filters":{"all_of":[{"test":"is_family","subject":"other","value":"player"}]}},"give_item":true,"take_item":true,"interact_text":"action.interact.tuff_golem"}]},"minecraft:home":{"restriction_radius":16}},"light_gray":{"minecraft:mark_variant":{"value":9},"minecraft:inventory":{"inventory_size":1,"private":true},"minecraft:interact":{"interactions":[{"on_interact":{"filters":{"all_of":[{"test":"is_family","subject":"other","value":"player"}]}},"give_item":true,"take_item":true,"interact_text":"action.interact.tuff_golem"}]},"minecraft:home":{"restriction_radius":16}},"gray":{"minecraft:mark_variant":{"value":8},"minecraft:inventory":{"inventory_size":1,"private":true},"minecraft:interact":{"interactions":[{"on_interact":{"filters":{"all_of":[{"test":"is_family","subject":"other","value":"player"}]}},"give_item":true,"take_item":true,"interact_text":"action.interact.tuff_golem"}]},"minecraft:home":{"restriction_radius":16}},"pink":{"minecraft:mark_variant":{"value":7},"minecraft:inventory":{"inventory_size":1,"private":true},"minecraft:interact":{"interactions":[{"on_interact":{"filters":{"all_of":[{"test":"is_family","subject":"other","value":"player"}]}},"give_item":true,"take_item":true,"interact_text":"action.interact.tuff_golem"}]},"minecraft:home":{"restriction_radius":16}},"lime":{"minecraft:mark_variant":{"value":6},"minecraft:inventory":{"inventory_size":1,"private":true},"minecraft:interact":{"interactions":[{"on_interact":{"filters":{"all_of":[{"test":"is_family","subject":"other","value":"player"}]}},"give_item":true,"take_item":true,"interact_text":"action.interact.tuff_golem"}]},"minecraft:home":{"restriction_radius":16}},"yellow":{"minecraft:mark_variant":{"value":5},"minecraft:inventory":{"inventory_size":1,"private":true},"minecraft:interact":{"interactions":[{"on_interact":{"filters":{"all_of":[{"test":"is_family","subject":"other","value":"player"}]}},"give_item":true,"take_item":true,"interact_text":"action.interact.tuff_golem"}]},"minecraft:home":{"restriction_radius":16}},"light_blue":{"minecraft:mark_variant":{"value":4},"minecraft:inventory":{"inventory_size":1,"private":true},"minecraft:interact":{"interactions":[{"on_interact":{"filters":{"all_of":[{"test":"is_family","subject":"other","value":"player"}]}},"give_item":true,"take_item":true,"interact_text":"action.interact.tuff_golem"}]},"minecraft:home":{"restriction_radius":16}},"magenta":{"minecraft:mark_variant":{"value":3},"minecraft:inventory":{"inventory_size":1,"private":true},"minecraft:interact":{"interactions":[{"on_interact":{"filters":{"all_of":[{"test":"is_family","subject":"other","value":"player"}]}},"give_item":true,"take_item":true,"interact_text":"action.interact.tuff_golem"}]},"minecraft:home":{"restriction_radius":16}},"orange":{"minecraft:mark_variant":{"value":2},"minecraft:inventory":{"inventory_size":1,"private":true},"minecraft:interact":{"interactions":[{"on_interact":{"filters":{"all_of":[{"test":"is_family","subject":"other","value":"player"}]}},"give_item":true,"take_item":true,"interact_text":"action.interact.tuff_golem"}]},"minecraft:home":{"restriction_radius":16}},"white":{"minecraft:mark_variant":{"value":1},"minecraft:inventory":{"inventory_size":1,"private":true},"minecraft:interact":{"interactions":[{"on_interact":{"filters":{"all_of":[{"test":"is_family","subject":"other","value":"player"}]}},"give_item":true,"take_item":true,"interact_text":"action.interact.tuff_golem"}]},"minecraft:home":{"restriction_radius":16}},"prepared_pickup":{"minecraft:timer":{"looping":true,"time":2,"time_down_event":{"event":"pickup_item"}},"minecraft:behavior.go_and_give_items_to_owner":{"priority":4,"run_speed":8,"throw_sound":"item_thrown"},"minecraft:movement":{"value":0.25},"minecraft:movement.basic":{}},"sleep_charged":{"minecraft:timer":{"looping":true,"time":120,"time_down_event":{"event":"walk"}},"minecraft:movement":{"value":0},"minecraft:skin_id":{"value":1},"minecraft:variant":{"value":3}},"sleep":{"minecraft:timer":{"looping":true,"time":120,"time_down_event":{"event":"walk"}},"minecraft:movement":{"value":0},"minecraft:skin_id":{"value":1},"minecraft:variant":{"value":2}},"walk":{"minecraft:timer":{"looping":true,"time":30,"time_down_event":{"event":"walk_timeout"}},"minecraft:skin_id":{"value":0},"minecraft:movement":{"value":0.25},"minecraft:movement.basic":{},"minecraft:variant":{"value":0},"minecraft:behavior.look_at_player":{"priority":8,"look_distance":8,"probability":1}},"return_to_home":{"minecraft:movement":{"value":0.25},"minecraft:movement.basic":{},"minecraft:timer":{"looping":true,"time":10,"time_down_event":{"event":"sleeping"}}},"prepared_sleep":{"minecraft:movement":{"value":0.25},"minecraft:movement.basic":{},"minecraft:variant":{"value":1}},"pickup_items":{},"charged":{"minecraft:is_charged":{},"minecraft:variant":{"value":1}},"equipable":{"minecraft:interact":{"interactions":[{"cooldown":2.5,"play_sounds":"cloth","interact_text":"action.interact.cloth","on_interact":{"filters":{"all_of":[{"test":"has_equipment","subject":"other","domain":"hand","value":"wool:15"},{"test":"is_family","subject":"other","value":"player"}]},"event":"walk_black","target":"self"},"use_item":true},{"cooldown":2.5,"play_sounds":"cloth","interact_text":"action.interact.cloth","on_interact":{"filters":{"all_of":[{"test":"has_equipment","subject":"other","domain":"hand","value":"wool:14"},{"test":"is_family","subject":"other","value":"player"}]},"event":"walk_red","target":"self"},"use_item":true},{"cooldown":2.5,"play_sounds":"cloth","interact_text":"action.interact.cloth","on_interact":{"filters":{"all_of":[{"test":"has_equipment","subject":"other","domain":"hand","value":"wool:13"},{"test":"is_family","subject":"other","value":"player"}]},"event":"walk_green","target":"self"},"use_item":true},{"cooldown":2.5,"play_sounds":"cloth","interact_text":"action.interact.cloth","on_interact":{"filters":{"all_of":[{"test":"has_equipment","subject":"other","domain":"hand","value":"wool:12"},{"test":"is_family","subject":"other","value":"player"}]},"event":"walk_brown","target":"self"},"use_item":true},{"cooldown":2.5,"play_sounds":"cloth","interact_text":"action.interact.cloth","on_interact":{"filters":{"all_of":[{"test":"has_equipment","subject":"other","domain":"hand","value":"wool:11"},{"test":"is_family","subject":"other","value":"player"}]},"event":"walk_blue","target":"self"},"use_item":true},{"cooldown":2.5,"play_sounds":"cloth","interact_text":"action.interact.cloth","on_interact":{"filters":{"all_of":[{"test":"has_equipment","subject":"other","domain":"hand","value":"wool:10"},{"test":"is_family","subject":"other","value":"player"}]},"event":"walk_purple","target":"self"},"use_item":true},{"cooldown":2.5,"play_sounds":"cloth","interact_text":"action.interact.cloth","on_interact":{"filters":{"all_of":[{"test":"has_equipment","subject":"other","domain":"hand","value":"wool:9"},{"test":"is_family","subject":"other","value":"player"}]},"event":"walk_cyan","target":"self"},"use_item":true},{"cooldown":2.5,"play_sounds":"cloth","interact_text":"action.interact.cloth","on_interact":{"filters":{"all_of":[{"test":"has_equipment","subject":"other","domain":"hand","value":"wool:8"},{"test":"is_family","subject":"other","value":"player"}]},"event":"walk_light_gray","target":"self"},"use_item":true},{"cooldown":2.5,"play_sounds":"cloth","interact_text":"action.interact.cloth","on_interact":{"filters":{"all_of":[{"test":"has_equipment","subject":"other","domain":"hand","value":"wool:7"},{"test":"is_family","subject":"other","value":"player"}]},"event":"walk_gray","target":"self"},"use_item":true},{"cooldown":2.5,"play_sounds":"cloth","interact_text":"action.interact.cloth","on_interact":{"filters":{"all_of":[{"test":"has_equipment","subject":"other","domain":"hand","value":"wool:6"},{"test":"is_family","subject":"other","value":"player"}]},"event":"walk_pink","target":"self"},"use_item":true},{"cooldown":2.5,"play_sounds":"cloth","interact_text":"action.interact.cloth","on_interact":{"filters":{"all_of":[{"test":"has_equipment","subject":"other","domain":"hand","value":"wool:5"},{"test":"is_family","subject":"other","value":"player"}]},"event":"walk_lime","target":"self"},"use_item":true},{"cooldown":2.5,"play_sounds":"cloth","interact_text":"action.interact.cloth","on_interact":{"filters":{"all_of":[{"test":"has_equipment","subject":"other","domain":"hand","value":"wool:4"},{"test":"is_family","subject":"other","value":"player"}]},"event":"walk_yellow","target":"self"},"use_item":true},{"cooldown":2.5,"play_sounds":"cloth","interact_text":"action.interact.cloth","on_interact":{"filters":{"all_of":[{"test":"has_equipment","subject":"other","domain":"hand","value":"wool:3"},{"test":"is_family","subject":"other","value":"player"}]},"event":"walk_light_blue","target":"self"},"use_item":true},{"cooldown":2.5,"play_sounds":"cloth","interact_text":"action.interact.cloth","on_interact":{"filters":{"all_of":[{"test":"has_equipment","subject":"other","domain":"hand","value":"wool:2"},{"test":"is_family","subject":"other","value":"player"}]},"event":"walk_magenta","target":"self"},"use_item":true},{"cooldown":2.5,"play_sounds":"cloth","interact_text":"action.interact.cloth","on_interact":{"filters":{"all_of":[{"test":"has_equipment","subject":"other","domain":"hand","value":"wool:1"},{"test":"is_family","subject":"other","value":"player"}]},"event":"walk_orange","target":"self"},"use_item":true},{"cooldown":2.5,"play_sounds":"cloth","interact_text":"action.interact.cloth","on_interact":{"filters":{"all_of":[{"test":"has_equipment","subject":"other","domain":"hand","value":"wool:0"},{"test":"is_family","subject":"other","value":"player"}]},"event":"walk_white","target":"self"},"use_item":true}]},"minecraft:movement":{"value":0},"minecraft:skin_id":{"value":0},"minecraft:mark_variant":{"value":0}}},"components":{"minecraft:is_hidden_when_invisible":{},"minecraft:nameable":{},"minecraft:type_family":{"family":["tuffgolem","golem","mob"]},"minecraft:collision_box":{"width":0.6,"height":1.9},"minecraft:navigation.walk":{"is_amphibious":true,"can_pass_doors":true,"can_walk":true,"can_break_doors":false},"minecraft:jump.static":{},"minecraft:can_climb":{},"minecraft:health":{"value":20,"max":20},"minecraft:hurt_on_condition":{"damage_conditions":[{"filters":{"test":"in_lava","subject":"self","operator":"==","value":true},"cause":"lava","damage_per_tick":4}]},"minecraft:breathable":{"total_supply":15,"suffocate_time":0,"breathes_air":true,"breathes_water":true},"minecraft:loot":{"table":"loot_tables/entities/tuffgolem.json"},"minecraft:environment_sensor":{"triggers":{"filters":{"test":"is_underwater","operator":"==","value":true},"event":"minecraft:start_transforming"}},"minecraft:behavior.random_stroll":{"priority":7},"minecraft:behavior.random_look_around":{"priority":9},"minecraft:behavior.hurt_by_target":{"priority":1},"minecraft:physics":{},"minecraft:pushable":{"is_pushable":true,"is_pushable_by_piston":true},"minecraft:conditional_bandwidth_optimization":{},"minecraft:inventory":{"inventory_size":1,"private":true},"minecraft:interact":{"interactions":[{"on_interact":{"filters":{"all_of":[{"test":"is_family","subject":"other","value":"player"}]}},"give_item":true,"take_item":true,"interact_text":"action.interact.tuff_golem"}]}},"events":{"minecraft:entity_spawned":{"add":{"component_groups":["equipable"]}},"pickup_item":{"add":{"component_groups":["pickup_item"]},"remove":{"component_groups":["charged"]}},"prepared_pickup":{"add":{"component_groups":["prepared_pickup"]},"remove":{"component_groups":["charged"]}},"charged":{"add":{"component_groups":["charged"]},"remove":{"component_groups":["pickup_item"]}},"walk_black":{"remove":{"component_groups":["equipable","sleep","sleep_charged","return_to_home"]},"add":{"component_groups":["pickup_item","black","walk"]}},"walk_red":{"remove":{"component_groups":["equipable","sleep","sleep_charged","return_to_home"]},"add":{"component_groups":["red","walk","pickup_item"]}},"walk_green":{"remove":{"component_groups":["equipable","sleep","sleep_charged","return_to_home"]},"add":{"component_groups":["green","walk","pickup_item"]}},"walk_brown":{"remove":{"component_groups":["equipable","sleep","sleep_charged","return_to_home"]},"add":{"component_groups":["brown","walk","pickup_item"]}},"walk_blue":{"remove":{"component_groups":["equipable","sleep","sleep_charged","return_to_home"]},"add":{"component_groups":["blue","walk","pickup_item"]}},"walk_purple":{"remove":{"component_groups":["equipable","sleep","sleep_charged","return_to_home"]},"add":{"component_groups":["purple","walk","pickup_item","pickup_item"]}},"walk_cyan":{"remove":{"component_groups":["equipable","sleep","sleep_charged","return_to_home"]},"add":{"component_groups":["cyan","walk","pickup_item"]}},"walk_light_gray":{"remove":{"component_groups":["equipable","sleep","sleep_charged","return_to_home"]},"add":{"component_groups":["light_gray","walk","pickup_item"]}},"walk_gray":{"remove":{"component_groups":["equipable","sleep","sleep_charged","return_to_home"]},"add":{"component_groups":["gray","walk","pickup_item"]}},"walk_pink":{"remove":{"component_groups":["equipable","sleep","sleep_charged","return_to_home"]},"add":{"component_groups":["pink","walk","pickup_item"]}},"walk_lime":{"remove":{"component_groups":["equipable","sleep","sleep_charged","return_to_home"]},"add":{"component_groups":["lime","walk","pickup_item"]}},"walk_yellow":{"remove":{"component_groups":["equipable","sleep","sleep_charged","return_to_home"]},"add":{"component_groups":["yellow","walk","pickup_item"]}},"walk_light_blue":{"remove":{"component_groups":["equipable","sleep","sleep_charged","return_to_home"]},"add":{"component_groups":["light_blue","walk","pickup_item"]}},"walk_magenta":{"remove":{"component_groups":["equipable","sleep","sleep_charged","return_to_home"]},"add":{"component_groups":["magenta","walk","pickup_item"]}},"walk_orange":{"remove":{"component_groups":["equipable","sleep","sleep_charged","return_to_home"]},"add":{"component_groups":["orange","walk","pickup_item"]}},"walk_white":{"remove":{"component_groups":["equipable","sleep","sleep_charged","return_to_home"]},"add":{"component_groups":["white","walk","pickup_item"]}},"walk":{"remove":{"component_groups":["equipable","sleep","sleep_charged","return_to_home"]},"add":{"component_groups":["walk"]}},"walk_timeout":{"add":{"component_groups":["return_to_home"]},"remove":{"component_groups":["walk"]}},"home_full":{"add":{"component_groups":["home_full"]},"remove":{"component_groups":["find_home","return_to_home"]}},"find_home_event":{"remove":{"component_groups":["return_to_home","home_full"]},"add":{"component_groups":["find_home"]}},"find_home_timeout":{"sequence":[{"filters":{"test":"has_component","operator":"!=","value":"minecraft:is_charged"},"remove":{"component_groups":["find_home"]},"add":{"component_groups":["walk"]}},{"filters":{"test":"has_component","value":"minecraft:is_charged"},"remove":{"component_groups":["find_home"]},"add":{"component_groups":["return_to_home"]}}]},"sleeping":{"add":{"component_groups":["prepared_sleep"]},"remove":{"component_groups":["return_to_home","pickup_item","walk","find_home"]}},"sleep_event":{"remove":{"component_groups":["prepared_sleep"]},"add":{"component_groups":["sleep"]}},"sleep_charged_event":{"remove":{"component_groups":["prepared_sleep"]},"add":{"component_groups":["sleep_charged"]}}}}}