{
	"file_path": "C:\\Users\\fiddy\\AppData\\Local\\Packages\\Microsoft.MinecraftUWP_8wekyb3d8bbwe\\LocalState\\games\\com.mojang\\development_resource_packs\\SeasonalDecorRP\\animation_controllers\\ghost_cat_amination_controller.json",
	"file_type": "rp_animation_controller",
	"format_version": 1,
	"file_uuid": "e879d30f_0120_4841_a090_4719739cd7ee",
	"file_version": 2,
	"cache_content": {
		"children": [
			{
				"data": "1.10.0",
				"key": "format_version"
			},
			{
				"open": {
					"format_version": "1.10.0",
					"animation_controllers": {
						"controller.animation.ghost_cat.move": {
							"initial_state": "lie_down",
							"states": {
								"lie_down": {
									"animations": [
										"lie_down"
									],
									"transitions": [
										{
											"sneaking": "variable.state == 0"
										},
										{
											"sprinting": "variable.state == 1"
										},
										{
											"sitting": "variable.state == 2"
										},
										{
											"walking": "variable.state == 3"
										}
									]
								},
								"sitting": {
									"animations": [
										"sit"
									],
									"transitions": [
										{
											"sneaking": "variable.state == 0"
										},
										{
											"sprinting": "variable.state == 1"
										},
										{
											"walking": "variable.state == 3"
										},
										{
											"lie_down": "variable.state == 4"
										}
									]
								},
								"sneaking": {
									"animations": [
										"sneak"
									],
									"transitions": [
										{
											"sprinting": "variable.state == 1"
										},
										{
											"sitting": "variable.state == 2"
										},
										{
											"walking": "variable.state == 3"
										},
										{
											"lie_down": "variable.state == 4"
										}
									]
								},
								"sprinting": {
									"animations": [
										"sprint"
									],
									"transitions": [
										{
											"sneaking": "variable.state == 0"
										},
										{
											"sitting": "variable.state == 2"
										},
										{
											"walking": "variable.state == 3"
										},
										{
											"lie_down": "variable.state == 4"
										}
									]
								},
								"walking": {
									"animations": [
										"walk",
										"ghost_float"
									],
									"transitions": [
										{
											"sneaking": "variable.state == 0"
										},
										{
											"sprinting": "variable.state == 1"
										},
										{
											"sitting": "variable.state == 2"
										},
										{
											"lie_down": "variable.state == 4"
										}
									]
								}
							}
						}
					}
				},
				"key": "animation_controllers",
				"children": [
					{
						"open": {
							"controller.animation.ghost_cat.move": {
								"initial_state": "lie_down",
								"states": {
									"lie_down": {
										"animations": [
											"lie_down"
										],
										"transitions": [
											{
												"sneaking": "variable.state == 0"
											},
											{
												"sprinting": "variable.state == 1"
											},
											{
												"sitting": "variable.state == 2"
											},
											{
												"walking": "variable.state == 3"
											}
										]
									},
									"sitting": {
										"animations": [
											"sit"
										],
										"transitions": [
											{
												"sneaking": "variable.state == 0"
											},
											{
												"sprinting": "variable.state == 1"
											},
											{
												"walking": "variable.state == 3"
											},
											{
												"lie_down": "variable.state == 4"
											}
										]
									},
									"sneaking": {
										"animations": [
											"sneak"
										],
										"transitions": [
											{
												"sprinting": "variable.state == 1"
											},
											{
												"sitting": "variable.state == 2"
											},
											{
												"walking": "variable.state == 3"
											},
											{
												"lie_down": "variable.state == 4"
											}
										]
									},
									"sprinting": {
										"animations": [
											"sprint"
										],
										"transitions": [
											{
												"sneaking": "variable.state == 0"
											},
											{
												"sitting": "variable.state == 2"
											},
											{
												"walking": "variable.state == 3"
											},
											{
												"lie_down": "variable.state == 4"
											}
										]
									},
									"walking": {
										"animations": [
											"walk",
											"ghost_float"
										],
										"transitions": [
											{
												"sneaking": "variable.state == 0"
											},
											{
												"sprinting": "variable.state == 1"
											},
											{
												"sitting": "variable.state == 2"
											},
											{
												"lie_down": "variable.state == 4"
											}
										]
									}
								}
							}
						},
						"key": "controller.animation.ghost_cat.move",
						"children": [
							{
								"data": "lie_down",
								"key": "initial_state"
							},
							{
								"open": {
									"initial_state": "lie_down",
									"states": {
										"lie_down": {
											"animations": [
												"lie_down"
											],
											"transitions": [
												{
													"sneaking": "variable.state == 0"
												},
												{
													"sprinting": "variable.state == 1"
												},
												{
													"sitting": "variable.state == 2"
												},
												{
													"walking": "variable.state == 3"
												}
											]
										},
										"sitting": {
											"animations": [
												"sit"
											],
											"transitions": [
												{
													"sneaking": "variable.state == 0"
												},
												{
													"sprinting": "variable.state == 1"
												},
												{
													"walking": "variable.state == 3"
												},
												{
													"lie_down": "variable.state == 4"
												}
											]
										},
										"sneaking": {
											"animations": [
												"sneak"
											],
											"transitions": [
												{
													"sprinting": "variable.state == 1"
												},
												{
													"sitting": "variable.state == 2"
												},
												{
													"walking": "variable.state == 3"
												},
												{
													"lie_down": "variable.state == 4"
												}
											]
										},
										"sprinting": {
											"animations": [
												"sprint"
											],
											"transitions": [
												{
													"sneaking": "variable.state == 0"
												},
												{
													"sitting": "variable.state == 2"
												},
												{
													"walking": "variable.state == 3"
												},
												{
													"lie_down": "variable.state == 4"
												}
											]
										},
										"walking": {
											"animations": [
												"walk",
												"ghost_float"
											],
											"transitions": [
												{
													"sneaking": "variable.state == 0"
												},
												{
													"sprinting": "variable.state == 1"
												},
												{
													"sitting": "variable.state == 2"
												},
												{
													"lie_down": "variable.state == 4"
												}
											]
										}
									}
								},
								"key": "states",
								"children": [
									{
										"key": "lie_down",
										"is_minified": true,
										"children": {
											"animations": [
												"lie_down"
											],
											"transitions": [
												{
													"sneaking": "variable.state == 0"
												},
												{
													"sprinting": "variable.state == 1"
												},
												{
													"sitting": "variable.state == 2"
												},
												{
													"walking": "variable.state == 3"
												}
											]
										}
									},
									{
										"key": "sitting",
										"is_minified": true,
										"children": {
											"animations": [
												"sit"
											],
											"transitions": [
												{
													"sneaking": "variable.state == 0"
												},
												{
													"sprinting": "variable.state == 1"
												},
												{
													"walking": "variable.state == 3"
												},
												{
													"lie_down": "variable.state == 4"
												}
											]
										}
									},
									{
										"key": "sneaking",
										"is_minified": true,
										"children": {
											"animations": [
												"sneak"
											],
											"transitions": [
												{
													"sprinting": "variable.state == 1"
												},
												{
													"sitting": "variable.state == 2"
												},
												{
													"walking": "variable.state == 3"
												},
												{
													"lie_down": "variable.state == 4"
												}
											]
										}
									},
									{
										"key": "sprinting",
										"is_minified": true,
										"children": {
											"animations": [
												"sprint"
											],
											"transitions": [
												{
													"sneaking": "variable.state == 0"
												},
												{
													"sitting": "variable.state == 2"
												},
												{
													"walking": "variable.state == 3"
												},
												{
													"lie_down": "variable.state == 4"
												}
											]
										}
									},
									{
										"open": {
											"lie_down": {
												"animations": [
													"lie_down"
												],
												"transitions": [
													{
														"sneaking": "variable.state == 0"
													},
													{
														"sprinting": "variable.state == 1"
													},
													{
														"sitting": "variable.state == 2"
													},
													{
														"walking": "variable.state == 3"
													}
												]
											},
											"sitting": {
												"animations": [
													"sit"
												],
												"transitions": [
													{
														"sneaking": "variable.state == 0"
													},
													{
														"sprinting": "variable.state == 1"
													},
													{
														"walking": "variable.state == 3"
													},
													{
														"lie_down": "variable.state == 4"
													}
												]
											},
											"sneaking": {
												"animations": [
													"sneak"
												],
												"transitions": [
													{
														"sprinting": "variable.state == 1"
													},
													{
														"sitting": "variable.state == 2"
													},
													{
														"walking": "variable.state == 3"
													},
													{
														"lie_down": "variable.state == 4"
													}
												]
											},
											"sprinting": {
												"animations": [
													"sprint"
												],
												"transitions": [
													{
														"sneaking": "variable.state == 0"
													},
													{
														"sitting": "variable.state == 2"
													},
													{
														"walking": "variable.state == 3"
													},
													{
														"lie_down": "variable.state == 4"
													}
												]
											},
											"walking": {
												"animations": [
													"walk",
													"ghost_float"
												],
												"transitions": [
													{
														"sneaking": "variable.state == 0"
													},
													{
														"sprinting": "variable.state == 1"
													},
													{
														"sitting": "variable.state == 2"
													},
													{
														"lie_down": "variable.state == 4"
													}
												]
											}
										},
										"key": "walking",
										"children": [
											{
												"open": {
													"animations": [
														"walk",
														"ghost_float"
													],
													"transitions": [
														{
															"sneaking": "variable.state == 0"
														},
														{
															"sprinting": "variable.state == 1"
														},
														{
															"sitting": "variable.state == 2"
														},
														{
															"lie_down": "variable.state == 4"
														}
													]
												},
												"key": "animations",
												"is_minified": true,
												"children": [
													"walk",
													"ghost_float"
												]
											},
											{
												"key": "transitions",
												"is_minified": true,
												"children": [
													{
														"sneaking": "variable.state == 0"
													},
													{
														"sprinting": "variable.state == 1"
													},
													{
														"sitting": "variable.state == 2"
													},
													{
														"lie_down": "variable.state == 4"
													}
												]
											}
										]
									}
								]
							}
						]
					}
				]
			}
		]
	}
}