{"format_version":"1.8.0","minecraft:client_entity":{"description":{"identifier":"mobvote:tuff_golem","materials":{"default":"piglin","clothes":"skeleton"},"textures":{"default":"textures/entity/tuffgolem/tuffgolem","sleep":"textures/entity/tuffgolem/tuffgolem_sleep","decor_none":"textures/entity/llama/decor/decor_none","decor_white":"textures/entity/tuffgolem/decor/tuffgolem_white","decor_orange":"textures/entity/tuffgolem/decor/tuffgolem_orange","decor_magenta":"textures/entity/tuffgolem/decor/tuffgolem_magenta","decor_light_blue":"textures/entity/tuffgolem/decor/tuffgolem_light_blue","decor_yellow":"textures/entity/tuffgolem/decor/tuffgolem_yellow","decor_lime":"textures/entity/tuffgolem/decor/tuffgolem_lime","decor_pink":"textures/entity/tuffgolem/decor/tuffgolem_pink","decor_gray":"textures/entity/tuffgolem/decor/tuffgolem_gray","decor_silver":"textures/entity/tuffgolem/decor/tuffgolem_silver","decor_cyan":"textures/entity/tuffgolem/decor/tuffgolem_cyan","decor_purple":"textures/entity/tuffgolem/decor/tuffgolem_purple","decor_blue":"textures/entity/tuffgolem/decor/tuffgolem_blue","decor_brown":"textures/entity/tuffgolem/decor/tuffgolem_brown","decor_green":"textures/entity/tuffgolem/decor/tuffgolem_green","decor_red":"textures/entity/tuffgolem/decor/tuffgolem_red","decor_black":"textures/entity/tuffgolem/decor/tuffgolem_black"},"geometry":{"default":"geometry.tuffgolem","cloth":"geometry.tuffgolem"},"animation_controllers":[{"item":"controller.animation.tuffgolem.item"},{"sleep":"controller.animation.tuffgolem.sleep"},{"move":"controller.animation.tuffgolem.move"}],"render_controllers":["controller.render.tuff_golem_masked","controller.render.tuff_golem"],"spawn_egg":{"base_color":"#4f4f4f","overlay_color":"#6e756a"},"enable_attachables":true,"animations":{"charged":"animation.tuffgolem.item","sleeping_charged":"animation.tuffgolem.sleep_item","sleeping":"animation.tuffgolem.sleep","staticking":"animation.tuffgolem.static","moving":"animation.tuffgolem.move","look_at_target":"animation.common.look_at_target","move":"controller.animation.tuffgolem.move"}}}}