{
  "format_version": "1.10.0",
  "animation_controllers": {
    "controller.animation.mr_spooky_hunger_cgestplate": {
      "states": {
        "default": {
          "transitions": [
            {
              "walking": "(1.0)"
            }
          ],
          "on_entry": [
            "/function mr_spooky_hunger_cgestplate"
          ]
        },
        "walking": {
          "transitions": [
            {
              "default": "query.get_equipped_item_name=='spooky_hunger_cgestplate' && query.is_using_item"
            }
          ],
          "on_entry": [
            "/function mr_spooky_hunger_cgestplate"
          ]
        }
      }
    }
  }
}