{
	"format_version": "1.12.0",
	"minecraft:geometry": [
		{
			"description": {
				"identifier": "geometry.ic_ink_demon",
				"texture_width": 128,
				"texture_height": 128,
				"visible_bounds_width": 4,
				"visible_bounds_height": 5.5,
				"visible_bounds_offset": [0, 2.25, 0]
			},
			"bones": [
				{
					"name": "root",
					"pivot": [1, 1.5, -9]
				},
				{
					"name": "waist",
					"parent": "root",
					"pivot": [1, 23.5, 6],
					"rotation": [-52.5, 0, 0],
					"cubes": [
						{"origin": [-1.5, 25.5, -8], "size": [3, 3, 10], "uv": [36, 30]},
						{"origin": [-3.5, 25, 1], "size": [7, 4, 2], "pivot": [0, 27, 2], "rotation": [-17.5, 0, 0], "uv": [52, 33]},
						{"origin": [-4.5, 26, 5], "size": [9, 4, 3], "pivot": [0, 27, 2], "rotation": [-45, 0, 0], "uv": [52, 26]},
						{"origin": [-7.5, 23.5, 3], "size": [14, 5, 3], "pivot": [-0.5, 27, 4.5], "rotation": [-25, 0, 0], "uv": [38, 0]}
					]
				},
				{
					"name": "body",
					"parent": "waist",
					"pivot": [1, 27.5, -10],
					"rotation": [-7.5, 0, 0],
					"cubes": [
						{"origin": [-7, 25, -20.5], "size": [14, 7, 10], "pivot": [1, 22.5, -11], "rotation": [-7.5, 0, 0], "uv": [0, 0]},
						{"origin": [-10, 24.5, -21.5], "size": [20, 4, 3], "pivot": [1, 22.5, -11], "rotation": [-15, 0, 0], "uv": [0, 33]},
						{"origin": [-1.5, 26, -23], "size": [3, 3, 5], "pivot": [1, 22.5, -11], "rotation": [-2.5, 0, 0], "uv": [7, 68]},
						{"origin": [-6, 25.5, -11], "size": [12, 6, 3], "pivot": [1, 22.5, -11], "rotation": [-10, 0, 0], "uv": [40, 17]},
						{"origin": [-5, 26.5, -8], "size": [10, 4, 3], "pivot": [1, 22.5, -11], "rotation": [-7.5, 0, 0], "uv": [48, 8]}
					]
				},
				{
					"name": "leftArm",
					"parent": "body",
					"pivot": [8, 27, -18],
					"rotation": [52.5, 0, 0],
					"cubes": [
						{"origin": [8, 18, -19], "size": [3, 10, 3], "pivot": [8, 27, -18], "rotation": [32.5, 0, 0], "uv": [59, 40]},
						{"origin": [8.5, 12, -15.75], "size": [2, 7, 2], "pivot": [8, 27, -18], "rotation": [15, 0, 0], "uv": [70, 33]}
					]
				},
				{
					"name": "leftArm2",
					"parent": "leftArm",
					"pivot": [9.5, 15.13611, -11.32836],
					"rotation": [137.5, 0, 0],
					"cubes": [
						{"origin": [8, 12.74633, -20.13579], "size": [3, 15, 3], "pivot": [8, 26.74633, -17.13579], "rotation": [32.5, 0, 0], "uv": [22, 53]}
					]
				},
				{
					"name": "leftHand",
					"parent": "leftArm2",
					"pivot": [9.5, 26.13611, -18.32836],
					"cubes": [
						{"origin": [7.5, 26.13611, -19.32836], "size": [4, 2, 2], "pivot": [9.5, 26.13611, -18.32836], "rotation": [55, 0, 0], "uv": [93, 78]},
						{"origin": [6.75, 26.43041, -22.35497], "size": [1, 4, 1], "pivot": [8, 28.43041, -21.60497], "rotation": [61.56134, 12.2403, -8.73739], "uv": [76, 123]},
						{"origin": [6.31329, 27.14021, -25.48227], "size": [1, 3, 1], "pivot": [6.81329, 29.14021, -24.98227], "rotation": [82.25973, -1.00989, -1.65633], "uv": [124, 59]},
						{"origin": [8, 26.43041, -22.35497], "size": [1, 4, 1], "pivot": [9, 28.43041, -21.60497], "rotation": [62.2167, -3.22219, -2.99112], "uv": [95, 120]},
						{"origin": [8.06329, 27.64021, -25.48227], "size": [1, 4, 1], "pivot": [7.81329, 29.14021, -24.98227], "rotation": [82.25973, -1.00989, -4.15633], "uv": [123, 72]},
						{"origin": [9.73829, 27.64021, -25.23227], "size": [1, 4, 1], "pivot": [9.06329, 29.14021, -24.73227], "rotation": [82.17567, -8.44101, -3.13801], "uv": [73, 103]},
						{"origin": [9.25, 26.43041, -22.10497], "size": [1, 4, 1], "pivot": [10.25, 28.43041, -21.35497], "rotation": [61.99412, -7.64186, -0.64191], "uv": [71, 119]},
						{"origin": [11.23829, 27.64021, -24.48227], "size": [1, 4, 1], "pivot": [10.56329, 29.14021, -23.98227], "rotation": [82.17567, -8.44101, -3.13801], "uv": [53, 103]},
						{"origin": [10.75, 26.43041, -21.35497], "size": [1, 4, 1], "pivot": [11.75, 28.43041, -20.60497], "rotation": [61.99412, -7.64186, -0.64191], "uv": [69, 103]}
					]
				},
				{
					"name": "rightArm",
					"parent": "body",
					"pivot": [-8, 27, -18],
					"rotation": [52.5, 0, 0],
					"cubes": [
						{"origin": [-11, 18, -19], "size": [3, 10, 3], "pivot": [-8, 27, -18], "rotation": [32.5, 0, 0], "uv": [59, 40], "mirror": true},
						{"origin": [-10.5, 12, -15.75], "size": [2, 7, 2], "pivot": [-8, 27, -18], "rotation": [15, 0, 0], "uv": [70, 33], "mirror": true}
					]
				},
				{
					"name": "rightArm2",
					"parent": "rightArm",
					"pivot": [-9.5, 15.13611, -11.32836],
					"rotation": [137.5, 0, 0],
					"cubes": [
						{"origin": [-11, 12.74633, -20.13579], "size": [3, 15, 3], "pivot": [-8, 26.74633, -17.13579], "rotation": [32.5, 0, 0], "uv": [22, 53], "mirror": true}
					]
				},
				{
					"name": "rightHand",
					"parent": "rightArm2",
					"pivot": [-9.5, 26.13611, -18.32836],
					"cubes": [
						{"origin": [-11.5, 26.13611, -19.32836], "size": [4, 2, 2], "pivot": [-9.5, 26.13611, -18.32836], "rotation": [55, 0, 0], "uv": [40, 26], "mirror": true},
						{"origin": [-7.75, 26.43041, -22.35497], "size": [1, 4, 1], "pivot": [-8, 28.43041, -21.60497], "rotation": [61.56134, -12.2403, 8.73739], "uv": [23, 71], "mirror": true},
						{"origin": [-7.31329, 27.14021, -25.48227], "size": [1, 3, 1], "pivot": [-6.81329, 29.14021, -24.98227], "rotation": [82.25973, 1.00989, 1.65633], "uv": [71, 7], "mirror": true},
						{"origin": [-9, 26.43041, -22.35497], "size": [1, 4, 1], "pivot": [-9, 28.43041, -21.60497], "rotation": [62.2167, 3.22219, 2.99112], "uv": [42, 68], "mirror": true},
						{"origin": [-9.06329, 27.64021, -25.48227], "size": [1, 4, 1], "pivot": [-7.81329, 29.14021, -24.98227], "rotation": [82.25973, 1.00989, 4.15633], "uv": [70, 20], "mirror": true},
						{"origin": [-10.73829, 27.64021, -25.23227], "size": [1, 4, 1], "pivot": [-9.06329, 29.14021, -24.73227], "rotation": [82.17567, 8.44101, 3.13801], "uv": [20, 51], "mirror": true},
						{"origin": [-10.25, 26.43041, -22.10497], "size": [1, 4, 1], "pivot": [-10.25, 28.43041, -21.35497], "rotation": [61.99412, 7.64186, 0.64191], "uv": [18, 67], "mirror": true},
						{"origin": [-12.23829, 27.64021, -24.48227], "size": [1, 4, 1], "pivot": [-10.56329, 29.14021, -23.98227], "rotation": [82.17567, 8.44101, 3.13801], "uv": [0, 51], "mirror": true},
						{"origin": [-11.75, 26.43041, -21.35497], "size": [1, 4, 1], "pivot": [-11.75, 28.43041, -20.60497], "rotation": [61.99412, 7.64186, 0.64191], "uv": [16, 51], "mirror": true}
					]
				},
				{
					"name": "head",
					"parent": "body",
					"pivot": [0, 28.5, -22],
					"rotation": [-12.5, 0, 0],
					"cubes": [
						{"origin": [-4, 23.5, -22], "size": [8, 7, 1], "uv": [46, 53]},
						{
							"origin": [-5, 23.5, -27],
							"size": [10, 7, 2],
							"uv": {
								"north": {"uv": [84, 2], "uv_size": [10, 7]},
								"east": {"uv": [84, 2], "uv_size": [-2, 7]},
								"south": {"uv": [96, 2], "uv_size": [10, 7]},
								"west": {"uv": [96, 2], "uv_size": [-2, 7]},
								"up": {"uv": [84, 0], "uv_size": [10, 2]},
								"down": {"uv": [94, 0], "uv_size": [10, 2]}
							}
						},
						{"origin": [-6, 23, -25], "size": [12, 8, 3], "uv": [0, 40]}
					]
				},
				{
					"name": "head2",
					"parent": "head",
					"pivot": [0, 29.5, -25.5],
					"cubes": [
						{"origin": [5, 23.5, -33.5], "size": [4, 7, 3], "pivot": [7, 29.5, -32], "rotation": [0, -45, 0], "uv": [46, 61]},
						{"origin": [-7, 22, -31], "size": [14, 10, 6], "uv": [0, 17]},
						{"origin": [-9, 23.5, -33.5], "size": [4, 7, 3], "pivot": [-7, 29.5, -32], "rotation": [0, 45, 0], "uv": [61, 58]},
						{"origin": [-10.12132, 24, -34.87132], "size": [3, 6, 3], "pivot": [-9.12132, 27, -34.12132], "rotation": [0, 27.5, 0], "uv": [69, 68]},
						{"origin": [-10.46675, 25, -37.34797], "size": [2, 4, 3], "pivot": [-9.71675, 27, -36.34797], "rotation": [0, 15, 0], "uv": [12, 60]},
						{"origin": [-10.25115, 26, -39.0414], "size": [1, 2, 2], "uv": [34, 17]},
						{"origin": [9.25115, 26, -39.0414], "size": [1, 2, 2], "uv": [0, 17]},
						{"origin": [8.46675, 25, -37.34797], "size": [2, 4, 3], "pivot": [9.71675, 27, -36.34797], "rotation": [0, -15, 0], "uv": [0, 0]},
						{"origin": [7.12132, 24, -34.87132], "size": [3, 6, 3], "pivot": [9.12132, 27, -34.12132], "rotation": [0, -27.5, 0], "uv": [57, 68]},
						{"origin": [-6, 23, -33], "size": [12, 8, 2], "uv": [30, 43]},
						{"origin": [-5, 23.5, -25], "size": [10, 7, 2], "uv": [82, 0]}
					]
				},
				{
					"name": "tie",
					"parent": "body",
					"pivot": [1, 26.25, -20],
					"rotation": [-20, 0, 0],
					"cubes": [
						{"origin": [-5, 26, -20], "size": [10, 0, 6], "pivot": [1, 25.75, -18], "rotation": [-5, 0, 0], "uv": [-5, 85]}
					]
				},
				{
					"name": "leftLeg",
					"parent": "root",
					"pivot": [6, 27, 7],
					"rotation": [-7.5, 0, 0],
					"cubes": [
						{"origin": [4, 15, 4], "size": [3, 12, 3], "pivot": [6, 24, 6], "rotation": [-25, 0, 0], "uv": [34, 53]},
						{"origin": [3.5, 25, 3.5], "size": [4, 4, 4], "pivot": [6, 24, 6], "rotation": [-25, 0, 0], "uv": [67, 49]}
					]
				},
				{
					"name": "leftLeg2",
					"parent": "leftLeg",
					"pivot": [5.5, 16, 2],
					"rotation": [135, 0, 0],
					"cubes": [
						{"origin": [4.5, 10, 1], "size": [2, 7, 2], "pivot": [5.5, 16, 2], "rotation": [-20, 0, 0], "uv": [34, 68]},
						{"origin": [4.5, 0.88301, -2.17923], "size": [2, 12, 2], "pivot": [5.5, 10.98778, -1.10435], "rotation": [-125, 0, 0], "uv": [34, 68]},
						{"origin": [3.5, 16, 0.5], "size": [4, 3, 2], "pivot": [5.5, 16, 2], "rotation": [-90, 0, 0], "uv": [67, 15]}
					]
				},
				{
					"name": "leftLeg3",
					"parent": "leftLeg2",
					"pivot": [6, 17, -8],
					"rotation": [-125, 0, 0],
					"cubes": [
						{"origin": [4, 8.22842, -5.83604], "size": [3, 10, 3], "pivot": [6, 20.97842, -6.83604], "rotation": [-50, 0, 0], "uv": [0, 60]},
						{"origin": [3, 9.1735, -18.22669], "size": [5, 3, 6], "pivot": [5.5, 11.6735, -11.72669], "rotation": [-2.5, 0, 0], "uv": [0, 51]}
					]
				},
				{
					"name": "rightLeg",
					"parent": "root",
					"pivot": [-6, 27, 7],
					"rotation": [-7.5, 0, 0],
					"cubes": [
						{"origin": [-7, 15, 4], "size": [3, 12, 3], "pivot": [-6, 24, 6], "rotation": [-25, 0, 0], "uv": [34, 53], "mirror": true},
						{"origin": [-7.5, 25, 3.5], "size": [4, 4, 4], "pivot": [-6, 24, 6], "rotation": [-25, 0, 0], "uv": [67, 49], "mirror": true}
					]
				},
				{
					"name": "rightLeg2",
					"parent": "rightLeg",
					"pivot": [-5.5, 16, 2],
					"rotation": [135, 0, 0],
					"cubes": [
						{"origin": [-6.5, 10, 1], "size": [2, 7, 2], "pivot": [-5.5, 16, 2], "rotation": [-20, 0, 0], "uv": [34, 68], "mirror": true},
						{"origin": [-6.5, 0.88301, -2.17923], "size": [2, 12, 2], "pivot": [-5.5, 10.98778, -1.10435], "rotation": [-125, 0, 0], "uv": [34, 68], "mirror": true},
						{"origin": [-7.5, 16, 0.5], "size": [4, 3, 2], "pivot": [-5.5, 16, 2], "rotation": [-90, 0, 0], "uv": [67, 15], "mirror": true}
					]
				},
				{
					"name": "rightLeg3",
					"parent": "rightLeg2",
					"pivot": [-6, 17, -8],
					"rotation": [-125, 0, 0],
					"cubes": [
						{"origin": [-7, 8.22842, -5.83604], "size": [3, 10, 3], "pivot": [-6, 20.97842, -6.83604], "rotation": [-50, 0, 0], "uv": [0, 60], "mirror": true},
						{"origin": [-8, 9.1735, -18.22669], "size": [5, 3, 6], "pivot": [-5.5, 11.6735, -11.72669], "rotation": [-2.5, 0, 0], "uv": [0, 51], "mirror": true}
					]
				}
			]
		}
	]
}