{
	"file_path": "C:\\Users\\fiddy\\AppData\\Local\\Packages\\Microsoft.MinecraftUWP_8wekyb3d8bbwe\\LocalState\\games\\com.mojang\\development_behavior_packs\\H_DecorB\\loot_tables\\items\\bag_crypt.json",
	"file_type": "loot_table",
	"format_version": 1,
	"file_uuid": "5b1d612c_1dfb_4352_b0d9_104873f6da60",
	"file_version": 21,
	"cache_content": {
		"children": [
			{
				"open": {
					"pools": [
						{
							"rolls": 4,
							"entries": [
								{
									"type": "item",
									"name": "boi:nothing",
									"weight": 40,
									"functions": [
										{
											"function": "set_count",
											"count": {
												"min": 1,
												"max": 1
											}
										}
									]
								},
								{
									"type": "item",
									"name": "boi:tombstone_square",
									"weight": 13,
									"functions": [
										{
											"function": "set_count",
											"count": {
												"min": 1,
												"max": 1
											}
										}
									]
								},
								{
									"type": "item",
									"name": "boi:coffin",
									"weight": 13,
									"functions": [
										{
											"function": "set_count",
											"count": {
												"min": 1,
												"max": 1
											}
										}
									]
								},
								{
									"type": "item",
									"name": "boi:decoration_skeleton",
									"weight": 13,
									"functions": [
										{
											"function": "set_count",
											"count": {
												"min": 1,
												"max": 1
											}
										}
									]
								},
								{
									"type": "item",
									"name": "boi:candelabra",
									"weight": 13,
									"functions": [
										{
											"function": "set_count",
											"count": {
												"min": 1,
												"max": 1
											}
										}
									]
								}
							]
						},
						{
							"rolls": 2,
							"entries": [
								{
									"type": "item",
									"name": "boi:tombstone_square",
									"weight": 13,
									"functions": [
										{
											"function": "set_count",
											"count": {
												"min": 1,
												"max": 1
											}
										}
									]
								}
							]
						},
						{
							"rolls": 2,
							"entries": [
								{
									"type": "item",
									"name": "boi:coffin",
									"weight": 13,
									"functions": [
										{
											"function": "set_count",
											"count": {
												"min": 1,
												"max": 1
											}
										}
									]
								}
							]
						},
						{
							"rolls": 1,
							"entries": [
								{
									"type": "item",
									"name": "boi:decoration_skeleton",
									"weight": 13,
									"functions": [
										{
											"function": "set_count",
											"count": {
												"min": 1,
												"max": 1
											}
										}
									]
								}
							]
						},
						{
							"rolls": 2,
							"entries": [
								{
									"type": "item",
									"name": "boi:candelabra",
									"weight": 13,
									"functions": [
										{
											"function": "set_count",
											"count": {
												"min": 1,
												"max": 1
											}
										}
									]
								}
							]
						},
						{
							"rolls": 4,
							"entries": [
								{
									"type": "item",
									"name": "boi:web_layer",
									"weight": 13,
									"functions": [
										{
											"function": "set_count",
											"count": {
												"min": 1,
												"max": 4
											}
										}
									]
								}
							]
						}
					]
				},
				"key": "pools",
				"children": [
					{
						"open": [
							{
								"rolls": 4,
								"entries": [
									{
										"type": "item",
										"name": "boi:nothing",
										"weight": 40,
										"functions": [
											{
												"function": "set_count",
												"count": {
													"min": 1,
													"max": 1
												}
											}
										]
									},
									{
										"type": "item",
										"name": "boi:tombstone_square",
										"weight": 13,
										"functions": [
											{
												"function": "set_count",
												"count": {
													"min": 1,
													"max": 1
												}
											}
										]
									},
									{
										"type": "item",
										"name": "boi:coffin",
										"weight": 13,
										"functions": [
											{
												"function": "set_count",
												"count": {
													"min": 1,
													"max": 1
												}
											}
										]
									},
									{
										"type": "item",
										"name": "boi:decoration_skeleton",
										"weight": 13,
										"functions": [
											{
												"function": "set_count",
												"count": {
													"min": 1,
													"max": 1
												}
											}
										]
									},
									{
										"type": "item",
										"name": "boi:candelabra",
										"weight": 13,
										"functions": [
											{
												"function": "set_count",
												"count": {
													"min": 1,
													"max": 1
												}
											}
										]
									}
								]
							},
							{
								"rolls": 2,
								"entries": [
									{
										"type": "item",
										"name": "boi:tombstone_square",
										"weight": 13,
										"functions": [
											{
												"function": "set_count",
												"count": {
													"min": 1,
													"max": 1
												}
											}
										]
									}
								]
							},
							{
								"rolls": 2,
								"entries": [
									{
										"type": "item",
										"name": "boi:coffin",
										"weight": 13,
										"functions": [
											{
												"function": "set_count",
												"count": {
													"min": 1,
													"max": 1
												}
											}
										]
									}
								]
							},
							{
								"rolls": 1,
								"entries": [
									{
										"type": "item",
										"name": "boi:decoration_skeleton",
										"weight": 13,
										"functions": [
											{
												"function": "set_count",
												"count": {
													"min": 1,
													"max": 1
												}
											}
										]
									}
								]
							},
							{
								"rolls": 2,
								"entries": [
									{
										"type": "item",
										"name": "boi:candelabra",
										"weight": 13,
										"functions": [
											{
												"function": "set_count",
												"count": {
													"min": 1,
													"max": 1
												}
											}
										]
									}
								]
							},
							{
								"rolls": 4,
								"entries": [
									{
										"type": "item",
										"name": "boi:web_layer",
										"weight": 13,
										"functions": [
											{
												"function": "set_count",
												"count": {
													"min": 1,
													"max": 4
												}
											}
										]
									}
								]
							}
						],
						"children": [
							{
								"data": "4",
								"key": "rolls"
							},
							{
								"open": {
									"rolls": 4,
									"entries": [
										{
											"type": "item",
											"name": "boi:nothing",
											"weight": 40,
											"functions": [
												{
													"function": "set_count",
													"count": {
														"min": 1,
														"max": 1
													}
												}
											]
										},
										{
											"type": "item",
											"name": "boi:tombstone_square",
											"weight": 13,
											"functions": [
												{
													"function": "set_count",
													"count": {
														"min": 1,
														"max": 1
													}
												}
											]
										},
										{
											"type": "item",
											"name": "boi:coffin",
											"weight": 13,
											"functions": [
												{
													"function": "set_count",
													"count": {
														"min": 1,
														"max": 1
													}
												}
											]
										},
										{
											"type": "item",
											"name": "boi:decoration_skeleton",
											"weight": 13,
											"functions": [
												{
													"function": "set_count",
													"count": {
														"min": 1,
														"max": 1
													}
												}
											]
										},
										{
											"type": "item",
											"name": "boi:candelabra",
											"weight": 13,
											"functions": [
												{
													"function": "set_count",
													"count": {
														"min": 1,
														"max": 1
													}
												}
											]
										}
									]
								},
								"key": "entries",
								"is_minified": true,
								"children": [
									{
										"type": "item",
										"name": "boi:nothing",
										"weight": 40,
										"functions": [
											{
												"function": "set_count",
												"count": {
													"min": 1,
													"max": 1
												}
											}
										]
									},
									{
										"type": "item",
										"name": "boi:tombstone_square",
										"weight": 13,
										"functions": [
											{
												"function": "set_count",
												"count": {
													"min": 1,
													"max": 1
												}
											}
										]
									},
									{
										"type": "item",
										"name": "boi:coffin",
										"weight": 13,
										"functions": [
											{
												"function": "set_count",
												"count": {
													"min": 1,
													"max": 1
												}
											}
										]
									},
									{
										"type": "item",
										"name": "boi:decoration_skeleton",
										"weight": 13,
										"functions": [
											{
												"function": "set_count",
												"count": {
													"min": 1,
													"max": 1
												}
											}
										]
									},
									{
										"type": "item",
										"name": "boi:candelabra",
										"weight": 13,
										"functions": [
											{
												"function": "set_count",
												"count": {
													"min": 1,
													"max": 1
												}
											}
										]
									}
								]
							}
						]
					},
					{
						"open": [
							{
								"rolls": 4,
								"entries": [
									{
										"type": "item",
										"name": "boi:nothing",
										"weight": 40,
										"functions": [
											{
												"function": "set_count",
												"count": {
													"min": 1,
													"max": 1
												}
											}
										]
									},
									{
										"type": "item",
										"name": "boi:tombstone_square",
										"weight": 13,
										"functions": [
											{
												"function": "set_count",
												"count": {
													"min": 1,
													"max": 1
												}
											}
										]
									},
									{
										"type": "item",
										"name": "boi:coffin",
										"weight": 13,
										"functions": [
											{
												"function": "set_count",
												"count": {
													"min": 1,
													"max": 1
												}
											}
										]
									},
									{
										"type": "item",
										"name": "boi:decoration_skeleton",
										"weight": 13,
										"functions": [
											{
												"function": "set_count",
												"count": {
													"min": 1,
													"max": 1
												}
											}
										]
									},
									{
										"type": "item",
										"name": "boi:candelabra",
										"weight": 13,
										"functions": [
											{
												"function": "set_count",
												"count": {
													"min": 1,
													"max": 1
												}
											}
										]
									}
								]
							},
							{
								"rolls": 2,
								"entries": [
									{
										"type": "item",
										"name": "boi:tombstone_square",
										"weight": 13,
										"functions": [
											{
												"function": "set_count",
												"count": {
													"min": 1,
													"max": 1
												}
											}
										]
									}
								]
							},
							{
								"rolls": 2,
								"entries": [
									{
										"type": "item",
										"name": "boi:coffin",
										"weight": 13,
										"functions": [
											{
												"function": "set_count",
												"count": {
													"min": 1,
													"max": 1
												}
											}
										]
									}
								]
							},
							{
								"rolls": 1,
								"entries": [
									{
										"type": "item",
										"name": "boi:decoration_skeleton",
										"weight": 13,
										"functions": [
											{
												"function": "set_count",
												"count": {
													"min": 1,
													"max": 1
												}
											}
										]
									}
								]
							},
							{
								"rolls": 2,
								"entries": [
									{
										"type": "item",
										"name": "boi:candelabra",
										"weight": 13,
										"functions": [
											{
												"function": "set_count",
												"count": {
													"min": 1,
													"max": 1
												}
											}
										]
									}
								]
							},
							{
								"rolls": 4,
								"entries": [
									{
										"type": "item",
										"name": "boi:web_layer",
										"weight": 13,
										"functions": [
											{
												"function": "set_count",
												"count": {
													"min": 1,
													"max": 4
												}
											}
										]
									}
								]
							}
						],
						"children": [
							{
								"open": {
									"rolls": 2,
									"entries": [
										{
											"type": "item",
											"name": "boi:tombstone_square",
											"weight": 13,
											"functions": [
												{
													"function": "set_count",
													"count": {
														"min": 1,
														"max": 1
													}
												}
											]
										}
									]
								},
								"data": "2",
								"key": "rolls"
							},
							{
								"open": {
									"rolls": 2,
									"entries": [
										{
											"type": "item",
											"name": "boi:tombstone_square",
											"weight": 13,
											"functions": [
												{
													"function": "set_count",
													"count": {
														"min": 1,
														"max": 1
													}
												}
											]
										}
									]
								},
								"key": "entries",
								"children": [
									{
										"open": [
											{
												"type": "item",
												"name": "boi:tombstone_square",
												"weight": 13,
												"functions": [
													{
														"function": "set_count",
														"count": {
															"min": 1,
															"max": 1
														}
													}
												]
											}
										],
										"is_minified": true,
										"children": {
											"type": "item",
											"name": "boi:tombstone_square",
											"weight": 13,
											"functions": [
												{
													"function": "set_count",
													"count": {
														"min": 1,
														"max": 1
													}
												}
											]
										}
									}
								]
							}
						]
					},
					{
						"open": [
							{
								"rolls": 4,
								"entries": [
									{
										"type": "item",
										"name": "boi:nothing",
										"weight": 40,
										"functions": [
											{
												"function": "set_count",
												"count": {
													"min": 1,
													"max": 1
												}
											}
										]
									},
									{
										"type": "item",
										"name": "boi:tombstone_square",
										"weight": 13,
										"functions": [
											{
												"function": "set_count",
												"count": {
													"min": 1,
													"max": 1
												}
											}
										]
									},
									{
										"type": "item",
										"name": "boi:coffin",
										"weight": 13,
										"functions": [
											{
												"function": "set_count",
												"count": {
													"min": 1,
													"max": 1
												}
											}
										]
									},
									{
										"type": "item",
										"name": "boi:decoration_skeleton",
										"weight": 13,
										"functions": [
											{
												"function": "set_count",
												"count": {
													"min": 1,
													"max": 1
												}
											}
										]
									},
									{
										"type": "item",
										"name": "boi:candelabra",
										"weight": 13,
										"functions": [
											{
												"function": "set_count",
												"count": {
													"min": 1,
													"max": 1
												}
											}
										]
									}
								]
							},
							{
								"rolls": 2,
								"entries": [
									{
										"type": "item",
										"name": "boi:tombstone_square",
										"weight": 13,
										"functions": [
											{
												"function": "set_count",
												"count": {
													"min": 1,
													"max": 1
												}
											}
										]
									}
								]
							},
							{
								"rolls": 2,
								"entries": [
									{
										"type": "item",
										"name": "boi:coffin",
										"weight": 13,
										"functions": [
											{
												"function": "set_count",
												"count": {
													"min": 1,
													"max": 1
												}
											}
										]
									}
								]
							},
							{
								"rolls": 1,
								"entries": [
									{
										"type": "item",
										"name": "boi:decoration_skeleton",
										"weight": 13,
										"functions": [
											{
												"function": "set_count",
												"count": {
													"min": 1,
													"max": 1
												}
											}
										]
									}
								]
							},
							{
								"rolls": 2,
								"entries": [
									{
										"type": "item",
										"name": "boi:candelabra",
										"weight": 13,
										"functions": [
											{
												"function": "set_count",
												"count": {
													"min": 1,
													"max": 1
												}
											}
										]
									}
								]
							},
							{
								"rolls": 4,
								"entries": [
									{
										"type": "item",
										"name": "boi:web_layer",
										"weight": 13,
										"functions": [
											{
												"function": "set_count",
												"count": {
													"min": 1,
													"max": 4
												}
											}
										]
									}
								]
							}
						],
						"children": [
							{
								"open": {
									"rolls": 2,
									"entries": [
										{
											"type": "item",
											"name": "boi:coffin",
											"weight": 13,
											"functions": [
												{
													"function": "set_count",
													"count": {
														"min": 1,
														"max": 1
													}
												}
											]
										}
									]
								},
								"data": "2",
								"key": "rolls"
							},
							{
								"open": {
									"rolls": 2,
									"entries": [
										{
											"type": "item",
											"name": "boi:coffin",
											"weight": 13,
											"functions": [
												{
													"function": "set_count",
													"count": {
														"min": 1,
														"max": 1
													}
												}
											]
										}
									]
								},
								"key": "entries",
								"children": [
									{
										"open": [
											{
												"type": "item",
												"name": "boi:coffin",
												"weight": 13,
												"functions": [
													{
														"function": "set_count",
														"count": {
															"min": 1,
															"max": 1
														}
													}
												]
											}
										],
										"is_minified": true,
										"children": {
											"type": "item",
											"name": "boi:coffin",
											"weight": 13,
											"functions": [
												{
													"function": "set_count",
													"count": {
														"min": 1,
														"max": 1
													}
												}
											]
										}
									}
								]
							}
						]
					},
					{
						"open": [
							{
								"rolls": 4,
								"entries": [
									{
										"type": "item",
										"name": "boi:nothing",
										"weight": 40,
										"functions": [
											{
												"function": "set_count",
												"count": {
													"min": 1,
													"max": 1
												}
											}
										]
									},
									{
										"type": "item",
										"name": "boi:tombstone_square",
										"weight": 13,
										"functions": [
											{
												"function": "set_count",
												"count": {
													"min": 1,
													"max": 1
												}
											}
										]
									},
									{
										"type": "item",
										"name": "boi:coffin",
										"weight": 13,
										"functions": [
											{
												"function": "set_count",
												"count": {
													"min": 1,
													"max": 1
												}
											}
										]
									},
									{
										"type": "item",
										"name": "boi:decoration_skeleton",
										"weight": 13,
										"functions": [
											{
												"function": "set_count",
												"count": {
													"min": 1,
													"max": 1
												}
											}
										]
									},
									{
										"type": "item",
										"name": "boi:candelabra",
										"weight": 13,
										"functions": [
											{
												"function": "set_count",
												"count": {
													"min": 1,
													"max": 1
												}
											}
										]
									}
								]
							},
							{
								"rolls": 2,
								"entries": [
									{
										"type": "item",
										"name": "boi:tombstone_square",
										"weight": 13,
										"functions": [
											{
												"function": "set_count",
												"count": {
													"min": 1,
													"max": 1
												}
											}
										]
									}
								]
							},
							{
								"rolls": 2,
								"entries": [
									{
										"type": "item",
										"name": "boi:coffin",
										"weight": 13,
										"functions": [
											{
												"function": "set_count",
												"count": {
													"min": 1,
													"max": 1
												}
											}
										]
									}
								]
							},
							{
								"rolls": 1,
								"entries": [
									{
										"type": "item",
										"name": "boi:decoration_skeleton",
										"weight": 13,
										"functions": [
											{
												"function": "set_count",
												"count": {
													"min": 1,
													"max": 1
												}
											}
										]
									}
								]
							},
							{
								"rolls": 2,
								"entries": [
									{
										"type": "item",
										"name": "boi:candelabra",
										"weight": 13,
										"functions": [
											{
												"function": "set_count",
												"count": {
													"min": 1,
													"max": 1
												}
											}
										]
									}
								]
							},
							{
								"rolls": 4,
								"entries": [
									{
										"type": "item",
										"name": "boi:web_layer",
										"weight": 13,
										"functions": [
											{
												"function": "set_count",
												"count": {
													"min": 1,
													"max": 4
												}
											}
										]
									}
								]
							}
						],
						"children": [
							{
								"data": "1",
								"key": "rolls"
							},
							{
								"open": {
									"rolls": 1,
									"entries": [
										{
											"type": "item",
											"name": "boi:decoration_skeleton",
											"weight": 13,
											"functions": [
												{
													"function": "set_count",
													"count": {
														"min": 1,
														"max": 1
													}
												}
											]
										}
									]
								},
								"key": "entries",
								"children": [
									{
										"open": [
											{
												"type": "item",
												"name": "boi:decoration_skeleton",
												"weight": 13,
												"functions": [
													{
														"function": "set_count",
														"count": {
															"min": 1,
															"max": 1
														}
													}
												]
											}
										],
										"is_minified": true,
										"children": {
											"type": "item",
											"name": "boi:decoration_skeleton",
											"weight": 13,
											"functions": [
												{
													"function": "set_count",
													"count": {
														"min": 1,
														"max": 1
													}
												}
											]
										}
									}
								]
							}
						]
					},
					{
						"open": [
							{
								"rolls": 4,
								"entries": [
									{
										"type": "item",
										"name": "boi:nothing",
										"weight": 40,
										"functions": [
											{
												"function": "set_count",
												"count": {
													"min": 1,
													"max": 1
												}
											}
										]
									},
									{
										"type": "item",
										"name": "boi:tombstone_square",
										"weight": 13,
										"functions": [
											{
												"function": "set_count",
												"count": {
													"min": 1,
													"max": 1
												}
											}
										]
									},
									{
										"type": "item",
										"name": "boi:coffin",
										"weight": 13,
										"functions": [
											{
												"function": "set_count",
												"count": {
													"min": 1,
													"max": 1
												}
											}
										]
									},
									{
										"type": "item",
										"name": "boi:decoration_skeleton",
										"weight": 13,
										"functions": [
											{
												"function": "set_count",
												"count": {
													"min": 1,
													"max": 1
												}
											}
										]
									},
									{
										"type": "item",
										"name": "boi:candelabra",
										"weight": 13,
										"functions": [
											{
												"function": "set_count",
												"count": {
													"min": 1,
													"max": 1
												}
											}
										]
									}
								]
							},
							{
								"rolls": 2,
								"entries": [
									{
										"type": "item",
										"name": "boi:tombstone_square",
										"weight": 13,
										"functions": [
											{
												"function": "set_count",
												"count": {
													"min": 1,
													"max": 1
												}
											}
										]
									}
								]
							},
							{
								"rolls": 2,
								"entries": [
									{
										"type": "item",
										"name": "boi:coffin",
										"weight": 13,
										"functions": [
											{
												"function": "set_count",
												"count": {
													"min": 1,
													"max": 1
												}
											}
										]
									}
								]
							},
							{
								"rolls": 1,
								"entries": [
									{
										"type": "item",
										"name": "boi:decoration_skeleton",
										"weight": 13,
										"functions": [
											{
												"function": "set_count",
												"count": {
													"min": 1,
													"max": 1
												}
											}
										]
									}
								]
							},
							{
								"rolls": 2,
								"entries": [
									{
										"type": "item",
										"name": "boi:candelabra",
										"weight": 13,
										"functions": [
											{
												"function": "set_count",
												"count": {
													"min": 1,
													"max": 1
												}
											}
										]
									}
								]
							},
							{
								"rolls": 4,
								"entries": [
									{
										"type": "item",
										"name": "boi:web_layer",
										"weight": 13,
										"functions": [
											{
												"function": "set_count",
												"count": {
													"min": 1,
													"max": 4
												}
											}
										]
									}
								]
							}
						],
						"children": [
							{
								"open": {
									"rolls": 2,
									"entries": [
										{
											"type": "item",
											"name": "boi:candelabra",
											"weight": 13,
											"functions": [
												{
													"function": "set_count",
													"count": {
														"min": 1,
														"max": 1
													}
												}
											]
										}
									]
								},
								"data": "2",
								"key": "rolls"
							},
							{
								"open": {
									"rolls": 2,
									"entries": [
										{
											"type": "item",
											"name": "boi:candelabra",
											"weight": 13,
											"functions": [
												{
													"function": "set_count",
													"count": {
														"min": 1,
														"max": 1
													}
												}
											]
										}
									]
								},
								"key": "entries",
								"children": [
									{
										"open": [
											{
												"type": "item",
												"name": "boi:candelabra",
												"weight": 13,
												"functions": [
													{
														"function": "set_count",
														"count": {
															"min": 1,
															"max": 1
														}
													}
												]
											}
										],
										"is_minified": true,
										"children": {
											"type": "item",
											"name": "boi:candelabra",
											"weight": 13,
											"functions": [
												{
													"function": "set_count",
													"count": {
														"min": 1,
														"max": 1
													}
												}
											]
										}
									}
								]
							}
						]
					},
					{
						"children": [
							{
								"data": "4",
								"key": "rolls"
							},
							{
								"key": "entries",
								"children": [
									{
										"open": [
											{
												"type": "item",
												"name": "boi:web_layer",
												"weight": 13,
												"functions": [
													{
														"function": "set_count",
														"count": {
															"min": 1,
															"max": 4
														}
													}
												]
											}
										],
										"children": [
											{
												"data": "item",
												"key": "type"
											},
											{
												"data": "boi:web_layer",
												"key": "name"
											},
											{
												"data": "13",
												"key": "weight"
											},
											{
												"key": "functions",
												"children": [
													{
														"open": [
															{
																"function": "set_count",
																"count": {
																	"min": 1,
																	"max": 4
																}
															}
														],
														"is_minified": true,
														"children": {
															"function": "set_count",
															"count": {
																"min": 1,
																"max": 4
															}
														}
													}
												]
											}
										]
									}
								]
							}
						]
					}
				]
			}
		]
	}
}