{
	"file_path": "C:\\Users\\fiddy\\AppData\\Local\\Packages\\Microsoft.MinecraftUWP_8wekyb3d8bbwe\\LocalState\\games\\com.mojang\\development_behavior_packs\\SeasonalDecorBP\\loot_tables\\items\\bag_costume.json",
	"file_type": "loot_table",
	"format_version": 1,
	"file_uuid": "1580c18b_4c73_43c1_a49e_629825dae4c3",
	"file_version": 38,
	"cache_content": {
		"children": [
			{
				"open": {
					"pools": [
						{
							"rolls": 1,
							"entries": [
								{
									"type": "item",
									"name": "boi:costume_arrow",
									"weight": 100,
									"functions": [
										{
											"function": "set_count",
											"count": {
												"min": 1,
												"max": 1
											}
										}
									]
								},
								{
									"type": "item",
									"name": "boi:costume_axe_head",
									"weight": 100,
									"functions": [
										{
											"function": "set_count",
											"count": {
												"min": 1,
												"max": 1
											}
										}
									]
								},
								{
									"type": "item",
									"name": "boi:costume_bolts",
									"weight": 100,
									"functions": [
										{
											"function": "set_count",
											"count": {
												"min": 1,
												"max": 1
											}
										}
									]
								},
								{
									"type": "item",
									"name": "boi:costume_demon_wings",
									"weight": 100,
									"functions": [
										{
											"function": "set_count",
											"count": {
												"min": 1,
												"max": 1
											}
										},
										{
											"function": "set_lore",
											"lore": [
												"§fWorn on the chest slot.§r"
											]
										}
									]
								},
								{
									"type": "item",
									"name": "boi:costume_devil_horns",
									"weight": 100,
									"functions": [
										{
											"function": "set_count",
											"count": {
												"min": 1,
												"max": 1
											}
										}
									]
								},
								{
									"type": "item",
									"name": "boi:costume_eyeball",
									"weight": 100,
									"functions": [
										{
											"function": "set_count",
											"count": {
												"min": 1,
												"max": 1
											}
										}
									]
								},
								{
									"type": "item",
									"name": "boi:costume_ghost",
									"weight": 100,
									"functions": [
										{
											"function": "set_count",
											"count": {
												"min": 1,
												"max": 1
											}
										}
									]
								},
								{
									"type": "item",
									"name": "boi:costume_vampire_cape",
									"weight": 100,
									"functions": [
										{
											"function": "set_count",
											"count": {
												"min": 1,
												"max": 1
											}
										},
										{
											"function": "set_lore",
											"lore": [
												"§fWorn on the chest slot.§r"
											]
										}
									]
								},
								{
									"type": "item",
									"name": "boi:costume_werewolf_head",
									"weight": 100,
									"functions": [
										{
											"function": "set_count",
											"count": {
												"min": 1,
												"max": 1
											}
										}
									]
								},
								{
									"type": "item",
									"name": "boi:costume_witch_hat",
									"weight": 100,
									"functions": [
										{
											"function": "set_count",
											"count": {
												"min": 1,
												"max": 1
											}
										}
									]
								}
							]
						}
					]
				},
				"key": "pools",
				"children": [
					{
						"open": [
							{
								"rolls": 1,
								"entries": [
									{
										"type": "item",
										"name": "boi:costume_arrow",
										"weight": 100,
										"functions": [
											{
												"function": "set_count",
												"count": {
													"min": 1,
													"max": 1
												}
											}
										]
									},
									{
										"type": "item",
										"name": "boi:costume_axe_head",
										"weight": 100,
										"functions": [
											{
												"function": "set_count",
												"count": {
													"min": 1,
													"max": 1
												}
											}
										]
									},
									{
										"type": "item",
										"name": "boi:costume_bolts",
										"weight": 100,
										"functions": [
											{
												"function": "set_count",
												"count": {
													"min": 1,
													"max": 1
												}
											}
										]
									},
									{
										"type": "item",
										"name": "boi:costume_demon_wings",
										"weight": 100,
										"functions": [
											{
												"function": "set_count",
												"count": {
													"min": 1,
													"max": 1
												}
											},
											{
												"function": "set_lore",
												"lore": [
													"§fWorn on the chest slot.§r"
												]
											}
										]
									},
									{
										"type": "item",
										"name": "boi:costume_devil_horns",
										"weight": 100,
										"functions": [
											{
												"function": "set_count",
												"count": {
													"min": 1,
													"max": 1
												}
											}
										]
									},
									{
										"type": "item",
										"name": "boi:costume_eyeball",
										"weight": 100,
										"functions": [
											{
												"function": "set_count",
												"count": {
													"min": 1,
													"max": 1
												}
											}
										]
									},
									{
										"type": "item",
										"name": "boi:costume_ghost",
										"weight": 100,
										"functions": [
											{
												"function": "set_count",
												"count": {
													"min": 1,
													"max": 1
												}
											}
										]
									},
									{
										"type": "item",
										"name": "boi:costume_vampire_cape",
										"weight": 100,
										"functions": [
											{
												"function": "set_count",
												"count": {
													"min": 1,
													"max": 1
												}
											},
											{
												"function": "set_lore",
												"lore": [
													"§fWorn on the chest slot.§r"
												]
											}
										]
									},
									{
										"type": "item",
										"name": "boi:costume_werewolf_head",
										"weight": 100,
										"functions": [
											{
												"function": "set_count",
												"count": {
													"min": 1,
													"max": 1
												}
											}
										]
									},
									{
										"type": "item",
										"name": "boi:costume_witch_hat",
										"weight": 100,
										"functions": [
											{
												"function": "set_count",
												"count": {
													"min": 1,
													"max": 1
												}
											}
										]
									}
								]
							}
						],
						"children": [
							{
								"open": {
									"rolls": 1,
									"entries": [
										{
											"type": "item",
											"name": "boi:costume_arrow",
											"weight": 100,
											"functions": [
												{
													"function": "set_count",
													"count": {
														"min": 1,
														"max": 1
													}
												}
											]
										},
										{
											"type": "item",
											"name": "boi:costume_axe_head",
											"weight": 100,
											"functions": [
												{
													"function": "set_count",
													"count": {
														"min": 1,
														"max": 1
													}
												}
											]
										},
										{
											"type": "item",
											"name": "boi:costume_bolts",
											"weight": 100,
											"functions": [
												{
													"function": "set_count",
													"count": {
														"min": 1,
														"max": 1
													}
												}
											]
										},
										{
											"type": "item",
											"name": "boi:costume_demon_wings",
											"weight": 100,
											"functions": [
												{
													"function": "set_count",
													"count": {
														"min": 1,
														"max": 1
													}
												},
												{
													"function": "set_lore",
													"lore": [
														"§fWorn on the chest slot.§r"
													]
												}
											]
										},
										{
											"type": "item",
											"name": "boi:costume_devil_horns",
											"weight": 100,
											"functions": [
												{
													"function": "set_count",
													"count": {
														"min": 1,
														"max": 1
													}
												}
											]
										},
										{
											"type": "item",
											"name": "boi:costume_eyeball",
											"weight": 100,
											"functions": [
												{
													"function": "set_count",
													"count": {
														"min": 1,
														"max": 1
													}
												}
											]
										},
										{
											"type": "item",
											"name": "boi:costume_ghost",
											"weight": 100,
											"functions": [
												{
													"function": "set_count",
													"count": {
														"min": 1,
														"max": 1
													}
												}
											]
										},
										{
											"type": "item",
											"name": "boi:costume_vampire_cape",
											"weight": 100,
											"functions": [
												{
													"function": "set_count",
													"count": {
														"min": 1,
														"max": 1
													}
												},
												{
													"function": "set_lore",
													"lore": [
														"§fWorn on the chest slot.§r"
													]
												}
											]
										},
										{
											"type": "item",
											"name": "boi:costume_werewolf_head",
											"weight": 100,
											"functions": [
												{
													"function": "set_count",
													"count": {
														"min": 1,
														"max": 1
													}
												}
											]
										},
										{
											"type": "item",
											"name": "boi:costume_witch_hat",
											"weight": 100,
											"functions": [
												{
													"function": "set_count",
													"count": {
														"min": 1,
														"max": 1
													}
												}
											]
										}
									]
								},
								"data": "1",
								"key": "rolls"
							},
							{
								"open": {
									"rolls": 1,
									"entries": [
										{
											"type": "item",
											"name": "boi:costume_arrow",
											"weight": 100,
											"functions": [
												{
													"function": "set_count",
													"count": {
														"min": 1,
														"max": 1
													}
												}
											]
										},
										{
											"type": "item",
											"name": "boi:costume_axe_head",
											"weight": 100,
											"functions": [
												{
													"function": "set_count",
													"count": {
														"min": 1,
														"max": 1
													}
												}
											]
										},
										{
											"type": "item",
											"name": "boi:costume_bolts",
											"weight": 100,
											"functions": [
												{
													"function": "set_count",
													"count": {
														"min": 1,
														"max": 1
													}
												}
											]
										},
										{
											"type": "item",
											"name": "boi:costume_demon_wings",
											"weight": 100,
											"functions": [
												{
													"function": "set_count",
													"count": {
														"min": 1,
														"max": 1
													}
												},
												{
													"function": "set_lore",
													"lore": [
														"§fWorn on the chest slot.§r"
													]
												}
											]
										},
										{
											"type": "item",
											"name": "boi:costume_devil_horns",
											"weight": 100,
											"functions": [
												{
													"function": "set_count",
													"count": {
														"min": 1,
														"max": 1
													}
												}
											]
										},
										{
											"type": "item",
											"name": "boi:costume_eyeball",
											"weight": 100,
											"functions": [
												{
													"function": "set_count",
													"count": {
														"min": 1,
														"max": 1
													}
												}
											]
										},
										{
											"type": "item",
											"name": "boi:costume_ghost",
											"weight": 100,
											"functions": [
												{
													"function": "set_count",
													"count": {
														"min": 1,
														"max": 1
													}
												}
											]
										},
										{
											"type": "item",
											"name": "boi:costume_vampire_cape",
											"weight": 100,
											"functions": [
												{
													"function": "set_count",
													"count": {
														"min": 1,
														"max": 1
													}
												},
												{
													"function": "set_lore",
													"lore": [
														"§fWorn on the chest slot.§r"
													]
												}
											]
										},
										{
											"type": "item",
											"name": "boi:costume_werewolf_head",
											"weight": 100,
											"functions": [
												{
													"function": "set_count",
													"count": {
														"min": 1,
														"max": 1
													}
												}
											]
										},
										{
											"type": "item",
											"name": "boi:costume_witch_hat",
											"weight": 100,
											"functions": [
												{
													"function": "set_count",
													"count": {
														"min": 1,
														"max": 1
													}
												}
											]
										}
									]
								},
								"key": "entries",
								"children": [
									{
										"open": [
											{
												"type": "item",
												"name": "boi:costume_arrow",
												"weight": 100,
												"functions": [
													{
														"function": "set_count",
														"count": {
															"min": 1,
															"max": 1
														}
													}
												]
											},
											{
												"type": "item",
												"name": "boi:costume_axe_head",
												"weight": 100,
												"functions": [
													{
														"function": "set_count",
														"count": {
															"min": 1,
															"max": 1
														}
													}
												]
											},
											{
												"type": "item",
												"name": "boi:costume_bolts",
												"weight": 100,
												"functions": [
													{
														"function": "set_count",
														"count": {
															"min": 1,
															"max": 1
														}
													}
												]
											},
											{
												"type": "item",
												"name": "boi:costume_demon_wings",
												"weight": 100,
												"functions": [
													{
														"function": "set_count",
														"count": {
															"min": 1,
															"max": 1
														}
													},
													{
														"function": "set_lore",
														"lore": [
															"§fWorn on the chest slot.§r"
														]
													}
												]
											},
											{
												"type": "item",
												"name": "boi:costume_devil_horns",
												"weight": 100,
												"functions": [
													{
														"function": "set_count",
														"count": {
															"min": 1,
															"max": 1
														}
													}
												]
											},
											{
												"type": "item",
												"name": "boi:costume_eyeball",
												"weight": 100,
												"functions": [
													{
														"function": "set_count",
														"count": {
															"min": 1,
															"max": 1
														}
													}
												]
											},
											{
												"type": "item",
												"name": "boi:costume_ghost",
												"weight": 100,
												"functions": [
													{
														"function": "set_count",
														"count": {
															"min": 1,
															"max": 1
														}
													}
												]
											},
											{
												"type": "item",
												"name": "boi:costume_vampire_cape",
												"weight": 100,
												"functions": [
													{
														"function": "set_count",
														"count": {
															"min": 1,
															"max": 1
														}
													},
													{
														"function": "set_lore",
														"lore": [
															"§fWorn on the chest slot.§r"
														]
													}
												]
											},
											{
												"type": "item",
												"name": "boi:costume_werewolf_head",
												"weight": 100,
												"functions": [
													{
														"function": "set_count",
														"count": {
															"min": 1,
															"max": 1
														}
													}
												]
											},
											{
												"type": "item",
												"name": "boi:costume_witch_hat",
												"weight": 100,
												"functions": [
													{
														"function": "set_count",
														"count": {
															"min": 1,
															"max": 1
														}
													}
												]
											}
										],
										"children": [
											{
												"data": "item",
												"key": "type"
											},
											{
												"open": {
													"type": "item",
													"name": "boi:costume_arrow",
													"weight": 100,
													"functions": [
														{
															"function": "set_count",
															"count": {
																"min": 1,
																"max": 1
															}
														}
													]
												},
												"data": "boi:costume_arrow",
												"key": "name"
											},
											{
												"data": "100",
												"key": "weight"
											},
											{
												"key": "functions",
												"children": [
													{
														"open": [
															{
																"function": "set_count",
																"count": {
																	"min": 1,
																	"max": 1
																}
															}
														],
														"children": [
															{
																"data": "set_count",
																"key": "function"
															},
															{
																"open": {
																	"function": "set_count",
																	"count": {
																		"min": 1,
																		"max": 1
																	}
																},
																"key": "count",
																"is_minified": true,
																"children": {
																	"min": 1,
																	"max": 1
																}
															}
														]
													}
												]
											}
										]
									},
									{
										"open": [
											{
												"type": "item",
												"name": "boi:costume_arrow",
												"weight": 100,
												"functions": [
													{
														"function": "set_count",
														"count": {
															"min": 1,
															"max": 1
														}
													}
												]
											},
											{
												"type": "item",
												"name": "boi:costume_axe_head",
												"weight": 100,
												"functions": [
													{
														"function": "set_count",
														"count": {
															"min": 1,
															"max": 1
														}
													}
												]
											},
											{
												"type": "item",
												"name": "boi:costume_bolts",
												"weight": 100,
												"functions": [
													{
														"function": "set_count",
														"count": {
															"min": 1,
															"max": 1
														}
													}
												]
											},
											{
												"type": "item",
												"name": "boi:costume_demon_wings",
												"weight": 100,
												"functions": [
													{
														"function": "set_count",
														"count": {
															"min": 1,
															"max": 1
														}
													},
													{
														"function": "set_lore",
														"lore": [
															"§fWorn on the chest slot.§r"
														]
													}
												]
											},
											{
												"type": "item",
												"name": "boi:costume_devil_horns",
												"weight": 100,
												"functions": [
													{
														"function": "set_count",
														"count": {
															"min": 1,
															"max": 1
														}
													}
												]
											},
											{
												"type": "item",
												"name": "boi:costume_eyeball",
												"weight": 100,
												"functions": [
													{
														"function": "set_count",
														"count": {
															"min": 1,
															"max": 1
														}
													}
												]
											},
											{
												"type": "item",
												"name": "boi:costume_ghost",
												"weight": 100,
												"functions": [
													{
														"function": "set_count",
														"count": {
															"min": 1,
															"max": 1
														}
													}
												]
											},
											{
												"type": "item",
												"name": "boi:costume_vampire_cape",
												"weight": 100,
												"functions": [
													{
														"function": "set_count",
														"count": {
															"min": 1,
															"max": 1
														}
													},
													{
														"function": "set_lore",
														"lore": [
															"§fWorn on the chest slot.§r"
														]
													}
												]
											},
											{
												"type": "item",
												"name": "boi:costume_werewolf_head",
												"weight": 100,
												"functions": [
													{
														"function": "set_count",
														"count": {
															"min": 1,
															"max": 1
														}
													}
												]
											},
											{
												"type": "item",
												"name": "boi:costume_witch_hat",
												"weight": 100,
												"functions": [
													{
														"function": "set_count",
														"count": {
															"min": 1,
															"max": 1
														}
													}
												]
											}
										],
										"is_minified": true,
										"children": {
											"type": "item",
											"name": "boi:costume_axe_head",
											"weight": 100,
											"functions": [
												{
													"function": "set_count",
													"count": {
														"min": 1,
														"max": 1
													}
												}
											]
										}
									},
									{
										"open": [
											{
												"type": "item",
												"name": "boi:costume_arrow",
												"weight": 100,
												"functions": [
													{
														"function": "set_count",
														"count": {
															"min": 1,
															"max": 1
														}
													}
												]
											},
											{
												"type": "item",
												"name": "boi:costume_axe_head",
												"weight": 100,
												"functions": [
													{
														"function": "set_count",
														"count": {
															"min": 1,
															"max": 1
														}
													}
												]
											},
											{
												"type": "item",
												"name": "boi:costume_bolts",
												"weight": 100,
												"functions": [
													{
														"function": "set_count",
														"count": {
															"min": 1,
															"max": 1
														}
													}
												]
											},
											{
												"type": "item",
												"name": "boi:costume_demon_wings",
												"weight": 100,
												"functions": [
													{
														"function": "set_count",
														"count": {
															"min": 1,
															"max": 1
														}
													},
													{
														"function": "set_lore",
														"lore": [
															"§fWorn on the chest slot.§r"
														]
													}
												]
											},
											{
												"type": "item",
												"name": "boi:costume_devil_horns",
												"weight": 100,
												"functions": [
													{
														"function": "set_count",
														"count": {
															"min": 1,
															"max": 1
														}
													}
												]
											},
											{
												"type": "item",
												"name": "boi:costume_eyeball",
												"weight": 100,
												"functions": [
													{
														"function": "set_count",
														"count": {
															"min": 1,
															"max": 1
														}
													}
												]
											},
											{
												"type": "item",
												"name": "boi:costume_ghost",
												"weight": 100,
												"functions": [
													{
														"function": "set_count",
														"count": {
															"min": 1,
															"max": 1
														}
													}
												]
											},
											{
												"type": "item",
												"name": "boi:costume_vampire_cape",
												"weight": 100,
												"functions": [
													{
														"function": "set_count",
														"count": {
															"min": 1,
															"max": 1
														}
													},
													{
														"function": "set_lore",
														"lore": [
															"§fWorn on the chest slot.§r"
														]
													}
												]
											},
											{
												"type": "item",
												"name": "boi:costume_werewolf_head",
												"weight": 100,
												"functions": [
													{
														"function": "set_count",
														"count": {
															"min": 1,
															"max": 1
														}
													}
												]
											},
											{
												"type": "item",
												"name": "boi:costume_witch_hat",
												"weight": 100,
												"functions": [
													{
														"function": "set_count",
														"count": {
															"min": 1,
															"max": 1
														}
													}
												]
											}
										],
										"is_minified": true,
										"children": {
											"type": "item",
											"name": "boi:costume_bolts",
											"weight": 100,
											"functions": [
												{
													"function": "set_count",
													"count": {
														"min": 1,
														"max": 1
													}
												}
											]
										}
									},
									{
										"open": [
											{
												"type": "item",
												"name": "boi:costume_arrow",
												"weight": 100,
												"functions": [
													{
														"function": "set_count",
														"count": {
															"min": 1,
															"max": 1
														}
													}
												]
											},
											{
												"type": "item",
												"name": "boi:costume_axe_head",
												"weight": 100,
												"functions": [
													{
														"function": "set_count",
														"count": {
															"min": 1,
															"max": 1
														}
													}
												]
											},
											{
												"type": "item",
												"name": "boi:costume_bolts",
												"weight": 100,
												"functions": [
													{
														"function": "set_count",
														"count": {
															"min": 1,
															"max": 1
														}
													}
												]
											},
											{
												"type": "item",
												"name": "boi:costume_demon_wings",
												"weight": 100,
												"functions": [
													{
														"function": "set_count",
														"count": {
															"min": 1,
															"max": 1
														}
													},
													{
														"function": "set_lore",
														"lore": [
															"§fWorn on the chest slot.§r"
														]
													}
												]
											},
											{
												"type": "item",
												"name": "boi:costume_devil_horns",
												"weight": 100,
												"functions": [
													{
														"function": "set_count",
														"count": {
															"min": 1,
															"max": 1
														}
													}
												]
											},
											{
												"type": "item",
												"name": "boi:costume_eyeball",
												"weight": 100,
												"functions": [
													{
														"function": "set_count",
														"count": {
															"min": 1,
															"max": 1
														}
													}
												]
											},
											{
												"type": "item",
												"name": "boi:costume_ghost",
												"weight": 100,
												"functions": [
													{
														"function": "set_count",
														"count": {
															"min": 1,
															"max": 1
														}
													}
												]
											},
											{
												"type": "item",
												"name": "boi:costume_vampire_cape",
												"weight": 100,
												"functions": [
													{
														"function": "set_count",
														"count": {
															"min": 1,
															"max": 1
														}
													},
													{
														"function": "set_lore",
														"lore": [
															"§fWorn on the chest slot.§r"
														]
													}
												]
											},
											{
												"type": "item",
												"name": "boi:costume_werewolf_head",
												"weight": 100,
												"functions": [
													{
														"function": "set_count",
														"count": {
															"min": 1,
															"max": 1
														}
													}
												]
											},
											{
												"type": "item",
												"name": "boi:costume_witch_hat",
												"weight": 100,
												"functions": [
													{
														"function": "set_count",
														"count": {
															"min": 1,
															"max": 1
														}
													}
												]
											}
										],
										"children": [
											{
												"data": "item",
												"key": "type"
											},
											{
												"open": {
													"type": "item",
													"name": "boi:costume_demon_wings",
													"weight": 100,
													"functions": [
														{
															"function": "set_count",
															"count": {
																"min": 1,
																"max": 1
															}
														},
														{
															"function": "set_lore",
															"lore": [
																"§fWorn on the chest slot.§r"
															]
														}
													]
												},
												"data": "boi:costume_demon_wings",
												"key": "name"
											},
											{
												"data": "100",
												"key": "weight"
											},
											{
												"open": {
													"type": "item",
													"name": "boi:costume_demon_wings",
													"weight": 100,
													"functions": [
														{
															"function": "set_count",
															"count": {
																"min": 1,
																"max": 1
															}
														},
														{
															"function": "set_lore",
															"lore": [
																"§fWorn on the chest slot.§r"
															]
														}
													]
												},
												"key": "functions",
												"children": [
													{
														"open": [
															{
																"function": "set_count",
																"count": {
																	"min": 1,
																	"max": 1
																}
															},
															{
																"function": "set_lore",
																"lore": [
																	"§fWorn on the chest slot.§r"
																]
															}
														],
														"is_minified": true,
														"children": {
															"function": "set_count",
															"count": {
																"min": 1,
																"max": 1
															}
														}
													},
													{
														"open": [
															{
																"function": "set_count",
																"count": {
																	"min": 1,
																	"max": 1
																}
															},
															{
																"function": "set_lore",
																"lore": [
																	"§fWorn on the chest slot.§r"
																]
															}
														],
														"children": [
															{
																"data": "set_lore",
																"key": "function"
															},
															{
																"open": {
																	"function": "set_lore",
																	"lore": [
																		"§fWorn on the chest slot.§r"
																	]
																},
																"key": "lore",
																"is_minified": true,
																"children": [
																	"§fWorn on the chest slot.§r"
																]
															}
														]
													}
												]
											}
										]
									},
									{
										"open": [
											{
												"type": "item",
												"name": "boi:costume_arrow",
												"weight": 100,
												"functions": [
													{
														"function": "set_count",
														"count": {
															"min": 1,
															"max": 1
														}
													}
												]
											},
											{
												"type": "item",
												"name": "boi:costume_axe_head",
												"weight": 100,
												"functions": [
													{
														"function": "set_count",
														"count": {
															"min": 1,
															"max": 1
														}
													}
												]
											},
											{
												"type": "item",
												"name": "boi:costume_bolts",
												"weight": 100,
												"functions": [
													{
														"function": "set_count",
														"count": {
															"min": 1,
															"max": 1
														}
													}
												]
											},
											{
												"type": "item",
												"name": "boi:costume_demon_wings",
												"weight": 100,
												"functions": [
													{
														"function": "set_count",
														"count": {
															"min": 1,
															"max": 1
														}
													},
													{
														"function": "set_lore",
														"lore": [
															"§fWorn on the chest slot.§r"
														]
													}
												]
											},
											{
												"type": "item",
												"name": "boi:costume_devil_horns",
												"weight": 100,
												"functions": [
													{
														"function": "set_count",
														"count": {
															"min": 1,
															"max": 1
														}
													}
												]
											},
											{
												"type": "item",
												"name": "boi:costume_eyeball",
												"weight": 100,
												"functions": [
													{
														"function": "set_count",
														"count": {
															"min": 1,
															"max": 1
														}
													}
												]
											},
											{
												"type": "item",
												"name": "boi:costume_ghost",
												"weight": 100,
												"functions": [
													{
														"function": "set_count",
														"count": {
															"min": 1,
															"max": 1
														}
													}
												]
											},
											{
												"type": "item",
												"name": "boi:costume_vampire_cape",
												"weight": 100,
												"functions": [
													{
														"function": "set_count",
														"count": {
															"min": 1,
															"max": 1
														}
													},
													{
														"function": "set_lore",
														"lore": [
															"§fWorn on the chest slot.§r"
														]
													}
												]
											},
											{
												"type": "item",
												"name": "boi:costume_werewolf_head",
												"weight": 100,
												"functions": [
													{
														"function": "set_count",
														"count": {
															"min": 1,
															"max": 1
														}
													}
												]
											},
											{
												"type": "item",
												"name": "boi:costume_witch_hat",
												"weight": 100,
												"functions": [
													{
														"function": "set_count",
														"count": {
															"min": 1,
															"max": 1
														}
													}
												]
											}
										],
										"is_minified": true,
										"children": {
											"type": "item",
											"name": "boi:costume_devil_horns",
											"weight": 100,
											"functions": [
												{
													"function": "set_count",
													"count": {
														"min": 1,
														"max": 1
													}
												}
											]
										}
									},
									{
										"open": [
											{
												"type": "item",
												"name": "boi:costume_arrow",
												"weight": 100,
												"functions": [
													{
														"function": "set_count",
														"count": {
															"min": 1,
															"max": 1
														}
													}
												]
											},
											{
												"type": "item",
												"name": "boi:costume_axe_head",
												"weight": 100,
												"functions": [
													{
														"function": "set_count",
														"count": {
															"min": 1,
															"max": 1
														}
													}
												]
											},
											{
												"type": "item",
												"name": "boi:costume_bolts",
												"weight": 100,
												"functions": [
													{
														"function": "set_count",
														"count": {
															"min": 1,
															"max": 1
														}
													}
												]
											},
											{
												"type": "item",
												"name": "boi:costume_demon_wings",
												"weight": 100,
												"functions": [
													{
														"function": "set_count",
														"count": {
															"min": 1,
															"max": 1
														}
													},
													{
														"function": "set_lore",
														"lore": [
															"§fWorn on the chest slot.§r"
														]
													}
												]
											},
											{
												"type": "item",
												"name": "boi:costume_devil_horns",
												"weight": 100,
												"functions": [
													{
														"function": "set_count",
														"count": {
															"min": 1,
															"max": 1
														}
													}
												]
											},
											{
												"type": "item",
												"name": "boi:costume_eyeball",
												"weight": 100,
												"functions": [
													{
														"function": "set_count",
														"count": {
															"min": 1,
															"max": 1
														}
													}
												]
											},
											{
												"type": "item",
												"name": "boi:costume_ghost",
												"weight": 100,
												"functions": [
													{
														"function": "set_count",
														"count": {
															"min": 1,
															"max": 1
														}
													}
												]
											},
											{
												"type": "item",
												"name": "boi:costume_vampire_cape",
												"weight": 100,
												"functions": [
													{
														"function": "set_count",
														"count": {
															"min": 1,
															"max": 1
														}
													},
													{
														"function": "set_lore",
														"lore": [
															"§fWorn on the chest slot.§r"
														]
													}
												]
											},
											{
												"type": "item",
												"name": "boi:costume_werewolf_head",
												"weight": 100,
												"functions": [
													{
														"function": "set_count",
														"count": {
															"min": 1,
															"max": 1
														}
													}
												]
											},
											{
												"type": "item",
												"name": "boi:costume_witch_hat",
												"weight": 100,
												"functions": [
													{
														"function": "set_count",
														"count": {
															"min": 1,
															"max": 1
														}
													}
												]
											}
										],
										"is_minified": true,
										"children": {
											"type": "item",
											"name": "boi:costume_eyeball",
											"weight": 100,
											"functions": [
												{
													"function": "set_count",
													"count": {
														"min": 1,
														"max": 1
													}
												}
											]
										}
									},
									{
										"open": [
											{
												"type": "item",
												"name": "boi:costume_arrow",
												"weight": 100,
												"functions": [
													{
														"function": "set_count",
														"count": {
															"min": 1,
															"max": 1
														}
													}
												]
											},
											{
												"type": "item",
												"name": "boi:costume_axe_head",
												"weight": 100,
												"functions": [
													{
														"function": "set_count",
														"count": {
															"min": 1,
															"max": 1
														}
													}
												]
											},
											{
												"type": "item",
												"name": "boi:costume_bolts",
												"weight": 100,
												"functions": [
													{
														"function": "set_count",
														"count": {
															"min": 1,
															"max": 1
														}
													}
												]
											},
											{
												"type": "item",
												"name": "boi:costume_demon_wings",
												"weight": 100,
												"functions": [
													{
														"function": "set_count",
														"count": {
															"min": 1,
															"max": 1
														}
													},
													{
														"function": "set_lore",
														"lore": [
															"§fWorn on the chest slot.§r"
														]
													}
												]
											},
											{
												"type": "item",
												"name": "boi:costume_devil_horns",
												"weight": 100,
												"functions": [
													{
														"function": "set_count",
														"count": {
															"min": 1,
															"max": 1
														}
													}
												]
											},
											{
												"type": "item",
												"name": "boi:costume_eyeball",
												"weight": 100,
												"functions": [
													{
														"function": "set_count",
														"count": {
															"min": 1,
															"max": 1
														}
													}
												]
											},
											{
												"type": "item",
												"name": "boi:costume_ghost",
												"weight": 100,
												"functions": [
													{
														"function": "set_count",
														"count": {
															"min": 1,
															"max": 1
														}
													}
												]
											},
											{
												"type": "item",
												"name": "boi:costume_vampire_cape",
												"weight": 100,
												"functions": [
													{
														"function": "set_count",
														"count": {
															"min": 1,
															"max": 1
														}
													},
													{
														"function": "set_lore",
														"lore": [
															"§fWorn on the chest slot.§r"
														]
													}
												]
											},
											{
												"type": "item",
												"name": "boi:costume_werewolf_head",
												"weight": 100,
												"functions": [
													{
														"function": "set_count",
														"count": {
															"min": 1,
															"max": 1
														}
													}
												]
											},
											{
												"type": "item",
												"name": "boi:costume_witch_hat",
												"weight": 100,
												"functions": [
													{
														"function": "set_count",
														"count": {
															"min": 1,
															"max": 1
														}
													}
												]
											}
										],
										"is_minified": true,
										"children": {
											"type": "item",
											"name": "boi:costume_ghost",
											"weight": 100,
											"functions": [
												{
													"function": "set_count",
													"count": {
														"min": 1,
														"max": 1
													}
												}
											]
										}
									},
									{
										"open": [
											{
												"type": "item",
												"name": "boi:costume_arrow",
												"weight": 100,
												"functions": [
													{
														"function": "set_count",
														"count": {
															"min": 1,
															"max": 1
														}
													}
												]
											},
											{
												"type": "item",
												"name": "boi:costume_axe_head",
												"weight": 100,
												"functions": [
													{
														"function": "set_count",
														"count": {
															"min": 1,
															"max": 1
														}
													}
												]
											},
											{
												"type": "item",
												"name": "boi:costume_bolts",
												"weight": 100,
												"functions": [
													{
														"function": "set_count",
														"count": {
															"min": 1,
															"max": 1
														}
													}
												]
											},
											{
												"type": "item",
												"name": "boi:costume_demon_wings",
												"weight": 100,
												"functions": [
													{
														"function": "set_count",
														"count": {
															"min": 1,
															"max": 1
														}
													},
													{
														"function": "set_lore",
														"lore": [
															"§fWorn on the chest slot.§r"
														]
													}
												]
											},
											{
												"type": "item",
												"name": "boi:costume_devil_horns",
												"weight": 100,
												"functions": [
													{
														"function": "set_count",
														"count": {
															"min": 1,
															"max": 1
														}
													}
												]
											},
											{
												"type": "item",
												"name": "boi:costume_eyeball",
												"weight": 100,
												"functions": [
													{
														"function": "set_count",
														"count": {
															"min": 1,
															"max": 1
														}
													}
												]
											},
											{
												"type": "item",
												"name": "boi:costume_ghost",
												"weight": 100,
												"functions": [
													{
														"function": "set_count",
														"count": {
															"min": 1,
															"max": 1
														}
													}
												]
											},
											{
												"type": "item",
												"name": "boi:costume_vampire_cape",
												"weight": 100,
												"functions": [
													{
														"function": "set_count",
														"count": {
															"min": 1,
															"max": 1
														}
													},
													{
														"function": "set_lore",
														"lore": [
															"§fWorn on the chest slot.§r"
														]
													}
												]
											},
											{
												"type": "item",
												"name": "boi:costume_werewolf_head",
												"weight": 100,
												"functions": [
													{
														"function": "set_count",
														"count": {
															"min": 1,
															"max": 1
														}
													}
												]
											},
											{
												"type": "item",
												"name": "boi:costume_witch_hat",
												"weight": 100,
												"functions": [
													{
														"function": "set_count",
														"count": {
															"min": 1,
															"max": 1
														}
													}
												]
											}
										],
										"children": [
											{
												"data": "item",
												"key": "type"
											},
											{
												"open": {
													"type": "item",
													"name": "boi:costume_vampire_cape",
													"weight": 100,
													"functions": [
														{
															"function": "set_count",
															"count": {
																"min": 1,
																"max": 1
															}
														},
														{
															"function": "set_lore",
															"lore": [
																"§fWorn on the chest slot.§r"
															]
														}
													]
												},
												"data": "boi:costume_vampire_cape",
												"key": "name"
											},
											{
												"data": "100",
												"key": "weight"
											},
											{
												"open": {
													"type": "item",
													"name": "boi:costume_vampire_cape",
													"weight": 100,
													"functions": [
														{
															"function": "set_count",
															"count": {
																"min": 1,
																"max": 1
															}
														},
														{
															"function": "set_lore",
															"lore": [
																"§fWorn on the chest slot.§r"
															]
														}
													]
												},
												"key": "functions",
												"is_minified": true,
												"children": [
													{
														"function": "set_count",
														"count": {
															"min": 1,
															"max": 1
														}
													},
													{
														"function": "set_lore",
														"lore": [
															"§fWorn on the chest slot.§r"
														]
													}
												]
											}
										]
									},
									{
										"open": [
											{
												"type": "item",
												"name": "boi:costume_arrow",
												"weight": 100,
												"functions": [
													{
														"function": "set_count",
														"count": {
															"min": 1,
															"max": 1
														}
													}
												]
											},
											{
												"type": "item",
												"name": "boi:costume_axe_head",
												"weight": 100,
												"functions": [
													{
														"function": "set_count",
														"count": {
															"min": 1,
															"max": 1
														}
													}
												]
											},
											{
												"type": "item",
												"name": "boi:costume_bolts",
												"weight": 100,
												"functions": [
													{
														"function": "set_count",
														"count": {
															"min": 1,
															"max": 1
														}
													}
												]
											},
											{
												"type": "item",
												"name": "boi:costume_demon_wings",
												"weight": 100,
												"functions": [
													{
														"function": "set_count",
														"count": {
															"min": 1,
															"max": 1
														}
													},
													{
														"function": "set_lore",
														"lore": [
															"§fWorn on the chest slot.§r"
														]
													}
												]
											},
											{
												"type": "item",
												"name": "boi:costume_devil_horns",
												"weight": 100,
												"functions": [
													{
														"function": "set_count",
														"count": {
															"min": 1,
															"max": 1
														}
													}
												]
											},
											{
												"type": "item",
												"name": "boi:costume_eyeball",
												"weight": 100,
												"functions": [
													{
														"function": "set_count",
														"count": {
															"min": 1,
															"max": 1
														}
													}
												]
											},
											{
												"type": "item",
												"name": "boi:costume_ghost",
												"weight": 100,
												"functions": [
													{
														"function": "set_count",
														"count": {
															"min": 1,
															"max": 1
														}
													}
												]
											},
											{
												"type": "item",
												"name": "boi:costume_vampire_cape",
												"weight": 100,
												"functions": [
													{
														"function": "set_count",
														"count": {
															"min": 1,
															"max": 1
														}
													},
													{
														"function": "set_lore",
														"lore": [
															"§fWorn on the chest slot.§r"
														]
													}
												]
											},
											{
												"type": "item",
												"name": "boi:costume_werewolf_head",
												"weight": 100,
												"functions": [
													{
														"function": "set_count",
														"count": {
															"min": 1,
															"max": 1
														}
													}
												]
											},
											{
												"type": "item",
												"name": "boi:costume_witch_hat",
												"weight": 100,
												"functions": [
													{
														"function": "set_count",
														"count": {
															"min": 1,
															"max": 1
														}
													}
												]
											}
										],
										"is_minified": true,
										"children": {
											"type": "item",
											"name": "boi:costume_werewolf_head",
											"weight": 100,
											"functions": [
												{
													"function": "set_count",
													"count": {
														"min": 1,
														"max": 1
													}
												}
											]
										}
									},
									{
										"open": [
											{
												"type": "item",
												"name": "boi:costume_arrow",
												"weight": 100,
												"functions": [
													{
														"function": "set_count",
														"count": {
															"min": 1,
															"max": 1
														}
													}
												]
											},
											{
												"type": "item",
												"name": "boi:costume_axe_head",
												"weight": 100,
												"functions": [
													{
														"function": "set_count",
														"count": {
															"min": 1,
															"max": 1
														}
													}
												]
											},
											{
												"type": "item",
												"name": "boi:costume_bolts",
												"weight": 100,
												"functions": [
													{
														"function": "set_count",
														"count": {
															"min": 1,
															"max": 1
														}
													}
												]
											},
											{
												"type": "item",
												"name": "boi:costume_demon_wings",
												"weight": 100,
												"functions": [
													{
														"function": "set_count",
														"count": {
															"min": 1,
															"max": 1
														}
													},
													{
														"function": "set_lore",
														"lore": [
															"§fWorn on the chest slot.§r"
														]
													}
												]
											},
											{
												"type": "item",
												"name": "boi:costume_devil_horns",
												"weight": 100,
												"functions": [
													{
														"function": "set_count",
														"count": {
															"min": 1,
															"max": 1
														}
													}
												]
											},
											{
												"type": "item",
												"name": "boi:costume_eyeball",
												"weight": 100,
												"functions": [
													{
														"function": "set_count",
														"count": {
															"min": 1,
															"max": 1
														}
													}
												]
											},
											{
												"type": "item",
												"name": "boi:costume_ghost",
												"weight": 100,
												"functions": [
													{
														"function": "set_count",
														"count": {
															"min": 1,
															"max": 1
														}
													}
												]
											},
											{
												"type": "item",
												"name": "boi:costume_vampire_cape",
												"weight": 100,
												"functions": [
													{
														"function": "set_count",
														"count": {
															"min": 1,
															"max": 1
														}
													},
													{
														"function": "set_lore",
														"lore": [
															"§fWorn on the chest slot.§r"
														]
													}
												]
											},
											{
												"type": "item",
												"name": "boi:costume_werewolf_head",
												"weight": 100,
												"functions": [
													{
														"function": "set_count",
														"count": {
															"min": 1,
															"max": 1
														}
													}
												]
											},
											{
												"type": "item",
												"name": "boi:costume_witch_hat",
												"weight": 100,
												"functions": [
													{
														"function": "set_count",
														"count": {
															"min": 1,
															"max": 1
														}
													}
												]
											}
										],
										"is_minified": true,
										"children": {
											"type": "item",
											"name": "boi:costume_witch_hat",
											"weight": 100,
											"functions": [
												{
													"function": "set_count",
													"count": {
														"min": 1,
														"max": 1
													}
												}
											]
										}
									}
								]
							}
						]
					}
				]
			}
		]
	}
}