{
	"file_path": "C:\\Users\\fiddy\\AppData\\Local\\Packages\\Microsoft.MinecraftUWP_8wekyb3d8bbwe\\LocalState\\games\\com.mojang\\development_behavior_packs\\SeasonalDecorBP\\loot_tables\\items\\bag_pet.json",
	"file_type": "loot_table",
	"format_version": 1,
	"file_uuid": "ef03752b_7c2f_4be9_8dc5_ce531fa8bd80",
	"file_version": 24,
	"cache_content": {
		"children": [
			{
				"open": {
					"pools": [
						{
							"rolls": 1,
							"entries": [
								{
									"type": "item",
									"name": "boi:ghost_cat_summon",
									"weight": 100,
									"functions": [
										{
											"function": "set_count",
											"count": {
												"min": 1,
												"max": 1
											}
										}
									]
								},
								{
									"type": "item",
									"name": "boi:ghost_pet_summon",
									"weight": 100,
									"functions": [
										{
											"function": "set_count",
											"count": {
												"min": 1,
												"max": 1
											}
										}
									]
								},
								{
									"type": "item",
									"name": "boi:skeleton_wolf_summon",
									"weight": 100,
									"functions": [
										{
											"function": "set_count",
											"count": {
												"min": 1,
												"max": 1
											}
										}
									]
								},
								{
									"type": "item",
									"name": "boi:pumpkin_pet_summon",
									"weight": 100,
									"functions": [
										{
											"function": "set_count",
											"count": {
												"min": 1,
												"max": 1
											}
										}
									]
								}
							]
						}
					]
				},
				"key": "pools",
				"children": [
					{
						"open": [
							{
								"rolls": 1,
								"entries": [
									{
										"type": "item",
										"name": "boi:ghost_cat_summon",
										"weight": 100,
										"functions": [
											{
												"function": "set_count",
												"count": {
													"min": 1,
													"max": 1
												}
											}
										]
									},
									{
										"type": "item",
										"name": "boi:ghost_pet_summon",
										"weight": 100,
										"functions": [
											{
												"function": "set_count",
												"count": {
													"min": 1,
													"max": 1
												}
											}
										]
									},
									{
										"type": "item",
										"name": "boi:skeleton_wolf_summon",
										"weight": 100,
										"functions": [
											{
												"function": "set_count",
												"count": {
													"min": 1,
													"max": 1
												}
											}
										]
									},
									{
										"type": "item",
										"name": "boi:pumpkin_pet_summon",
										"weight": 100,
										"functions": [
											{
												"function": "set_count",
												"count": {
													"min": 1,
													"max": 1
												}
											}
										]
									}
								]
							}
						],
						"children": [
							{
								"open": {
									"rolls": 1,
									"entries": [
										{
											"type": "item",
											"name": "boi:ghost_cat_summon",
											"weight": 100,
											"functions": [
												{
													"function": "set_count",
													"count": {
														"min": 1,
														"max": 1
													}
												}
											]
										},
										{
											"type": "item",
											"name": "boi:ghost_pet_summon",
											"weight": 100,
											"functions": [
												{
													"function": "set_count",
													"count": {
														"min": 1,
														"max": 1
													}
												}
											]
										},
										{
											"type": "item",
											"name": "boi:skeleton_wolf_summon",
											"weight": 100,
											"functions": [
												{
													"function": "set_count",
													"count": {
														"min": 1,
														"max": 1
													}
												}
											]
										},
										{
											"type": "item",
											"name": "boi:pumpkin_pet_summon",
											"weight": 100,
											"functions": [
												{
													"function": "set_count",
													"count": {
														"min": 1,
														"max": 1
													}
												}
											]
										}
									]
								},
								"data": "1",
								"key": "rolls"
							},
							{
								"open": {
									"rolls": 1,
									"entries": [
										{
											"type": "item",
											"name": "boi:ghost_cat_summon",
											"weight": 100,
											"functions": [
												{
													"function": "set_count",
													"count": {
														"min": 1,
														"max": 1
													}
												}
											]
										},
										{
											"type": "item",
											"name": "boi:ghost_pet_summon",
											"weight": 100,
											"functions": [
												{
													"function": "set_count",
													"count": {
														"min": 1,
														"max": 1
													}
												}
											]
										},
										{
											"type": "item",
											"name": "boi:skeleton_wolf_summon",
											"weight": 100,
											"functions": [
												{
													"function": "set_count",
													"count": {
														"min": 1,
														"max": 1
													}
												}
											]
										},
										{
											"type": "item",
											"name": "boi:pumpkin_pet_summon",
											"weight": 100,
											"functions": [
												{
													"function": "set_count",
													"count": {
														"min": 1,
														"max": 1
													}
												}
											]
										}
									]
								},
								"key": "entries",
								"children": [
									{
										"open": [
											{
												"type": "item",
												"name": "boi:ghost_cat_summon",
												"weight": 100,
												"functions": [
													{
														"function": "set_count",
														"count": {
															"min": 1,
															"max": 1
														}
													}
												]
											},
											{
												"type": "item",
												"name": "boi:ghost_pet_summon",
												"weight": 100,
												"functions": [
													{
														"function": "set_count",
														"count": {
															"min": 1,
															"max": 1
														}
													}
												]
											},
											{
												"type": "item",
												"name": "boi:skeleton_wolf_summon",
												"weight": 100,
												"functions": [
													{
														"function": "set_count",
														"count": {
															"min": 1,
															"max": 1
														}
													}
												]
											},
											{
												"type": "item",
												"name": "boi:pumpkin_pet_summon",
												"weight": 100,
												"functions": [
													{
														"function": "set_count",
														"count": {
															"min": 1,
															"max": 1
														}
													}
												]
											}
										],
										"children": [
											{
												"data": "item",
												"key": "type"
											},
											{
												"data": "boi:ghost_cat_summon",
												"key": "name"
											},
											{
												"data": "100",
												"key": "weight"
											},
											{
												"key": "functions",
												"children": [
													{
														"open": [
															{
																"function": "set_count",
																"count": {
																	"min": 1,
																	"max": 1
																}
															}
														],
														"children": [
															{
																"data": "set_count",
																"key": "function"
															},
															{
																"open": {
																	"function": "set_count",
																	"count": {
																		"min": 1,
																		"max": 1
																	}
																},
																"key": "count",
																"is_minified": true,
																"children": {
																	"min": 1,
																	"max": 1
																}
															}
														]
													}
												]
											}
										]
									},
									{
										"open": [
											{
												"type": "item",
												"name": "boi:ghost_cat_summon",
												"weight": 100,
												"functions": [
													{
														"function": "set_count",
														"count": {
															"min": 1,
															"max": 1
														}
													}
												]
											},
											{
												"type": "item",
												"name": "boi:ghost_pet_summon",
												"weight": 100,
												"functions": [
													{
														"function": "set_count",
														"count": {
															"min": 1,
															"max": 1
														}
													}
												]
											},
											{
												"type": "item",
												"name": "boi:skeleton_wolf_summon",
												"weight": 100,
												"functions": [
													{
														"function": "set_count",
														"count": {
															"min": 1,
															"max": 1
														}
													}
												]
											},
											{
												"type": "item",
												"name": "boi:pumpkin_pet_summon",
												"weight": 100,
												"functions": [
													{
														"function": "set_count",
														"count": {
															"min": 1,
															"max": 1
														}
													}
												]
											}
										],
										"is_minified": true,
										"children": {
											"type": "item",
											"name": "boi:ghost_pet_summon",
											"weight": 100,
											"functions": [
												{
													"function": "set_count",
													"count": {
														"min": 1,
														"max": 1
													}
												}
											]
										}
									},
									{
										"open": [
											{
												"type": "item",
												"name": "boi:ghost_cat_summon",
												"weight": 100,
												"functions": [
													{
														"function": "set_count",
														"count": {
															"min": 1,
															"max": 1
														}
													}
												]
											},
											{
												"type": "item",
												"name": "boi:ghost_pet_summon",
												"weight": 100,
												"functions": [
													{
														"function": "set_count",
														"count": {
															"min": 1,
															"max": 1
														}
													}
												]
											},
											{
												"type": "item",
												"name": "boi:skeleton_wolf_summon",
												"weight": 100,
												"functions": [
													{
														"function": "set_count",
														"count": {
															"min": 1,
															"max": 1
														}
													}
												]
											},
											{
												"type": "item",
												"name": "boi:pumpkin_pet_summon",
												"weight": 100,
												"functions": [
													{
														"function": "set_count",
														"count": {
															"min": 1,
															"max": 1
														}
													}
												]
											}
										],
										"is_minified": true,
										"children": {
											"type": "item",
											"name": "boi:skeleton_wolf_summon",
											"weight": 100,
											"functions": [
												{
													"function": "set_count",
													"count": {
														"min": 1,
														"max": 1
													}
												}
											]
										}
									},
									{
										"open": [
											{
												"type": "item",
												"name": "boi:ghost_cat_summon",
												"weight": 100,
												"functions": [
													{
														"function": "set_count",
														"count": {
															"min": 1,
															"max": 1
														}
													}
												]
											},
											{
												"type": "item",
												"name": "boi:ghost_pet_summon",
												"weight": 100,
												"functions": [
													{
														"function": "set_count",
														"count": {
															"min": 1,
															"max": 1
														}
													}
												]
											},
											{
												"type": "item",
												"name": "boi:skeleton_wolf_summon",
												"weight": 100,
												"functions": [
													{
														"function": "set_count",
														"count": {
															"min": 1,
															"max": 1
														}
													}
												]
											},
											{
												"type": "item",
												"name": "boi:pumpkin_pet_summon",
												"weight": 100,
												"functions": [
													{
														"function": "set_count",
														"count": {
															"min": 1,
															"max": 1
														}
													}
												]
											}
										],
										"is_minified": true,
										"children": {
											"type": "item",
											"name": "boi:pumpkin_pet_summon",
											"weight": 100,
											"functions": [
												{
													"function": "set_count",
													"count": {
														"min": 1,
														"max": 1
													}
												}
											]
										}
									}
								]
							}
						]
					}
				]
			}
		]
	}
}