{
	"file_path": "C:\\Users\\fiddy\\AppData\\Local\\Packages\\Microsoft.MinecraftUWP_8wekyb3d8bbwe\\LocalState\\games\\com.mojang\\development_behavior_packs\\H_DecorB\\loot_tables\\items\\bag_halloween.json",
	"file_type": "loot_table",
	"format_version": 1,
	"file_uuid": "74070e3e_79e8_4d70_9000_870160abdf61",
	"file_version": 33,
	"cache_content": {
		"children": [
			{
				"open": {
					"pools": [
						{
							"rolls": 16,
							"entries": [
								{
									"type": "item",
									"name": "boi:web_layer",
									"weight": 13,
									"functions": [
										{
											"function": "set_count",
											"count": {
												"min": 1,
												"max": 4
											}
										}
									]
								}
							]
						},
						{
							"rolls": 8,
							"entries": [
								{
									"type": "item",
									"name": "boi:lantern_ghost",
									"weight": 13,
									"functions": [
										{
											"function": "set_count",
											"count": {
												"min": 1,
												"max": 2
											}
										}
									]
								},
								{
									"type": "item",
									"name": "boi:lantern_pumpkin",
									"weight": 13,
									"functions": [
										{
											"function": "set_count",
											"count": {
												"min": 1,
												"max": 2
											}
										}
									]
								}
							]
						},
						{
							"rolls": 16,
							"entries": [
								{
									"type": "item",
									"name": "boi:brain_jar",
									"weight": 10,
									"functions": [
										{
											"function": "set_count",
											"count": {
												"min": 1,
												"max": 1
											}
										}
									]
								},
								{
									"type": "item",
									"name": "boi:candelabra",
									"weight": 10,
									"functions": [
										{
											"function": "set_count",
											"count": {
												"min": 1,
												"max": 2
											}
										}
									]
								},
								{
									"type": "item",
									"name": "boi:coffin",
									"weight": 10,
									"functions": [
										{
											"function": "set_count",
											"count": {
												"min": 1,
												"max": 1
											}
										}
									]
								},
								{
									"type": "item",
									"name": "boi:decoration_skeleton",
									"weight": 10,
									"functions": [
										{
											"function": "set_count",
											"count": {
												"min": 1,
												"max": 2
											}
										}
									]
								},
								{
									"type": "item",
									"name": "boi:disguised_zombie",
									"weight": 10,
									"functions": [
										{
											"function": "set_count",
											"count": {
												"min": 1,
												"max": 1
											}
										}
									]
								},
								{
									"type": "item",
									"name": "boi:eye_jar",
									"weight": 10,
									"functions": [
										{
											"function": "set_count",
											"count": {
												"min": 1,
												"max": 1
											}
										}
									]
								},
								{
									"type": "item",
									"name": "boi:decoration_ghost",
									"weight": 10,
									"functions": [
										{
											"function": "set_count",
											"count": {
												"min": 1,
												"max": 2
											}
										}
									]
								},
								{
									"type": "item",
									"name": "boi:pillory",
									"weight": 10,
									"functions": [
										{
											"function": "set_count",
											"count": {
												"min": 1,
												"max": 1
											}
										}
									]
								},
								{
									"type": "item",
									"name": "boi:tesla_coil",
									"weight": 10,
									"functions": [
										{
											"function": "set_count",
											"count": {
												"min": 1,
												"max": 1
											}
										}
									]
								},
								{
									"type": "item",
									"name": "boi:tombstone_square",
									"weight": 10,
									"functions": [
										{
											"function": "set_count",
											"count": {
												"min": 1,
												"max": 6
											}
										}
									]
								},
								{
									"type": "item",
									"name": "boi:valve",
									"weight": 10,
									"functions": [
										{
											"function": "set_count",
											"count": {
												"min": 1,
												"max": 3
											}
										}
									]
								},
								{
									"type": "item",
									"name": "boi:effect_block_eyes",
									"weight": 10,
									"functions": [
										{
											"function": "set_count",
											"count": {
												"min": 1,
												"max": 1
											}
										}
									]
								},
								{
									"type": "item",
									"name": "boi:effect_block_fog",
									"weight": 10,
									"functions": [
										{
											"function": "set_count",
											"count": {
												"min": 1,
												"max": 1
											}
										}
									]
								},
								{
									"type": "item",
									"name": "boi:sound_block_ambient_crickets",
									"weight": 10,
									"functions": [
										{
											"function": "set_count",
											"count": {
												"min": 2,
												"max": 3
											}
										}
									]
								},
								{
									"type": "item",
									"name": "boi:sound_block_cave_sounds",
									"weight": 10,
									"functions": [
										{
											"function": "set_count",
											"count": {
												"min": 1,
												"max": 3
											}
										}
									]
								},
								{
									"type": "item",
									"name": "boi:sound_block_outside_scary",
									"weight": 10,
									"functions": [
										{
											"function": "set_count",
											"count": {
												"min": 1,
												"max": 3
											}
										}
									]
								}
							]
						}
					]
				},
				"key": "pools",
				"children": [
					{
						"children": [
							{
								"data": "16",
								"key": "rolls"
							},
							{
								"key": "entries",
								"children": [
									{
										"children": [
											{
												"data": "item",
												"key": "type"
											},
											{
												"data": "boi:web_layer",
												"key": "name"
											},
											{
												"data": "13",
												"key": "weight"
											},
											{
												"key": "functions",
												"children": [
													{
														"open": [
															{
																"function": "set_count",
																"count": {
																	"min": 1,
																	"max": 4
																}
															}
														],
														"children": [
															{
																"data": "set_count",
																"key": "function"
															},
															{
																"open": {
																	"function": "set_count",
																	"count": {
																		"min": 1,
																		"max": 4
																	}
																},
																"key": "count",
																"is_minified": true,
																"children": {
																	"min": 1,
																	"max": 4
																}
															}
														]
													}
												]
											}
										]
									}
								]
							}
						]
					},
					{
						"children": [
							{
								"open": {
									"rolls": 8,
									"entries": [
										{
											"type": "item",
											"name": "boi:lantern_ghost",
											"weight": 13,
											"functions": [
												{
													"function": "set_count",
													"count": {
														"min": 1,
														"max": 2
													}
												}
											]
										},
										{
											"type": "item",
											"name": "boi:lantern_pumpkin",
											"weight": 13,
											"functions": [
												{
													"function": "set_count",
													"count": {
														"min": 1,
														"max": 2
													}
												}
											]
										}
									]
								},
								"data": "8",
								"key": "rolls"
							},
							{
								"open": {
									"rolls": 8,
									"entries": [
										{
											"type": "item",
											"name": "boi:lantern_ghost",
											"weight": 13,
											"functions": [
												{
													"function": "set_count",
													"count": {
														"min": 1,
														"max": 2
													}
												}
											]
										},
										{
											"type": "item",
											"name": "boi:lantern_pumpkin",
											"weight": 13,
											"functions": [
												{
													"function": "set_count",
													"count": {
														"min": 1,
														"max": 2
													}
												}
											]
										}
									]
								},
								"key": "entries",
								"is_minified": true,
								"children": [
									{
										"type": "item",
										"name": "boi:lantern_ghost",
										"weight": 13,
										"functions": [
											{
												"function": "set_count",
												"count": {
													"min": 1,
													"max": 2
												}
											}
										]
									},
									{
										"type": "item",
										"name": "boi:lantern_pumpkin",
										"weight": 13,
										"functions": [
											{
												"function": "set_count",
												"count": {
													"min": 1,
													"max": 2
												}
											}
										]
									}
								]
							}
						]
					},
					{
						"open": [
							{
								"rolls": 16,
								"entries": [
									{
										"type": "item",
										"name": "boi:web_layer",
										"weight": 13,
										"functions": [
											{
												"function": "set_count",
												"count": {
													"min": 1,
													"max": 4
												}
											}
										]
									}
								]
							},
							{
								"rolls": 8,
								"entries": [
									{
										"type": "item",
										"name": "boi:lantern_ghost",
										"weight": 13,
										"functions": [
											{
												"function": "set_count",
												"count": {
													"min": 1,
													"max": 2
												}
											}
										]
									},
									{
										"type": "item",
										"name": "boi:lantern_pumpkin",
										"weight": 13,
										"functions": [
											{
												"function": "set_count",
												"count": {
													"min": 1,
													"max": 2
												}
											}
										]
									}
								]
							},
							{
								"rolls": 16,
								"entries": [
									{
										"type": "item",
										"name": "boi:brain_jar",
										"weight": 10,
										"functions": [
											{
												"function": "set_count",
												"count": {
													"min": 1,
													"max": 1
												}
											}
										]
									},
									{
										"type": "item",
										"name": "boi:candelabra",
										"weight": 10,
										"functions": [
											{
												"function": "set_count",
												"count": {
													"min": 1,
													"max": 2
												}
											}
										]
									},
									{
										"type": "item",
										"name": "boi:coffin",
										"weight": 10,
										"functions": [
											{
												"function": "set_count",
												"count": {
													"min": 1,
													"max": 1
												}
											}
										]
									},
									{
										"type": "item",
										"name": "boi:decoration_skeleton",
										"weight": 10,
										"functions": [
											{
												"function": "set_count",
												"count": {
													"min": 1,
													"max": 2
												}
											}
										]
									},
									{
										"type": "item",
										"name": "boi:disguised_zombie",
										"weight": 10,
										"functions": [
											{
												"function": "set_count",
												"count": {
													"min": 1,
													"max": 1
												}
											}
										]
									},
									{
										"type": "item",
										"name": "boi:eye_jar",
										"weight": 10,
										"functions": [
											{
												"function": "set_count",
												"count": {
													"min": 1,
													"max": 1
												}
											}
										]
									},
									{
										"type": "item",
										"name": "boi:decoration_ghost",
										"weight": 10,
										"functions": [
											{
												"function": "set_count",
												"count": {
													"min": 1,
													"max": 2
												}
											}
										]
									},
									{
										"type": "item",
										"name": "boi:pillory",
										"weight": 10,
										"functions": [
											{
												"function": "set_count",
												"count": {
													"min": 1,
													"max": 1
												}
											}
										]
									},
									{
										"type": "item",
										"name": "boi:tesla_coil",
										"weight": 10,
										"functions": [
											{
												"function": "set_count",
												"count": {
													"min": 1,
													"max": 1
												}
											}
										]
									},
									{
										"type": "item",
										"name": "boi:tombstone_square",
										"weight": 10,
										"functions": [
											{
												"function": "set_count",
												"count": {
													"min": 1,
													"max": 6
												}
											}
										]
									},
									{
										"type": "item",
										"name": "boi:valve",
										"weight": 10,
										"functions": [
											{
												"function": "set_count",
												"count": {
													"min": 1,
													"max": 3
												}
											}
										]
									},
									{
										"type": "item",
										"name": "boi:effect_block_eyes",
										"weight": 10,
										"functions": [
											{
												"function": "set_count",
												"count": {
													"min": 1,
													"max": 1
												}
											}
										]
									},
									{
										"type": "item",
										"name": "boi:effect_block_fog",
										"weight": 10,
										"functions": [
											{
												"function": "set_count",
												"count": {
													"min": 1,
													"max": 1
												}
											}
										]
									},
									{
										"type": "item",
										"name": "boi:sound_block_ambient_crickets",
										"weight": 10,
										"functions": [
											{
												"function": "set_count",
												"count": {
													"min": 2,
													"max": 3
												}
											}
										]
									},
									{
										"type": "item",
										"name": "boi:sound_block_cave_sounds",
										"weight": 10,
										"functions": [
											{
												"function": "set_count",
												"count": {
													"min": 1,
													"max": 3
												}
											}
										]
									},
									{
										"type": "item",
										"name": "boi:sound_block_outside_scary",
										"weight": 10,
										"functions": [
											{
												"function": "set_count",
												"count": {
													"min": 1,
													"max": 3
												}
											}
										]
									}
								]
							}
						],
						"children": [
							{
								"open": {
									"rolls": 16,
									"entries": [
										{
											"type": "item",
											"name": "boi:brain_jar",
											"weight": 10,
											"functions": [
												{
													"function": "set_count",
													"count": {
														"min": 1,
														"max": 1
													}
												}
											]
										},
										{
											"type": "item",
											"name": "boi:candelabra",
											"weight": 10,
											"functions": [
												{
													"function": "set_count",
													"count": {
														"min": 1,
														"max": 2
													}
												}
											]
										},
										{
											"type": "item",
											"name": "boi:coffin",
											"weight": 10,
											"functions": [
												{
													"function": "set_count",
													"count": {
														"min": 1,
														"max": 1
													}
												}
											]
										},
										{
											"type": "item",
											"name": "boi:decoration_skeleton",
											"weight": 10,
											"functions": [
												{
													"function": "set_count",
													"count": {
														"min": 1,
														"max": 2
													}
												}
											]
										},
										{
											"type": "item",
											"name": "boi:disguised_zombie",
											"weight": 10,
											"functions": [
												{
													"function": "set_count",
													"count": {
														"min": 1,
														"max": 1
													}
												}
											]
										},
										{
											"type": "item",
											"name": "boi:eye_jar",
											"weight": 10,
											"functions": [
												{
													"function": "set_count",
													"count": {
														"min": 1,
														"max": 1
													}
												}
											]
										},
										{
											"type": "item",
											"name": "boi:decoration_ghost",
											"weight": 10,
											"functions": [
												{
													"function": "set_count",
													"count": {
														"min": 1,
														"max": 2
													}
												}
											]
										},
										{
											"type": "item",
											"name": "boi:pillory",
											"weight": 10,
											"functions": [
												{
													"function": "set_count",
													"count": {
														"min": 1,
														"max": 1
													}
												}
											]
										},
										{
											"type": "item",
											"name": "boi:tesla_coil",
											"weight": 10,
											"functions": [
												{
													"function": "set_count",
													"count": {
														"min": 1,
														"max": 1
													}
												}
											]
										},
										{
											"type": "item",
											"name": "boi:tombstone_square",
											"weight": 10,
											"functions": [
												{
													"function": "set_count",
													"count": {
														"min": 1,
														"max": 6
													}
												}
											]
										},
										{
											"type": "item",
											"name": "boi:valve",
											"weight": 10,
											"functions": [
												{
													"function": "set_count",
													"count": {
														"min": 1,
														"max": 3
													}
												}
											]
										},
										{
											"type": "item",
											"name": "boi:effect_block_eyes",
											"weight": 10,
											"functions": [
												{
													"function": "set_count",
													"count": {
														"min": 1,
														"max": 1
													}
												}
											]
										},
										{
											"type": "item",
											"name": "boi:effect_block_fog",
											"weight": 10,
											"functions": [
												{
													"function": "set_count",
													"count": {
														"min": 1,
														"max": 1
													}
												}
											]
										},
										{
											"type": "item",
											"name": "boi:sound_block_ambient_crickets",
											"weight": 10,
											"functions": [
												{
													"function": "set_count",
													"count": {
														"min": 2,
														"max": 3
													}
												}
											]
										},
										{
											"type": "item",
											"name": "boi:sound_block_cave_sounds",
											"weight": 10,
											"functions": [
												{
													"function": "set_count",
													"count": {
														"min": 1,
														"max": 3
													}
												}
											]
										},
										{
											"type": "item",
											"name": "boi:sound_block_outside_scary",
											"weight": 10,
											"functions": [
												{
													"function": "set_count",
													"count": {
														"min": 1,
														"max": 3
													}
												}
											]
										}
									]
								},
								"data": "16",
								"key": "rolls"
							},
							{
								"open": {
									"rolls": 16,
									"entries": [
										{
											"type": "item",
											"name": "boi:brain_jar",
											"weight": 10,
											"functions": [
												{
													"function": "set_count",
													"count": {
														"min": 1,
														"max": 1
													}
												}
											]
										},
										{
											"type": "item",
											"name": "boi:candelabra",
											"weight": 10,
											"functions": [
												{
													"function": "set_count",
													"count": {
														"min": 1,
														"max": 2
													}
												}
											]
										},
										{
											"type": "item",
											"name": "boi:coffin",
											"weight": 10,
											"functions": [
												{
													"function": "set_count",
													"count": {
														"min": 1,
														"max": 1
													}
												}
											]
										},
										{
											"type": "item",
											"name": "boi:decoration_skeleton",
											"weight": 10,
											"functions": [
												{
													"function": "set_count",
													"count": {
														"min": 1,
														"max": 2
													}
												}
											]
										},
										{
											"type": "item",
											"name": "boi:disguised_zombie",
											"weight": 10,
											"functions": [
												{
													"function": "set_count",
													"count": {
														"min": 1,
														"max": 1
													}
												}
											]
										},
										{
											"type": "item",
											"name": "boi:eye_jar",
											"weight": 10,
											"functions": [
												{
													"function": "set_count",
													"count": {
														"min": 1,
														"max": 1
													}
												}
											]
										},
										{
											"type": "item",
											"name": "boi:decoration_ghost",
											"weight": 10,
											"functions": [
												{
													"function": "set_count",
													"count": {
														"min": 1,
														"max": 2
													}
												}
											]
										},
										{
											"type": "item",
											"name": "boi:pillory",
											"weight": 10,
											"functions": [
												{
													"function": "set_count",
													"count": {
														"min": 1,
														"max": 1
													}
												}
											]
										},
										{
											"type": "item",
											"name": "boi:tesla_coil",
											"weight": 10,
											"functions": [
												{
													"function": "set_count",
													"count": {
														"min": 1,
														"max": 1
													}
												}
											]
										},
										{
											"type": "item",
											"name": "boi:tombstone_square",
											"weight": 10,
											"functions": [
												{
													"function": "set_count",
													"count": {
														"min": 1,
														"max": 6
													}
												}
											]
										},
										{
											"type": "item",
											"name": "boi:valve",
											"weight": 10,
											"functions": [
												{
													"function": "set_count",
													"count": {
														"min": 1,
														"max": 3
													}
												}
											]
										},
										{
											"type": "item",
											"name": "boi:effect_block_eyes",
											"weight": 10,
											"functions": [
												{
													"function": "set_count",
													"count": {
														"min": 1,
														"max": 1
													}
												}
											]
										},
										{
											"type": "item",
											"name": "boi:effect_block_fog",
											"weight": 10,
											"functions": [
												{
													"function": "set_count",
													"count": {
														"min": 1,
														"max": 1
													}
												}
											]
										},
										{
											"type": "item",
											"name": "boi:sound_block_ambient_crickets",
											"weight": 10,
											"functions": [
												{
													"function": "set_count",
													"count": {
														"min": 2,
														"max": 3
													}
												}
											]
										},
										{
											"type": "item",
											"name": "boi:sound_block_cave_sounds",
											"weight": 10,
											"functions": [
												{
													"function": "set_count",
													"count": {
														"min": 1,
														"max": 3
													}
												}
											]
										},
										{
											"type": "item",
											"name": "boi:sound_block_outside_scary",
											"weight": 10,
											"functions": [
												{
													"function": "set_count",
													"count": {
														"min": 1,
														"max": 3
													}
												}
											]
										}
									]
								},
								"key": "entries",
								"children": [
									{
										"children": [
											{
												"data": "item",
												"key": "type"
											},
											{
												"open": {
													"type": "item",
													"name": "boi:brain_jar",
													"weight": 10,
													"functions": [
														{
															"function": "set_count",
															"count": {
																"min": 1,
																"max": 1
															}
														}
													]
												},
												"data": "boi:brain_jar",
												"key": "name"
											},
											{
												"open": {
													"type": "item",
													"name": "boi:brain_jar",
													"weight": 10,
													"functions": [
														{
															"function": "set_count",
															"count": {
																"min": 1,
																"max": 1
															}
														}
													]
												},
												"data": "10",
												"key": "weight"
											},
											{
												"open": {
													"type": "item",
													"name": "boi:brain_jar",
													"weight": 10,
													"functions": [
														{
															"function": "set_count",
															"count": {
																"min": 1,
																"max": 1
															}
														}
													]
												},
												"key": "functions",
												"children": [
													{
														"open": [
															{
																"function": "set_count",
																"count": {
																	"min": 1,
																	"max": 1
																}
															}
														],
														"children": [
															{
																"data": "set_count",
																"key": "function"
															},
															{
																"open": {
																	"function": "set_count",
																	"count": {
																		"min": 1,
																		"max": 1
																	}
																},
																"key": "count",
																"is_minified": true,
																"children": {
																	"min": 1,
																	"max": 1
																}
															}
														]
													}
												]
											}
										]
									},
									{
										"children": [
											{
												"data": "item",
												"key": "type"
											},
											{
												"data": "boi:candelabra",
												"key": "name"
											},
											{
												"data": "10",
												"key": "weight"
											},
											{
												"key": "functions",
												"children": [
													{
														"open": [
															{
																"function": "set_count",
																"count": {
																	"min": 1,
																	"max": 2
																}
															}
														],
														"children": [
															{
																"open": {
																	"function": "set_count",
																	"count": {
																		"min": 1,
																		"max": 2
																	}
																},
																"data": "set_count",
																"key": "function"
															},
															{
																"open": {
																	"function": "set_count",
																	"count": {
																		"min": 1,
																		"max": 2
																	}
																},
																"key": "count",
																"is_minified": true,
																"children": {
																	"min": 1,
																	"max": 2
																}
															}
														]
													}
												]
											}
										]
									},
									{
										"is_minified": true,
										"children": {
											"type": "item",
											"name": "boi:coffin",
											"weight": 10,
											"functions": [
												{
													"function": "set_count",
													"count": {
														"min": 1,
														"max": 1
													}
												}
											]
										}
									},
									{
										"children": [
											{
												"data": "item",
												"key": "type"
											},
											{
												"data": "boi:decoration_skeleton",
												"key": "name"
											},
											{
												"data": "10",
												"key": "weight"
											},
											{
												"open": {
													"type": "item",
													"name": "boi:decoration_skeleton",
													"weight": 10,
													"functions": [
														{
															"function": "set_count",
															"count": {
																"min": 1,
																"max": 2
															}
														}
													]
												},
												"key": "functions",
												"children": [
													{
														"open": [
															{
																"function": "set_count",
																"count": {
																	"min": 1,
																	"max": 2
																}
															}
														],
														"children": [
															{
																"data": "set_count",
																"key": "function"
															},
															{
																"open": {
																	"function": "set_count",
																	"count": {
																		"min": 1,
																		"max": 2
																	}
																},
																"key": "count",
																"is_minified": true,
																"children": {
																	"min": 1,
																	"max": 2
																}
															}
														]
													}
												]
											}
										]
									},
									{
										"is_minified": true,
										"children": {
											"type": "item",
											"name": "boi:disguised_zombie",
											"weight": 10,
											"functions": [
												{
													"function": "set_count",
													"count": {
														"min": 1,
														"max": 1
													}
												}
											]
										}
									},
									{
										"is_minified": true,
										"children": {
											"type": "item",
											"name": "boi:eye_jar",
											"weight": 10,
											"functions": [
												{
													"function": "set_count",
													"count": {
														"min": 1,
														"max": 1
													}
												}
											]
										}
									},
									{
										"children": [
											{
												"data": "item",
												"key": "type"
											},
											{
												"open": {
													"type": "item",
													"name": "boi:decoration_ghost",
													"weight": 10,
													"functions": [
														{
															"function": "set_count",
															"count": {
																"min": 1,
																"max": 2
															}
														}
													]
												},
												"data": "boi:decoration_ghost",
												"key": "name"
											},
											{
												"data": "10",
												"key": "weight"
											},
											{
												"key": "functions",
												"children": [
													{
														"open": [
															{
																"function": "set_count",
																"count": {
																	"min": 1,
																	"max": 2
																}
															}
														],
														"children": [
															{
																"data": "set_count",
																"key": "function"
															},
															{
																"open": {
																	"function": "set_count",
																	"count": {
																		"min": 1,
																		"max": 2
																	}
																},
																"key": "count",
																"is_minified": true,
																"children": {
																	"min": 1,
																	"max": 2
																}
															}
														]
													}
												]
											}
										]
									},
									{
										"is_minified": true,
										"children": {
											"type": "item",
											"name": "boi:pillory",
											"weight": 10,
											"functions": [
												{
													"function": "set_count",
													"count": {
														"min": 1,
														"max": 1
													}
												}
											]
										}
									},
									{
										"is_minified": true,
										"children": {
											"type": "item",
											"name": "boi:tesla_coil",
											"weight": 10,
											"functions": [
												{
													"function": "set_count",
													"count": {
														"min": 1,
														"max": 1
													}
												}
											]
										}
									},
									{
										"children": [
											{
												"data": "item",
												"key": "type"
											},
											{
												"data": "boi:tombstone_square",
												"key": "name"
											},
											{
												"data": "10",
												"key": "weight"
											},
											{
												"open": {
													"type": "item",
													"name": "boi:tombstone_square",
													"weight": 10,
													"functions": [
														{
															"function": "set_count",
															"count": {
																"min": 1,
																"max": 6
															}
														}
													]
												},
												"key": "functions",
												"children": [
													{
														"open": [
															{
																"function": "set_count",
																"count": {
																	"min": 1,
																	"max": 6
																}
															}
														],
														"children": [
															{
																"data": "set_count",
																"key": "function"
															},
															{
																"open": {
																	"function": "set_count",
																	"count": {
																		"min": 1,
																		"max": 6
																	}
																},
																"key": "count",
																"is_minified": true,
																"children": {
																	"min": 1,
																	"max": 6
																}
															}
														]
													}
												]
											}
										]
									},
									{
										"children": [
											{
												"data": "item",
												"key": "type"
											},
											{
												"data": "boi:valve",
												"key": "name"
											},
											{
												"data": "10",
												"key": "weight"
											},
											{
												"open": {
													"type": "item",
													"name": "boi:valve",
													"weight": 10,
													"functions": [
														{
															"function": "set_count",
															"count": {
																"min": 1,
																"max": 3
															}
														}
													]
												},
												"key": "functions",
												"children": [
													{
														"open": [
															{
																"function": "set_count",
																"count": {
																	"min": 1,
																	"max": 3
																}
															}
														],
														"children": [
															{
																"data": "set_count",
																"key": "function"
															},
															{
																"open": {
																	"function": "set_count",
																	"count": {
																		"min": 1,
																		"max": 3
																	}
																},
																"key": "count",
																"is_minified": true,
																"children": {
																	"min": 1,
																	"max": 3
																}
															}
														]
													}
												]
											}
										]
									},
									{
										"is_minified": true,
										"children": {
											"type": "item",
											"name": "boi:effect_block_eyes",
											"weight": 10,
											"functions": [
												{
													"function": "set_count",
													"count": {
														"min": 1,
														"max": 1
													}
												}
											]
										}
									},
									{
										"is_minified": true,
										"children": {
											"type": "item",
											"name": "boi:effect_block_fog",
											"weight": 10,
											"functions": [
												{
													"function": "set_count",
													"count": {
														"min": 1,
														"max": 1
													}
												}
											]
										}
									},
									{
										"open": [
											{
												"type": "item",
												"name": "boi:brain_jar",
												"weight": 10,
												"functions": [
													{
														"function": "set_count",
														"count": {
															"min": 1,
															"max": 1
														}
													}
												]
											},
											{
												"type": "item",
												"name": "boi:candelabra",
												"weight": 10,
												"functions": [
													{
														"function": "set_count",
														"count": {
															"min": 1,
															"max": 2
														}
													}
												]
											},
											{
												"type": "item",
												"name": "boi:coffin",
												"weight": 10,
												"functions": [
													{
														"function": "set_count",
														"count": {
															"min": 1,
															"max": 1
														}
													}
												]
											},
											{
												"type": "item",
												"name": "boi:decoration_skeleton",
												"weight": 10,
												"functions": [
													{
														"function": "set_count",
														"count": {
															"min": 1,
															"max": 2
														}
													}
												]
											},
											{
												"type": "item",
												"name": "boi:disguised_zombie",
												"weight": 10,
												"functions": [
													{
														"function": "set_count",
														"count": {
															"min": 1,
															"max": 1
														}
													}
												]
											},
											{
												"type": "item",
												"name": "boi:eye_jar",
												"weight": 10,
												"functions": [
													{
														"function": "set_count",
														"count": {
															"min": 1,
															"max": 1
														}
													}
												]
											},
											{
												"type": "item",
												"name": "boi:decoration_ghost",
												"weight": 10,
												"functions": [
													{
														"function": "set_count",
														"count": {
															"min": 1,
															"max": 2
														}
													}
												]
											},
											{
												"type": "item",
												"name": "boi:pillory",
												"weight": 10,
												"functions": [
													{
														"function": "set_count",
														"count": {
															"min": 1,
															"max": 1
														}
													}
												]
											},
											{
												"type": "item",
												"name": "boi:tesla_coil",
												"weight": 10,
												"functions": [
													{
														"function": "set_count",
														"count": {
															"min": 1,
															"max": 1
														}
													}
												]
											},
											{
												"type": "item",
												"name": "boi:tombstone_square",
												"weight": 10,
												"functions": [
													{
														"function": "set_count",
														"count": {
															"min": 1,
															"max": 6
														}
													}
												]
											},
											{
												"type": "item",
												"name": "boi:valve",
												"weight": 10,
												"functions": [
													{
														"function": "set_count",
														"count": {
															"min": 1,
															"max": 3
														}
													}
												]
											},
											{
												"type": "item",
												"name": "boi:effect_block_eyes",
												"weight": 10,
												"functions": [
													{
														"function": "set_count",
														"count": {
															"min": 1,
															"max": 1
														}
													}
												]
											},
											{
												"type": "item",
												"name": "boi:effect_block_fog",
												"weight": 10,
												"functions": [
													{
														"function": "set_count",
														"count": {
															"min": 1,
															"max": 1
														}
													}
												]
											},
											{
												"type": "item",
												"name": "boi:sound_block_ambient_crickets",
												"weight": 10,
												"functions": [
													{
														"function": "set_count",
														"count": {
															"min": 2,
															"max": 3
														}
													}
												]
											},
											{
												"type": "item",
												"name": "boi:sound_block_cave_sounds",
												"weight": 10,
												"functions": [
													{
														"function": "set_count",
														"count": {
															"min": 1,
															"max": 3
														}
													}
												]
											},
											{
												"type": "item",
												"name": "boi:sound_block_outside_scary",
												"weight": 10,
												"functions": [
													{
														"function": "set_count",
														"count": {
															"min": 1,
															"max": 3
														}
													}
												]
											}
										],
										"children": [
											{
												"data": "item",
												"key": "type"
											},
											{
												"data": "boi:sound_block_ambient_crickets",
												"key": "name"
											},
											{
												"data": "10",
												"key": "weight"
											},
											{
												"open": {
													"type": "item",
													"name": "boi:sound_block_ambient_crickets",
													"weight": 10,
													"functions": [
														{
															"function": "set_count",
															"count": {
																"min": 2,
																"max": 3
															}
														}
													]
												},
												"key": "functions",
												"children": [
													{
														"open": [
															{
																"function": "set_count",
																"count": {
																	"min": 2,
																	"max": 3
																}
															}
														],
														"children": [
															{
																"open": {
																	"function": "set_count",
																	"count": {
																		"min": 2,
																		"max": 3
																	}
																},
																"data": "set_count",
																"key": "function"
															},
															{
																"open": {
																	"function": "set_count",
																	"count": {
																		"min": 2,
																		"max": 3
																	}
																},
																"key": "count",
																"is_minified": true,
																"children": {
																	"min": 2,
																	"max": 3
																}
															}
														]
													}
												]
											}
										]
									},
									{
										"children": [
											{
												"data": "item",
												"key": "type"
											},
											{
												"open": {
													"type": "item",
													"name": "boi:sound_block_cave_sounds",
													"weight": 10,
													"functions": [
														{
															"function": "set_count",
															"count": {
																"min": 1,
																"max": 3
															}
														}
													]
												},
												"data": "boi:sound_block_cave_sounds",
												"key": "name"
											},
											{
												"data": "10",
												"key": "weight"
											},
											{
												"open": {
													"type": "item",
													"name": "boi:sound_block_cave_sounds",
													"weight": 10,
													"functions": [
														{
															"function": "set_count",
															"count": {
																"min": 1,
																"max": 3
															}
														}
													]
												},
												"key": "functions",
												"children": [
													{
														"open": [
															{
																"function": "set_count",
																"count": {
																	"min": 1,
																	"max": 3
																}
															}
														],
														"children": [
															{
																"open": {
																	"function": "set_count",
																	"count": {
																		"min": 1,
																		"max": 3
																	}
																},
																"data": "set_count",
																"key": "function"
															},
															{
																"open": {
																	"function": "set_count",
																	"count": {
																		"min": 1,
																		"max": 3
																	}
																},
																"key": "count",
																"is_minified": true,
																"children": {
																	"min": 1,
																	"max": 3
																}
															}
														]
													}
												]
											}
										]
									},
									{
										"children": [
											{
												"data": "item",
												"key": "type"
											},
											{
												"data": "boi:sound_block_outside_scary",
												"key": "name"
											},
											{
												"data": "10",
												"key": "weight"
											},
											{
												"open": {
													"type": "item",
													"name": "boi:sound_block_outside_scary",
													"weight": 10,
													"functions": [
														{
															"function": "set_count",
															"count": {
																"min": 1,
																"max": 3
															}
														}
													]
												},
												"key": "functions",
												"children": [
													{
														"open": [
															{
																"function": "set_count",
																"count": {
																	"min": 1,
																	"max": 3
																}
															}
														],
														"children": [
															{
																"open": {
																	"function": "set_count",
																	"count": {
																		"min": 1,
																		"max": 3
																	}
																},
																"data": "set_count",
																"key": "function"
															},
															{
																"open": {
																	"function": "set_count",
																	"count": {
																		"min": 1,
																		"max": 3
																	}
																},
																"key": "count",
																"is_minified": true,
																"children": {
																	"min": 1,
																	"max": 3
																}
															}
														]
													}
												]
											}
										]
									}
								]
							}
						]
					}
				]
			}
		]
	}
}