{
	"format_version": "1.12.0",
	"minecraft:geometry": [
		{
			"description": {
				"identifier": "geometry.ft_boxy_boo",
				"texture_width": 256,
				"texture_height": 256,
				"visible_bounds_width": 5,
				"visible_bounds_height": 7.5,
				"visible_bounds_offset": [0, 3.25, 0]
			},
			"bones": [
				{
					"name": "BoxyDoo",
					"pivot": [0, 13, 0]
				},
				{
					"name": "LeftLeg",
					"parent": "BoxyDoo",
					"pivot": [6, 29, 0],
					"cubes": [
						{"origin": [5, 21, -2], "size": [4, 9, 4], "uv": [68, 38]}
					]
				},
				{
					"name": "LeftLeg2",
					"parent": "LeftLeg",
					"pivot": [6, 20, 0],
					"cubes": [
						{"origin": [5, 12, -2], "size": [4, 9, 4], "uv": [68, 38]}
					]
				},
				{
					"name": "LeftLeg3",
					"parent": "LeftLeg2",
					"pivot": [6, 11, 0],
					"cubes": [
						{"origin": [5, 3, -2], "size": [4, 9, 4], "uv": [68, 38]}
					]
				},
				{
					"name": "LeftFoot",
					"parent": "LeftLeg3",
					"pivot": [7, 3, 0],
					"cubes": [
						{"origin": [3, 0, -6], "size": [8, 3, 9], "uv": [71, 104]},
						{"origin": [3, 0, -7], "size": [2, 2, 2], "pivot": [4.5, 1.5, -7], "rotation": [30, 0, 0], "uv": [126, 112]},
						{"origin": [9, 0, -7], "size": [2, 2, 2], "pivot": [4.5, 1.5, -7], "rotation": [30, 0, 0], "uv": [104, 126]},
						{"origin": [6, 0, -7], "size": [2, 2, 2], "pivot": [4.5, 1.5, -7], "rotation": [30, 0, 0], "uv": [126, 88]},
						{"origin": [6, 0, -8], "size": [2, 2, 2], "inflate": -0.2, "pivot": [4.5, 1.5, -7], "rotation": [30, 0, 0], "uv": [126, 84]},
						{"origin": [3, 0, -8], "size": [2, 2, 2], "inflate": -0.2, "pivot": [4.5, 1.5, -7], "rotation": [30, 0, 0], "uv": [126, 72]},
						{"origin": [9, 0, -8], "size": [2, 2, 2], "inflate": -0.2, "pivot": [4.5, 1.5, -7], "rotation": [30, 0, 0], "uv": [118, 125]},
						{"origin": [6, 0, -9.4], "size": [2, 2, 2], "inflate": -0.4, "pivot": [4.5, 1.5, -7], "rotation": [30, 0, 0], "uv": [125, 104]},
						{"origin": [3, 0, -9.4], "size": [2, 2, 2], "inflate": -0.4, "pivot": [4.5, 1.5, -7], "rotation": [30, 0, 0], "uv": [96, 125]},
						{"origin": [9, 0, -9.4], "size": [2, 2, 2], "inflate": -0.4, "pivot": [4.5, 1.5, -7], "rotation": [30, 0, 0], "uv": [88, 125]}
					]
				},
				{
					"name": "RightLeg",
					"parent": "BoxyDoo",
					"pivot": [-6, 29, 0],
					"cubes": [
						{"origin": [-9, 21, -2], "size": [4, 9, 4], "uv": [32, 112]}
					]
				},
				{
					"name": "RightLeg2",
					"parent": "RightLeg",
					"pivot": [-6, 20, 0],
					"cubes": [
						{"origin": [-9, 12, -2], "size": [4, 9, 4], "uv": [32, 112]}
					]
				},
				{
					"name": "RightLeg3",
					"parent": "RightLeg2",
					"pivot": [-6, 11, 0],
					"cubes": [
						{"origin": [-9, 3, -2], "size": [4, 9, 4], "uv": [32, 112]}
					]
				},
				{
					"name": "RightFoot",
					"parent": "RightLeg3",
					"pivot": [-7, 3, 0],
					"cubes": [
						{"origin": [-11, 0, -6], "size": [8, 3, 9], "uv": [102, 60]},
						{"origin": [-11, 0, -7], "size": [2, 2, 2], "pivot": [-9.5, 1.5, -7], "rotation": [30, 0, 0], "uv": [80, 125]},
						{"origin": [-5, 0, -7], "size": [2, 2, 2], "pivot": [-9.5, 1.5, -7], "rotation": [30, 0, 0], "uv": [56, 125]},
						{"origin": [-8, 0, -7], "size": [2, 2, 2], "pivot": [-9.5, 1.5, -7], "rotation": [30, 0, 0], "uv": [48, 125]},
						{"origin": [-8, 0, -8], "size": [2, 2, 2], "inflate": -0.2, "pivot": [-9.5, 1.5, -7], "rotation": [30, 0, 0], "uv": [40, 125]},
						{"origin": [-11, 0, -8], "size": [2, 2, 2], "inflate": -0.2, "pivot": [-9.5, 1.5, -7], "rotation": [30, 0, 0], "uv": [32, 125]},
						{"origin": [-5, 0, -8], "size": [2, 2, 2], "inflate": -0.2, "pivot": [-9.5, 1.5, -7], "rotation": [30, 0, 0], "uv": [24, 125]},
						{"origin": [-8, 0, -9.4], "size": [2, 2, 2], "inflate": -0.4, "pivot": [-9.5, 1.5, -7], "rotation": [30, 0, 0], "uv": [16, 125]},
						{"origin": [-11, 0, -9.4], "size": [2, 2, 2], "inflate": -0.4, "pivot": [-9.5, 1.5, -7], "rotation": [30, 0, 0], "uv": [8, 125]},
						{"origin": [-5, 0, -9.4], "size": [2, 2, 2], "inflate": -0.4, "pivot": [-9.5, 1.5, -7], "rotation": [30, 0, 0], "uv": [0, 125]}
					]
				},
				{
					"name": "Body",
					"parent": "BoxyDoo",
					"pivot": [9, 29, 0],
					"cubes": [
						{"origin": [-10, 30, -9], "size": [20, 20, 20], "uv": [0, 72]},
						{"origin": [7, 33, -9], "size": [5, 2, 20], "pivot": [10, 31, 0], "rotation": [0, 0, 30], "uv": [98, 24]},
						{"origin": [14, 43, -9], "size": [5, 2, 20], "pivot": [10, 31, 0], "rotation": [0, 0, -20], "uv": [68, 38]},
						{"origin": [-12, 33, -9], "size": [5, 2, 20], "pivot": [-10, 31, 0], "rotation": [0, 0, -30], "uv": [80, 82]},
						{"origin": [-19, 43, -9], "size": [5, 2, 20], "pivot": [-10, 31, 0], "rotation": [0, 0, 20], "uv": [72, 60]}
					]
				},
				{
					"name": "RightArm",
					"parent": "Body",
					"pivot": [-9, 44, 1],
					"rotation": [0, 0, 30],
					"cubes": [
						{"origin": [-11, 36, -1], "size": [4, 9, 4], "uv": [32, 112]}
					]
				},
				{
					"name": "RightArm2",
					"parent": "RightArm",
					"pivot": [-9, 36, 1],
					"rotation": [0, 0, -20],
					"cubes": [
						{"origin": [-11, 28, -1], "size": [4, 9, 4], "uv": [32, 112]}
					]
				},
				{
					"name": "RightArm3",
					"parent": "RightArm2",
					"pivot": [-9, 27, 1],
					"cubes": [
						{"origin": [-11, 19, -1], "size": [4, 9, 4], "uv": [32, 112]}
					]
				},
				{
					"name": "RightHand",
					"parent": "RightArm3",
					"pivot": [-9, 17, 1],
					"rotation": [180, 0, 180],
					"cubes": [
						{"origin": [-11, 14, -2], "size": [5, 5, 6], "uv": [0, 0]},
						{"origin": [-8, 11, -1.5], "size": [2, 3, 2], "uv": [112, 117]},
						{"origin": [-8, 10, -1.5], "size": [2, 2, 2], "inflate": -0.2, "uv": [44, 112]},
						{"origin": [-8, 10, 1.5], "size": [2, 2, 2], "inflate": -0.2, "uv": [28, 112]},
						{"origin": [-8, 9, -1.5], "size": [2, 2, 2], "inflate": -0.4, "uv": [12, 112]},
						{"origin": [-8, 9, 1.5], "size": [2, 2, 2], "inflate": -0.4, "uv": [96, 109]},
						{"origin": [-8, 8, -1.5], "size": [2, 2, 2], "inflate": -0.6, "uv": [104, 40]},
						{"origin": [-8, 8, 1.5], "size": [2, 2, 2], "inflate": -0.6, "uv": [102, 65]},
						{"origin": [-10.5, 12, -4], "size": [2, 3, 2], "pivot": [-10.5, 13, -1], "rotation": [-50, 0, 0], "uv": [104, 117]},
						{"origin": [-10.5, 11, -4], "size": [2, 2, 2], "inflate": -0.2, "pivot": [-10.5, 13, -1], "rotation": [-50, 0, 0], "uv": [92, 82]},
						{"origin": [-10.5, 10, -4], "size": [2, 2, 2], "inflate": -0.4, "pivot": [-10.5, 13, -1], "rotation": [-50, 0, 0], "uv": [76, 82]},
						{"origin": [-10.5, 9, -4], "size": [2, 2, 2], "inflate": -0.6, "pivot": [-10.5, 13, -1], "rotation": [-50, 0, 0], "uv": [80, 38]},
						{"origin": [-10.5, 11, 4], "size": [2, 2, 2], "inflate": -0.2, "pivot": [-10.5, 13, 3], "rotation": [50, 0, 0], "uv": [80, 0]},
						{"origin": [-10.5, 10, 4], "size": [2, 2, 2], "inflate": -0.4, "pivot": [-10.5, 13, 3], "rotation": [50, 0, 0], "uv": [12, 72]},
						{"origin": [-10.5, 9, 4], "size": [2, 2, 2], "inflate": -0.6, "pivot": [-10.5, 13, 3], "rotation": [50, 0, 0], "uv": [16, 58]},
						{"origin": [-10.5, 12, 4], "size": [2, 3, 2], "pivot": [-10.5, 13, 3], "rotation": [50, 0, 0], "uv": [96, 116]},
						{"origin": [-8, 11, 1.5], "size": [2, 3, 2], "uv": [88, 116]}
					]
				},
				{
					"name": "LeftArm",
					"parent": "Body",
					"pivot": [9, 44, 1],
					"rotation": [0, 0, -30],
					"cubes": [
						{"origin": [7, 36, -1], "size": [4, 9, 4], "uv": [68, 38]}
					]
				},
				{
					"name": "LeftArm2",
					"parent": "LeftArm",
					"pivot": [9, 36, 1],
					"rotation": [0, 0, 20],
					"cubes": [
						{"origin": [7, 28, -1], "size": [4, 9, 4], "uv": [68, 38]}
					]
				},
				{
					"name": "LeftArm3",
					"parent": "LeftArm2",
					"pivot": [9, 27, 1],
					"cubes": [
						{"origin": [7, 19, -1], "size": [4, 9, 4], "uv": [68, 38]}
					]
				},
				{
					"name": "Lefthand",
					"parent": "LeftArm3",
					"pivot": [9, 17, 1],
					"cubes": [
						{"origin": [7, 14, -2], "size": [5, 5, 6], "uv": [0, 11]},
						{"origin": [10, 11, -1.5], "size": [2, 3, 2], "uv": [118, 120]},
						{"origin": [10, 10, -1.5], "size": [2, 2, 2], "inflate": -0.2, "uv": [124, 98]},
						{"origin": [10, 10, 1.5], "size": [2, 2, 2], "inflate": -0.2, "uv": [104, 122]},
						{"origin": [10, 9, -1.5], "size": [2, 2, 2], "inflate": -0.4, "uv": [124, 93]},
						{"origin": [10, 9, 1.5], "size": [2, 2, 2], "inflate": -0.4, "uv": [122, 80]},
						{"origin": [10, 8, -1.5], "size": [2, 2, 2], "inflate": -0.6, "uv": [112, 123]},
						{"origin": [10, 8, 1.5], "size": [2, 2, 2], "inflate": -0.6, "uv": [121, 108]},
						{"origin": [7.5, 12, -4], "size": [2, 3, 2], "pivot": [7.5, 13, -1], "rotation": [-50, 0, 0], "uv": [120, 115]},
						{"origin": [7.5, 11, -4], "size": [2, 2, 2], "inflate": -0.2, "pivot": [7.5, 13, -1], "rotation": [-50, 0, 0], "uv": [96, 121]},
						{"origin": [7.5, 10, -4], "size": [2, 2, 2], "inflate": -0.4, "pivot": [7.5, 13, -1], "rotation": [-50, 0, 0], "uv": [88, 121]},
						{"origin": [7.5, 9, -4], "size": [2, 2, 2], "inflate": -0.6, "pivot": [7.5, 13, -1], "rotation": [-50, 0, 0], "uv": [80, 121]},
						{"origin": [7.5, 11, 4], "size": [2, 2, 2], "inflate": -0.2, "pivot": [7.5, 13, 3], "rotation": [50, 0, 0], "uv": [124, 123]},
						{"origin": [7.5, 10, 4], "size": [2, 2, 2], "inflate": -0.4, "pivot": [7.5, 13, 3], "rotation": [50, 0, 0], "uv": [117, 104]},
						{"origin": [7.5, 9, 4], "size": [2, 2, 2], "inflate": -0.6, "pivot": [7.5, 13, 3], "rotation": [50, 0, 0], "uv": [60, 112]},
						{"origin": [7.5, 12, 4], "size": [2, 3, 2], "pivot": [7.5, 13, 3], "rotation": [50, 0, 0], "uv": [118, 95]},
						{"origin": [10, 11, 1.5], "size": [2, 3, 2], "uv": [120, 75]}
					]
				},
				{
					"name": "Neck",
					"parent": "Body",
					"pivot": [0, 49, 1]
				},
				{
					"name": "Neck2",
					"parent": "Neck",
					"pivot": [0, 58, 1],
					"cubes": [
						{"origin": [-2, 58, -1], "size": [4, 9, 4], "uv": [68, 38]},
						{"origin": [-2, 49, -1], "size": [4, 9, 4], "uv": [68, 38]}
					]
				},
				{
					"name": "Neck3",
					"parent": "Neck2",
					"pivot": [-2, 67, 7]
				},
				{
					"name": "Head",
					"parent": "Neck3",
					"pivot": [-2, 68, 5],
					"rotation": [5, 0, 0],
					"cubes": [
						{"origin": [-10, 75, 6], "size": [20, 6, 6], "uv": [98, 46]}
					]
				},
				{
					"name": "Head2",
					"parent": "Head",
					"pivot": [0, 75, 6],
					"rotation": [5, 0, 0],
					"cubes": [
						{"origin": [-11, 67, -14], "size": [22, 10, 24], "uv": [0, 38]},
						{"origin": [-7, 77, -11], "size": [14, 1, 21], "uv": [75, 2]},
						{"origin": [-7, 77, -13], "size": [2, 3, 2], "uv": [8, 85]},
						{"origin": [-3, 77, -13], "size": [2, 3, 2], "uv": [0, 85]},
						{"origin": [1, 77, -13], "size": [2, 3, 2], "uv": [80, 72]},
						{"origin": [5, 77, -13], "size": [2, 3, 2], "uv": [76, 51]},
						{"origin": [7, 77, -11], "size": [2, 3, 2], "uv": [74, 75]},
						{"origin": [-9, 77, -11], "size": [2, 3, 2], "uv": [16, 43]},
						{"origin": [-9, 77, -7], "size": [2, 3, 2], "uv": [16, 38]},
						{"origin": [-9, 76, -3], "size": [2, 3, 2], "uv": [16, 11]},
						{"origin": [-9, 76, 1], "size": [2, 3, 2], "uv": [16, 0]},
						{"origin": [7, 77, -7], "size": [2, 3, 2], "uv": [68, 72]},
						{"origin": [7, 76, -3], "size": [2, 3, 2], "uv": [60, 72]},
						{"origin": [7, 76, 1], "size": [2, 3, 2], "uv": [68, 51]}
					]
				},
				{
					"name": "Head3",
					"parent": "Head",
					"pivot": [0, 80, 6],
					"rotation": [-12.5, 0, 0],
					"cubes": [
						{"origin": [-11, 79, -14], "size": [22, 14, 24], "uv": [0, 0]},
						{"origin": [-10, 82, -15], "size": [8, 8, 1], "uv": [68, 13]},
						{"origin": [2, 82, -15], "size": [8, 8, 1], "uv": [0, 51]},
						{"origin": [7, 76, -5], "size": [2, 3, 2], "uv": [80, 116]},
						{"origin": [7, 77, -1], "size": [2, 3, 2], "uv": [114, 72]},
						{"origin": [7, 78, 3], "size": [2, 3, 2], "uv": [102, 72]},
						{"origin": [7, 76, -9], "size": [2, 3, 2], "uv": [110, 95]},
						{"origin": [-9, 76, -9], "size": [2, 3, 2], "uv": [102, 60]},
						{"origin": [-9, 76, -5], "size": [2, 3, 2], "uv": [98, 37]},
						{"origin": [-9, 77, -1], "size": [2, 3, 2], "uv": [88, 95]},
						{"origin": [-9, 78, 3], "size": [2, 3, 2], "uv": [80, 95]},
						{"origin": [7, 76, -13], "size": [2, 3, 2], "uv": [108, 75]},
						{"origin": [3, 76, -13], "size": [2, 3, 2], "uv": [108, 29]},
						{"origin": [-1, 76, -13], "size": [2, 3, 2], "uv": [96, 104]},
						{"origin": [-5, 76, -13], "size": [2, 3, 2], "uv": [108, 24]},
						{"origin": [-9, 76, -13], "size": [2, 3, 2], "uv": [106, 35]}
					]
				},
				{
					"name": "bone",
					"parent": "Body",
					"pivot": [0, 48, 11],
					"rotation": [-130, 0, 0],
					"cubes": [
						{"origin": [-9, 47, 10], "size": [19, 20, 2], "uv": [131, 0]}
					]
				},
				{
					"name": "bone2",
					"parent": "Body",
					"pivot": [-10, 48.5, 1.5],
					"cubes": [
						{"origin": [-21, 47, 0], "size": [12, 2, 3], "uv": [180, 0]},
						{"origin": [-21, 44, 0], "size": [2, 3, 3], "uv": [180, 0]},
						{"origin": [-31, 42, 0], "size": [12, 2, 3], "uv": [180, 0]},
						{"origin": [-32, 41, -1], "size": [11, 5, 5], "uv": [182, 20]}
					]
				}
			]
		}
	]
}