{
	"format_version": "1.12.0",
	"minecraft:geometry": [
		{
			"description": {
				"identifier": "geometry.2d_held",
				"texture_width": 64,
				"texture_height": 64,
				"visible_bounds_width": 3,
				"visible_bounds_height": 2,
				"visible_bounds_offset": [0, 1, 0]
			},
			"bones": [
				{
					"name": "Grass",
					"pivot": [0, 0, 0],
					"rotation": [-163.26366, 42.406, -155.96792],
					"cubes": [
						{"origin": [0, 0, -11], "size": [0, 16, 22], "uv": [1, 18]}
					]
				}
			]
		}
	]
}