{
	"format_version": "1.12.0",
	"minecraft:geometry": [
		{
			"description": {
				"identifier": "geometry.boi_christmas.tree",
				"texture_width": 64,
				"texture_height": 64,
				"visible_bounds_width": 3,
				"visible_bounds_height": 3.5,
				"visible_bounds_offset": [0, 1.25, 0]
			},
			"bones": [
				{
					"name": "block",
					"pivot": [0, 0, 0],
					"rotation": [0, 180, 0],
					"cubes": [
						{
							"origin": [-4, 0, -4],
							"size": [8, 3, 8],
							"uv": {
								"north": {"uv": [6, 32], "uv_size": [8, 3]},
								"east": {"uv": [6, 32], "uv_size": [8, 3]},
								"south": {"uv": [6, 32], "uv_size": [8, 3]},
								"west": {"uv": [6, 32], "uv_size": [8, 3]},
								"up": {"uv": [30, 40], "uv_size": [-8, -8]},
								"down": {"uv": [22, 40], "uv_size": [-8, -8]}
							}
						},
						{
							"origin": [-1, 3, -1],
							"size": [2, 13, 2],
							"uv": {
								"north": {"uv": [21, 19], "uv_size": [2, 13]},
								"east": {"uv": [21, 19], "uv_size": [2, 13]},
								"south": {"uv": [21, 19], "uv_size": [2, 13]},
								"west": {"uv": [21, 19], "uv_size": [2, 13]},
								"up": {"uv": [64, 64], "uv_size": [0, 0]},
								"down": {"uv": [4, 4], "uv_size": [-4, -4]}
							}
						}
					]
				},
				{
					"name": "block2",
					"parent": "block",
					"pivot": [0, 0, 0],
					"rotation": [0, -45, 0],
					"cubes": [
						{
							"origin": [0, 3, -9.25],
							"size": [0, 8, 18.5],
							"uv": {
								"north": {"uv": [0, 0], "uv_size": [4, 4]},
								"east": {"uv": [0, 21], "uv_size": [20, 11]},
								"south": {"uv": [0, 0], "uv_size": [4, 4]},
								"west": {"uv": [64, 64], "uv_size": [0, 0]},
								"up": {"uv": [4, 4], "uv_size": [-4, -4]},
								"down": {"uv": [4, 4], "uv_size": [-4, -4]}
							}
						},
						{
							"origin": [0, 11, -7.25],
							"size": [0, 5, 14.5],
							"uv": {
								"north": {"uv": [0, 0], "uv_size": [4, 4]},
								"east": {"uv": [2, 16], "uv_size": [16, 5]},
								"south": {"uv": [0, 0], "uv_size": [4, 4]},
								"west": {"uv": [64, 64], "uv_size": [0, 0]},
								"up": {"uv": [4, 4], "uv_size": [-4, -4]},
								"down": {"uv": [4, 4], "uv_size": [-4, -4]}
							}
						},
						{
							"origin": [0, 14, -10],
							"size": [0, 16, 20],
							"uv": {
								"north": {"uv": [60, 60], "uv_size": [4, 4]},
								"east": {"uv": [0, 0], "uv_size": [20, 16]},
								"south": {"uv": [60, 60], "uv_size": [4, 4]},
								"west": {"uv": [64, 64], "uv_size": [0, 0]},
								"up": {"uv": [64, 64], "uv_size": [-4, -4]},
								"down": {"uv": [64, 64], "uv_size": [-4, -4]}
							}
						},
						{
							"origin": [-0.25, 17, -6],
							"size": [0, 4, 12],
							"uv": {
								"north": {"uv": [60, 60], "uv_size": [4, 4]},
								"east": {"uv": [20, 11], "uv_size": [12, 4]},
								"south": {"uv": [60, 60], "uv_size": [4, 4]},
								"west": {"uv": [64, 64], "uv_size": [0, 0]},
								"up": {"uv": [64, 64], "uv_size": [-4, -4]},
								"down": {"uv": [64, 64], "uv_size": [-4, -4]}
							}
						},
						{
							"origin": [0.25, 18, -6],
							"size": [0, 4, 12],
							"uv": {
								"north": {"uv": [60, 60], "uv_size": [4, 4]},
								"east": {"uv": [20, 11], "uv_size": [12, 4]},
								"south": {"uv": [60, 60], "uv_size": [4, 4]},
								"west": {"uv": [64, 64], "uv_size": [0, 0]},
								"up": {"uv": [64, 64], "uv_size": [-4, -4]},
								"down": {"uv": [64, 64], "uv_size": [-4, -4]}
							}
						},
						{
							"origin": [0.25, 24, -3.5],
							"size": [0, 2, 8],
							"uv": {
								"north": {"uv": [60, 60], "uv_size": [4, 4]},
								"east": {"uv": [22, 13], "uv_size": [8, 2]},
								"south": {"uv": [60, 60], "uv_size": [4, 4]},
								"west": {"uv": [64, 64], "uv_size": [0, 0]},
								"up": {"uv": [64, 64], "uv_size": [-4, -4]},
								"down": {"uv": [64, 64], "uv_size": [-4, -4]}
							}
						},
						{
							"origin": [-0.25, 24, -3.5],
							"size": [0, 2, 8],
							"uv": {
								"north": {"uv": [60, 60], "uv_size": [4, 4]},
								"east": {"uv": [22, 13], "uv_size": [8, 2]},
								"south": {"uv": [60, 60], "uv_size": [4, 4]},
								"west": {"uv": [64, 64], "uv_size": [0, 0]},
								"up": {"uv": [64, 64], "uv_size": [-4, -4]},
								"down": {"uv": [64, 64], "uv_size": [-4, -4]}
							}
						},
						{
							"origin": [0.25, 9, -8],
							"size": [0, 4, 7],
							"uv": {
								"north": {"uv": [60, 60], "uv_size": [4, 4]},
								"east": {"uv": [25, 11], "uv_size": [7, 4]},
								"south": {"uv": [60, 60], "uv_size": [4, 4]},
								"west": {"uv": [64, 64], "uv_size": [0, 0]},
								"up": {"uv": [64, 64], "uv_size": [-4, -4]},
								"down": {"uv": [64, 64], "uv_size": [-4, -4]}
							}
						},
						{
							"origin": [0.25, 10, 1],
							"size": [0, 4, 7],
							"uv": {
								"north": {"uv": [60, 60], "uv_size": [4, 4]},
								"east": {"uv": [20, 11], "uv_size": [7, 4]},
								"south": {"uv": [60, 60], "uv_size": [4, 4]},
								"west": {"uv": [64, 64], "uv_size": [0, 0]},
								"up": {"uv": [64, 64], "uv_size": [-4, -4]},
								"down": {"uv": [64, 64], "uv_size": [-4, -4]}
							}
						},
						{
							"origin": [-0.25, 7, -7],
							"size": [0, 4, 7],
							"uv": {
								"north": {"uv": [60, 60], "uv_size": [4, 4]},
								"east": {"uv": [25, 11], "uv_size": [7, 4]},
								"south": {"uv": [60, 60], "uv_size": [4, 4]},
								"west": {"uv": [64, 64], "uv_size": [0, 0]},
								"up": {"uv": [64, 64], "uv_size": [-4, -4]},
								"down": {"uv": [64, 64], "uv_size": [-4, -4]}
							}
						},
						{
							"origin": [-0.25, 7, 0],
							"size": [0, 4, 7],
							"uv": {
								"north": {"uv": [60, 60], "uv_size": [4, 4]},
								"east": {"uv": [20, 11], "uv_size": [7, 4]},
								"south": {"uv": [60, 60], "uv_size": [4, 4]},
								"west": {"uv": [64, 64], "uv_size": [0, 0]},
								"up": {"uv": [64, 64], "uv_size": [-4, -4]},
								"down": {"uv": [64, 64], "uv_size": [-4, -4]}
							}
						},
						{
							"origin": [-9.25, 3, 0],
							"size": [18.5, 8, 0],
							"uv": {
								"north": {"uv": [0, 21], "uv_size": [20, 11]},
								"east": {"uv": [60, 60], "uv_size": [4, 4]},
								"south": {"uv": [64, 64], "uv_size": [0, 0]},
								"west": {"uv": [60, 60], "uv_size": [4, 4]},
								"up": {"uv": [64, 64], "uv_size": [-4, -4]},
								"down": {"uv": [64, 64], "uv_size": [-4, -4]}
							}
						},
						{
							"origin": [-7.25, 11, 0],
							"size": [14.5, 5, 0],
							"uv": {
								"north": {"uv": [2, 16], "uv_size": [16, 5]},
								"east": {"uv": [60, 60], "uv_size": [4, 4]},
								"south": {"uv": [64, 64], "uv_size": [0, 0]},
								"west": {"uv": [60, 60], "uv_size": [4, 4]},
								"up": {"uv": [64, 64], "uv_size": [-4, -4]},
								"down": {"uv": [64, 64], "uv_size": [-4, -4]}
							}
						},
						{
							"origin": [-10, 14, 0],
							"size": [20, 16, 0],
							"uv": {
								"north": {"uv": [0, 0], "uv_size": [20, 16]},
								"east": {"uv": [60, 60], "uv_size": [4, 4]},
								"south": {"uv": [60, 60], "uv_size": [4, 4]},
								"west": {"uv": [60, 60], "uv_size": [4, 4]},
								"up": {"uv": [64, 64], "uv_size": [0, 0]},
								"down": {"uv": [64, 60], "uv_size": [0, 1]}
							}
						},
						{
							"origin": [-6, 16, -0.25],
							"size": [12, 4, 0],
							"uv": {
								"north": {"uv": [32, 11], "uv_size": [-12, 4]},
								"east": {"uv": [60, 60], "uv_size": [4, 4]},
								"south": {"uv": [60, 60], "uv_size": [4, 4]},
								"west": {"uv": [60, 60], "uv_size": [4, 4]},
								"up": {"uv": [64, 64], "uv_size": [0, 0]},
								"down": {"uv": [64, 60], "uv_size": [0, 1]}
							}
						},
						{
							"origin": [-8, 9, -0.25],
							"size": [7, 4, 0],
							"uv": {
								"north": {"uv": [32, 11], "uv_size": [-7, 4]},
								"east": {"uv": [60, 60], "uv_size": [4, 4]},
								"south": {"uv": [60, 60], "uv_size": [4, 4]},
								"west": {"uv": [60, 60], "uv_size": [4, 4]},
								"up": {"uv": [64, 64], "uv_size": [0, 0]},
								"down": {"uv": [64, 60], "uv_size": [0, 1]}
							}
						},
						{
							"origin": [1, 9, -0.25],
							"size": [7, 4, 0],
							"uv": {
								"north": {"uv": [27, 11], "uv_size": [-7, 4]},
								"east": {"uv": [60, 60], "uv_size": [4, 4]},
								"south": {"uv": [60, 60], "uv_size": [4, 4]},
								"west": {"uv": [60, 60], "uv_size": [4, 4]},
								"up": {"uv": [64, 64], "uv_size": [0, 0]},
								"down": {"uv": [64, 60], "uv_size": [0, 1]}
							}
						},
						{
							"origin": [1, 6, 0.25],
							"size": [7, 4, 0],
							"uv": {
								"north": {"uv": [27, 11], "uv_size": [-7, 4]},
								"east": {"uv": [60, 60], "uv_size": [4, 4]},
								"south": {"uv": [60, 60], "uv_size": [4, 4]},
								"west": {"uv": [60, 60], "uv_size": [4, 4]},
								"up": {"uv": [64, 64], "uv_size": [0, 0]},
								"down": {"uv": [64, 60], "uv_size": [0, 1]}
							}
						},
						{
							"origin": [-7, 7, 0.25],
							"size": [7, 4, 0],
							"uv": {
								"north": {"uv": [32, 11], "uv_size": [-7, 4]},
								"east": {"uv": [60, 60], "uv_size": [4, 4]},
								"south": {"uv": [60, 60], "uv_size": [4, 4]},
								"west": {"uv": [60, 60], "uv_size": [4, 4]},
								"up": {"uv": [64, 64], "uv_size": [0, 0]},
								"down": {"uv": [64, 60], "uv_size": [0, 1]}
							}
						},
						{
							"origin": [-6, 18, 0.25],
							"size": [12, 4, 0],
							"uv": {
								"north": {"uv": [32, 11], "uv_size": [-12, 4]},
								"east": {"uv": [60, 60], "uv_size": [4, 4]},
								"south": {"uv": [60, 60], "uv_size": [4, 4]},
								"west": {"uv": [60, 60], "uv_size": [4, 4]},
								"up": {"uv": [64, 64], "uv_size": [0, 0]},
								"down": {"uv": [64, 60], "uv_size": [0, 1]}
							}
						},
						{
							"origin": [-3, 24, 0.25],
							"size": [7, 2, 0],
							"uv": {
								"north": {"uv": [29, 13], "uv_size": [-7, 2]},
								"east": {"uv": [60, 60], "uv_size": [4, 4]},
								"south": {"uv": [60, 60], "uv_size": [4, 4]},
								"west": {"uv": [60, 60], "uv_size": [4, 4]},
								"up": {"uv": [64, 64], "uv_size": [0, 0]},
								"down": {"uv": [64, 60], "uv_size": [0, 1]}
							}
						},
						{
							"origin": [-3, 25, -0.25],
							"size": [7, 2, 0],
							"uv": {
								"north": {"uv": [29, 13], "uv_size": [-7, 2]},
								"east": {"uv": [60, 60], "uv_size": [4, 4]},
								"south": {"uv": [60, 60], "uv_size": [4, 4]},
								"west": {"uv": [60, 60], "uv_size": [4, 4]},
								"up": {"uv": [64, 64], "uv_size": [0, 0]},
								"down": {"uv": [64, 60], "uv_size": [0, 1]}
							}
						}
					]
				},
				{
					"name": "Star",
					"parent": "block2",
					"pivot": [-4, 19, 0]
				}
			]
		}
	]
}