{
	"format_version": "1.12.0",
	"minecraft:geometry": [
		{
			"description": {
				"identifier": "geometry.coffin",
				"texture_width": 128,
				"texture_height": 128,
				"visible_bounds_width": 4,
				"visible_bounds_height": 5,
				"visible_bounds_offset": [0, 0.5, 0]
			},
			"bones": [
				{
					"name": "waist",
					"pivot": [0, 12, 0],
					"cubes": [
						{
							"origin": [-8, 0, -16],
							"size": [2, 9, 6],
							"uv": {
								"north": {"uv": [8, 6], "uv_size": [-2, 9]},
								"east": {"uv": [14, 6], "uv_size": [-6, 9]},
								"south": {"uv": [16, 6], "uv_size": [-2, 9]},
								"west": {"uv": [6, 6], "uv_size": [-6, 9]},
								"up": {"uv": [8, 0], "uv_size": [-2, 6]},
								"down": {"uv": [10, 6], "uv_size": [-2, -6]}
							}
						},
						{
							"origin": [-6, 0, -20],
							"size": [2, 9, 20],
							"uv": {
								"north": {"uv": [69, 20], "uv_size": [-2, 9]},
								"east": {"uv": [89, 20], "uv_size": [-20, 9]},
								"south": {"uv": [91, 20], "uv_size": [-2, 9]},
								"west": {"uv": [67, 20], "uv_size": [-20, 9]},
								"up": {"uv": [69, 20], "uv_size": [-2, -20]},
								"down": {"uv": [71, 20], "uv_size": [-2, -20]}
							}
						},
						{
							"origin": [-4, 0, -22],
							"size": [8, 9, 30],
							"uv": {
								"north": {"uv": [32, 32], "uv_size": [8, 9]},
								"east": {"uv": [0, 32], "uv_size": [30, 9]},
								"south": {"uv": [72, 32], "uv_size": [8, 9]},
								"west": {"uv": [40, 32], "uv_size": [30, 9]},
								"up": {"uv": [32, 30], "uv_size": [8, -30]},
								"down": {"uv": [40, 30], "uv_size": [8, -30]}
							}
						},
						{
							"origin": [4, 0, -20],
							"size": [2, 9, 20],
							"uv": {
								"north": {"uv": [67, 20], "uv_size": [2, 9]},
								"east": {"uv": [47, 20], "uv_size": [20, 9]},
								"south": {"uv": [89, 20], "uv_size": [2, 9]},
								"west": {"uv": [69, 20], "uv_size": [20, 9]},
								"up": {"uv": [67, 20], "uv_size": [2, -20]},
								"down": {"uv": [69, 20], "uv_size": [2, -20]}
							}
						},
						{
							"origin": [6, 0, -16],
							"size": [2, 9, 6],
							"uv": {
								"north": {"uv": [6, 6], "uv_size": [2, 9]},
								"east": {"uv": [0, 6], "uv_size": [6, 9]},
								"south": {"uv": [14, 6], "uv_size": [2, 9]},
								"west": {"uv": [8, 6], "uv_size": [6, 9]},
								"up": {"uv": [6, 0], "uv_size": [2, 6]},
								"down": {"uv": [8, 6], "uv_size": [2, -6]}
							}
						}
					]
				}
			]
		}
	]
}