{
	"format_version": "1.8.0",
	"geometry.coffinBC": {
		"texturewidth": 128,
		"textureheight": 128,
		"visible_bounds_width": 4,
		"visible_bounds_height": 5,
		"visible_bounds_offset": [0, 0.5, 0],
		"bones": [
			{
				"name": "waist",
				"pivot": [0, 12, 0],
				"cubes": [
					{"origin": [-8, 0, -16], "size": [2, 9, 6], "uv": [0, 0], "mirror": true},
					{"origin": [-6, 0, -20], "size": [2, 9, 20], "uv": [47, 0], "mirror": true},
					{"origin": [-4, 0, -24], "size": [8, 9, 32], "uv": [0, 0]},
					{"origin": [4, 0, -20], "size": [2, 9, 20], "uv": [47, 0]},
					{"origin": [6, 0, -16], "size": [2, 9, 6], "uv": [0, 0]}
				]
			}
		]
	}
}