{
	"format_version": "1.12.0",
	"minecraft:geometry": [
		{
			"description": {
				"identifier": "geometry.conveyor_belt.active",
				"texture_width": 32,
				"texture_height": 32,
				"visible_bounds_width": 5,
				"visible_bounds_height": 5,
				"visible_bounds_offset": [0, 0.5, 0]
			},
			"bones": [
				{
					"name": "waist",
					"pivot": [0, 12, 0],
					"rotation": [-180, 0, 180],
					"cubes": [
						{
							"origin": [-8, 8, -8],
							"size": [16, 8, 16],
							"uv": {
								"north": {"uv": [0, 8], "uv_size": [16, 8]},
								"east": {"uv": [16, 0], "uv_size": [16, 8]},
								"south": {"uv": [0, 16], "uv_size": [16, -8]},
								"west": {"uv": [16, 0], "uv_size": [16, 8]},
								"up": {"uv": [16, 16], "uv_size": [-16, -16]},
								"down": {"uv": [16, 0], "uv_size": [-16, 16]}
							}
						},
						{
							"origin": [-6, 8, -8],
							"size": [12, 8, 16],
							"uv": {
								"north": {"uv": [32, 10], "uv_size": [-1, -1]},
								"east": {"uv": [0, 16], "uv_size": [16, 8]},
								"south": {"uv": [32, 10], "uv_size": [-1, -1]},
								"west": {"uv": [0, 16], "uv_size": [16, 8]},
								"up": {"uv": [31, 9], "uv_size": [1, 1]},
								"down": {"uv": [31, 9], "uv_size": [1, 1]}
							}
						}
					]
				}
			]
		}
	]
}