{
	"format_version": "1.12.0",
	"minecraft:geometry": [
		{
			"description": {
				"identifier": "geometry.cross_plant_hanging",
				"texture_width": 64,
				"texture_height": 64,
				"visible_bounds_width": 2,
				"visible_bounds_height": 2,
				"visible_bounds_offset": [0, 1, 0]
			},
			"bones": [
				{
					"name": "Base",
					"pivot": [0, -0.75, 0]
				},
				{
					"name": "rotate",
					"parent": "Base",
					"pivot": [0, 14.75, 0],
					"rotation": [0, 0, -180],
					"cubes": [
						{"origin": [-8, 14.5, -8], "size": [16, 0, 16], "uv": [0, 0]}
					]
				},
				{
					"name": "Grass",
					"pivot": [0, 0, 0],
					"rotation": [0, -45, 0],
					"cubes": [
						{"origin": [0, 0, -11], "size": [0, 16, 22], "uv": [1, 18]},
						{"origin": [-11, 0, 0], "size": [22, 16, 0], "uv": [1, 40]}
					]
				}
			]
		}
	]
}