{
	"format_version": "1.12.0",
	"minecraft:geometry": [
		{
			"description": {
				"identifier": "geometry.decoration_snow_stair_2",
				"texture_width": 64,
				"texture_height": 64,
				"visible_bounds_width": 3,
				"visible_bounds_height": 2,
				"visible_bounds_offset": [0, 0, 0]
			},
			"bones": [
				{
					"name": "Base",
					"pivot": [0, -0.75, 0],
					"rotation": [0, 90, 0],
					"cubes": [
						{
							"origin": [0, -8, 0],
							"size": [8, 2, 8],
							"inflate": 0.01,
							"uv": {
								"north": {"uv": [16, 46], "uv_size": [8, 2]},
								"east": {"uv": [8, 46], "uv_size": [8, 2]},
								"south": {"uv": [40, 46], "uv_size": [8, 2]},
								"west": {"uv": [32, 46], "uv_size": [8, 2]},
								"up": {"uv": [16, 38], "uv_size": [8, 8]},
								"down": {"uv": [32, 46], "uv_size": [16, -8]}
							}
						},
						{
							"origin": [-8, 0, -8],
							"size": [16, 2, 8],
							"inflate": 0.01,
							"uv": {
								"north": {"uv": [16, 46], "uv_size": [16, 2]},
								"east": {"uv": [8, 46], "uv_size": [8, 2]},
								"south": {"uv": [40, 46], "uv_size": [16, 2]},
								"west": {"uv": [32, 46], "uv_size": [8, 2]},
								"up": {"uv": [16, 38], "uv_size": [16, 8]},
								"down": {"uv": [32, 46], "uv_size": [16, -8]}
							}
						},
						{
							"origin": [-8, 0, 0],
							"size": [8, 2, 8],
							"inflate": 0.01,
							"uv": {
								"north": {"uv": [16, 46], "uv_size": [16, 2]},
								"east": {"uv": [8, 46], "uv_size": [8, 2]},
								"south": {"uv": [40, 46], "uv_size": [8, 2]},
								"west": {"uv": [32, 46], "uv_size": [8, 2]},
								"up": {"uv": [16, 38], "uv_size": [8, 8]},
								"down": {"uv": [32, 46], "uv_size": [16, -8]}
							}
						}
					]
				},
				{
					"name": "Corners2",
					"parent": "Base",
					"pivot": [0, 0, 0],
					"rotation": [0, -135, 0],
					"cubes": [
						{
							"origin": [-11.3734, -21.9, -0.14645],
							"size": [0, 14, 0.25],
							"inflate": 0.01,
							"pivot": [0, 0, 0],
							"rotation": [0, -90, 0],
							"uv": {
								"north": {"uv": [8, 16], "uv_size": [0, 14]},
								"east": {"uv": [8, 16], "uv_size": [0, 14]},
								"south": {"uv": [8, 16], "uv_size": [0, 14]},
								"west": {"uv": [8, 16], "uv_size": [0, 14]},
								"up": {"uv": [8, 16], "uv_size": [0, 0]},
								"down": {"uv": [8, 16], "uv_size": [0, 0]}
							}
						},
						{
							"origin": [0.01103, -13.9, -0.14645],
							"size": [0, 14, 0.25],
							"inflate": 0.01,
							"pivot": [0, 0, 0],
							"rotation": [0, -90, 0],
							"uv": {
								"north": {"uv": [9, 16], "uv_size": [0, 14]},
								"east": {"uv": [9, 16], "uv_size": [0, 14]},
								"south": {"uv": [9, 16], "uv_size": [0, 14]},
								"west": {"uv": [9, 16], "uv_size": [0, 14]},
								"up": {"uv": [9, 16], "uv_size": [0, 0]},
								"down": {"uv": [9, 16], "uv_size": [0, 0]}
							}
						},
						{
							"origin": [11.32473, -4.15, -0.14645],
							"size": [0, 6, 0.25],
							"inflate": 0.01,
							"pivot": [0, 0, 0],
							"rotation": [0, -90, 0],
							"uv": {
								"north": {"uv": [9, 16], "uv_size": [0, 6]},
								"east": {"uv": [9, 16], "uv_size": [0, 6]},
								"south": {"uv": [9, 16], "uv_size": [0, 6]},
								"west": {"uv": [9, 16], "uv_size": [0, 6]},
								"up": {"uv": [9, 16], "uv_size": [0, 0]},
								"down": {"uv": [9, 16], "uv_size": [0, 0]}
							}
						}
					]
				},
				{
					"name": "Corners1",
					"parent": "Base",
					"pivot": [0, 0, 0],
					"rotation": [0, -45, 0],
					"cubes": [
						{
							"origin": [-5.71655, -13.9, -5.8033],
							"size": [0, 14, 0.25],
							"inflate": 0.01,
							"pivot": [0, 0, 0],
							"rotation": [0, -90, 0],
							"uv": {
								"north": {"uv": [8, 16], "uv_size": [0, 14]},
								"east": {"uv": [8, 16], "uv_size": [0, 14]},
								"south": {"uv": [8, 16], "uv_size": [0, 14]},
								"west": {"uv": [8, 16], "uv_size": [0, 14]},
								"up": {"uv": [8, 16], "uv_size": [0, 0]},
								"down": {"uv": [8, 16], "uv_size": [0, 0]}
							}
						},
						{
							"origin": [-11.3734, -4.15, -0.14645],
							"size": [0, 6, 0.25],
							"inflate": 0.01,
							"pivot": [0, 0, 0],
							"rotation": [0, -90, 0],
							"uv": {
								"north": {"uv": [8, 16], "uv_size": [0, 6]},
								"east": {"uv": [8, 16], "uv_size": [0, 6]},
								"south": {"uv": [8, 16], "uv_size": [0, 6]},
								"west": {"uv": [8, 16], "uv_size": [0, 6]},
								"up": {"uv": [8, 16], "uv_size": [0, 0]},
								"down": {"uv": [8, 16], "uv_size": [0, 0]}
							}
						},
						{
							"origin": [5.66788, -13.9, -5.8033],
							"size": [0, 14, 0.25],
							"inflate": 0.01,
							"pivot": [0, 0, 0],
							"rotation": [0, -90, 0],
							"uv": {
								"north": {"uv": [9, 16], "uv_size": [0, 14]},
								"east": {"uv": [9, 16], "uv_size": [0, 14]},
								"south": {"uv": [9, 16], "uv_size": [0, 14]},
								"west": {"uv": [9, 16], "uv_size": [0, 14]},
								"up": {"uv": [9, 16], "uv_size": [0, 0]},
								"down": {"uv": [9, 16], "uv_size": [0, 0]}
							}
						},
						{
							"origin": [11.16788, -13.9, -0.0533],
							"size": [0, 14, 0.25],
							"inflate": 0.01,
							"pivot": [0, 0, 0],
							"rotation": [0, -90, 0],
							"uv": {
								"north": {"uv": [10, 0], "uv_size": [5, 14]},
								"east": {"uv": [8, 17], "uv_size": [3, 14]},
								"south": {"uv": [3, 17], "uv_size": [4, 15]},
								"west": {"uv": [2, 0], "uv_size": [3, 10]},
								"up": {"uv": [9, 16], "uv_size": [0, 0]},
								"down": {"uv": [9, 16], "uv_size": [0, 0]}
							}
						}
					]
				},
				{
					"name": "side4",
					"parent": "Base",
					"pivot": [0, 0, 8],
					"rotation": [-1, 0, 0],
					"cubes": [
						{
							"origin": [-16.07932, -5.38989, 0],
							"size": [0, 7, 16],
							"inflate": 0.01,
							"pivot": [0, 0, 8],
							"rotation": [0, -90, 0],
							"uv": {
								"north": {"uv": [16, 16], "uv_size": [0, 7]},
								"east": {"uv": [0, 16], "uv_size": [16, 7]},
								"south": {"uv": [32, 16], "uv_size": [0, 7]},
								"west": {"uv": [16, 16], "uv_size": [16, 7]},
								"up": {"uv": [16, 0], "uv_size": [0, 16]},
								"down": {"uv": [16, 16], "uv_size": [0, -16]}
							}
						}
					]
				},
				{
					"name": "side3",
					"parent": "Base",
					"pivot": [0, 0, 0],
					"rotation": [1, 90, 1],
					"cubes": [
						{
							"origin": [-8.05, -15, 0],
							"size": [0, 7, 8],
							"inflate": 0.01,
							"uv": {
								"north": {"uv": [16, 16], "uv_size": [0, 7]},
								"east": {"uv": [0, 16], "uv_size": [8, 7]},
								"south": {"uv": [32, 16], "uv_size": [0, 7]},
								"west": {"uv": [16, 16], "uv_size": [16, 7]},
								"up": {"uv": [16, 0], "uv_size": [0, 16]},
								"down": {"uv": [16, 16], "uv_size": [0, -16]}
							}
						},
						{
							"origin": [-8.05, -6.75, -8],
							"size": [0, 7, 8],
							"inflate": 0.01,
							"uv": {
								"north": {"uv": [16, 16], "uv_size": [0, 7]},
								"east": {"uv": [7, 17], "uv_size": [8, 7]},
								"south": {"uv": [32, 16], "uv_size": [0, 7]},
								"west": {"uv": [16, 16], "uv_size": [16, 7]},
								"up": {"uv": [16, 0], "uv_size": [0, 16]},
								"down": {"uv": [16, 16], "uv_size": [0, -16]}
							}
						},
						{
							"origin": [-0.05, -6.75, 0],
							"size": [0, 7, 8],
							"inflate": 0.01,
							"pivot": [0, 0, 8],
							"rotation": [0, 0, 0],
							"uv": {
								"north": {"uv": [16, 16], "uv_size": [0, 7]},
								"east": {"uv": [0, 16], "uv_size": [8, 7]},
								"south": {"uv": [32, 16], "uv_size": [0, 7]},
								"west": {"uv": [16, 16], "uv_size": [16, 7]},
								"up": {"uv": [16, 0], "uv_size": [0, 16]},
								"down": {"uv": [16, 16], "uv_size": [0, -16]}
							}
						}
					]
				},
				{
					"name": "side2",
					"parent": "Base",
					"pivot": [0, 0, 0],
					"rotation": [0, 0, -1],
					"cubes": [
						{
							"origin": [-7.91038, -14.99878, -8],
							"size": [0, 7, 8],
							"inflate": 0.01,
							"pivot": [0, 0, 0],
							"rotation": [0, 180, 0],
							"uv": {
								"north": {"uv": [32, 16], "uv_size": [0, 7]},
								"east": {"uv": [24, 16], "uv_size": [8, 7]},
								"south": {"uv": [40, 16], "uv_size": [0, 7]},
								"west": {"uv": [32, 16], "uv_size": [8, 7]},
								"up": {"uv": [32, 8], "uv_size": [0, 8]},
								"down": {"uv": [32, 16], "uv_size": [0, -8]}
							}
						},
						{
							"origin": [-8.08054, -5.25027, 0],
							"size": [0, 7, 8],
							"inflate": 0.01,
							"pivot": [0, 0, 0],
							"rotation": [0, 180, 0],
							"uv": {
								"north": {"uv": [15, 16], "uv_size": [0, 7]},
								"east": {"uv": [7, 16], "uv_size": [8, 7]},
								"south": {"uv": [24, 16], "uv_size": [0, 7]},
								"west": {"uv": [15, 16], "uv_size": [9, 7]},
								"up": {"uv": [15, 7], "uv_size": [0, 9]},
								"down": {"uv": [15, 16], "uv_size": [0, -9]}
							}
						},
						{
							"origin": [0.1, -6.75, 0],
							"size": [0, 7, 8],
							"inflate": 0.01,
							"uv": {
								"north": {"uv": [16, 16], "uv_size": [0, 7]},
								"east": {"uv": [8, 16], "uv_size": [8, 7]},
								"south": {"uv": [24, 16], "uv_size": [0, 7]},
								"west": {"uv": [16, 16], "uv_size": [8, 7]},
								"up": {"uv": [16, 8], "uv_size": [0, 8]},
								"down": {"uv": [16, 16], "uv_size": [0, -8]}
							}
						}
					]
				},
				{
					"name": "side1",
					"parent": "Base",
					"pivot": [0, 0, 0],
					"rotation": [0, 0, 1],
					"cubes": [
						{
							"origin": [-8.08054, -5.25027, -8],
							"size": [0, 7, 16],
							"inflate": 0.01,
							"uv": {
								"north": {"uv": [32, 16], "uv_size": [0, 7]},
								"east": {"uv": [48, 16], "uv_size": [-16, 7]},
								"south": {"uv": [41, 16], "uv_size": [0, 7]},
								"west": {"uv": [32, 16], "uv_size": [-9, 7]},
								"up": {"uv": [32, 7], "uv_size": [0, 9]},
								"down": {"uv": [32, 16], "uv_size": [0, -9]}
							}
						}
					]
				}
			]
		}
	]
}