{
	"format_version": "1.12.0",
	"minecraft:geometry": [
		{
			"description": {
				"identifier": "geometry.decoration_snow_stair_0",
				"texture_width": 64,
				"texture_height": 64,
				"visible_bounds_width": 2,
				"visible_bounds_height": 1,
				"visible_bounds_offset": [0, 0.5, 0]
			},
			"bones": [
				{
					"name": "Base",
					"pivot": [0, -0.75, 0],
					"cubes": [
						{"origin": [-8, 0, 0], "size": [16, 2, 8], "inflate": 0.01, "uv": [8, 38]},
						{"origin": [-8, -8, -8], "size": [16, 2, 8], "inflate": 0.01, "uv": [8, 38]}
					]
				},
				{
					"name": "Corners2",
					"parent": "Base",
					"pivot": [0, 0, 0],
					"rotation": [0, -135, 0],
					"cubes": [
						{"origin": [-11.3734, -13.9, -0.14645], "size": [0, 14, 0.25], "inflate": 0.01, "pivot": [0, 0, 0], "rotation": [0, -90, 0], "uv": [8, 16]},
						{"origin": [5.66788, -13.9, -5.8033], "size": [0, 14, 0.25], "inflate": 0.01, "pivot": [0, 0, 0], "rotation": [0, -90, 0], "uv": [9, 16]},
						{"origin": [11.32473, -12.15, -0.14645], "size": [0, 6, 0.25], "inflate": 0.01, "pivot": [0, 0, 0], "rotation": [0, -90, 0], "uv": [9, 16]}
					]
				},
				{
					"name": "Corners1",
					"parent": "Base",
					"pivot": [0, 0, 0],
					"rotation": [0, -45, 0],
					"cubes": [
						{"origin": [-5.71655, -13.9, -5.8033], "size": [0, 14, 0.25], "inflate": 0.01, "pivot": [0, 0, 0], "rotation": [0, -90, 0], "uv": [8, 16]},
						{"origin": [-11.3734, -12.15, -0.14645], "size": [0, 6, 0.25], "inflate": 0.01, "pivot": [0, 0, 0], "rotation": [0, -90, 0], "uv": [8, 16]},
						{"origin": [11.32473, -13.9, -0.14645], "size": [0, 14, 0.25], "inflate": 0.01, "pivot": [0, 0, 0], "rotation": [0, -90, 0], "uv": [9, 16]}
					]
				},
				{
					"name": "side4",
					"parent": "Base",
					"pivot": [0, 0, 8],
					"rotation": [-1, 0, 0],
					"cubes": [
						{"origin": [-8.05, -7, 0], "size": [0, 7, 16], "inflate": 0.01, "pivot": [0, 0, 8], "rotation": [0, -90, 0], "uv": [0, 0]},
						{"origin": [-15.9397, -13.38867, 0], "size": [0, 7, 16], "inflate": 0.01, "pivot": [0, 0, 8], "rotation": [0, -90, 0], "uv": [0, 0]}
					]
				},
				{
					"name": "side3",
					"parent": "Base",
					"pivot": [0, 0, 0],
					"rotation": [1, 90, 1],
					"cubes": [
						{"origin": [-8.05, -7, -8], "size": [0, 7, 16], "inflate": 0.01, "uv": [0, 0]}
					]
				},
				{
					"name": "side2",
					"parent": "Base",
					"pivot": [0, 0, 0],
					"rotation": [0, 0, -1],
					"cubes": [
						{"origin": [-8.05, -7, -8], "size": [0, 7, 8], "inflate": 0.01, "pivot": [0, 0, 0], "rotation": [0, 180, 0], "uv": [24, 8]},
						{"origin": [-7.94092, -13.24905, -1], "size": [0, 7, 9], "inflate": 0.01, "pivot": [0, 0, 0], "rotation": [0, 180, 0], "uv": [6, 7]}
					]
				},
				{
					"name": "side1",
					"parent": "Base",
					"pivot": [0, 0, 0],
					"rotation": [0, 0, 1],
					"cubes": [
						{"origin": [-8.05, -7, 0], "size": [0, 7, 8], "inflate": 0.01, "uv": [8, 8]},
						{"origin": [-7.94092, -13.24905, -8], "size": [0, 7, 9], "inflate": 0.01, "uv": [23, 7], "mirror": true}
					]
				}
			]
		}
	]
}