{
	"format_version": "1.12.0",
	"minecraft:geometry": [
		{
			"description": {
				"identifier": "geometry.decoration_snow_wall0",
				"texture_width": 64,
				"texture_height": 64,
				"visible_bounds_width": 3,
				"visible_bounds_height": 1,
				"visible_bounds_offset": [0, 0.5, 0]
			},
			"bones": [
				{
					"name": "Base",
					"pivot": [0, -0.75, 0],
					"cubes": [
						{
							"origin": [-8, -3, -4.1],
							"size": [16, 5, 8.2],
							"inflate": 0.01,
							"uv": {
								"north": {"uv": [32, 18], "uv_size": [16, 5]},
								"east": {"uv": [0, 46], "uv_size": [8, 5]},
								"south": {"uv": [45, 18], "uv_size": [16, 5]},
								"west": {"uv": [32, 46], "uv_size": [8, 5]},
								"up": {"uv": [16, 38], "uv_size": [16, 8]},
								"down": {"uv": [32, 46], "uv_size": [16, -16]}
							}
						}
					]
				}
			]
		}
	]
}