{
	"format_version": "1.12.0",
	"minecraft:geometry": [
		{
			"description": {
				"identifier": "geometry.decoration_snow_wall1",
				"texture_width": 64,
				"texture_height": 64,
				"visible_bounds_width": 3,
				"visible_bounds_height": 1,
				"visible_bounds_offset": [0, 0.5, 0]
			},
			"bones": [
				{
					"name": "Base",
					"pivot": [0, -0.75, 0],
					"cubes": [
						{
							"origin": [-8, -3, -4.1],
							"size": [12.1, 5, 8.2],
							"inflate": 0.01,
							"uv": {
								"north": {"uv": [32, 18], "uv_size": [12, 5]},
								"east": {"uv": [0, 46], "uv_size": [8, 5]},
								"south": {"uv": [45, 18], "uv_size": [12, 5]},
								"west": {"uv": [43, 18], "uv_size": [8, 5]},
								"up": {"uv": [16, 38], "uv_size": [12, 8]},
								"down": {"uv": [32, 46], "uv_size": [16, -16]}
							}
						}
					]
				},
				{
					"name": "Base2",
					"pivot": [0, -0.75, 0],
					"cubes": [
						{
							"origin": [4, -3, -4.1],
							"size": [4, 5, 8.2],
							"inflate": 0.01,
							"pivot": [0, 0, 0],
							"rotation": [0, -90, 0],
							"uv": {
								"north": {"uv": [34, 18], "uv_size": [4, 5]},
								"east": {"uv": [0, 46], "uv_size": [8, 5]},
								"south": {"uv": [58, 18], "uv_size": [4, 5]},
								"west": {"uv": [32, 46], "uv_size": [8, 5]},
								"up": {"uv": [16, 38], "uv_size": [4, 8]},
								"down": {"uv": [32, 46], "uv_size": [16, -16]}
							}
						}
					]
				}
			]
		}
	]
}