{
	"format_version": "1.12.0",
	"minecraft:geometry": [
		{
			"description": {
				"identifier": "geometry.decoration_snow_fence2",
				"texture_width": 64,
				"texture_height": 64,
				"visible_bounds_width": 3,
				"visible_bounds_height": 1,
				"visible_bounds_offset": [0, 0.5, 0]
			},
			"bones": [
				{
					"name": "Base",
					"pivot": [0, -0.75, 0],
					"cubes": [
						{
							"origin": [-2.1, 0, -2.1],
							"size": [4.2, 2, 4.2],
							"inflate": 0.01,
							"uv": {
								"north": {"uv": [22, 39], "uv_size": [4, 2]},
								"east": {"uv": [0, 46], "uv_size": [4, 2]},
								"south": {"uv": [60, 46], "uv_size": [4, 2]},
								"west": {"uv": [32, 46], "uv_size": [4, 2]},
								"up": {"uv": [22, 37], "uv_size": [4, 4]},
								"down": {"uv": [32, 46], "uv_size": [16, -16]}
							}
						},
						{
							"origin": [-2.1, -4, -2.1],
							"size": [4.2, 4, 4.2],
							"inflate": 0.01,
							"uv": {
								"north": {"uv": [47, 18], "uv_size": [4, 4]},
								"east": {"uv": [46, 18], "uv_size": [4, 4]},
								"south": {"uv": [56, 18], "uv_size": [4, 4]},
								"west": {"uv": [38, 18], "uv_size": [4, 4]},
								"up": {"uv": [22, 37], "uv_size": [4, 4]},
								"down": {"uv": [32, 46], "uv_size": [16, -16]}
							}
						},
						{
							"origin": [-8, -1, -1.1],
							"size": [16, 2, 2.2],
							"inflate": 0.01,
							"uv": {
								"north": {"uv": [16, 46], "uv_size": [16, 2]},
								"east": {"uv": [0, 46], "uv_size": [2, 2]},
								"south": {"uv": [48, 46], "uv_size": [16, 2]},
								"west": {"uv": [32, 46], "uv_size": [2, 2]},
								"up": {"uv": [16, 44], "uv_size": [16, 2]},
								"down": {"uv": [32, 46], "uv_size": [16, -16]}
							}
						},
						{
							"origin": [-8, -4, -1.1],
							"size": [16, 3, 2.2],
							"inflate": 0.01,
							"uv": {
								"north": {"uv": [42, 20], "uv_size": [16, 3]},
								"east": {"uv": [2, 39], "uv_size": [2, 2]},
								"south": {"uv": [40, 20], "uv_size": [16, 3]},
								"west": {"uv": [10, 39], "uv_size": [2, 2]},
								"up": {"uv": [16, 44], "uv_size": [16, 2]},
								"down": {"uv": [32, 46], "uv_size": [16, -16]}
							}
						}
					]
				},
				{
					"name": "Base2",
					"pivot": [0, -0.75, 0],
					"rotation": [0, 90, 0],
					"cubes": [
						{
							"origin": [-8, -1, -1.1],
							"size": [8, 2, 2.2],
							"inflate": 0.01,
							"uv": {
								"north": {"uv": [16, 46], "uv_size": [8, 2]},
								"east": {"uv": [0, 46], "uv_size": [2, 2]},
								"south": {"uv": [56, 46], "uv_size": [8, 2]},
								"west": {"uv": [32, 46], "uv_size": [2, 2]},
								"up": {"uv": [16, 44], "uv_size": [8, 2]},
								"down": {"uv": [32, 46], "uv_size": [16, -16]}
							}
						},
						{
							"origin": [-8, -4, -1.1],
							"size": [8, 3, 2.2],
							"inflate": 0.01,
							"uv": {
								"north": {"uv": [42, 20], "uv_size": [8, 3]},
								"east": {"uv": [2, 39], "uv_size": [2, 2]},
								"south": {"uv": [48, 20], "uv_size": [8, 3]},
								"west": {"uv": [10, 39], "uv_size": [2, 2]},
								"up": {"uv": [16, 44], "uv_size": [16, 2]},
								"down": {"uv": [32, 46], "uv_size": [16, -16]}
							}
						}
					]
				}
			]
		}
	]
}