{
	"format_version": "1.12.0",
	"minecraft:geometry": [
		{
			"description": {
				"identifier": "geometry.decoration_snow",
				"texture_width": 64,
				"texture_height": 64,
				"visible_bounds_width": 3,
				"visible_bounds_height": 3,
				"visible_bounds_offset": [0, 0.5, 0]
			},
			"bones": [
				{
					"name": "bb_main",
					"pivot": [0, 0, 0],
					"cubes": [
						{
							"origin": [-8, 0, -8],
							"size": [16, 2, 16],
							"inflate": 0.01,
							"uv": {
								"north": {"uv": [16, 46], "uv_size": [16, 2]},
								"east": {"uv": [0, 46], "uv_size": [16, 2]},
								"south": {"uv": [48, 46], "uv_size": [16, 2]},
								"west": {"uv": [32, 46], "uv_size": [16, 2]},
								"up": {"uv": [16, 30], "uv_size": [16, 16]},
								"down": {"uv": [32, 46], "uv_size": [16, -16]}
							}
						}
					]
				},
				{
					"name": "Base",
					"pivot": [0, -0.75, 0]
				},
				{
					"name": "Corners2",
					"parent": "Base",
					"pivot": [0, 0, 0],
					"rotation": [0, -135, 0],
					"cubes": [
						{
							"origin": [-11.3734, -13.9, -0.14645],
							"size": [0, 14, 0.25],
							"inflate": 0.01,
							"pivot": [0, 0, 0],
							"rotation": [0, -90, 0],
							"uv": {
								"north": {"uv": [8, 16], "uv_size": [0, 14]},
								"east": {"uv": [8, 16], "uv_size": [0, 14]},
								"south": {"uv": [8, 16], "uv_size": [0, 14]},
								"west": {"uv": [28, 0], "uv_size": [6, 0]},
								"up": {"uv": [8, 16], "uv_size": [0, 0]},
								"down": {"uv": [8, 16], "uv_size": [0, 0]}
							}
						},
						{
							"origin": [11.32473, -13.9, -0.14645],
							"size": [0, 14, 0.25],
							"inflate": 0.01,
							"pivot": [0, 0, 0],
							"rotation": [0, -90, 0],
							"uv": {
								"north": {"uv": [9, 16], "uv_size": [0, 14]},
								"east": {"uv": [9, 16], "uv_size": [0, 14]},
								"south": {"uv": [9, 16], "uv_size": [0, 14]},
								"west": {"uv": [31, 0], "uv_size": [4, 14]},
								"up": {"uv": [9, 16], "uv_size": [0, 0]},
								"down": {"uv": [9, 16], "uv_size": [0, 0]}
							}
						}
					]
				},
				{
					"name": "Corners1",
					"parent": "Base",
					"pivot": [0, 0, 0],
					"rotation": [0, -45, 0],
					"cubes": [
						{
							"origin": [-11.3734, -13.9, -0.14645],
							"size": [0, 14, 0.25],
							"inflate": 0.01,
							"pivot": [0, 0, 0],
							"rotation": [0, -90, 0],
							"uv": {
								"north": {"uv": [7, 16], "uv_size": [0, 14]},
								"east": {"uv": [7, 16], "uv_size": [0, 14]},
								"south": {"uv": [7, 16], "uv_size": [0, 14]},
								"west": {"uv": [26, 0], "uv_size": [8, 14]},
								"up": {"uv": [7, 16], "uv_size": [0, 0]},
								"down": {"uv": [7, 16], "uv_size": [0, 0]}
							}
						},
						{
							"origin": [11.32473, -13.9, -0.14645],
							"size": [0, 14, 0.25],
							"inflate": 0.01,
							"pivot": [0, 0, 0],
							"rotation": [0, -90, 0],
							"uv": {
								"north": {"uv": [9, 16], "uv_size": [0, 14]},
								"east": {"uv": [9, 16], "uv_size": [0, 14]},
								"south": {"uv": [9, 16], "uv_size": [0, 14]},
								"west": {"uv": [23, 0], "uv_size": [11, 2]},
								"up": {"uv": [9, 16], "uv_size": [0, 0]},
								"down": {"uv": [9, 16], "uv_size": [0, 0]}
							}
						}
					]
				},
				{
					"name": "side4",
					"parent": "Base",
					"pivot": [0, 0, 0],
					"rotation": [-1, 0, 0],
					"cubes": [
						{
							"origin": [-8.05, -14, -8],
							"size": [0, 14, 16],
							"inflate": 0.01,
							"pivot": [0, 0, 0],
							"rotation": [0, -90, 0],
							"uv": {
								"north": {"uv": [16, 16], "uv_size": [0, 14]},
								"east": {"uv": [0, 16], "uv_size": [16, 14]},
								"south": {"uv": [32, 16], "uv_size": [0, 14]},
								"west": {"uv": [16, 16], "uv_size": [16, 14]},
								"up": {"uv": [16, 0], "uv_size": [0, 16]},
								"down": {"uv": [16, 16], "uv_size": [0, -16]}
							}
						}
					]
				},
				{
					"name": "side3",
					"parent": "Base",
					"pivot": [0, 0, 0],
					"rotation": [1, 0, 0]
				},
				{
					"name": "rotate",
					"parent": "side3",
					"pivot": [0, 0, 0],
					"rotation": [0, 90, 0],
					"cubes": [
						{
							"origin": [-8.05, -14, -8],
							"size": [0, 14, 16],
							"inflate": 0.01,
							"uv": {
								"north": {"uv": [16, 16], "uv_size": [0, 14]},
								"east": {"uv": [0, 16], "uv_size": [16, 14]},
								"south": {"uv": [32, 16], "uv_size": [0, 14]},
								"west": {"uv": [16, 16], "uv_size": [16, 14]},
								"up": {"uv": [16, 0], "uv_size": [0, 16]},
								"down": {"uv": [16, 16], "uv_size": [0, -16]}
							}
						}
					]
				},
				{
					"name": "side2",
					"parent": "Base",
					"pivot": [0, 0, 0],
					"rotation": [0, 0, -1],
					"cubes": [
						{
							"origin": [-8.05, -14, -8],
							"size": [0, 14, 16],
							"inflate": 0.01,
							"pivot": [0, 0, 0],
							"rotation": [0, 180, 0],
							"uv": {
								"north": {"uv": [16, 16], "uv_size": [0, 14]},
								"east": {"uv": [0, 16], "uv_size": [16, 14]},
								"south": {"uv": [32, 16], "uv_size": [0, 14]},
								"west": {"uv": [16, 16], "uv_size": [16, 14]},
								"up": {"uv": [16, 0], "uv_size": [0, 16]},
								"down": {"uv": [16, 16], "uv_size": [0, -16]}
							}
						}
					]
				},
				{
					"name": "side1",
					"parent": "Base",
					"pivot": [0, 0, 0],
					"rotation": [0, 0, 1],
					"cubes": [
						{
							"origin": [-8.05, -14, -8],
							"size": [0, 14, 16],
							"inflate": 0.01,
							"uv": {
								"north": {"uv": [16, 16], "uv_size": [0, 14]},
								"east": {"uv": [0, 16], "uv_size": [16, 14]},
								"south": {"uv": [32, 16], "uv_size": [0, 14]},
								"west": {"uv": [16, 16], "uv_size": [16, 14]},
								"up": {"uv": [16, 0], "uv_size": [0, 16]},
								"down": {"uv": [16, 16], "uv_size": [0, -16]}
							}
						}
					]
				}
			]
		}
	]
}