{
	"format_version": "1.10.0",
	"geometry.ghost.block1": {
		"texturewidth": 128,
		"textureheight": 128,
		"visible_bounds_width": 3,
		"visible_bounds_height": 4,
		"visible_bounds_offset": [0, 1, 0],
		"bones": [
			{
				"name": "waist",
				"pivot": [0, -4, 0],
				"rotation": [-180, 0, 180],
				"cubes": [
					{"origin": [-6, -10, -6], "size": [12, 25, 12], "uv": [0, 0]},
					{"origin": [-5.5, -10.5, -5.5], "size": [11, 25, 11], "uv": [0, 37]},
					{"origin": [-0.5, 11, -0.5], "size": [1, 6, 1], "uv": [0, 0]}
				]
			}
		]
	}
}