{
	"format_version": "1.12.0",
	"minecraft:geometry": [
		{
			"description": {
				"identifier": "geometry.heart_decoration",
				"texture_width": 32,
				"texture_height": 32,
				"visible_bounds_width": 3,
				"visible_bounds_height": 2,
				"visible_bounds_offset": [0, 1, 0]
			},
			"bones": [
				{
					"name": "Base",
					"pivot": [0, -0.75, 0],
					"cubes": [
						{
							"origin": [-6.95, 1, -7.5],
							"size": [13.9, 6, 0],
							"uv": {
								"north": {"uv": [0.5, 0.5], "uv_size": [1, 1]},
								"east": {"uv": [2.5, 0.5], "uv_size": [1, 1]},
								"south": {"uv": [1, 25], "uv_size": [14, 6]},
								"west": {"uv": [6.5, 0.5], "uv_size": [1, 1]},
								"up": {"uv": [9.5, 1.5], "uv_size": [-1, -1]},
								"down": {"uv": [11.5, 1.5], "uv_size": [-1, -1]}
							}
						},
						{
							"origin": [-6.95, 1, -5.5],
							"size": [13.9, 6, 0],
							"uv": {
								"north": {"uv": [0.5, 0.5], "uv_size": [1, 1]},
								"east": {"uv": [2.5, 0.5], "uv_size": [1, 1]},
								"south": {"uv": [1, 25], "uv_size": [14, 6]},
								"west": {"uv": [6.5, 0.5], "uv_size": [1, 1]},
								"up": {"uv": [9.5, 1.5], "uv_size": [-1, -1]},
								"down": {"uv": [11.5, 1.5], "uv_size": [-1, -1]}
							}
						},
						{
							"origin": [-4.95, 6, -4.75],
							"size": [9.9, 6, 0],
							"uv": {
								"north": {"uv": [0.5, 0.5], "uv_size": [1, 1]},
								"east": {"uv": [2.5, 0.5], "uv_size": [1, 1]},
								"south": {"uv": [3, 21], "uv_size": [10, 6]},
								"west": {"uv": [6.5, 0.5], "uv_size": [1, 1]},
								"up": {"uv": [9.5, 1.5], "uv_size": [-1, -1]},
								"down": {"uv": [11.5, 1.5], "uv_size": [-1, -1]}
							}
						},
						{
							"origin": [-1, 1, -8],
							"size": [2, 2, 3],
							"uv": {
								"north": {"uv": [7, 13], "uv_size": [2, 2]},
								"east": {"uv": [17, 13], "uv_size": [3, 2]},
								"south": {"uv": [7, 13], "uv_size": [2, 2]},
								"west": {"uv": [17, 13], "uv_size": [3, 2]},
								"up": {"uv": [20, 14], "uv_size": [-4, -1]},
								"down": {"uv": [26, 3], "uv_size": [-2, -3]}
							}
						},
						{
							"origin": [-3, 3, -8],
							"size": [6, 2, 3],
							"uv": {
								"north": {"uv": [5, 11], "uv_size": [6, 2]},
								"east": {"uv": [17, 11], "uv_size": [3, 2]},
								"south": {"uv": [5, 11], "uv_size": [6, 2]},
								"west": {"uv": [17, 11], "uv_size": [3, 2]},
								"up": {"uv": [17.5, 4.5], "uv_size": [-1, 0]},
								"down": {"uv": [29, 3], "uv_size": [-6, -3]}
							}
						},
						{
							"origin": [-5, 5, -8],
							"size": [10, 2, 3],
							"uv": {
								"north": {"uv": [3, 9], "uv_size": [10, 2]},
								"east": {"uv": [17, 9], "uv_size": [3, 2]},
								"south": {"uv": [3, 9], "uv_size": [10, 2]},
								"west": {"uv": [17, 9], "uv_size": [3, 2]},
								"up": {"uv": [25.5, 2.5], "uv_size": [-1, 0]},
								"down": {"uv": [32, 3], "uv_size": [-10, -3]}
							}
						},
						{
							"origin": [-7, 7, -8],
							"size": [14, 6, 3],
							"uv": {
								"north": {"uv": [1, 3], "uv_size": [14, 6]},
								"east": {"uv": [17, 3], "uv_size": [3, 6]},
								"south": {"uv": [1, 3], "uv_size": [14, 6]},
								"west": {"uv": [17, 3], "uv_size": [3, 6]},
								"up": {"uv": [32, 3], "uv_size": [-12, -3]},
								"down": {"uv": [32, 3], "uv_size": [-12, -3]}
							}
						},
						{
							"origin": [-6, 13, -8],
							"size": [5, 2, 3],
							"uv": {
								"north": {"uv": [9, 1], "uv_size": [5, 2]},
								"east": {"uv": [17, 0], "uv_size": [3, 2]},
								"south": {"uv": [9, 1], "uv_size": [5, 2]},
								"west": {"uv": [17, 0], "uv_size": [3, 2]},
								"up": {"uv": [29, 3], "uv_size": [-5, -3]},
								"down": {"uv": [3.5, 2.5], "uv_size": [-1, 0]}
							}
						},
						{
							"origin": [1, 13, -8],
							"size": [5, 2, 3],
							"uv": {
								"north": {"uv": [2, 1], "uv_size": [5, 2]},
								"east": {"uv": [17, 0], "uv_size": [3, 2]},
								"south": {"uv": [2, 1], "uv_size": [5, 2]},
								"west": {"uv": [17, 0], "uv_size": [3, 2]},
								"up": {"uv": [29, 3], "uv_size": [-5, -3]},
								"down": {"uv": [15.5, 2.5], "uv_size": [-1, 0]}
							}
						}
					]
				}
			]
		}
	]
}