{
	"format_version": "1.12.0",
	"minecraft:geometry": [
		{
			"description": {
				"identifier": "geometry.lantern.ghost_ground",
				"texture_width": 32,
				"texture_height": 32,
				"visible_bounds_width": 2,
				"visible_bounds_height": 2,
				"visible_bounds_offset": [0, 1, 0]
			},
			"bones": [
				{
					"name": "Base",
					"pivot": [0, -2.75, 0],
					"cubes": [
						{
							"origin": [-3, 0, -3],
							"size": [6, 9, 6],
							"uv": {
								"north": {"uv": [12, 6], "uv_size": [6, 9]},
								"east": {"uv": [12, 6], "uv_size": [6, 9]},
								"south": {"uv": [18, 6], "uv_size": [6, 9]},
								"west": {"uv": [12, 6], "uv_size": [6, 9]},
								"up": {"uv": [12, 7], "uv_size": [6, 6]},
								"down": {"uv": [12, 6], "uv_size": [6, -6]}
							}
						},
						{
							"origin": [-3, 1, -3],
							"size": [6, 0, 6],
							"uv": {
								"north": {"uv": [12, 6], "uv_size": [6, 9]},
								"east": {"uv": [12, 6], "uv_size": [6, 9]},
								"south": {"uv": [18, 6], "uv_size": [6, 9]},
								"west": {"uv": [12, 6], "uv_size": [6, 9]},
								"up": {"uv": [12, 0], "uv_size": [6, 6]},
								"down": {"uv": [26, 16], "uv_size": [6, -6]}
							}
						}
					]
				},
				{
					"name": "Stem",
					"parent": "Base",
					"pivot": [0, -2, 0],
					"rotation": [0, -45, 0]
				}
			]
		}
	]
}