{
	"format_version": "1.12.0",
	"minecraft:geometry": [
		{
			"description": {
				"identifier": "geometry.lantern.pumpkin",
				"texture_width": 32,
				"texture_height": 32,
				"visible_bounds_width": 2,
				"visible_bounds_height": 2,
				"visible_bounds_offset": [0, 1, 0]
			},
			"bones": [
				{
					"name": "Base",
					"pivot": [0, -0.75, 0],
					"cubes": [
						{
							"origin": [-3.5, 4, -3.5],
							"size": [7, 7, 7],
							"uv": {
								"north": {"uv": [17, 15], "uv_size": [7, 7]},
								"east": {"uv": [17, 15], "uv_size": [7, 7]},
								"south": {"uv": [17, 15], "uv_size": [7, 7]},
								"west": {"uv": [17, 15], "uv_size": [7, 7]},
								"up": {"uv": [17, 22], "uv_size": [7, 7]},
								"down": {"uv": [10, 22], "uv_size": [7, -7]}
							}
						},
						{
							"origin": [-3, 5, -3],
							"size": [6, 0, 6],
							"uv": {
								"north": {"uv": [12, 6], "uv_size": [6, 9]},
								"east": {"uv": [12, 6], "uv_size": [6, 9]},
								"south": {"uv": [18, 6], "uv_size": [6, 9]},
								"west": {"uv": [12, 6], "uv_size": [6, 9]},
								"up": {"uv": [12, 0], "uv_size": [6, 6]},
								"down": {"uv": [26, 16], "uv_size": [6, -6]}
							}
						}
					]
				},
				{
					"name": "Stem",
					"parent": "Base",
					"pivot": [0, 0, 0],
					"rotation": [0, -45, 0],
					"cubes": [
						{
							"origin": [0, 11, -1.5],
							"size": [0, 5, 3],
							"uv": {
								"north": {"uv": [29, 5], "uv_size": [0, 5]},
								"east": {"uv": [26, 5], "uv_size": [3, 5]},
								"south": {"uv": [32, 5], "uv_size": [0, 5]},
								"west": {"uv": [29, 5], "uv_size": [3, 5]},
								"up": {"uv": [29, 2], "uv_size": [0, 3]},
								"down": {"uv": [29, 5], "uv_size": [0, -3]}
							}
						},
						{
							"origin": [-1.5, 11, 0],
							"size": [3, 5, 0],
							"uv": {
								"north": {"uv": [26, 0], "uv_size": [3, 5]},
								"east": {"uv": [26, 0], "uv_size": [0, 5]},
								"south": {"uv": [29, 0], "uv_size": [3, 5]},
								"west": {"uv": [29, 0], "uv_size": [0, 5]},
								"up": {"uv": [26, 0], "uv_size": [3, 0]},
								"down": {"uv": [29, 0], "uv_size": [3, 0]}
							}
						}
					]
				}
			]
		}
	]
}