{
	"format_version": "1.12.0",
	"minecraft:geometry": [
		{
			"description": {
				"identifier": "geometry.nutcracker",
				"texture_width": 32,
				"texture_height": 32,
				"visible_bounds_width": 5,
				"visible_bounds_height": 5,
				"visible_bounds_offset": [0, 0.5, 0]
			},
			"bones": [
				{
					"name": "waist",
					"pivot": [0, 12, 0],
					"cubes": [
						{
							"origin": [-4, 0, -4],
							"size": [8, 1, 8],
							"uv": {
								"north": {"uv": [0, 31], "uv_size": [8, 1]},
								"east": {"uv": [0, 31], "uv_size": [8, 1]},
								"south": {"uv": [0, 31], "uv_size": [8, 1]},
								"west": {"uv": [0, 31], "uv_size": [8, 1]},
								"up": {"uv": [8, 32], "uv_size": [-8, -8]},
								"down": {"uv": [8, 32], "uv_size": [-8, -8]}
							}
						},
						{
							"origin": [-2, 1, -1],
							"size": [4, 8, 2],
							"uv": {
								"north": {"uv": [0, 0], "uv_size": [4, 8]},
								"east": {"uv": [4, 0], "uv_size": [2, 8]},
								"south": {"uv": [0, 0], "uv_size": [4, 8]},
								"west": {"uv": [4, 0], "uv_size": [2, 8]},
								"up": {"uv": [1, 1], "uv_size": [-1, -1]},
								"down": {"uv": [1, 1], "uv_size": [-1, -1]}
							}
						},
						{
							"origin": [-2.5, 4, -1.5],
							"size": [5, 7, 3],
							"uv": {
								"north": {"uv": [11, 0], "uv_size": [5, 7]},
								"east": {"uv": [16, 0], "uv_size": [3, 7]},
								"south": {"uv": [6, 0], "uv_size": [5, 7]},
								"west": {"uv": [19, 0], "uv_size": [-3, 7]},
								"up": {"uv": [11, 10], "uv_size": [-5, -3]},
								"down": {"uv": [1, 24], "uv_size": [-1, -1]}
							}
						},
						{
							"origin": [2.5, 6, -1],
							"size": [1, 5, 2],
							"uv": {
								"north": {"uv": [20, 0], "uv_size": [1, 5]},
								"east": {"uv": [21, 0], "uv_size": [2, 5]},
								"south": {"uv": [20, 0], "uv_size": [1, 5]},
								"west": {"uv": [21, 0], "uv_size": [2, 5]},
								"up": {"uv": [21, 2], "uv_size": [-1, -2]},
								"down": {"uv": [21, 5], "uv_size": [-1, -1]}
							}
						},
						{
							"origin": [-3.5, 6, -1],
							"size": [1, 5, 2],
							"uv": {
								"north": {"uv": [20, 0], "uv_size": [1, 5]},
								"east": {"uv": [21, 0], "uv_size": [2, 5]},
								"south": {"uv": [20, 0], "uv_size": [1, 5]},
								"west": {"uv": [21, 0], "uv_size": [2, 5]},
								"up": {"uv": [21, 2], "uv_size": [-1, -2]},
								"down": {"uv": [21, 5], "uv_size": [-1, -1]}
							}
						},
						{
							"origin": [-2, 11, -2],
							"size": [4, 5, 4],
							"uv": {
								"north": {"uv": [28, 5], "uv_size": [4, 5]},
								"east": {"uv": [24, 0], "uv_size": [4, 5]},
								"south": {"uv": [28, 0], "uv_size": [4, 5]},
								"west": {"uv": [28, 0], "uv_size": [-4, 5]},
								"up": {"uv": [28, 9], "uv_size": [-4, -4]},
								"down": {"uv": [28, 9], "uv_size": [-4, -4]}
							}
						},
						{
							"origin": [-0.5, 10.75, 2],
							"size": [1, 2, 1],
							"uv": {
								"north": {"uv": [22, 7], "uv_size": [1, 2]},
								"east": {"uv": [22, 7], "uv_size": [1, 2]},
								"south": {"uv": [22, 7], "uv_size": [1, 2]},
								"west": {"uv": [22, 7], "uv_size": [1, 2]},
								"up": {"uv": [23, 8], "uv_size": [-1, -1]},
								"down": {"uv": [23, 8], "uv_size": [-1, -1]}
							}
						},
						{
							"origin": [-1.5, 12.75, 1.25],
							"size": [1, 1, 1],
							"uv": {
								"north": {"uv": [22, 7], "uv_size": [1, 2]},
								"east": {"uv": [22, 7], "uv_size": [1, 2]},
								"south": {"uv": [22, 7], "uv_size": [1, 2]},
								"west": {"uv": [22, 7], "uv_size": [1, 2]},
								"up": {"uv": [23, 8], "uv_size": [-1, -1]},
								"down": {"uv": [23, 8], "uv_size": [-1, -1]}
							}
						},
						{
							"origin": [0.5, 12.75, 1.25],
							"size": [1, 1, 1],
							"uv": {
								"north": {"uv": [22, 7], "uv_size": [1, 2]},
								"east": {"uv": [22, 7], "uv_size": [1, 2]},
								"south": {"uv": [22, 7], "uv_size": [1, 2]},
								"west": {"uv": [22, 7], "uv_size": [1, 2]},
								"up": {"uv": [23, 8], "uv_size": [-1, -1]},
								"down": {"uv": [23, 8], "uv_size": [-1, -1]}
							}
						}
					]
				},
				{
					"name": "hat",
					"parent": "waist",
					"pivot": [0, 15.5, 0],
					"cubes": [
						{
							"origin": [-2.25, 14.5, -2.25],
							"size": [4.5, 1.5, 4.5],
							"uv": {
								"north": {"uv": [26, 14], "uv_size": [6, 2]},
								"east": {"uv": [26, 14], "uv_size": [6, 2]},
								"south": {"uv": [26, 14], "uv_size": [6, 2]},
								"west": {"uv": [26, 14], "uv_size": [6, 2]},
								"up": {"uv": [1, 24], "uv_size": [-1, -1]},
								"down": {"uv": [1, 24], "uv_size": [-1, -1]}
							}
						},
						{
							"origin": [-2.25, 16, -2.25],
							"size": [4.5, 2.5, 4.5],
							"uv": {
								"north": {"uv": [26, 11], "uv_size": [6, 3]},
								"east": {"uv": [26, 11], "uv_size": [6, 3]},
								"south": {"uv": [26, 11], "uv_size": [6, 3]},
								"west": {"uv": [26, 11], "uv_size": [6, 3]},
								"up": {"uv": [25, 16], "uv_size": [-5, -5]},
								"down": {"uv": [1, 24], "uv_size": [-1, -1]}
							}
						}
					]
				},
				{
					"name": "handle",
					"parent": "waist",
					"pivot": [0, 10, -1.5],
					"rotation": [-17.5, 0, 0],
					"cubes": [
						{
							"origin": [-1, 6, -1.5],
							"size": [2, 4, 1],
							"uv": {
								"north": {"uv": [5, 24], "uv_size": [2, 4]},
								"east": {"uv": [5, 24], "uv_size": [1, 4]},
								"south": {"uv": [5, 24], "uv_size": [1, 4]},
								"west": {"uv": [5, 24], "uv_size": [1, 4]},
								"up": {"uv": [6, 28], "uv_size": [-1, -4]},
								"down": {"uv": [7, 28], "uv_size": [-2, -1]}
							}
						}
					]
				}
			]
		}
	]
}