{
	"format_version": "1.12.0",
	"minecraft:geometry": [
		{
			"description": {
				"identifier": "geometry.ornament.basic",
				"texture_width": 16,
				"texture_height": 16,
				"visible_bounds_width": 2,
				"visible_bounds_height": 2,
				"visible_bounds_offset": [0, 1, 0]
			},
			"bones": [
				{
					"name": "Base",
					"pivot": [0, -0.75, 0],
					"cubes": [
						{
							"origin": [-4, 4, -4],
							"size": [8, 8, 8],
							"uv": {
								"north": {"uv": [16, 8], "uv_size": [-8, 8]},
								"east": {"uv": [8, 8], "uv_size": [8, 8]},
								"south": {"uv": [16, 8], "uv_size": [-8, 8]},
								"west": {"uv": [8, 8], "uv_size": [8, 8]},
								"up": {"uv": [0, 0], "uv_size": [8, 8]},
								"down": {"uv": [0, 8], "uv_size": [8, -8]}
							}
						},
						{
							"origin": [-1.5, 12, -1.5],
							"size": [3, 2, 3],
							"uv": {
								"north": {"uv": [0, 14], "uv_size": [3, 2]},
								"east": {"uv": [0, 14], "uv_size": [3, 2]},
								"south": {"uv": [0, 14], "uv_size": [3, 2]},
								"west": {"uv": [0, 14], "uv_size": [3, 2]},
								"up": {"uv": [3, 11], "uv_size": [3, 3]},
								"down": {"uv": [0, 9], "uv_size": [1, -1]}
							}
						}
					]
				},
				{
					"name": "Stem",
					"parent": "Base",
					"pivot": [0, 0, 0],
					"rotation": [0, -90, 0],
					"cubes": [
						{
							"origin": [-1.5, 14, 0],
							"size": [3, 2, 0],
							"uv": {
								"north": {"uv": [0, 8], "uv_size": [3, 2]},
								"east": {"uv": [13, 0], "uv_size": [0, 2.5]},
								"south": {"uv": [14.5, 0], "uv_size": [1.5, 2.5]},
								"west": {"uv": [14.5, 0], "uv_size": [0, 2.5]},
								"up": {"uv": [13, 0], "uv_size": [1.5, 0]},
								"down": {"uv": [14.5, 0], "uv_size": [1.5, 0]}
							}
						},
						{
							"origin": [-2.5, 16, 0],
							"size": [5, 2, 0],
							"uv": {
								"north": {"uv": [3, 8], "uv_size": [5, 2]},
								"east": {"uv": [13, 0], "uv_size": [0, 2.5]},
								"south": {"uv": [14.5, 0], "uv_size": [1.5, 2.5]},
								"west": {"uv": [14.5, 0], "uv_size": [0, 2.5]},
								"up": {"uv": [13, 0], "uv_size": [1.5, 0]},
								"down": {"uv": [14.5, 0], "uv_size": [1.5, 0]}
							}
						}
					]
				}
			]
		}
	]
}