{
	"format_version": "1.12.0",
	"minecraft:geometry": [
		{
			"description": {
				"identifier": "geometry.pink_bow",
				"texture_width": 32,
				"texture_height": 32,
				"visible_bounds_width": 3,
				"visible_bounds_height": 2,
				"visible_bounds_offset": [0, 1, 0]
			},
			"bones": [
				{
					"name": "Base",
					"pivot": [0, 8, 0],
					"cubes": [
						{
							"origin": [-7, 1, -7.75],
							"size": [14, 14, 0.5],
							"uv": {
								"north": {"uv": [18, 18], "uv_size": [14, 14]},
								"east": {"uv": [32, 32], "uv_size": [0, 0]},
								"south": {"uv": [31, 0], "uv_size": [-14, 14]},
								"west": {"uv": [32, 32], "uv_size": [0, 0]},
								"up": {"uv": [32, 32], "uv_size": [0, 0]},
								"down": {"uv": [32, 32], "uv_size": [0, 0]}
							}
						},
						{
							"origin": [-7, 1, -8.25],
							"size": [14, 14, 0.5],
							"uv": {
								"north": {"uv": [18, 18], "uv_size": [14, 14]},
								"east": {"uv": [32, 32], "uv_size": [0, 0]},
								"south": {"uv": [14, 0], "uv_size": [-14, 14]},
								"west": {"uv": [32, 32], "uv_size": [0, 0]},
								"up": {"uv": [32, 32], "uv_size": [0, 0]},
								"down": {"uv": [32, 32], "uv_size": [0, 0]}
							}
						},
						{
							"origin": [-2.5, 5, -7.25],
							"size": [5, 5, 0.5],
							"uv": {
								"north": {"uv": [32, 32], "uv_size": [0, 0]},
								"east": {"uv": [32, 32], "uv_size": [0, 0]},
								"south": {"uv": [10, 23], "uv_size": [-5, 5]},
								"west": {"uv": [32, 32], "uv_size": [0, 0]},
								"up": {"uv": [32, 32], "uv_size": [0, 0]},
								"down": {"uv": [32, 32], "uv_size": [0, 0]}
							}
						}
					]
				}
			]
		}
	]
}