{
	"format_version": "1.12.0",
	"minecraft:geometry": [
		{
			"description": {
				"identifier": "geometry.presents.shape5",
				"texture_width": 32,
				"texture_height": 32,
				"visible_bounds_width": 2,
				"visible_bounds_height": 2,
				"visible_bounds_offset": [0, 1, 0]
			},
			"bones": [
				{
					"name": "Base",
					"pivot": [0, -0.75, 3],
					"rotation": [0, -90, 0],
					"cubes": [
						{
							"origin": [-5.75, 2.5, -4.5],
							"size": [5.5, 2, 5.5],
							"uv": {
								"north": {"uv": [27, 2], "uv_size": [5, 2]},
								"east": {"uv": [27, 2], "uv_size": [5, 2]},
								"south": {"uv": [27, 2], "uv_size": [5, 2]},
								"west": {"uv": [27, 2], "uv_size": [5, 2]},
								"up": {"uv": [32, 10], "uv_size": [-5, -5]},
								"down": {"uv": [32, 10], "uv_size": [-5, -5]}
							}
						},
						{
							"origin": [-5.5, 0, -4.25],
							"size": [5, 3, 5],
							"uv": {
								"north": {"uv": [27, 0], "uv_size": [5, 3]},
								"east": {"uv": [27, 0], "uv_size": [5, 3]},
								"south": {"uv": [27, 0], "uv_size": [5, 3]},
								"west": {"uv": [27, 0], "uv_size": [5, 3]},
								"up": {"uv": [8, 8], "uv_size": [-8, -8]},
								"down": {"uv": [32, 10], "uv_size": [-5, -5]}
							}
						},
						{
							"origin": [-0.75, 4, 4.5],
							"size": [5.5, 2, 5.5],
							"uv": {
								"north": {"uv": [27, 13], "uv_size": [5, 2]},
								"east": {"uv": [27, 13], "uv_size": [5, 2]},
								"south": {"uv": [27, 13], "uv_size": [5, 2]},
								"west": {"uv": [27, 13], "uv_size": [5, 2]},
								"up": {"uv": [32, 21], "uv_size": [-5, -5]},
								"down": {"uv": [32, 21], "uv_size": [-5, -5]}
							}
						},
						{
							"origin": [-0.5, 0, 4.75],
							"size": [5, 5, 5],
							"uv": {
								"north": {"uv": [27, 11], "uv_size": [5, 5]},
								"east": {"uv": [27, 11], "uv_size": [5, 5]},
								"south": {"uv": [27, 11], "uv_size": [5, 5]},
								"west": {"uv": [27, 11], "uv_size": [5, 5]},
								"up": {"uv": [8, 19], "uv_size": [-8, -8]},
								"down": {"uv": [32, 21], "uv_size": [-5, -5]}
							}
						},
						{
							"origin": [-10, 0, 4],
							"size": [6, 4, 6],
							"uv": {
								"north": {"uv": [9, 4], "uv_size": [6, 4]},
								"east": {"uv": [9, 4], "uv_size": [6, 4]},
								"south": {"uv": [9, 4], "uv_size": [6, 4]},
								"west": {"uv": [9, 4], "uv_size": [6, 4]},
								"up": {"uv": [8, 8], "uv_size": [-8, -8]},
								"down": {"uv": [7, 7], "uv_size": [-6, -6]}
							}
						},
						{
							"origin": [-10.5, 3, 3.5],
							"size": [7, 2.25, 7],
							"uv": {
								"north": {"uv": [9, 0], "uv_size": [6, 2]},
								"east": {"uv": [9, 0], "uv_size": [6, 2]},
								"south": {"uv": [9, 0], "uv_size": [6, 2]},
								"west": {"uv": [9, 0], "uv_size": [6, 2]},
								"up": {"uv": [7, 7], "uv_size": [-6, -6]},
								"down": {"uv": [7, 7], "uv_size": [-6, -6]}
							}
						}
					]
				},
				{
					"name": "bow",
					"parent": "Base",
					"pivot": [0, -3.75, 3],
					"rotation": [0, -45, 0],
					"cubes": [
						{
							"origin": [-6.9519, 4.5, 1.76992],
							"size": [3, 1, 0],
							"uv": {
								"north": {"uv": [18, 3], "uv_size": [3, 1]},
								"east": {"uv": [31, 31], "uv_size": [1, 1]},
								"south": {"uv": [31, 31], "uv_size": [1, 1]},
								"west": {"uv": [31, 31], "uv_size": [1, 1]},
								"up": {"uv": [32, 32], "uv_size": [-1, -1]},
								"down": {"uv": [32, 32], "uv_size": [-1, -1]}
							}
						},
						{
							"origin": [-5.4519, 4.5, 0.26992],
							"size": [0, 1, 3],
							"uv": {
								"north": {"uv": [32, 32], "uv_size": [0, 0]},
								"east": {"uv": [18, 3], "uv_size": [3, 1]},
								"south": {"uv": [31, 31], "uv_size": [1, 1]},
								"west": {"uv": [31, 31], "uv_size": [1, 1]},
								"up": {"uv": [32, 32], "uv_size": [-1, -1]},
								"down": {"uv": [32, 32], "uv_size": [-1, -1]}
							}
						},
						{
							"origin": [2.94759, 6, 4.59835],
							"size": [3, 1, 0],
							"uv": {
								"north": {"uv": [18, 3], "uv_size": [3, 1]},
								"east": {"uv": [31, 31], "uv_size": [1, 1]},
								"south": {"uv": [31, 31], "uv_size": [1, 1]},
								"west": {"uv": [31, 31], "uv_size": [1, 1]},
								"up": {"uv": [32, 32], "uv_size": [-1, -1]},
								"down": {"uv": [32, 32], "uv_size": [-1, -1]}
							}
						},
						{
							"origin": [4.44759, 6, 3.09835],
							"size": [0, 1, 3],
							"uv": {
								"north": {"uv": [32, 32], "uv_size": [0, 0]},
								"east": {"uv": [18, 3], "uv_size": [3, 1]},
								"south": {"uv": [31, 31], "uv_size": [1, 1]},
								"west": {"uv": [31, 31], "uv_size": [1, 1]},
								"up": {"uv": [32, 32], "uv_size": [-1, -1]},
								"down": {"uv": [32, 32], "uv_size": [-1, -1]}
							}
						},
						{
							"origin": [-4.71967, 5.25, 10.67678],
							"size": [5, 3, 0],
							"uv": {
								"north": {"uv": [17, 0], "uv_size": [5, 3]},
								"east": {"uv": [31, 31], "uv_size": [1, 1]},
								"south": {"uv": [31, 31], "uv_size": [1, 1]},
								"west": {"uv": [31, 31], "uv_size": [1, 1]},
								"up": {"uv": [32, 32], "uv_size": [-1, -1]},
								"down": {"uv": [32, 32], "uv_size": [-1, -1]}
							}
						},
						{
							"origin": [-2.21967, 5.25, 8.17678],
							"size": [0, 3, 5],
							"uv": {
								"north": {"uv": [32, 32], "uv_size": [0, 0]},
								"east": {"uv": [17, 0], "uv_size": [5, 3]},
								"south": {"uv": [31, 31], "uv_size": [1, 1]},
								"west": {"uv": [31, 31], "uv_size": [1, 1]},
								"up": {"uv": [32, 32], "uv_size": [-1, -1]},
								"down": {"uv": [32, 32], "uv_size": [-1, -1]}
							}
						}
					]
				}
			]
		}
	]
}