{
	"format_version": "1.12.0",
	"minecraft:geometry": [
		{
			"description": {
				"identifier": "geometry.presents.shape0",
				"texture_width": 32,
				"texture_height": 32,
				"visible_bounds_width": 2,
				"visible_bounds_height": 2,
				"visible_bounds_offset": [0, 1, 0]
			},
			"bones": [
				{
					"name": "Base",
					"pivot": [0, -0.75, 0],
					"cubes": [
						{
							"origin": [-4, 0, -4],
							"size": [8, 8, 8],
							"uv": {
								"north": {"uv": [8, 0], "uv_size": [8, 8]},
								"east": {"uv": [8, 0], "uv_size": [8, 8]},
								"south": {"uv": [8, 0], "uv_size": [8, 8]},
								"west": {"uv": [8, 0], "uv_size": [8, 8]},
								"up": {"uv": [8, 8], "uv_size": [-8, -8]},
								"down": {"uv": [8, 8], "uv_size": [-8, -8]}
							}
						},
						{
							"origin": [-4.5, 6.75, -4.5],
							"size": [9, 2.25, 9],
							"uv": {
								"north": {"uv": [8, 0], "uv_size": [8, 2]},
								"east": {"uv": [8, 0], "uv_size": [8, 2]},
								"south": {"uv": [8, 0], "uv_size": [8, 2]},
								"west": {"uv": [8, 0], "uv_size": [8, 2]},
								"up": {"uv": [8, 8], "uv_size": [-8, -8]},
								"down": {"uv": [8, 8], "uv_size": [-8, -8]}
							}
						}
					]
				},
				{
					"name": "bow",
					"parent": "Base",
					"pivot": [0, -0.75, 0],
					"rotation": [0, -45, 0],
					"cubes": [
						{
							"origin": [-2.5, 9, 0],
							"size": [5, 3, 0],
							"pivot": [0, -0.75, 0],
							"rotation": [0, 180, 0],
							"uv": {
								"north": {"uv": [17, 0], "uv_size": [5, 3]},
								"east": {"uv": [31, 31], "uv_size": [1, 1]},
								"south": {"uv": [31, 31], "uv_size": [1, 1]},
								"west": {"uv": [31, 31], "uv_size": [1, 1]},
								"up": {"uv": [32, 32], "uv_size": [-1, -1]},
								"down": {"uv": [32, 32], "uv_size": [-1, -1]}
							}
						},
						{
							"origin": [0, 9, -2.5],
							"size": [0, 3, 5],
							"pivot": [0, -0.75, 0],
							"rotation": [0, 180, 0],
							"uv": {
								"north": {"uv": [32, 32], "uv_size": [0, 0]},
								"east": {"uv": [17, 0], "uv_size": [5, 3]},
								"south": {"uv": [31, 31], "uv_size": [1, 1]},
								"west": {"uv": [31, 31], "uv_size": [1, 1]},
								"up": {"uv": [32, 32], "uv_size": [-1, -1]},
								"down": {"uv": [32, 32], "uv_size": [-1, -1]}
							}
						}
					]
				}
			]
		}
	]
}