{
	"format_version": "1.12.0",
	"minecraft:geometry": [
		{
			"description": {
				"identifier": "geometry.presents.shape2",
				"texture_width": 32,
				"texture_height": 32,
				"visible_bounds_width": 3,
				"visible_bounds_height": 2,
				"visible_bounds_offset": [0, 1, 0]
			},
			"bones": [
				{
					"name": "Base",
					"pivot": [0, -0.75, 0],
					"cubes": [
						{
							"origin": [-5, 0, -5],
							"size": [6, 10, 6],
							"uv": {
								"north": {"uv": [16, 20], "uv_size": [6, 10]},
								"east": {"uv": [16, 20], "uv_size": [6, 10]},
								"south": {"uv": [16, 20], "uv_size": [6, 10]},
								"west": {"uv": [16, 20], "uv_size": [6, 10]},
								"up": {"uv": [30, 29], "uv_size": [-8, -8]},
								"down": {"uv": [29, 28], "uv_size": [-6, -6]}
							}
						},
						{
							"origin": [-5.5, 9.75, -5.5],
							"size": [7, 2.25, 7],
							"uv": {
								"north": {"uv": [16, 25], "uv_size": [6, 2]},
								"east": {"uv": [16, 25], "uv_size": [6, 2]},
								"south": {"uv": [16, 25], "uv_size": [6, 2]},
								"west": {"uv": [16, 25], "uv_size": [6, 2]},
								"up": {"uv": [29, 28], "uv_size": [-6, -6]},
								"down": {"uv": [29, 28], "uv_size": [-6, -6]}
							}
						},
						{
							"origin": [-0.5, 0, 0.75],
							"size": [5, 3, 5],
							"uv": {
								"north": {"uv": [27, 0], "uv_size": [5, 3]},
								"east": {"uv": [27, 0], "uv_size": [5, 3]},
								"south": {"uv": [27, 0], "uv_size": [5, 3]},
								"west": {"uv": [27, 0], "uv_size": [5, 3]},
								"up": {"uv": [8, 8], "uv_size": [-8, -8]},
								"down": {"uv": [32, 10], "uv_size": [-5, -5]}
							}
						},
						{
							"origin": [-0.75, 2.5, 0.5],
							"size": [5.5, 2, 5.5],
							"uv": {
								"north": {"uv": [27, 2], "uv_size": [5, 2]},
								"east": {"uv": [27, 2], "uv_size": [5, 2]},
								"south": {"uv": [27, 2], "uv_size": [5, 2]},
								"west": {"uv": [27, 2], "uv_size": [5, 2]},
								"up": {"uv": [32, 10], "uv_size": [-5, -5]},
								"down": {"uv": [32, 10], "uv_size": [-5, -5]}
							}
						}
					]
				},
				{
					"name": "bow",
					"parent": "Base",
					"pivot": [0, 2.25, 0],
					"rotation": [0, -45, 0],
					"cubes": [
						{
							"origin": [-5.32843, 12, 0],
							"size": [5, 3, 0],
							"uv": {
								"north": {"uv": [17, 7], "uv_size": [5, 3]},
								"east": {"uv": [31, 31], "uv_size": [1, 1]},
								"south": {"uv": [31, 31], "uv_size": [1, 1]},
								"west": {"uv": [31, 31], "uv_size": [1, 1]},
								"up": {"uv": [32, 32], "uv_size": [-1, -1]},
								"down": {"uv": [32, 32], "uv_size": [-1, -1]}
							}
						},
						{
							"origin": [-2.82843, 12, -2.5],
							"size": [0, 3, 5],
							"uv": {
								"north": {"uv": [32, 32], "uv_size": [0, 0]},
								"east": {"uv": [17, 7], "uv_size": [5, 3]},
								"south": {"uv": [31, 31], "uv_size": [1, 1]},
								"west": {"uv": [31, 31], "uv_size": [1, 1]},
								"up": {"uv": [32, 32], "uv_size": [-1, -1]},
								"down": {"uv": [32, 32], "uv_size": [-1, -1]}
							}
						},
						{
							"origin": [2.2981, 4.5, 0.76992],
							"size": [3, 1, 0],
							"uv": {
								"north": {"uv": [18, 3], "uv_size": [3, 1]},
								"east": {"uv": [31, 31], "uv_size": [1, 1]},
								"south": {"uv": [31, 31], "uv_size": [1, 1]},
								"west": {"uv": [31, 31], "uv_size": [1, 1]},
								"up": {"uv": [32, 32], "uv_size": [-1, -1]},
								"down": {"uv": [32, 32], "uv_size": [-1, -1]}
							}
						},
						{
							"origin": [3.7981, 4.5, -0.73008],
							"size": [0, 1, 3],
							"uv": {
								"north": {"uv": [32, 32], "uv_size": [0, 0]},
								"east": {"uv": [18, 3], "uv_size": [3, 1]},
								"south": {"uv": [31, 31], "uv_size": [1, 1]},
								"west": {"uv": [31, 31], "uv_size": [1, 1]},
								"up": {"uv": [32, 32], "uv_size": [-1, -1]},
								"down": {"uv": [32, 32], "uv_size": [-1, -1]}
							}
						}
					]
				}
			]
		}
	]
}