{
	"format_version": "1.12.0",
	"minecraft:geometry": [
		{
			"description": {
				"identifier": "geometry.presents.shape4",
				"texture_width": 32,
				"texture_height": 32,
				"visible_bounds_width": 2,
				"visible_bounds_height": 2,
				"visible_bounds_offset": [0, 1, 0]
			},
			"bones": [
				{
					"name": "Base",
					"pivot": [0, -0.75, -3],
					"rotation": [0, 90, 0],
					"cubes": [
						{
							"origin": [-3.75, 0, -10],
							"size": [8, 4, 14],
							"uv": {
								"north": {"uv": [16, 16], "uv_size": [8, 4]},
								"east": {"uv": [0, 26], "uv_size": [14, 4]},
								"south": {"uv": [16, 16], "uv_size": [8, 4]},
								"west": {"uv": [0, 26], "uv_size": [14, 4]},
								"up": {"uv": [16, 26], "uv_size": [-8, -14]},
								"down": {"uv": [16, 26], "uv_size": [-8, -14]}
							}
						},
						{
							"origin": [-4.25, 3.75, -10.5],
							"size": [9, 2.25, 15],
							"uv": {
								"north": {"uv": [16, 14], "uv_size": [8, 2]},
								"east": {"uv": [14, 26], "uv_size": [-14, 2]},
								"south": {"uv": [16, 14], "uv_size": [8, 2]},
								"west": {"uv": [14, 26], "uv_size": [-14, 2]},
								"up": {"uv": [16, 26], "uv_size": [-8, -14]},
								"down": {"uv": [16, 26], "uv_size": [-8, -14]}
							}
						},
						{
							"origin": [-10.75, 4, -9.5],
							"size": [5.5, 2, 5.5],
							"uv": {
								"north": {"uv": [27, 2], "uv_size": [5, 2]},
								"east": {"uv": [27, 2], "uv_size": [5, 2]},
								"south": {"uv": [27, 2], "uv_size": [5, 2]},
								"west": {"uv": [27, 2], "uv_size": [5, 2]},
								"up": {"uv": [32, 10], "uv_size": [-5, -5]},
								"down": {"uv": [32, 10], "uv_size": [-5, -5]}
							}
						},
						{
							"origin": [-10.5, 0, -9.25],
							"size": [5, 5, 5],
							"uv": {
								"north": {"uv": [27, 0], "uv_size": [5, 5]},
								"east": {"uv": [27, 0], "uv_size": [5, 5]},
								"south": {"uv": [27, 0], "uv_size": [5, 5]},
								"west": {"uv": [27, 0], "uv_size": [5, 5]},
								"up": {"uv": [8, 8], "uv_size": [-8, -8]},
								"down": {"uv": [32, 10], "uv_size": [-5, -5]}
							}
						},
						{
							"origin": [-10.25, 0, -2.5],
							"size": [6, 9, 6],
							"uv": {
								"north": {"uv": [9, 0], "uv_size": [6, 8]},
								"east": {"uv": [9, 0], "uv_size": [6, 8]},
								"south": {"uv": [9, 0], "uv_size": [6, 8]},
								"west": {"uv": [9, 0], "uv_size": [6, 8]},
								"up": {"uv": [8, 8], "uv_size": [-8, -8]},
								"down": {"uv": [7, 7], "uv_size": [-6, -6]}
							}
						},
						{
							"origin": [-10.75, 7, -3],
							"size": [7, 2.25, 7],
							"uv": {
								"north": {"uv": [9, 0], "uv_size": [6, 2]},
								"east": {"uv": [9, 0], "uv_size": [6, 2]},
								"south": {"uv": [9, 0], "uv_size": [6, 2]},
								"west": {"uv": [9, 0], "uv_size": [6, 2]},
								"up": {"uv": [7, 7], "uv_size": [-6, -6]},
								"down": {"uv": [7, 7], "uv_size": [-6, -6]}
							}
						}
					]
				},
				{
					"name": "bow",
					"parent": "Base",
					"pivot": [0, -3.75, -3],
					"rotation": [0, -45, 0],
					"cubes": [
						{
							"origin": [-2.32322, 6, -3.17678],
							"size": [5, 3, 0],
							"uv": {
								"north": {"uv": [17, 4], "uv_size": [5, 3]},
								"east": {"uv": [31, 31], "uv_size": [1, 1]},
								"south": {"uv": [31, 31], "uv_size": [1, 1]},
								"west": {"uv": [31, 31], "uv_size": [1, 1]},
								"up": {"uv": [32, 32], "uv_size": [-1, -1]},
								"down": {"uv": [32, 32], "uv_size": [-1, -1]}
							}
						},
						{
							"origin": [0.17678, 6, -5.67678],
							"size": [0, 3, 5],
							"uv": {
								"north": {"uv": [32, 32], "uv_size": [0, 0]},
								"east": {"uv": [17, 4], "uv_size": [5, 3]},
								"south": {"uv": [31, 31], "uv_size": [1, 1]},
								"west": {"uv": [31, 31], "uv_size": [1, 1]},
								"up": {"uv": [32, 32], "uv_size": [-1, -1]},
								"down": {"uv": [32, 32], "uv_size": [-1, -1]}
							}
						},
						{
							"origin": [-9.78033, 6, 0.01256],
							"size": [3, 1, 0],
							"uv": {
								"north": {"uv": [18, 3], "uv_size": [3, 1]},
								"east": {"uv": [31, 31], "uv_size": [1, 1]},
								"south": {"uv": [31, 31], "uv_size": [1, 1]},
								"west": {"uv": [31, 31], "uv_size": [1, 1]},
								"up": {"uv": [32, 32], "uv_size": [-1, -1]},
								"down": {"uv": [32, 32], "uv_size": [-1, -1]}
							}
						},
						{
							"origin": [-8.28033, 6, -1.48744],
							"size": [0, 1, 3],
							"uv": {
								"north": {"uv": [32, 32], "uv_size": [0, 0]},
								"east": {"uv": [18, 3], "uv_size": [3, 1]},
								"south": {"uv": [31, 31], "uv_size": [1, 1]},
								"west": {"uv": [31, 31], "uv_size": [1, 1]},
								"up": {"uv": [32, 32], "uv_size": [-1, -1]},
								"down": {"uv": [32, 32], "uv_size": [-1, -1]}
							}
						},
						{
							"origin": [-5.25, 9.25, 4.5],
							"size": [5, 3, 0],
							"uv": {
								"north": {"uv": [17, 0], "uv_size": [5, 3]},
								"east": {"uv": [31, 31], "uv_size": [1, 1]},
								"south": {"uv": [31, 31], "uv_size": [1, 1]},
								"west": {"uv": [31, 31], "uv_size": [1, 1]},
								"up": {"uv": [32, 32], "uv_size": [-1, -1]},
								"down": {"uv": [32, 32], "uv_size": [-1, -1]}
							}
						},
						{
							"origin": [-2.75, 9.25, 2],
							"size": [0, 3, 5],
							"uv": {
								"north": {"uv": [32, 32], "uv_size": [0, 0]},
								"east": {"uv": [17, 0], "uv_size": [5, 3]},
								"south": {"uv": [31, 31], "uv_size": [1, 1]},
								"west": {"uv": [31, 31], "uv_size": [1, 1]},
								"up": {"uv": [32, 32], "uv_size": [-1, -1]},
								"down": {"uv": [32, 32], "uv_size": [-1, -1]}
							}
						}
					]
				}
			]
		}
	]
}