{
	"format_version": "1.12.0",
	"minecraft:geometry": [
		{
			"description": {
				"identifier": "geometry.presents.shape3",
				"texture_width": 32,
				"texture_height": 32,
				"visible_bounds_width": 3,
				"visible_bounds_height": 2,
				"visible_bounds_offset": [0, 1, 0]
			},
			"bones": [
				{
					"name": "Base",
					"pivot": [3, -0.75, 3],
					"cubes": [
						{
							"origin": [-1, 0, -7],
							"size": [8, 8, 8],
							"uv": {
								"north": {"uv": [8, 0], "uv_size": [8, 8]},
								"east": {"uv": [8, 0], "uv_size": [8, 8]},
								"south": {"uv": [8, 0], "uv_size": [8, 8]},
								"west": {"uv": [8, 0], "uv_size": [8, 8]},
								"up": {"uv": [8, 8], "uv_size": [-8, -8]},
								"down": {"uv": [8, 8], "uv_size": [-8, -8]}
							}
						},
						{
							"origin": [-6.5, 0, -2],
							"size": [5, 5, 5],
							"uv": {
								"north": {"uv": [27, 11], "uv_size": [5, 5]},
								"east": {"uv": [27, 11], "uv_size": [5, 5]},
								"south": {"uv": [27, 11], "uv_size": [5, 5]},
								"west": {"uv": [27, 11], "uv_size": [5, 5]},
								"up": {"uv": [32, 21], "uv_size": [-5, -5]},
								"down": {"uv": [32, 21], "uv_size": [-5, -5]}
							}
						},
						{
							"origin": [1, 0, 2.5],
							"size": [5, 5, 5],
							"uv": {
								"north": {"uv": [27, 0], "uv_size": [5, 5]},
								"east": {"uv": [27, 0], "uv_size": [5, 5]},
								"south": {"uv": [27, 0], "uv_size": [5, 5]},
								"west": {"uv": [27, 0], "uv_size": [5, 5]},
								"up": {"uv": [8, 8], "uv_size": [-8, -8]},
								"down": {"uv": [32, 10], "uv_size": [-5, -5]}
							}
						},
						{
							"origin": [-1.5, 6.75, -7.5],
							"size": [9, 2.25, 9],
							"uv": {
								"north": {"uv": [8, 0], "uv_size": [8, 2]},
								"east": {"uv": [8, 0], "uv_size": [8, 2]},
								"south": {"uv": [8, 0], "uv_size": [8, 2]},
								"west": {"uv": [8, 0], "uv_size": [8, 2]},
								"up": {"uv": [8, 8], "uv_size": [-8, -8]},
								"down": {"uv": [8, 8], "uv_size": [-8, -8]}
							}
						},
						{
							"origin": [-6.75, 4, -2.25],
							"size": [5.5, 2, 5.5],
							"uv": {
								"north": {"uv": [27, 11], "uv_size": [5, 2]},
								"east": {"uv": [27, 11], "uv_size": [5, 2]},
								"south": {"uv": [27, 11], "uv_size": [5, 2]},
								"west": {"uv": [27, 11], "uv_size": [5, 2]},
								"up": {"uv": [32, 21], "uv_size": [-5, -5]},
								"down": {"uv": [32, 21], "uv_size": [-5, -5]}
							}
						},
						{
							"origin": [0.75, 4, 2.25],
							"size": [5.5, 2, 5.5],
							"uv": {
								"north": {"uv": [27, 2], "uv_size": [5, 2]},
								"east": {"uv": [27, 2], "uv_size": [5, 2]},
								"south": {"uv": [27, 2], "uv_size": [5, 2]},
								"west": {"uv": [27, 2], "uv_size": [5, 2]},
								"up": {"uv": [32, 10], "uv_size": [-5, -5]},
								"down": {"uv": [32, 10], "uv_size": [-5, -5]}
							}
						}
					]
				},
				{
					"name": "bow",
					"parent": "Base",
					"pivot": [3, -0.75, 3],
					"rotation": [0, -45, 0],
					"cubes": [
						{
							"origin": [-3.75, 9, -1.25],
							"size": [5, 3, 0],
							"uv": {
								"north": {"uv": [17, 0], "uv_size": [5, 3]},
								"east": {"uv": [31, 31], "uv_size": [1, 1]},
								"south": {"uv": [31, 31], "uv_size": [1, 1]},
								"west": {"uv": [31, 31], "uv_size": [1, 1]},
								"up": {"uv": [32, 32], "uv_size": [-1, -1]},
								"down": {"uv": [32, 32], "uv_size": [-1, -1]}
							}
						},
						{
							"origin": [-5.14645, 6, 6.14645],
							"size": [3, 1, 0],
							"uv": {
								"north": {"uv": [18, 3], "uv_size": [3, 1]},
								"east": {"uv": [31, 31], "uv_size": [1, 1]},
								"south": {"uv": [31, 31], "uv_size": [1, 1]},
								"west": {"uv": [31, 31], "uv_size": [1, 1]},
								"up": {"uv": [32, 32], "uv_size": [-1, -1]},
								"down": {"uv": [32, 32], "uv_size": [-1, -1]}
							}
						},
						{
							"origin": [3.14645, 6, 4.06066],
							"size": [3, 1, 0],
							"uv": {
								"north": {"uv": [18, 3], "uv_size": [3, 1]},
								"east": {"uv": [31, 31], "uv_size": [1, 1]},
								"south": {"uv": [31, 31], "uv_size": [1, 1]},
								"west": {"uv": [31, 31], "uv_size": [1, 1]},
								"up": {"uv": [32, 32], "uv_size": [-1, -1]},
								"down": {"uv": [32, 32], "uv_size": [-1, -1]}
							}
						},
						{
							"origin": [-1.25, 9, -3.75],
							"size": [0, 3, 5],
							"uv": {
								"north": {"uv": [32, 32], "uv_size": [0, 0]},
								"east": {"uv": [17, 0], "uv_size": [5, 3]},
								"south": {"uv": [31, 31], "uv_size": [1, 1]},
								"west": {"uv": [31, 31], "uv_size": [1, 1]},
								"up": {"uv": [32, 32], "uv_size": [-1, -1]},
								"down": {"uv": [32, 32], "uv_size": [-1, -1]}
							}
						},
						{
							"origin": [-3.64645, 6, 4.64645],
							"size": [0, 1, 3],
							"uv": {
								"north": {"uv": [32, 32], "uv_size": [0, 0]},
								"east": {"uv": [18, 3], "uv_size": [3, 1]},
								"south": {"uv": [31, 31], "uv_size": [1, 1]},
								"west": {"uv": [31, 31], "uv_size": [1, 1]},
								"up": {"uv": [32, 32], "uv_size": [-1, -1]},
								"down": {"uv": [32, 32], "uv_size": [-1, -1]}
							}
						},
						{
							"origin": [4.64645, 6, 2.56066],
							"size": [0, 1, 3],
							"uv": {
								"north": {"uv": [32, 32], "uv_size": [0, 0]},
								"east": {"uv": [18, 3], "uv_size": [3, 1]},
								"south": {"uv": [31, 31], "uv_size": [1, 1]},
								"west": {"uv": [31, 31], "uv_size": [1, 1]},
								"up": {"uv": [32, 32], "uv_size": [-1, -1]},
								"down": {"uv": [32, 32], "uv_size": [-1, -1]}
							}
						}
					]
				}
			]
		}
	]
}