{
	"format_version": "1.12.0",
	"minecraft:geometry": [
		{
			"description": {
				"identifier": "geometry.presents.shape1",
				"texture_width": 32,
				"texture_height": 32,
				"visible_bounds_width": 2,
				"visible_bounds_height": 2,
				"visible_bounds_offset": [0, 1, 0]
			},
			"bones": [
				{
					"name": "Base",
					"pivot": [0, -0.75, 0],
					"cubes": [
						{
							"origin": [-4, 0, -7],
							"size": [8, 4, 14],
							"uv": {
								"north": {"uv": [8, 4], "uv_size": [8, 4]},
								"east": {"uv": [0, 8], "uv_size": [14, 4]},
								"south": {"uv": [8, 4], "uv_size": [8, 4]},
								"west": {"uv": [0, 8], "uv_size": [14, 4]},
								"up": {"uv": [8, 26], "uv_size": [-8, -14]},
								"down": {"uv": [8, 26], "uv_size": [-8, -14]}
							}
						},
						{
							"origin": [-4.5, 3.75, -7.5],
							"size": [9, 2.25, 15],
							"uv": {
								"north": {"uv": [8, 0], "uv_size": [8, 2]},
								"east": {"uv": [14, 8], "uv_size": [-14, 2]},
								"south": {"uv": [8, 0], "uv_size": [8, 2]},
								"west": {"uv": [14, 8], "uv_size": [-14, 2]},
								"up": {"uv": [8, 26], "uv_size": [-8, -14]},
								"down": {"uv": [8, 26], "uv_size": [-8, -14]}
							}
						}
					]
				},
				{
					"name": "bow",
					"parent": "Base",
					"pivot": [0, -3.75, 0],
					"rotation": [0, -45, 0],
					"cubes": [
						{
							"origin": [-2.5, 6, 0],
							"size": [5, 3, 0],
							"uv": {
								"north": {"uv": [17, 0], "uv_size": [5, 3]},
								"east": {"uv": [31, 31], "uv_size": [1, 1]},
								"south": {"uv": [31, 31], "uv_size": [1, 1]},
								"west": {"uv": [31, 31], "uv_size": [1, 1]},
								"up": {"uv": [32, 32], "uv_size": [-1, -1]},
								"down": {"uv": [32, 32], "uv_size": [-1, -1]}
							}
						},
						{
							"origin": [0, 6, -2.5],
							"size": [0, 3, 5],
							"uv": {
								"north": {"uv": [32, 32], "uv_size": [0, 0]},
								"east": {"uv": [17, 0], "uv_size": [5, 3]},
								"south": {"uv": [31, 31], "uv_size": [1, 1]},
								"west": {"uv": [31, 31], "uv_size": [1, 1]},
								"up": {"uv": [32, 32], "uv_size": [-1, -1]},
								"down": {"uv": [32, 32], "uv_size": [-1, -1]}
							}
						}
					]
				}
			]
		}
	]
}