{
	"format_version": "1.12.0",
	"minecraft:geometry": [
		{
			"description": {
				"identifier": "geometry.boi.shelf1",
				"texture_width": 32,
				"texture_height": 32,
				"visible_bounds_width": 2,
				"visible_bounds_height": 2,
				"visible_bounds_offset": [0, 1, 0]
			},
			"bones": [
				{
					"name": "Base",
					"pivot": [0, -0.75, 0],
					"cubes": [
						{
							"origin": [3, 10, -8],
							"size": [3, 3, 8],
							"uv": {
								"north": {"uv": [29, 2], "uv_size": [3, 3]},
								"east": {"uv": [24, 13], "uv_size": [8, 2]},
								"south": {"uv": [29, 2], "uv_size": [3, 3]},
								"west": {"uv": [24, 13], "uv_size": [8, 2]},
								"up": {"uv": [32, 13], "uv_size": [-3, -8]},
								"down": {"uv": [32, 13], "uv_size": [-3, -8]}
							}
						},
						{
							"origin": [-6, 10, -8],
							"size": [3, 3, 8],
							"uv": {
								"north": {"uv": [29, 2], "uv_size": [3, 3]},
								"east": {"uv": [24, 13], "uv_size": [8, 2]},
								"south": {"uv": [29, 2], "uv_size": [3, 3]},
								"west": {"uv": [24, 13], "uv_size": [8, 2]},
								"up": {"uv": [32, 13], "uv_size": [-3, -8]},
								"down": {"uv": [32, 13], "uv_size": [-3, -8]}
							}
						},
						{
							"origin": [-8, 13, -8],
							"size": [16, 3, 16],
							"uv": {
								"north": {"uv": [16, 0], "uv_size": [16, 3]},
								"east": {"uv": [0, 17], "uv_size": [16, 3]},
								"south": {"uv": [32, 0], "uv_size": [-16, 3]},
								"west": {"uv": [0, 17], "uv_size": [16, 3]},
								"up": {"uv": [16, 0], "uv_size": [-16, 16]},
								"down": {"uv": [0, 0], "uv_size": [16, 16]}
							}
						}
					]
				}
			]
		}
	]
}