{
	"format_version": "1.8.0",
	"geometry.skeleton.block_hanging": {
		"texturewidth": 64,
		"textureheight": 32,
		"visible_bounds_width": 3,
		"visible_bounds_height": 4,
		"visible_bounds_offset": [0, 1, 0],
		"bones": [
			{
				"name": "chain",
				"pivot": [0, 8, 0],
				"rotation": [0, -45, 0],
				"cubes": [
					{"origin": [0, 6, -1.5], "size": [0, 10, 3], "uv": [52, 0]},
					{"origin": [-1.5, 6, 0], "size": [3, 10, 0], "uv": [58, 0]}
				]
			},
			{
				"name": "waist",
				"pivot": [0, -6, 0],
				"rotation": [0, 180, 0]
			},
			{
				"name": "body",
				"parent": "waist",
				"pivot": [0, 6, 0],
				"cubes": [
					{"origin": [-4, -6, -2], "size": [8, 12, 4], "uv": [16, 16]}
				]
			},
			{
				"name": "head",
				"parent": "body",
				"pivot": [0, 5, -1],
				"rotation": [39.97766, 1.15408, -2.21783],
				"cubes": [
					{"origin": [-4, 5, -5], "size": [8, 8, 8], "uv": [0, 0]}
				]
			},
			{
				"name": "rightArm",
				"parent": "body",
				"pivot": [-5, 4, 0],
				"rotation": [0, 0, 2.5],
				"cubes": [
					{"origin": [-6, -6, -1], "size": [2, 12, 2], "uv": [40, 16]}
				]
			},
			{
				"name": "rightItem",
				"parent": "rightArm",
				"pivot": [-6, -3, 1]
			},
			{
				"name": "leftArm",
				"parent": "body",
				"pivot": [5, 4, 0],
				"rotation": [0, 0, -2.5],
				"mirror": true,
				"cubes": [
					{"origin": [4, -6, -1], "size": [2, 12, 2], "uv": [40, 16]}
				]
			},
			{
				"name": "leftItem",
				"parent": "leftArm",
				"pivot": [6, -3, 1]
			},
			{
				"name": "rightLeg",
				"parent": "body",
				"pivot": [-2, -6, 0],
				"cubes": [
					{"origin": [-3, -14, -1], "size": [2, 10, 2], "uv": [0, 16]}
				]
			},
			{
				"name": "leftLeg",
				"parent": "body",
				"pivot": [2, -5.75, 0],
				"mirror": true,
				"cubes": [
					{"origin": [1, -10.75, -1], "size": [2, 7, 2], "uv": [0, 16]}
				]
			}
		]
	}
}