{
	"format_version": "1.8.0",
	"geometry.skeleton.block2": {
		"texturewidth": 64,
		"textureheight": 32,
		"visible_bounds_width": 3,
		"visible_bounds_height": 3,
		"visible_bounds_offset": [0, 1.5, 0],
		"bones": [
			{
				"name": "waist",
				"pivot": [0, 1.5, -6],
				"rotation": [-142.39445, -3.9649, 176.95132]
			},
			{
				"name": "body",
				"parent": "waist",
				"pivot": [0, 13.5, -6],
				"cubes": [
					{"origin": [-4, 1.5, -8], "size": [8, 12, 4], "uv": [16, 16]}
				]
			},
			{
				"name": "head",
				"parent": "body",
				"pivot": [0, 13.5, -6],
				"rotation": [-34.38668, -6.91535, -5.29394],
				"cubes": [
					{"origin": [-4, 13.5, -10], "size": [8, 8, 8], "uv": [0, 0]}
				]
			},
			{
				"name": "rightArm",
				"parent": "body",
				"pivot": [-5, 11.5, -6],
				"rotation": [-60, 0, 0],
				"cubes": [
					{"origin": [-6, 1.5, -7], "size": [2, 12, 2], "uv": [40, 16]}
				]
			},
			{
				"name": "rightItem",
				"parent": "rightArm",
				"pivot": [-6, 4.5, -5]
			},
			{
				"name": "leftArm",
				"parent": "body",
				"pivot": [5, 11.5, -6],
				"rotation": [-120, 0, 0],
				"mirror": true,
				"cubes": [
					{"origin": [4, 1.5, -7], "size": [2, 12, 2], "uv": [40, 16]}
				]
			},
			{
				"name": "leftItem",
				"parent": "leftArm",
				"pivot": [6, 4.5, -5]
			}
		]
	}
}