{
	"format_version": "1.12.0",
	"minecraft:geometry": [
		{
			"description": {
				"identifier": "geometry.snowglobe0",
				"texture_width": 32,
				"texture_height": 32,
				"visible_bounds_width": 5,
				"visible_bounds_height": 5,
				"visible_bounds_offset": [0, 0.5, 0]
			},
			"bones": [
				{
					"name": "waist",
					"pivot": [0, 12, 0],
					"rotation": [-180, 0, 180],
					"cubes": [
						{
							"origin": [-5, 2, -5],
							"size": [10, 10, 10],
							"uv": {
								"north": {"uv": [11, 0], "uv_size": [11, 10]},
								"east": {"uv": [11, 0], "uv_size": [11, 10]},
								"south": {"uv": [11, 0], "uv_size": [11, 10]},
								"west": {"uv": [11, 0], "uv_size": [11, 10]},
								"up": {"uv": [11, 11], "uv_size": [-11, -11]},
								"down": {"uv": [1, 14], "uv_size": [0, 0]}
							}
						},
						{
							"origin": [-6, 0, -6],
							"size": [12, 2, 12],
							"uv": {
								"north": {"uv": [0, 28], "uv_size": [12, 2]},
								"east": {"uv": [0, 30], "uv_size": [12, 2]},
								"south": {"uv": [0, 30], "uv_size": [12, 2]},
								"west": {"uv": [0, 30], "uv_size": [12, 2]},
								"up": {"uv": [12, 28], "uv_size": [-12, -12]},
								"down": {"uv": [24, 32], "uv_size": [-12, -12]}
							}
						}
					]
				},
				{
					"name": "house",
					"parent": "waist",
					"pivot": [-1, 12, 1],
					"cubes": [
						{
							"origin": [-2, 6, -2],
							"size": [2, 1, 6],
							"uv": {
								"north": {"uv": [17, 25], "uv_size": [1, 1]},
								"east": {"uv": [1, 26], "uv_size": [10, 2]},
								"south": {"uv": [17, 25], "uv_size": [1, 1]},
								"west": {"uv": [1, 26], "uv_size": [10, 2]},
								"up": {"uv": [6, 27], "uv_size": [-3, -10]},
								"down": {"uv": [1, 1], "uv_size": [-1, -1]}
							}
						},
						{
							"origin": [-3, 5, -2],
							"size": [4, 1, 6],
							"uv": {
								"north": {"uv": [28, 28], "uv_size": [4, 1]},
								"east": {"uv": [1, 26], "uv_size": [10, 2]},
								"south": {"uv": [28, 28], "uv_size": [4, 1]},
								"west": {"uv": [1, 26], "uv_size": [10, 2]},
								"up": {"uv": [7, 27], "uv_size": [-6, -10]},
								"down": {"uv": [1, 1], "uv_size": [-1, -1]}
							}
						},
						{
							"origin": [-4, 4, -2],
							"size": [6, 1, 6],
							"uv": {
								"north": {"uv": [26, 29], "uv_size": [6, 1]},
								"east": {"uv": [1, 26], "uv_size": [10, 2]},
								"south": {"uv": [26, 29], "uv_size": [6, 1]},
								"west": {"uv": [1, 26], "uv_size": [10, 2]},
								"up": {"uv": [11, 27], "uv_size": [-10, -10]},
								"down": {"uv": [23, 21], "uv_size": [-1, -1]}
							}
						},
						{
							"origin": [-3, 2, -2],
							"size": [4, 2, 6],
							"uv": {
								"north": {"uv": [27, 30], "uv_size": [5, 2]},
								"east": {"uv": [26, 26], "uv_size": [6, 2]},
								"south": {"uv": [27, 30], "uv_size": [5, 2]},
								"west": {"uv": [26, 26], "uv_size": [6, 2]},
								"up": {"uv": [1, 1], "uv_size": [-1, -1]},
								"down": {"uv": [1, 1], "uv_size": [-1, -1]}
							}
						},
						{
							"origin": [2, 2, -4],
							"size": [1, 2, 1],
							"uv": {
								"north": {"uv": [26, 20], "uv_size": [3, 6]},
								"east": {"uv": [2, 14], "uv_size": [1, 2]},
								"south": {"uv": [2, 14], "uv_size": [1, 2]},
								"west": {"uv": [2, 14], "uv_size": [1, 2]},
								"up": {"uv": [1, 16], "uv_size": [-1, -1]},
								"down": {"uv": [2, 16], "uv_size": [-1, -1]}
							}
						}
					]
				}
			]
		}
	]
}