{
	"format_version": "1.12.0",
	"minecraft:geometry": [
		{
			"description": {
				"identifier": "geometry.tesla_coil",
				"texture_width": 128,
				"texture_height": 128,
				"visible_bounds_width": 3,
				"visible_bounds_height": 4,
				"visible_bounds_offset": [0, 1, 0]
			},
			"bones": [
				{
					"name": "waist",
					"pivot": [0, 12, 0],
					"rotation": [-180, 0, 180],
					"cubes": [
						{
							"origin": [-1, 2, -1],
							"size": [2, 22, 2],
							"uv": {
								"north": {"uv": [8, 80], "uv_size": [2, 22]},
								"east": {"uv": [8, 80], "uv_size": [2, 22]},
								"south": {"uv": [8, 80], "uv_size": [2, 22]},
								"west": {"uv": [8, 80], "uv_size": [2, 22]},
								"up": {"uv": [0, 0], "uv_size": [2, 2]},
								"down": {"uv": [0, 2], "uv_size": [2, -2]}
							}
						},
						{
							"origin": [-3, 0.25, -3],
							"size": [6, 5, 6],
							"uv": {
								"north": {"uv": [6, 73], "uv_size": [6, 6]},
								"east": {"uv": [12, 73], "uv_size": [-6, 6]},
								"south": {"uv": [6, 73], "uv_size": [6, 6]},
								"west": {"uv": [12, 73], "uv_size": [-6, 6]},
								"up": {"uv": [12, 73], "uv_size": [-6, 6]},
								"down": {"uv": [6, 79], "uv_size": [6, -6]}
							}
						},
						{
							"origin": [-8, 0, -8],
							"size": [16, 2, 16],
							"uv": {
								"north": {"uv": [3, 120], "uv_size": [16, 2]},
								"east": {"uv": [3, 120], "uv_size": [16, 2]},
								"south": {"uv": [3, 120], "uv_size": [16, 2]},
								"west": {"uv": [3, 120], "uv_size": [16, 2]},
								"up": {"uv": [3, 103], "uv_size": [16, 16]},
								"down": {"uv": [3, 119], "uv_size": [16, -16]}
							}
						},
						{
							"origin": [-5, 4, -5],
							"size": [10, 2, 10],
							"uv": {
								"north": {"uv": [13, 91], "uv_size": [10, 2]},
								"east": {"uv": [13, 91], "uv_size": [10, 2]},
								"south": {"uv": [13, 91], "uv_size": [10, 2]},
								"west": {"uv": [13, 91], "uv_size": [10, 2]},
								"up": {"uv": [13, 80], "uv_size": [10, 10]},
								"down": {"uv": [13, 90], "uv_size": [10, -10]}
							}
						},
						{
							"origin": [-4.5, 8, -4.5],
							"size": [9, 2, 9],
							"uv": {
								"north": {"uv": [13, 91], "uv_size": [9, 2]},
								"east": {"uv": [14, 91], "uv_size": [9, 2]},
								"south": {"uv": [13, 91], "uv_size": [9, 2]},
								"west": {"uv": [14, 91], "uv_size": [9, 2]},
								"up": {"uv": [13, 80], "uv_size": [10, 10]},
								"down": {"uv": [13, 90], "uv_size": [10, -10]}
							}
						},
						{
							"origin": [-4, 12, -4],
							"size": [8, 2, 8],
							"uv": {
								"north": {"uv": [14, 91], "uv_size": [8, 2]},
								"east": {"uv": [15, 91], "uv_size": [8, 2]},
								"south": {"uv": [14, 91], "uv_size": [8, 2]},
								"west": {"uv": [13, 91], "uv_size": [8, 2]},
								"up": {"uv": [14, 81], "uv_size": [8, 8]},
								"down": {"uv": [14, 89], "uv_size": [8, -8]}
							}
						},
						{
							"origin": [-3.5, 16, -3.5],
							"size": [7, 2, 7],
							"uv": {
								"north": {"uv": [14, 91], "uv_size": [7, 2]},
								"east": {"uv": [15, 91], "uv_size": [7, 2]},
								"south": {"uv": [14, 91], "uv_size": [7, 2]},
								"west": {"uv": [15, 91], "uv_size": [7, 2]},
								"up": {"uv": [14, 81], "uv_size": [8, 8]},
								"down": {"uv": [14, 89], "uv_size": [8, -8]}
							}
						},
						{
							"origin": [-3, 20, -3],
							"size": [6, 6, 6],
							"uv": {
								"north": {"uv": [6, 73], "uv_size": [6, 6]},
								"east": {"uv": [12, 73], "uv_size": [-6, 6]},
								"south": {"uv": [6, 73], "uv_size": [6, 6]},
								"west": {"uv": [12, 73], "uv_size": [-6, 6]},
								"up": {"uv": [12, 73], "uv_size": [-6, 6]},
								"down": {"uv": [6, 79], "uv_size": [6, -6]}
							}
						}
					]
				}
			]
		}
	]
}