{
	"format_version": "1.8.0",
	"geometry.zombie.block1": {
		"texturewidth": 64,
		"textureheight": 32,
		"visible_bounds_width": 3,
		"visible_bounds_height": 3,
		"visible_bounds_offset": [0, 1.5, 0],
		"bones": [
			{
				"name": "waist",
				"pivot": [0, 12, 0],
				"rotation": [-180, 0, 180]
			},
			{
				"name": "body",
				"parent": "waist",
				"pivot": [0, 24, 0],
				"cubes": [
					{"origin": [-4, 12, -2], "size": [8, 12, 4], "uv": [16, 16]},
					{"origin": [-0.9, 14, 1.5], "size": [2, 11, 1], "uv": [57, 0]},
					{"origin": [0.6, 12, 1.5], "size": [3, 2, 1], "uv": [56, 3]},
					{"origin": [-3.4, 12, 1.5], "size": [3, 2, 1], "uv": [56, 3]},
					{"origin": [-0.4, 12, 1.5], "size": [1, 2, 1], "uv": [58, 2]}
				]
			},
			{
				"name": "head",
				"parent": "body",
				"pivot": [0, 24, 0],
				"rotation": [-1.4544, -2.03468, 2.7507],
				"cubes": [
					{"origin": [-4, 24, -4], "size": [8, 8, 8], "uv": [0, 0]}
				]
			},
			{
				"name": "rightArm",
				"parent": "body",
				"pivot": [-5, 22, 0],
				"rotation": [-85.00473, 0.21782, -2.4905],
				"cubes": [
					{"origin": [-8, 12, -2], "size": [4, 12, 4], "uv": [40, 16]}
				]
			},
			{
				"name": "rightItem",
				"parent": "rightArm",
				"pivot": [-6, 15, 1]
			},
			{
				"name": "leftArm",
				"parent": "body",
				"pivot": [5, 22, 0],
				"rotation": [-87.50238, -0.10901, 2.49762],
				"mirror": true,
				"cubes": [
					{"origin": [4, 12, -2], "size": [4, 12, 4], "uv": [40, 16]}
				]
			},
			{
				"name": "leftItem",
				"parent": "leftArm",
				"pivot": [6, 15, 1]
			},
			{
				"name": "rightLeg",
				"parent": "body",
				"pivot": [-1.9, 12, 0],
				"cubes": [
					{"origin": [-3.9, 0, -2], "size": [4, 12, 4], "uv": [0, 16]},
					{"origin": [-2.9, 1, 1.5], "size": [2, 11, 1], "uv": [57, 0]}
				]
			},
			{
				"name": "leftLeg",
				"parent": "body",
				"pivot": [1.9, 12, 0],
				"mirror": true,
				"cubes": [
					{"origin": [-0.1, 0, -2], "size": [4, 12, 4], "uv": [0, 16]},
					{"origin": [1.1, 1, 1.5], "size": [2, 11, 1], "uv": [57, 0], "mirror": false}
				]
			},
			{
				"name": "back_fray",
				"parent": "body",
				"pivot": [0, 24, 0],
				"rotation": [0, -45, 0],
				"cubes": [
					{"origin": [1.1, 15, 0.75], "size": [2, 1, 0], "uv": [46, 7]},
					{"origin": [1.1, 19, 0.75], "size": [2, 1, 0], "uv": [46, 7]},
					{"origin": [0.85, 18, 1.25], "size": [0, 1, 2], "uv": [46, 7]},
					{"origin": [0.85, 16, 1.25], "size": [0, 1, 2], "uv": [46, 6]},
					{"origin": [0.85, 22, 1.75], "size": [0, 1, 2], "uv": [46, 6]},
					{"origin": [2.1, 16, 0.75], "size": [2, 1, 0], "uv": [46, 7]}
				]
			}
		]
	}
}