{
	"format_version": "1.12.0",
	"minecraft:geometry": [
		{
			"description": {
				"identifier": "geometry.sniffer",
				"texture_width": 64,
				"texture_height": 64,
				"visible_bounds_width": 8,
				"visible_bounds_height": 4.5,
				"visible_bounds_offset": [0, 1.75, 0]
			},
			"bones": [
				{
					"name": "waist",
					"pivot": [1, 12, 7],
					"rotation": [0, 180, 0]
				},
				{
					"name": "legs2",
					"parent": "waist",
					"pivot": [16, 12, 11]
				},
				{
					"name": "leg4",
					"parent": "legs2",
					"pivot": [12.5, 13, 25.5],
					"cubes": [
						{
							"origin": [7, 0, 20],
							"size": [11, 14, 11],
							"inflate": -0.1,
							"uv": {
								"north": {"uv": [13, 53], "uv_size": [7, 11]},
								"east": {"uv": [13, 53], "uv_size": [-12, 11]},
								"south": {"uv": [13, 53], "uv_size": [7, 11]},
								"west": {"uv": [1, 53], "uv_size": [12, 11]},
								"up": {"uv": [7, 58], "uv_size": [-6, -5]},
								"down": {"uv": [12, 64], "uv_size": [-6, -4]}
							}
						}
					]
				},
				{
					"name": "leg5",
					"parent": "legs2",
					"pivot": [12.5, 13, 9.5],
					"cubes": [
						{
							"origin": [7, 0, 4],
							"size": [11, 14, 11],
							"inflate": -0.1,
							"uv": {
								"north": {"uv": [13, 53], "uv_size": [7, 11]},
								"east": {"uv": [13, 53], "uv_size": [-12, 11]},
								"south": {"uv": [13, 53], "uv_size": [7, 11]},
								"west": {"uv": [1, 53], "uv_size": [12, 11]},
								"up": {"uv": [7, 58], "uv_size": [-6, -5]},
								"down": {"uv": [12, 64], "uv_size": [-6, -4]}
							}
						}
					]
				},
				{
					"name": "leg6",
					"parent": "legs2",
					"pivot": [12.5, 13, -4.5],
					"cubes": [
						{
							"origin": [7, 0, -10],
							"size": [11, 14, 11],
							"inflate": -0.1,
							"uv": {
								"north": {"uv": [13, 53], "uv_size": [7, 11]},
								"east": {"uv": [13, 53], "uv_size": [-12, 11]},
								"south": {"uv": [13, 53], "uv_size": [7, 11]},
								"west": {"uv": [1, 53], "uv_size": [12, 11]},
								"up": {"uv": [7, 58], "uv_size": [-6, -5]},
								"down": {"uv": [12, 64], "uv_size": [-6, -4]}
							}
						}
					]
				},
				{
					"name": "legs",
					"parent": "waist",
					"pivot": [-9, 12, 11]
				},
				{
					"name": "leg1",
					"parent": "legs",
					"pivot": [-8.5, 13, 25.5],
					"cubes": [
						{
							"origin": [-14, 0, 20],
							"size": [11, 15, 11],
							"inflate": -0.1,
							"uv": {
								"north": {"uv": [13, 53], "uv_size": [7, 11]},
								"east": {"uv": [13, 53], "uv_size": [-12, 11]},
								"south": {"uv": [13, 53], "uv_size": [7, 11]},
								"west": {"uv": [1, 53], "uv_size": [12, 11]},
								"up": {"uv": [8, 58], "uv_size": [-7, -5]},
								"down": {"uv": [12, 64], "uv_size": [-6, -4]}
							}
						}
					]
				},
				{
					"name": "leg2",
					"parent": "legs",
					"pivot": [-8.5, 13, 9.5],
					"cubes": [
						{
							"origin": [-14, 0, 4],
							"size": [11, 15, 11],
							"inflate": -0.1,
							"uv": {
								"north": {"uv": [13, 53], "uv_size": [7, 11]},
								"east": {"uv": [13, 53], "uv_size": [-12, 11]},
								"south": {"uv": [13, 53], "uv_size": [7, 11]},
								"west": {"uv": [1, 53], "uv_size": [12, 11]},
								"up": {"uv": [8, 58], "uv_size": [-7, -5]},
								"down": {"uv": [12, 64], "uv_size": [-6, -4]}
							}
						}
					]
				},
				{
					"name": "leg3",
					"parent": "legs",
					"pivot": [-8.5, 13, -4.5],
					"cubes": [
						{
							"origin": [-14, 0, -10],
							"size": [11, 15, 11],
							"inflate": -0.1,
							"uv": {
								"north": {"uv": [13, 53], "uv_size": [7, 11]},
								"east": {"uv": [13, 53], "uv_size": [-12, 11]},
								"south": {"uv": [13, 53], "uv_size": [7, 11]},
								"west": {"uv": [1, 53], "uv_size": [12, 11]},
								"up": {"uv": [8, 58], "uv_size": [-7, -5]},
								"down": {"uv": [12, 64], "uv_size": [-6, -4]}
							}
						}
					]
				},
				{
					"name": "head",
					"parent": "waist",
					"pivot": [2, 24, 30],
					"cubes": [
						{
							"origin": [-12, 13, 29.73205],
							"size": [28, 24, 9],
							"uv": {
								"north": {"uv": [34, 16], "uv_size": [18, 13]},
								"east": {"uv": [43, 16], "uv_size": [9, 13]},
								"south": {"uv": [34, 16], "uv_size": [18, 13]},
								"west": {"uv": [34, 16], "uv_size": [9, 13]},
								"up": {"uv": [34, 29], "uv_size": [-18, -13]},
								"down": {"uv": [52, 29], "uv_size": [-18, -13]}
							}
						},
						{
							"origin": [-11, 14, 22.73205],
							"size": [26, 22, 9],
							"uv": {
								"north": {"uv": [34, 16], "uv_size": [18, 13]},
								"east": {"uv": [43, 16], "uv_size": [9, 13]},
								"south": {"uv": [34, 16], "uv_size": [18, 13]},
								"west": {"uv": [34, 16], "uv_size": [9, 13]},
								"up": {"uv": [34, 29], "uv_size": [-18, -13]},
								"down": {"uv": [52, 29], "uv_size": [-18, -13]}
							}
						}
					]
				},
				{
					"name": "eye",
					"parent": "head",
					"pivot": [1, 13, 19.73205],
					"cubes": [
						{
							"origin": [-12, 22, 38.73205],
							"size": [28, 15, 8],
							"inflate": 0.1,
							"uv": {
								"north": {"uv": [11, 43], "uv_size": [-10, 10]},
								"east": {"uv": [11, 43], "uv_size": [-10, 10]},
								"south": {"uv": [11, 43], "uv_size": [-10, 10]},
								"west": {"uv": [10, 43], "uv_size": [-9, 10]},
								"up": {"uv": [11, 47], "uv_size": [8, -4]},
								"down": {"uv": [11, 53], "uv_size": [8, -6]}
							}
						}
					]
				},
				{
					"name": "nose",
					"parent": "head",
					"pivot": [2, 29.5, 51.48205],
					"cubes": [
						{
							"origin": [-12, 22, 47.73205],
							"size": [28, 15, 12],
							"uv": {
								"north": {"uv": [20, 43], "uv_size": [17, 11]},
								"east": {"uv": [20, 43], "uv_size": [17, 11]},
								"south": {"uv": [37, 43], "uv_size": [17, 11]},
								"west": {"uv": [20, 43], "uv_size": [17, 11]},
								"up": {"uv": [37, 54], "uv_size": [-17, -11]},
								"down": {"uv": [37, 54], "uv_size": [-17, -11]}
							}
						},
						{
							"origin": [-12, 22, 46.73205],
							"size": [28, 15, 5],
							"inflate": 0.1,
							"uv": {
								"north": {"uv": [15, 29], "uv_size": [-8, 14]},
								"east": {"uv": [0, 29], "uv_size": [8, 14]},
								"south": {"uv": [64, 0], "uv_size": [-8, 14]},
								"west": {"uv": [8, 29], "uv_size": [-8, 14]},
								"up": {"uv": [34, 35], "uv_size": [18, -3]},
								"down": {"uv": [0, 43], "uv_size": [8, -14]}
							}
						}
					]
				},
				{
					"name": "mouth",
					"parent": "head",
					"pivot": [2, 23.5, 38.23205],
					"cubes": [
						{
							"origin": [-14, 13, 38.73205],
							"size": [32, 9, 21],
							"uv": {
								"north": {"uv": [20, 43], "uv_size": [17, 11]},
								"east": {"uv": [20, 43], "uv_size": [17, 11]},
								"south": {"uv": [20, 43], "uv_size": [17, 11]},
								"west": {"uv": [20, 43], "uv_size": [17, 11]},
								"up": {"uv": [37, 54], "uv_size": [-17, -11]},
								"down": {"uv": [37, 54], "uv_size": [-17, -11]}
							}
						}
					]
				},
				{
					"name": "body",
					"parent": "waist",
					"pivot": [-6, 28, 7],
					"cubes": [
						{
							"origin": [-14, 12, -10],
							"size": [32, 23, 41],
							"uv": {
								"north": {"uv": [0, 16], "uv_size": [17, 13]},
								"east": {"uv": [0, 16], "uv_size": [17, 13]},
								"south": {"uv": [17, 16], "uv_size": [17, 13]},
								"west": {"uv": [0, 16], "uv_size": [17, 13]},
								"up": {"uv": [17, 29], "uv_size": [-17, -13]},
								"down": {"uv": [17, 29], "uv_size": [-17, -13]}
							}
						}
					]
				},
				{
					"name": "leaves",
					"parent": "body",
					"pivot": [-6, 24, 7],
					"cubes": [
						{
							"origin": [-15, 24, -12],
							"size": [34, 23, 44],
							"inflate": 0.1,
							"uv": {
								"north": {"uv": [32, 0], "uv_size": [16, 11]},
								"east": {"uv": [32, 0], "uv_size": [16, 11]},
								"south": {"uv": [32, 0], "uv_size": [16, 11]},
								"west": {"uv": [32, 0], "uv_size": [16, 11]},
								"up": {"uv": [32, 16], "uv_size": [-16, -16]},
								"down": {"uv": [64, 11], "uv_size": [-16, -11]}
							}
						},
						{
							"origin": [-15, 19, -11],
							"size": [34, 28, 43],
							"uv": {
								"north": {"uv": [32, 0], "uv_size": [16, 11]},
								"east": {"uv": [32, 0], "uv_size": [16, 11]},
								"south": {"uv": [32, 0], "uv_size": [16, 11]},
								"west": {"uv": [32, 0], "uv_size": [16, 11]},
								"up": {"uv": [32, 16], "uv_size": [-16, -16]},
								"down": {"uv": [64, 11], "uv_size": [-16, -11]}
							}
						}
					]
				}
			]
		}
	]
}