{
	"format_version" : "1.12.0",
	"minecraft:geometry" : [
		{
			"description" : {
				"identifier" : "geometry.egg_sniffer_life",
				"texture_width" : 64,
				"texture_height" : 64,
				"visible_bounds_width" : 2,
				"visible_bounds_height" : 2.5,
				"visible_bounds_offset" : [ 0, 0.75, 0 ]
			},
			"bones" : [
				{
					"name" : "sniffer_egg",
					"pivot" : [ 0, 0, 1 ],
					"cubes" : [
						{
							"origin" : [ -4, 0, -4 ],
							"size" : [ 8, 12, 9 ],
							"uv" : {
								"north" : {
									"uv" : [ 18, 24 ],
									"uv_size" : [ 8, 13 ]
								},
								"east" : {
									"uv" : [ 0, 0 ],
									"uv_size" : [ 9, 13 ]
								},
								"south" : {
									"uv" : [ 0, 25 ],
									"uv_size" : [ 8, 13 ]
								},
								"west" : {
									"uv" : [ 9, 0 ],
									"uv_size" : [ 9, 13 ]
								},
								"up" : {
									"uv" : [ 34, 24 ],
									"uv_size" : [ 8, 9 ]
								},
								"down" : {
									"uv" : [ 34, 42 ],
									"uv_size" : [ 8, -9 ]
								}
							}
						},
						{
							"origin" : [ 4, 0, -4 ],
							"size" : [ 1, 12, 9 ],
							"uv" : {
								"north" : {
									"uv" : [ 28, 36 ],
									"uv_size" : [ 1, 12 ]
								},
								"east" : {
									"uv" : [ 0, 13 ],
									"uv_size" : [ 9, 12 ]
								},
								"south" : {
									"uv" : [ 29, 36 ],
									"uv_size" : [ 1, 12 ]
								},
								"west" : {
									"uv" : [ 9, 13 ],
									"uv_size" : [ 9, 12 ]
								},
								"up" : {
									"uv" : [ 35, 14 ],
									"uv_size" : [ 1, 9 ]
								},
								"down" : {
									"uv" : [ 36, 23 ],
									"uv_size" : [ 1, -9 ]
								}
							}
						},
						{
							"origin" : [ -5, 0, -4 ],
							"size" : [ 1, 12, 9 ],
							"uv" : {
								"north" : {
									"uv" : [ 30, 36 ],
									"uv_size" : [ 1, 12 ]
								},
								"east" : {
									"uv" : [ 18, 0 ],
									"uv_size" : [ 9, 12 ]
								},
								"south" : {
									"uv" : [ 31, 36 ],
									"uv_size" : [ 1, 12 ]
								},
								"west" : {
									"uv" : [ 18, 12 ],
									"uv_size" : [ 9, 12 ]
								},
								"up" : {
									"uv" : [ 32, 36 ],
									"uv_size" : [ 1, 9 ]
								},
								"down" : {
									"uv" : [ 33, 45 ],
									"uv_size" : [ 1, -9 ]
								}
							}
						},
						{
							"origin" : [ -4, 0, 5 ],
							"size" : [ 8, 12, 1 ],
							"uv" : {
								"north" : {
									"uv" : [ 8, 25 ],
									"uv_size" : [ 8, 12 ]
								},
								"east" : {
									"uv" : [ 16, 25 ],
									"uv_size" : [ 1, 12 ]
								},
								"south" : {
									"uv" : [ 26, 24 ],
									"uv_size" : [ 8, 12 ]
								},
								"west" : {
									"uv" : [ 17, 25 ],
									"uv_size" : [ 1, 12 ]
								},
								"up" : {
									"uv" : [ 35, 23 ],
									"uv_size" : [ 8, 1 ]
								},
								"down" : {
									"uv" : [ 8, 38 ],
									"uv_size" : [ 8, -1 ]
								}
							}
						},
						{
							"origin" : [ -4, 0, -5 ],
							"size" : [ 8, 12, 1 ],
							"uv" : {
								"north" : {
									"uv" : [ 27, 0 ],
									"uv_size" : [ 8, 12 ]
								},
								"east" : {
									"uv" : [ 26, 36 ],
									"uv_size" : [ 1, 12 ]
								},
								"south" : {
									"uv" : [ 27, 12 ],
									"uv_size" : [ 8, 12 ]
								},
								"west" : {
									"uv" : [ 27, 36 ],
									"uv_size" : [ 1, 12 ]
								},
								"up" : {
									"uv" : [ 37, 14 ],
									"uv_size" : [ 8, 1 ]
								},
								"down" : {
									"uv" : [ 37, 16 ],
									"uv_size" : [ 8, -1 ]
								}
							}
						}
					]
				},
				{
					"name" : "sniffer_life",
					"parent" : "sniffer_egg",
					"pivot" : [ 1, 0, 0 ],
					"cubes" : [
						{
							"origin" : [ -2, 12, -2 ],
							"size" : [ 5, 4, 2 ],
							"uv" : {
								"north" : {
									"uv" : [ 0, 38 ],
									"uv_size" : [ 12, 9 ]
								},
								"east" : {
									"uv" : [ 0, 38 ],
									"uv_size" : [ 12, 9 ]
								},
								"south" : {
									"uv" : [ 0, 38 ],
									"uv_size" : [ 12, 9 ]
								},
								"west" : {
									"uv" : [ 0, 38 ],
									"uv_size" : [ 12, 9 ]
								},
								"up" : {
									"uv" : [ 12, 47 ],
									"uv_size" : [ -12, -9 ]
								},
								"down" : {
									"uv" : [ 12, 47 ],
									"uv_size" : [ -12, -9 ]
								}
							}
						},
						{
							"origin" : [ -3, 12, 0 ],
							"size" : [ 7, 4, 3 ],
							"uv" : {
								"north" : {
									"uv" : [ 0, 38 ],
									"uv_size" : [ 12, 9 ]
								},
								"east" : {
									"uv" : [ 0, 38 ],
									"uv_size" : [ 12, 9 ]
								},
								"south" : {
									"uv" : [ 0, 38 ],
									"uv_size" : [ 12, 9 ]
								},
								"west" : {
									"uv" : [ 0, 38 ],
									"uv_size" : [ 12, 9 ]
								},
								"up" : {
									"uv" : [ 12, 47 ],
									"uv_size" : [ -12, -9 ]
								},
								"down" : {
									"uv" : [ 12, 47 ],
									"uv_size" : [ -12, -9 ]
								}
							}
						}
					]
				}
			]
		}
	]
}
