{"format_version":"1.12.0","minecraft:geometry":[{"description":{"identifier":"geometry.tuffgolem","texture_width":64,"texture_height":64,"visible_bounds_width":3,"visible_bounds_height":3,"visible_bounds_offset":[0,1.5,0]},"bones":[{"name":"waist","pivot":[0,0,0]},{"name":"body","parent":"waist","pivot":[0,10,0],"cubes":[{"origin":[-5,4,-3],"size":[10,6,6],"uv":{"north":{"uv":[0,26],"uv_size":[23,19]},"east":{"uv":[23,45],"uv_size":[9,19]},"south":{"uv":[0,26],"uv_size":[23,19]},"west":{"uv":[23,45],"uv_size":[9,19]},"up":{"uv":[23,36],"uv_size":[-23,-10]},"down":{"uv":[23,45],"uv_size":[-23,-9]}}}]},{"name":"head","parent":"body","pivot":[0,9,0],"cubes":[{"origin":[-5,10,-5],"size":[10,9,9],"uv":{"north":{"uv":[16,0],"uv_size":[16,16]},"east":{"uv":[0,0],"uv_size":[16,16]},"south":{"uv":[0,0],"uv_size":[16,16]},"west":{"uv":[16,0],"uv_size":[-16,16]},"up":{"uv":[32,32],"uv_size":[-16,-16]},"down":{"uv":[16,32],"uv_size":[-16,-16]}}},{"origin":[-1,10,-6.5],"size":[2,4,2],"uv":{"north":{"uv":[32,29],"uv_size":[6,11]},"east":{"uv":[32,29],"uv_size":[6,11]},"south":{"uv":[32,29],"uv_size":[6,11]},"west":{"uv":[32,29],"uv_size":[6,11]},"up":{"uv":[38,40],"uv_size":[-6,-11]},"down":{"uv":[38,40],"uv_size":[-6,-11]}}}],"locators":{"lead":[0,9,0]}},{"name":"arm0","parent":"body","pivot":[0,10,0],"cubes":[{"origin":[-8,1,-2],"size":[3,9,4],"uv":{"north":{"uv":[9,27],"uv_size":[9,19]},"east":{"uv":[18,27],"uv_size":[9,19]},"south":{"uv":[9,27],"uv_size":[9,19]},"west":{"uv":[27,27],"uv_size":[-9,19]},"up":{"uv":[9,36],"uv_size":[-9,-9]},"down":{"uv":[9,46],"uv_size":[-9,-10]}}}]},{"name":"arm1","parent":"body","pivot":[0,10,0],"cubes":[{"origin":[5,1,-2],"size":[3,9,4],"uv":{"north":{"uv":[8,28],"uv_size":[8,18]},"east":{"uv":[0,28],"uv_size":[8,18]},"south":{"uv":[24,28],"uv_size":[8,18]},"west":{"uv":[8,28],"uv_size":[8,18]},"up":{"uv":[24,46],"uv_size":[-8,-9]},"down":{"uv":[24,55],"uv_size":[-8,-9]}}}]},{"name":"leg0","parent":"body","pivot":[-2,2.5,0],"cubes":[{"origin":[-4,0,-2],"size":[4,5,4],"uv":{"north":{"uv":[10,64],"uv_size":[-10,-13]},"east":{"uv":[30,64],"uv_size":[-10,-13]},"south":{"uv":[30,64],"uv_size":[-10,-13]},"west":{"uv":[20,64],"uv_size":[-10,-13]},"up":{"uv":[0,41],"uv_size":[10,10]},"down":{"uv":[0,41],"uv_size":[10,10]}}}]},{"name":"leg1","parent":"body","pivot":[2,2.5,0],"cubes":[{"origin":[0,0,-2],"size":[4,5,4],"uv":{"north":{"uv":[10,64],"uv_size":[-10,-13]},"east":{"uv":[30,64],"uv_size":[-10,-13]},"south":{"uv":[30,64],"uv_size":[-10,-13]},"west":{"uv":[20,64],"uv_size":[-10,-13]},"up":{"uv":[0,41],"uv_size":[10,10]},"down":{"uv":[0,41],"uv_size":[10,10]}}}]},{"name":"carpet","parent":"waist","pivot":[0,-1,0],"cubes":[{"origin":[-5,9,-4],"size":[10,1,1],"inflate":0.01,"uv":{"north":{"uv":[32,0],"uv_size":[32,2]},"east":{"uv":[32,0],"uv_size":[32,2]},"south":{"uv":[32,0],"uv_size":[32,2]},"west":{"uv":[32,0],"uv_size":[32,2]},"up":{"uv":[64,2],"uv_size":[-32,-2]},"down":{"uv":[64,2],"uv_size":[-32,-2]}}},{"origin":[-5,9,3],"size":[10,1,1],"inflate":0.01,"uv":{"north":{"uv":[32,0],"uv_size":[32,2]},"east":{"uv":[32,0],"uv_size":[32,2]},"south":{"uv":[32,0],"uv_size":[32,2]},"west":{"uv":[32,0],"uv_size":[32,2]},"up":{"uv":[64,2],"uv_size":[-32,-2]},"down":{"uv":[64,2],"uv_size":[-32,-2]}}},{"origin":[-5.02,9,-4],"size":[0,1,8],"uv":{"north":{"uv":[32,0],"uv_size":[32,2]},"east":{"uv":[32,0],"uv_size":[32,2]},"south":{"uv":[32,0],"uv_size":[32,2]},"west":{"uv":[32,27],"uv_size":[32,2]},"up":{"uv":[64,2],"uv_size":[-32,-2]},"down":{"uv":[64,2],"uv_size":[-32,-2]}}},{"origin":[5.02,9,-4],"size":[0,1,8],"uv":{"north":{"uv":[32,0],"uv_size":[32,2]},"east":{"uv":[32,25],"uv_size":[32,2]},"south":{"uv":[32,0],"uv_size":[32,2]},"west":{"uv":[32,0],"uv_size":[32,2]},"up":{"uv":[64,2],"uv_size":[-32,-2]},"down":{"uv":[64,2],"uv_size":[-32,-2]}}}],"locators":{"carpeta":[0,0,0]}},{"name":"carpet_3","parent":"carpet","pivot":[0,9.5,4],"cubes":[{"origin":[-5,1,3],"size":[10,3,1],"uv":{"north":{"uv":[43,12],"uv_size":[11,10]},"east":{"uv":[43,12],"uv_size":[6,10]},"south":{"uv":[32,12],"uv_size":[11,10]},"west":{"uv":[43,12],"uv_size":[6,10]},"up":{"uv":[49,22],"uv_size":[-6,-10]},"down":{"uv":[49,22],"uv_size":[-6,-10]}}},{"origin":[-5,4,3],"size":[10,5,1],"uv":{"north":{"uv":[43,2],"uv_size":[11,10]},"east":{"uv":[44,2],"uv_size":[6,10]},"south":{"uv":[32,2],"uv_size":[11,10]},"west":{"uv":[44,2],"uv_size":[6,10]},"up":{"uv":[50,12],"uv_size":[-6,-10]},"down":{"uv":[50,12],"uv_size":[-6,-10]}}}]},{"name":"carpet_2","parent":"carpet","pivot":[0,9.5,-3.5],"cubes":[{"origin":[-5,4,-4],"size":[10,5,1],"uv":{"north":{"uv":[32,2],"uv_size":[11,10]},"east":{"uv":[44,2],"uv_size":[6,10]},"south":{"uv":[44,2],"uv_size":[6,10]},"west":{"uv":[44,2],"uv_size":[6,10]},"up":{"uv":[50,12],"uv_size":[-6,-10]},"down":{"uv":[50,12],"uv_size":[-6,-10]}}}]},{"name":"carpet_4","parent":"carpet_2","pivot":[0,3.75,-4.5],"cubes":[{"origin":[-5,1,-4],"size":[10,3,1],"uv":{"north":{"uv":[32,12],"uv_size":[11,10]},"east":{"uv":[43,12],"uv_size":[6,10]},"south":{"uv":[43,12],"uv_size":[6,10]},"west":{"uv":[43,12],"uv_size":[6,10]},"up":{"uv":[49,22],"uv_size":[-6,-10]},"down":{"uv":[49,22],"uv_size":[-6,-10]}}}]},{"name":"leftItem","parent":"waist","pivot":[0,6,-4]},{"name":"rightItem","parent":"waist","pivot":[0,6,-4],"rotation":[-80,0,0]}]}]}