{
  "format_version": "1.11",
  "minecraft:entity": {
    "description": {
      "identifier": "minecraft:player",
      "is_spawnable": false,
      "is_summonable": false,
      "is_experimental": false,
      "scripts": {
        "animate": [
          "walk",
          "mr:grim_cosplay",
          "mr:killer_cosplay",
          "mr:spooky_hunger_cgestplate",
          "mr:spooky_hunger_boots",
          "mr:spooky_hunger_leggings",
          "mr:spooky_hunger_helmet"
        ]
      },
      "animations": {
        "walk": "controller.animation.walk",
        "mr:grim_cosplay": "controller.animation.mr_grim_cosplay",
        "mr:killer_cosplay": "controller.animation.mr_killer_cosplay",
        "mr:spooky_hunger_cgestplate": "controller.animation.mr_spooky_hunger_cgestplate",
        "mr:spooky_hunger_boots": "controller.animation.mr_spooky_hunger_boots",
        "mr:spooky_hunger_leggings": "controller.animation.mr_spooky_hunger_leggings",
        "mr:spooky_hunger_helmet": "controller.animation.mr_spooky_hunger_helmet"
      }
    },
    "component_groups": {
      "pamobile:respawn": {
        "minecraft:mark_variant": {
          "value": 99999
        },
        "minecraft:health": {
          "value": 20,
          "max": 20
        },
        "minecraft:movement": {
          "value": 0.1
        },
        "minecraft:attack": {
          "damage": 1
        },
        "minecraft:spell_effects": {
          "remove_effects": [
            "resistance",
            "strength"
          ]
        }
      },
      "ammo:1": {
        "minecraft:mark_variant": {
          "value": 1
        }
      },
      "mr:skull_scythe": {
        "minecraft:health": {
          "value": 22,
          "max": 22
        },
        "minecraft:movement": {
          "value": 0.1
        },
        "minecraft:spell_effects": {
          "add_effects": []
        }
      },
      "mr:killer_knife": {
        "minecraft:health": {
          "value": 22,
          "max": 22
        },
        "minecraft:movement": {
          "value": 0.1
        },
        "minecraft:spell_effects": {
          "add_effects": []
        }
      },
      "mr:grim_cosplay_event_play": {
        "minecraft:health": {
          "value": 22,
          "max": 22
        },
        "minecraft:movement": {
          "value": 0.1
        },
        "minecraft:spell_effects": {
          "add_effects": [
            {
              "effect": "saturation",
              "duration": 60000,
              "amplifier": 1,
              "display_on_screen_animation": false
            }
          ]
        }
      },
      "mr:killer_cosplay_event_play": {
        "minecraft:health": {
          "value": 22,
          "max": 22
        },
        "minecraft:movement": {
          "value": 0.1
        },
        "minecraft:spell_effects": {
          "add_effects": [
            {
              "effect": "saturation",
              "duration": 60000,
              "amplifier": 1,
              "display_on_screen_animation": false
            }
          ]
        }
      },
      "mr:spooky_hunger_cgestplate_event_play": {
        "minecraft:health": {
          "value": 22,
          "max": 22
        },
        "minecraft:movement": {
          "value": 0.1
        },
        "minecraft:spell_effects": {
          "add_effects": [
            {
              "effect": "resistance",
              "duration": 60000,
              "amplifier": 1,
              "display_on_screen_animation": false
            },
            {
              "effect": "strength",
              "duration": 60000,
              "amplifier": 1,
              "display_on_screen_animation": false
            }
          ]
        }
      },
      "mr:spooky_hunger_boots_event_play": {
        "minecraft:health": {
          "value": 22,
          "max": 22
        },
        "minecraft:movement": {
          "value": 0.1
        },
        "minecraft:spell_effects": {
          "add_effects": []
        }
      },
      "mr:spooky_hunger_leggings_event_play": {
        "minecraft:health": {
          "value": 22,
          "max": 22
        },
        "minecraft:movement": {
          "value": 0.1
        },
        "minecraft:spell_effects": {
          "add_effects": [
            {
              "effect": "resistance",
              "duration": 60000,
              "amplifier": 1,
              "display_on_screen_animation": false
            },
            {
              "effect": "strength",
              "duration": 60000,
              "amplifier": 1,
              "display_on_screen_animation": false
            }
          ]
        }
      },
      "mr:spooky_hunger_helmet_event_play": {
        "minecraft:health": {
          "value": 22,
          "max": 22
        },
        "minecraft:movement": {
          "value": 0.1
        },
        "minecraft:spell_effects": {
          "add_effects": [
            {
              "effect": "resistance",
              "duration": 60000,
              "amplifier": 1,
              "display_on_screen_animation": false
            },
            {
              "effect": "strength",
              "duration": 60000,
              "amplifier": 1,
              "display_on_screen_animation": false
            }
          ]
        }
      }
    },
    "components": {
      "minecraft:type_family": {
        "family": [
          "player"
        ]
      },
      "minecraft:loot": {
        "table": "loot_tables/empty.json"
      },
      "minecraft:collision_box": {
        "width": 0.6,
        "height": 1.8
      },
      "minecraft:can_climb": {},
      "minecraft:movement": {
        "value": 0.1
      },
      "minecraft:environment_sensor": [
        {
          "on_environment": {
            "filters": {
              "any_of": [
                {
                  "test": "is_family",
                  "subject": "self",
                  "value": "player"
                }
              ]
            },
            "event": "pamobile:refresh_player"
          }
        },
        {
          "on_environment": {
            "filters": {
              "all_of": [
                {
                  "test": "has_equipment",
                  "subject": "self",
                  "domain": "hand",
                  "value": "mr:skull_scythe"
                }
              ]
            },
            "event": "mr:skull_scythe_event"
          }
        },
        {
          "on_environment": {
            "filters": {
              "all_of": [
                {
                  "test": "has_equipment",
                  "subject": "self",
                  "domain": "hand",
                  "value": "mr:killer_knife"
                }
              ]
            },
            "event": "mr:killer_knife_event"
          }
        },
        {
          "on_environment": {
            "filters": {
              "all_of": [
                {
                  "test": "has_equipment",
                  "subject": "self",
                  "domain": "hand",
                  "value": "mr:grim_cosplay"
                }
              ]
            },
            "event": "mr:grim_cosplay_event_hold"
          }
        },
        {
          "on_environment": {
            "filters": {
              "all_of": [
                {
                  "test": "has_equipment",
                  "subject": "self",
                  "domain": "head",
                  "value": "mr:grim_cosplay"
                }
              ]
            },
            "event": "mr:grim_cosplay_event_play"
          }
        },
        {
          "on_environment": {
            "filters": {
              "all_of": [
                {
                  "test": "has_equipment",
                  "subject": "self",
                  "domain": "hand",
                  "value": "mr:killer_cosplay"
                }
              ]
            },
            "event": "mr:killer_cosplay_event_hold"
          }
        },
        {
          "on_environment": {
            "filters": {
              "all_of": [
                {
                  "test": "has_equipment",
                  "subject": "self",
                  "domain": "head",
                  "value": "mr:killer_cosplay"
                }
              ]
            },
            "event": "mr:killer_cosplay_event_play"
          }
        },
        {
          "on_environment": {
            "filters": {
              "all_of": [
                {
                  "test": "has_equipment",
                  "subject": "self",
                  "domain": "hand",
                  "value": "mr:spooky_hunger_cgestplate"
                }
              ]
            },
            "event": "mr:spooky_hunger_cgestplate_event_hold"
          }
        },
        {
          "on_environment": {
            "filters": {
              "all_of": [
                {
                  "test": "has_equipment",
                  "subject": "self",
                  "domain": "head",
                  "value": "mr:spooky_hunger_cgestplate"
                }
              ]
            },
            "event": "mr:spooky_hunger_cgestplate_event_play"
          }
        },
        {
          "on_environment": {
            "filters": {
              "all_of": [
                {
                  "test": "has_equipment",
                  "subject": "self",
                  "domain": "hand",
                  "value": "mr:spooky_hunger_boots"
                }
              ]
            },
            "event": "mr:spooky_hunger_boots_event_hold"
          }
        },
        {
          "on_environment": {
            "filters": {
              "all_of": [
                {
                  "test": "has_equipment",
                  "subject": "self",
                  "domain": "head",
                  "value": "mr:spooky_hunger_boots"
                }
              ]
            },
            "event": "mr:spooky_hunger_boots_event_play"
          }
        },
        {
          "on_environment": {
            "filters": {
              "all_of": [
                {
                  "test": "has_equipment",
                  "subject": "self",
                  "domain": "hand",
                  "value": "mr:spooky_hunger_leggings"
                }
              ]
            },
            "event": "mr:spooky_hunger_leggings_event_hold"
          }
        },
        {
          "on_environment": {
            "filters": {
              "all_of": [
                {
                  "test": "has_equipment",
                  "subject": "self",
                  "domain": "head",
                  "value": "mr:spooky_hunger_leggings"
                }
              ]
            },
            "event": "mr:spooky_hunger_leggings_event_play"
          }
        },
        {
          "on_environment": {
            "filters": {
              "all_of": [
                {
                  "test": "has_equipment",
                  "subject": "self",
                  "domain": "hand",
                  "value": "mr:spooky_hunger_helmet"
                }
              ]
            },
            "event": "mr:spooky_hunger_helmet_event_hold"
          }
        },
        {
          "on_environment": {
            "filters": {
              "all_of": [
                {
                  "test": "has_equipment",
                  "subject": "self",
                  "domain": "head",
                  "value": "mr:spooky_hunger_helmet"
                }
              ]
            },
            "event": "mr:spooky_hunger_helmet_event_play"
          }
        }
      ],
      "minecraft:player.saturation": {
        "value": 20
      },
      "minecraft:player.exhaustion": {
        "value": 0,
        "max": 4
      },
      "minecraft:player.level": {
        "value": 0,
        "max": 24791
      },
      "minecraft:player.experience": {
        "value": 0,
        "max": 1
      },
      "minecraft:breathable": {
        "totalSupply": 15,
        "suffocateTime": -1,
        "inhaleTime": 3.75,
        "generatesBubbles": false
      },
      "minecraft:nameable": {
        "alwaysShow": true,
        "allowNameTagRenaming": false
      },
      "minecraft:physics": {},
      "minecraft:insomnia": {
        "days_until_insomnia": 3
      },
      "minecraft:rideable": {
        "seat_count": 2,
        "family_types": [
          "parrot_tame"
        ],
        "pull_in_entities": true,
        "seats": [
          {
            "position": [
              0.4,
              -0.15,
              0.04
            ],
            "min_rider_count": 0,
            "max_rider_count": 0,
            "lock_rider_rotation": 0
          },
          {
            "position": [
              -0.4,
              -0.15,
              0.04
            ],
            "min_rider_count": 1,
            "max_rider_count": 2,
            "lock_rider_rotation": 0
          }
        ]
      },
      "minecraft:scaffolding_climber": {}
    },
    "events": {
      "pamobile:refresh_player": {
        "add": {
          "component_groups": [
            "pamobile:respawn"
          ]
        },
        "remove": {
          "component_groups": [
            "mr:skull_scythe",
            "mr:killer_knife",
            "mr:grim_cosplay_event_hold",
            "mr:grim_cosplay_event_play",
            "mr:killer_cosplay_event_hold",
            "mr:killer_cosplay_event_play",
            "mr:spooky_hunger_cgestplate_event_hold",
            "mr:spooky_hunger_cgestplate_event_play",
            "mr:spooky_hunger_boots_event_hold",
            "mr:spooky_hunger_boots_event_play",
            "mr:spooky_hunger_leggings_event_hold",
            "mr:spooky_hunger_leggings_event_play",
            "mr:spooky_hunger_helmet_event_hold",
            "mr:spooky_hunger_helmet_event_play"
          ]
        }
      },
      "minecraft:entity_spawned": {
        "add": {
          "component_groups": [
            "pamobile:respawn"
          ]
        },
        "remove": {}
      },
      "ammo:1": {
        "remove": {
          "component_groups": [
            "ammo:1"
          ]
        },
        "add": {
          "component_groups": [
            "ammo:1"
          ]
        }
      },
      "ammo:2": {
        "remove": {
          "component_groups": [
            "ammo:2"
          ]
        },
        "add": {
          "component_groups": [
            "ammo:2"
          ]
        }
      },
      "mr:skull_scythe_event": {
        "add": {
          "component_groups": [
            "mr:skull_scythe"
          ]
        }
      },
      "mr:killer_knife_event": {
        "add": {
          "component_groups": [
            "mr:killer_knife"
          ]
        }
      },
      "mr:grim_cosplay_event_hold": {
        "add": {
          "component_groups": [
            "mr:grim_cosplay_event_hold"
          ]
        }
      },
      "mr:grim_cosplay_event_play": {
        "add": {
          "component_groups": [
            "mr:grim_cosplay_event_play"
          ]
        }
      },
      "mr:killer_cosplay_event_hold": {
        "add": {
          "component_groups": [
            "mr:killer_cosplay_event_hold"
          ]
        }
      },
      "mr:killer_cosplay_event_play": {
        "add": {
          "component_groups": [
            "mr:killer_cosplay_event_play"
          ]
        }
      },
      "mr:spooky_hunger_cgestplate_event_hold": {
        "add": {
          "component_groups": [
            "mr:spooky_hunger_cgestplate_event_hold"
          ]
        }
      },
      "mr:spooky_hunger_cgestplate_event_play": {
        "add": {
          "component_groups": [
            "mr:spooky_hunger_cgestplate_event_play"
          ]
        }
      },
      "mr:spooky_hunger_boots_event_hold": {
        "add": {
          "component_groups": [
            "mr:spooky_hunger_boots_event_hold"
          ]
        }
      },
      "mr:spooky_hunger_boots_event_play": {
        "add": {
          "component_groups": [
            "mr:spooky_hunger_boots_event_play"
          ]
        }
      },
      "mr:spooky_hunger_leggings_event_hold": {
        "add": {
          "component_groups": [
            "mr:spooky_hunger_leggings_event_hold"
          ]
        }
      },
      "mr:spooky_hunger_leggings_event_play": {
        "add": {
          "component_groups": [
            "mr:spooky_hunger_leggings_event_play"
          ]
        }
      },
      "mr:spooky_hunger_helmet_event_hold": {
        "add": {
          "component_groups": [
            "mr:spooky_hunger_helmet_event_hold"
          ]
        }
      },
      "mr:spooky_hunger_helmet_event_play": {
        "add": {
          "component_groups": [
            "mr:spooky_hunger_helmet_event_play"
          ]
        }
      }
    }
  }
}