{
	"file_path": "C:\\Users\\fiddy\\AppData\\Local\\Packages\\Microsoft.MinecraftUWP_8wekyb3d8bbwe\\LocalState\\games\\com.mojang\\development_behavior_packs\\H_DecorB\\entities\\autumn_tree_entity.json",
	"file_type": "entity",
	"format_version": 1,
	"file_uuid": "d4869900_dec9_4722_aa3d_849844ba6492",
	"file_version": 122,
	"cache_content": {
		"children": [
			{
				"data": "1.17.0",
				"key": "format_version"
			},
			{
				"open": {
					"format_version": "1.17.0",
					"minecraft:entity": {
						"description": {
							"identifier": "boi:autumn_tree_entity",
							"is_spawnable": false,
							"is_summonable": true,
							"is_experimental": false
						},
						"components": {
							"minecraft:scale": {
								"value": 0
							},
							"minecraft:damage_sensor": {
								"triggers": [
									{
										"cause": "all",
										"deals_damage": false
									}
								]
							}
						},
						"component_groups": {
							"despawn": {
								"minecraft:instant_despawn": {}
							}
						},
						"events": {
							"despawn": {
								"add": {
									"component_groups": [
										"despawn"
									]
								}
							},
							"random_tree": {
								"sequence": [
									{
										"randomize": [
											{
												"weight": 100,
												"run_command": {
													"command": [
														"function autumn_tree_ball"
													]
												}
											},
											{
												"weight": 100,
												"run_command": {
													"command": [
														"function autumn_tree_small"
													]
												}
											},
											{
												"weight": 100,
												"run_command": {
													"command": [
														"function autumn_tree_small_1"
													]
												}
											},
											{
												"weight": 50,
												"run_command": {
													"command": [
														"function autumn_tree_tall"
													]
												}
											}
										]
									},
									{
										"trigger": "despawn"
									}
								]
							},
							"random_leaves": {
								"sequence": [
									{
										"randomize": [
											{
												"weight": 100,
												"run_command": {
													"command": [
														"function autumn_tree_leaves"
													]
												}
											},
											{
												"weight": 100
											}
										]
									},
									{
										"trigger": "despawn"
									}
								]
							}
						}
					}
				},
				"key": "minecraft:entity",
				"children": [
					{
						"open": {
							"description": {
								"identifier": "boi:autumn_tree_entity",
								"is_spawnable": false,
								"is_summonable": true,
								"is_experimental": false
							},
							"components": {
								"minecraft:scale": {
									"value": 0
								},
								"minecraft:damage_sensor": {
									"triggers": [
										{
											"cause": "all",
											"deals_damage": false
										}
									]
								}
							},
							"component_groups": {
								"despawn": {
									"minecraft:instant_despawn": {}
								}
							},
							"events": {
								"despawn": {
									"add": {
										"component_groups": [
											"despawn"
										]
									}
								},
								"random_tree": {
									"sequence": [
										{
											"randomize": [
												{
													"weight": 100,
													"run_command": {
														"command": [
															"function autumn_tree_ball"
														]
													}
												},
												{
													"weight": 100,
													"run_command": {
														"command": [
															"function autumn_tree_small"
														]
													}
												},
												{
													"weight": 100,
													"run_command": {
														"command": [
															"function autumn_tree_small_1"
														]
													}
												},
												{
													"weight": 50,
													"run_command": {
														"command": [
															"function autumn_tree_tall"
														]
													}
												}
											]
										},
										{
											"trigger": "despawn"
										}
									]
								},
								"random_leaves": {
									"sequence": [
										{
											"randomize": [
												{
													"weight": 100,
													"run_command": {
														"command": [
															"function autumn_tree_leaves"
														]
													}
												},
												{
													"weight": 100
												}
											]
										},
										{
											"trigger": "despawn"
										}
									]
								}
							}
						},
						"key": "description",
						"is_minified": true,
						"children": {
							"identifier": "boi:autumn_tree_entity",
							"is_spawnable": false,
							"is_summonable": true,
							"is_experimental": false
						}
					},
					{
						"key": "components",
						"children": [
							{
								"key": "minecraft:scale",
								"is_minified": true,
								"children": {
									"value": 0
								}
							},
							{
								"key": "minecraft:damage_sensor",
								"children": [
									{
										"key": "triggers",
										"children": [
											{
												"open": [
													{
														"cause": "all",
														"deals_damage": false
													}
												],
												"is_minified": true,
												"children": {
													"cause": "all",
													"deals_damage": false
												}
											}
										]
									}
								]
							}
						]
					},
					{
						"key": "component_groups",
						"children": [
							{
								"open": {
									"despawn": {
										"minecraft:instant_despawn": {}
									}
								},
								"key": "despawn",
								"is_minified": true,
								"children": {
									"minecraft:instant_despawn": {}
								}
							}
						]
					},
					{
						"open": {
							"description": {
								"identifier": "boi:autumn_tree_entity",
								"is_spawnable": false,
								"is_summonable": true,
								"is_experimental": false
							},
							"components": {
								"minecraft:scale": {
									"value": 0
								},
								"minecraft:damage_sensor": {
									"triggers": [
										{
											"cause": "all",
											"deals_damage": false
										}
									]
								}
							},
							"component_groups": {
								"despawn": {
									"minecraft:instant_despawn": {}
								}
							},
							"events": {
								"despawn": {
									"add": {
										"component_groups": [
											"despawn"
										]
									}
								},
								"random_tree": {
									"sequence": [
										{
											"randomize": [
												{
													"weight": 100,
													"run_command": {
														"command": [
															"function autumn_tree_ball"
														]
													}
												},
												{
													"weight": 100,
													"run_command": {
														"command": [
															"function autumn_tree_small"
														]
													}
												},
												{
													"weight": 100,
													"run_command": {
														"command": [
															"function autumn_tree_small_1"
														]
													}
												},
												{
													"weight": 50,
													"run_command": {
														"command": [
															"function autumn_tree_tall"
														]
													}
												}
											]
										},
										{
											"trigger": "despawn"
										}
									]
								},
								"random_leaves": {
									"sequence": [
										{
											"randomize": [
												{
													"weight": 100,
													"run_command": {
														"command": [
															"function autumn_tree_leaves"
														]
													}
												},
												{
													"weight": 100
												}
											]
										},
										{
											"trigger": "despawn"
										}
									]
								}
							}
						},
						"key": "events",
						"children": [
							{
								"open": {
									"despawn": {
										"add": {
											"component_groups": [
												"despawn"
											]
										}
									},
									"random_tree": {
										"sequence": [
											{
												"randomize": [
													{
														"weight": 100,
														"run_command": {
															"command": [
																"function autumn_tree_ball"
															]
														}
													},
													{
														"weight": 100,
														"run_command": {
															"command": [
																"function autumn_tree_small"
															]
														}
													},
													{
														"weight": 100,
														"run_command": {
															"command": [
																"function autumn_tree_small_1"
															]
														}
													},
													{
														"weight": 50,
														"run_command": {
															"command": [
																"function autumn_tree_tall"
															]
														}
													}
												]
											},
											{
												"trigger": "despawn"
											}
										]
									},
									"random_leaves": {
										"sequence": [
											{
												"randomize": [
													{
														"weight": 100,
														"run_command": {
															"command": [
																"function autumn_tree_leaves"
															]
														}
													},
													{
														"weight": 100
													}
												]
											},
											{
												"trigger": "despawn"
											}
										]
									}
								},
								"key": "despawn",
								"children": [
									{
										"open": {
											"add": {
												"component_groups": [
													"despawn"
												]
											}
										},
										"key": "add",
										"children": [
											{
												"open": {
													"component_groups": [
														"despawn"
													]
												},
												"key": "component_groups",
												"is_minified": true,
												"children": [
													"despawn"
												]
											}
										]
									}
								]
							},
							{
								"open": {
									"despawn": {
										"add": {
											"component_groups": [
												"despawn"
											]
										}
									},
									"random_tree": {
										"sequence": [
											{
												"randomize": [
													{
														"weight": 100,
														"run_command": {
															"command": [
																"function autumn_tree_ball"
															]
														}
													},
													{
														"weight": 100,
														"run_command": {
															"command": [
																"function autumn_tree_small"
															]
														}
													},
													{
														"weight": 100,
														"run_command": {
															"command": [
																"function autumn_tree_small_1"
															]
														}
													},
													{
														"weight": 50,
														"run_command": {
															"command": [
																"function autumn_tree_tall"
															]
														}
													}
												]
											},
											{
												"trigger": "despawn"
											}
										]
									},
									"random_leaves": {
										"sequence": [
											{
												"randomize": [
													{
														"weight": 100,
														"run_command": {
															"command": [
																"function autumn_tree_leaves"
															]
														}
													},
													{
														"weight": 100
													}
												]
											},
											{
												"trigger": "despawn"
											}
										]
									}
								},
								"key": "random_tree",
								"children": [
									{
										"open": {
											"sequence": [
												{
													"randomize": [
														{
															"weight": 100,
															"run_command": {
																"command": [
																	"function autumn_tree_ball"
																]
															}
														},
														{
															"weight": 100,
															"run_command": {
																"command": [
																	"function autumn_tree_small"
																]
															}
														},
														{
															"weight": 100,
															"run_command": {
																"command": [
																	"function autumn_tree_small_1"
																]
															}
														},
														{
															"weight": 50,
															"run_command": {
																"command": [
																	"function autumn_tree_tall"
																]
															}
														}
													]
												},
												{
													"trigger": "despawn"
												}
											]
										},
										"key": "sequence",
										"children": [
											{
												"open": [
													{
														"randomize": [
															{
																"weight": 100,
																"run_command": {
																	"command": [
																		"function autumn_tree_ball"
																	]
																}
															},
															{
																"weight": 100,
																"run_command": {
																	"command": [
																		"function autumn_tree_small"
																	]
																}
															},
															{
																"weight": 100,
																"run_command": {
																	"command": [
																		"function autumn_tree_small_1"
																	]
																}
															},
															{
																"weight": 50,
																"run_command": {
																	"command": [
																		"function autumn_tree_tall"
																	]
																}
															}
														]
													},
													{
														"trigger": "despawn"
													}
												],
												"children": [
													{
														"open": {
															"randomize": [
																{
																	"weight": 100,
																	"run_command": {
																		"command": [
																			"function autumn_tree_ball"
																		]
																	}
																},
																{
																	"weight": 100,
																	"run_command": {
																		"command": [
																			"function autumn_tree_small"
																		]
																	}
																},
																{
																	"weight": 100,
																	"run_command": {
																		"command": [
																			"function autumn_tree_small_1"
																		]
																	}
																},
																{
																	"weight": 50,
																	"run_command": {
																		"command": [
																			"function autumn_tree_tall"
																		]
																	}
																}
															]
														},
														"key": "randomize",
														"children": [
															{
																"is_minified": true,
																"children": {
																	"weight": 100,
																	"run_command": {
																		"command": [
																			"function autumn_tree_ball"
																		]
																	}
																}
															},
															{
																"is_minified": true,
																"children": {
																	"weight": 100,
																	"run_command": {
																		"command": [
																			"function autumn_tree_small"
																		]
																	}
																}
															},
															{
																"open": [
																	{
																		"weight": 100,
																		"run_command": {
																			"command": [
																				"function autumn_tree_ball"
																			]
																		}
																	},
																	{
																		"weight": 100,
																		"run_command": {
																			"command": [
																				"function autumn_tree_small"
																			]
																		}
																	},
																	{
																		"weight": 100,
																		"run_command": {
																			"command": [
																				"function autumn_tree_small_1"
																			]
																		}
																	},
																	{
																		"weight": 50,
																		"run_command": {
																			"command": [
																				"function autumn_tree_tall"
																			]
																		}
																	}
																],
																"children": [
																	{
																		"data": "100",
																		"key": "weight"
																	},
																	{
																		"open": {
																			"weight": 100,
																			"run_command": {
																				"command": [
																					"function autumn_tree_small_1"
																				]
																			}
																		},
																		"key": "run_command",
																		"children": [
																			{
																				"open": {
																					"command": [
																						"function autumn_tree_small_1"
																					]
																				},
																				"key": "command",
																				"is_minified": true,
																				"children": [
																					"function autumn_tree_small_1"
																				]
																			}
																		]
																	}
																]
															},
															{
																"open": [
																	{
																		"weight": 100,
																		"run_command": {
																			"command": [
																				"function autumn_tree_ball"
																			]
																		}
																	},
																	{
																		"weight": 100,
																		"run_command": {
																			"command": [
																				"function autumn_tree_small"
																			]
																		}
																	},
																	{
																		"weight": 100,
																		"run_command": {
																			"command": [
																				"function autumn_tree_small_1"
																			]
																		}
																	},
																	{
																		"weight": 50,
																		"run_command": {
																			"command": [
																				"function autumn_tree_tall"
																			]
																		}
																	}
																],
																"children": [
																	{
																		"open": {
																			"weight": 50,
																			"run_command": {
																				"command": [
																					"function autumn_tree_tall"
																				]
																			}
																		},
																		"data": "50",
																		"key": "weight"
																	},
																	{
																		"open": {
																			"weight": 50,
																			"run_command": {
																				"command": [
																					"function autumn_tree_tall"
																				]
																			}
																		},
																		"key": "run_command",
																		"children": [
																			{
																				"open": {
																					"command": [
																						"function autumn_tree_tall"
																					]
																				},
																				"key": "command",
																				"is_minified": true,
																				"children": [
																					"function autumn_tree_tall"
																				]
																			}
																		]
																	}
																]
															}
														]
													}
												]
											},
											{
												"open": [
													{
														"randomize": [
															{
																"weight": 100,
																"run_command": {
																	"command": [
																		"function autumn_tree_ball"
																	]
																}
															},
															{
																"weight": 100,
																"run_command": {
																	"command": [
																		"function autumn_tree_small"
																	]
																}
															},
															{
																"weight": 100,
																"run_command": {
																	"command": [
																		"function autumn_tree_small_1"
																	]
																}
															},
															{
																"weight": 50,
																"run_command": {
																	"command": [
																		"function autumn_tree_tall"
																	]
																}
															}
														]
													},
													{
														"trigger": "despawn"
													}
												],
												"is_minified": true,
												"children": {
													"trigger": "despawn"
												}
											}
										]
									}
								]
							},
							{
								"key": "random_leaves",
								"children": [
									{
										"open": {
											"sequence": [
												{
													"randomize": [
														{
															"weight": 100,
															"run_command": {
																"command": [
																	"function autumn_tree_leaves"
																]
															}
														},
														{
															"weight": 100
														}
													]
												},
												{
													"trigger": "despawn"
												}
											]
										},
										"key": "sequence",
										"children": [
											{
												"open": [
													{
														"randomize": [
															{
																"weight": 100,
																"run_command": {
																	"command": [
																		"function autumn_tree_leaves"
																	]
																}
															},
															{
																"weight": 100
															}
														]
													},
													{
														"trigger": "despawn"
													}
												],
												"children": [
													{
														"open": {
															"randomize": [
																{
																	"weight": 100,
																	"run_command": {
																		"command": [
																			"function autumn_tree_leaves"
																		]
																	}
																},
																{
																	"weight": 100
																}
															]
														},
														"key": "randomize",
														"children": [
															{
																"open": [
																	{
																		"weight": 100,
																		"run_command": {
																			"command": [
																				"function autumn_tree_leaves"
																			]
																		}
																	},
																	{
																		"weight": 100
																	}
																],
																"children": [
																	{
																		"open": {
																			"weight": 100,
																			"run_command": {
																				"command": [
																					"function autumn_tree_leaves"
																				]
																			}
																		},
																		"data": "100",
																		"key": "weight"
																	},
																	{
																		"key": "run_command",
																		"children": [
																			{
																				"open": {
																					"command": [
																						"function autumn_tree_leaves"
																					]
																				},
																				"key": "command",
																				"is_minified": true,
																				"children": [
																					"function autumn_tree_leaves"
																				]
																			}
																		]
																	}
																]
															},
															{
																"is_minified": true,
																"children": {
																	"weight": 100
																}
															}
														]
													}
												]
											},
											{
												"is_minified": true,
												"children": {
													"trigger": "despawn"
												}
											}
										]
									}
								]
							}
						]
					}
				]
			}
		]
	}
}