{
	"file_path": "C:\\Users\\fiddy\\AppData\\Local\\Packages\\Microsoft.MinecraftUWP_8wekyb3d8bbwe\\LocalState\\games\\com.mojang\\development_behavior_packs\\H_DecorB\\entities\\effect_entity.json",
	"file_type": "entity",
	"format_version": 1,
	"file_uuid": "3a51c9e1_58e3_44d4_a562_7e45ef75af69",
	"file_version": 158,
	"cache_content": {
		"children": [
			{
				"data": "1.17.0",
				"key": "format_version"
			},
			{
				"open": {
					"format_version": "1.17.0",
					"minecraft:entity": {
						"description": {
							"identifier": "boi:effect_entity",
							"is_spawnable": false,
							"is_summonable": true,
							"is_experimental": false
						},
						"components": {
							"minecraft:scale": {
								"value": 0
							},
							"minecraft:damage_sensor": {
								"triggers": [
									{
										"cause": "all",
										"deals_damage": false
									}
								]
							}
						},
						"component_groups": {
							"despawn": {
								"minecraft:instant_despawn": {}
							}
						},
						"events": {
							"despawn": {
								"add": {
									"component_groups": [
										"despawn"
									]
								}
							},
							"spooky_fog": {
								"run_command": {
									"command": [
										"particle boi:spooky_fog ~~-0.1~",
										"particle boi:spooky_fog ~-4~-0.2~-3",
										"particle boi:spooky_fog ~2~0.45~4",
										"particle boi:spooky_fog ~3~0.25~-3",
										"particle boi:spooky_fog1 ~5.5~0.05~2",
										"particle boi:spooky_fog1 ~-1~-0.23~1.5",
										"particle boi:spooky_fog1 ~-3.6~-0.42~-4",
										"particle boi:spooky_fog2 ~-3.6~-0.26~5",
										"particle boi:spooky_fog2 ~3.6~-0.12~-5",
										"particle boi:spooky_fog2 ~7~-0.26~-1",
										"particle boi:spooky_fog3 ~-5~-0.12~2",
										"particle boi:spooky_fog3 ~4~0.12~-2",
										"particle boi:spooky_fog3 ~-4~-0.07~-1.5",
										"particle boi:spooky_fog3 ~~0.07~-6",
										"particle boi:spooky_fog3 ~3~0.07~4"
									]
								},
								"trigger": "despawn"
							},
							"all_hall_items": {
								"run_command": {
									"command": [
										"structure load mystructure:all_hall_items ~~~",
										"playsound mob.evocation_illager.cast_spell @a ~~~",
										"particle minecraft:egg_destroy_emitter ~~~"
									]
								},
								"trigger": "despawn"
							}
						}
					}
				},
				"key": "minecraft:entity",
				"children": [
					{
						"open": {
							"description": {
								"identifier": "boi:effect_entity",
								"is_spawnable": false,
								"is_summonable": true,
								"is_experimental": false
							},
							"components": {
								"minecraft:scale": {
									"value": 0
								},
								"minecraft:damage_sensor": {
									"triggers": [
										{
											"cause": "all",
											"deals_damage": false
										}
									]
								}
							},
							"component_groups": {
								"despawn": {
									"minecraft:instant_despawn": {}
								}
							},
							"events": {
								"despawn": {
									"add": {
										"component_groups": [
											"despawn"
										]
									}
								},
								"spooky_fog": {
									"run_command": {
										"command": [
											"particle boi:spooky_fog ~~-0.1~",
											"particle boi:spooky_fog ~-4~-0.2~-3",
											"particle boi:spooky_fog ~2~0.45~4",
											"particle boi:spooky_fog ~3~0.25~-3",
											"particle boi:spooky_fog1 ~5.5~0.05~2",
											"particle boi:spooky_fog1 ~-1~-0.23~1.5",
											"particle boi:spooky_fog1 ~-3.6~-0.42~-4",
											"particle boi:spooky_fog2 ~-3.6~-0.26~5",
											"particle boi:spooky_fog2 ~3.6~-0.12~-5",
											"particle boi:spooky_fog2 ~7~-0.26~-1",
											"particle boi:spooky_fog3 ~-5~-0.12~2",
											"particle boi:spooky_fog3 ~4~0.12~-2",
											"particle boi:spooky_fog3 ~-4~-0.07~-1.5",
											"particle boi:spooky_fog3 ~~0.07~-6",
											"particle boi:spooky_fog3 ~3~0.07~4"
										]
									},
									"trigger": "despawn"
								},
								"all_hall_items": {
									"run_command": {
										"command": [
											"structure load mystructure:all_hall_items ~~~",
											"playsound mob.evocation_illager.cast_spell @a ~~~",
											"particle minecraft:egg_destroy_emitter ~~~"
										]
									},
									"trigger": "despawn"
								}
							}
						},
						"key": "description",
						"is_minified": true,
						"children": {
							"identifier": "boi:effect_entity",
							"is_spawnable": false,
							"is_summonable": true,
							"is_experimental": false
						}
					},
					{
						"key": "components",
						"children": [
							{
								"key": "minecraft:scale",
								"is_minified": true,
								"children": {
									"value": 0
								}
							},
							{
								"key": "minecraft:damage_sensor",
								"children": [
									{
										"key": "triggers",
										"children": [
											{
												"open": [
													{
														"cause": "all",
														"deals_damage": false
													}
												],
												"is_minified": true,
												"children": {
													"cause": "all",
													"deals_damage": false
												}
											}
										]
									}
								]
							}
						]
					},
					{
						"key": "component_groups",
						"children": [
							{
								"open": {
									"despawn": {
										"minecraft:instant_despawn": {}
									}
								},
								"key": "despawn",
								"is_minified": true,
								"children": {
									"minecraft:instant_despawn": {}
								}
							}
						]
					},
					{
						"open": {
							"description": {
								"identifier": "boi:effect_entity",
								"is_spawnable": false,
								"is_summonable": true,
								"is_experimental": false
							},
							"components": {
								"minecraft:scale": {
									"value": 0
								},
								"minecraft:damage_sensor": {
									"triggers": [
										{
											"cause": "all",
											"deals_damage": false
										}
									]
								}
							},
							"component_groups": {
								"despawn": {
									"minecraft:instant_despawn": {}
								}
							},
							"events": {
								"despawn": {
									"add": {
										"component_groups": [
											"despawn"
										]
									}
								},
								"spooky_fog": {
									"run_command": {
										"command": [
											"particle boi:spooky_fog ~~-0.1~",
											"particle boi:spooky_fog ~-4~-0.2~-3",
											"particle boi:spooky_fog ~2~0.45~4",
											"particle boi:spooky_fog ~3~0.25~-3",
											"particle boi:spooky_fog1 ~5.5~0.05~2",
											"particle boi:spooky_fog1 ~-1~-0.23~1.5",
											"particle boi:spooky_fog1 ~-3.6~-0.42~-4",
											"particle boi:spooky_fog2 ~-3.6~-0.26~5",
											"particle boi:spooky_fog2 ~3.6~-0.12~-5",
											"particle boi:spooky_fog2 ~7~-0.26~-1",
											"particle boi:spooky_fog3 ~-5~-0.12~2",
											"particle boi:spooky_fog3 ~4~0.12~-2",
											"particle boi:spooky_fog3 ~-4~-0.07~-1.5",
											"particle boi:spooky_fog3 ~~0.07~-6",
											"particle boi:spooky_fog3 ~3~0.07~4"
										]
									},
									"trigger": "despawn"
								},
								"all_hall_items": {
									"run_command": {
										"command": [
											"structure load mystructure:all_hall_items ~~~",
											"playsound mob.evocation_illager.cast_spell @a ~~~",
											"particle minecraft:egg_destroy_emitter ~~~"
										]
									},
									"trigger": "despawn"
								}
							}
						},
						"key": "events",
						"children": [
							{
								"key": "despawn",
								"children": [
									{
										"open": {
											"add": {
												"component_groups": [
													"despawn"
												]
											}
										},
										"key": "add",
										"children": [
											{
												"open": {
													"component_groups": [
														"despawn"
													]
												},
												"key": "component_groups",
												"is_minified": true,
												"children": [
													"despawn"
												]
											}
										]
									}
								]
							},
							{
								"key": "spooky_fog",
								"children": [
									{
										"open": {
											"run_command": {
												"command": [
													"particle boi:spooky_fog ~~-0.1~",
													"particle boi:spooky_fog ~-4~-0.2~-3",
													"particle boi:spooky_fog ~2~0.45~4",
													"particle boi:spooky_fog ~3~0.25~-3",
													"particle boi:spooky_fog1 ~5.5~0.05~2",
													"particle boi:spooky_fog1 ~-1~-0.23~1.5",
													"particle boi:spooky_fog1 ~-3.6~-0.42~-4",
													"particle boi:spooky_fog2 ~-3.6~-0.26~5",
													"particle boi:spooky_fog2 ~3.6~-0.12~-5",
													"particle boi:spooky_fog2 ~7~-0.26~-1",
													"particle boi:spooky_fog3 ~-5~-0.12~2",
													"particle boi:spooky_fog3 ~4~0.12~-2",
													"particle boi:spooky_fog3 ~-4~-0.07~-1.5",
													"particle boi:spooky_fog3 ~~0.07~-6",
													"particle boi:spooky_fog3 ~3~0.07~4"
												]
											},
											"trigger": "despawn"
										},
										"key": "run_command",
										"children": [
											{
												"open": {
													"command": [
														"particle boi:spooky_fog ~~-0.1~",
														"particle boi:spooky_fog ~-4~-0.2~-3",
														"particle boi:spooky_fog ~2~0.45~4",
														"particle boi:spooky_fog ~3~0.25~-3",
														"particle boi:spooky_fog1 ~5.5~0.05~2",
														"particle boi:spooky_fog1 ~-1~-0.23~1.5",
														"particle boi:spooky_fog1 ~-3.6~-0.42~-4",
														"particle boi:spooky_fog2 ~-3.6~-0.26~5",
														"particle boi:spooky_fog2 ~3.6~-0.12~-5",
														"particle boi:spooky_fog2 ~7~-0.26~-1",
														"particle boi:spooky_fog3 ~-5~-0.12~2",
														"particle boi:spooky_fog3 ~4~0.12~-2",
														"particle boi:spooky_fog3 ~-4~-0.07~-1.5",
														"particle boi:spooky_fog3 ~~0.07~-6",
														"particle boi:spooky_fog3 ~3~0.07~4"
													]
												},
												"key": "command",
												"is_minified": true,
												"children": [
													"particle boi:spooky_fog ~~-0.1~",
													"particle boi:spooky_fog ~-4~-0.2~-3",
													"particle boi:spooky_fog ~2~0.45~4",
													"particle boi:spooky_fog ~3~0.25~-3",
													"particle boi:spooky_fog1 ~5.5~0.05~2",
													"particle boi:spooky_fog1 ~-1~-0.23~1.5",
													"particle boi:spooky_fog1 ~-3.6~-0.42~-4",
													"particle boi:spooky_fog2 ~-3.6~-0.26~5",
													"particle boi:spooky_fog2 ~3.6~-0.12~-5",
													"particle boi:spooky_fog2 ~7~-0.26~-1",
													"particle boi:spooky_fog3 ~-5~-0.12~2",
													"particle boi:spooky_fog3 ~4~0.12~-2",
													"particle boi:spooky_fog3 ~-4~-0.07~-1.5",
													"particle boi:spooky_fog3 ~~0.07~-6",
													"particle boi:spooky_fog3 ~3~0.07~4"
												]
											}
										]
									},
									{
										"data": "despawn",
										"key": "trigger"
									}
								]
							},
							{
								"open": {
									"despawn": {
										"add": {
											"component_groups": [
												"despawn"
											]
										}
									},
									"spooky_fog": {
										"run_command": {
											"command": [
												"particle boi:spooky_fog ~~-0.1~",
												"particle boi:spooky_fog ~-4~-0.2~-3",
												"particle boi:spooky_fog ~2~0.45~4",
												"particle boi:spooky_fog ~3~0.25~-3",
												"particle boi:spooky_fog1 ~5.5~0.05~2",
												"particle boi:spooky_fog1 ~-1~-0.23~1.5",
												"particle boi:spooky_fog1 ~-3.6~-0.42~-4",
												"particle boi:spooky_fog2 ~-3.6~-0.26~5",
												"particle boi:spooky_fog2 ~3.6~-0.12~-5",
												"particle boi:spooky_fog2 ~7~-0.26~-1",
												"particle boi:spooky_fog3 ~-5~-0.12~2",
												"particle boi:spooky_fog3 ~4~0.12~-2",
												"particle boi:spooky_fog3 ~-4~-0.07~-1.5",
												"particle boi:spooky_fog3 ~~0.07~-6",
												"particle boi:spooky_fog3 ~3~0.07~4"
											]
										},
										"trigger": "despawn"
									},
									"all_hall_items": {
										"run_command": {
											"command": [
												"structure load mystructure:all_hall_items ~~~",
												"playsound mob.evocation_illager.cast_spell @a ~~~",
												"particle minecraft:egg_destroy_emitter ~~~"
											]
										},
										"trigger": "despawn"
									}
								},
								"key": "all_hall_items",
								"children": [
									{
										"open": {
											"run_command": {
												"command": [
													"structure load mystructure:all_hall_items ~~~",
													"playsound mob.evocation_illager.cast_spell @a ~~~",
													"particle minecraft:egg_destroy_emitter ~~~"
												]
											},
											"trigger": "despawn"
										},
										"key": "run_command",
										"children": [
											{
												"open": {
													"command": [
														"structure load mystructure:all_hall_items ~~~",
														"playsound mob.evocation_illager.cast_spell @a ~~~",
														"particle minecraft:egg_destroy_emitter ~~~"
													]
												},
												"key": "command",
												"is_minified": true,
												"children": [
													"structure load mystructure:all_hall_items ~~~",
													"playsound mob.evocation_illager.cast_spell @a ~~~",
													"particle minecraft:egg_destroy_emitter ~~~"
												]
											}
										]
									},
									{
										"data": "despawn",
										"key": "trigger"
									}
								]
							}
						]
					}
				]
			}
		]
	}
}