{
	"file_path": "C:\\Users\\fiddy\\AppData\\Local\\Packages\\Microsoft.MinecraftUWP_8wekyb3d8bbwe\\LocalState\\games\\com.mojang\\development_behavior_packs\\SeasonalDecorBP\\entities\\ghost_cat.json",
	"file_type": "entity",
	"format_version": 1,
	"file_uuid": "a7928c88_3baa_4850_a586_8e7833ee9d59",
	"file_version": 26,
	"cache_content": {
		"children": [
			{
				"data": "1.16.100",
				"key": "format_version"
			},
			{
				"open": {
					"format_version": "1.16.100",
					"minecraft:entity": {
						"description": {
							"identifier": "boi:ghost_cat",
							"is_spawnable": false,
							"is_summonable": true,
							"is_experimental": false,
							"runtime_identifier": "minecraft:cat"
						},
						"component_groups": {
							"minecraft:cat_baby": {
								"minecraft:is_baby": {},
								"minecraft:scale": {
									"value": 0.4
								},
								"minecraft:ageable": {
									"duration": 1200,
									"feed_items": [
										"fish",
										"salmon"
									],
									"grow_up": {
										"event": "minecraft:ageable_grow_up",
										"target": "self"
									}
								}
							},
							"minecraft:cat_adult": {
								"minecraft:experience_reward": {
									"on_bred": "Math.Random(1,7)",
									"on_death": "query.last_hit_by_player ? Math.Random(1,3) : 0"
								},
								"minecraft:scale": {
									"value": 0.8
								},
								"minecraft:behavior.breed": {
									"priority": 3,
									"speed_multiplier": 1
								},
								"minecraft:breedable": {
									"require_tame": true,
									"require_full_health": true,
									"allow_sitting": true,
									"breeds_with": {
										"mate_type": "minecraft:cat",
										"baby_type": "minecraft:cat",
										"breed_event": {
											"event": "minecraft:entity_born",
											"target": "baby"
										}
									},
									"breed_items": [
										"fish",
										"salmon"
									]
								}
							},
							"minecraft:cat_wild": {
								"minecraft:health": {
									"value": 10,
									"max": 10
								},
								"minecraft:tameable": {
									"probability": 0.33,
									"tame_items": [
										"fish",
										"salmon"
									],
									"tame_event": {
										"event": "minecraft:on_tame",
										"target": "self"
									}
								},
								"minecraft:rideable": {
									"seat_count": 1,
									"family_types": [
										"zombie"
									],
									"seats": {
										"position": [
											0,
											0.35,
											0
										]
									}
								},
								"minecraft:behavior.nearest_attackable_target": {
									"priority": 1,
									"reselect_targets": true,
									"within_radius": 16,
									"entity_types": [
										{
											"filters": {
												"test": "is_family",
												"subject": "other",
												"value": "rabbit"
											},
											"max_dist": 8
										},
										{
											"filters": {
												"all_of": [
													{
														"test": "is_family",
														"subject": "other",
														"value": "baby_turtle"
													},
													{
														"test": "in_water",
														"subject": "other",
														"operator": "!=",
														"value": true
													}
												]
											},
											"max_dist": 8
										}
									]
								},
								"minecraft:behavior.tempt": {
									"priority": 5,
									"speed_multiplier": 0.5,
									"within_radius": 16,
									"can_get_scared": true,
									"items": [
										"fish",
										"salmon"
									]
								},
								"minecraft:behavior.avoid_mob_type": {
									"priority": 6,
									"entity_types": [
										{
											"filters": {
												"test": "is_family",
												"subject": "other",
												"value": "player"
											},
											"max_dist": 10,
											"walk_speed_multiplier": 0.8,
											"sprint_speed_multiplier": 1.33
										}
									]
								},
								"minecraft:behavior.move_towards_dwelling_restriction": {
									"priority": 7
								}
							},
							"minecraft:cat_tame": {
								"minecraft:is_tamed": {},
								"minecraft:health": {
									"value": 20,
									"max": 20
								},
								"minecraft:color": {
									"value": 14
								},
								"minecraft:sittable": {},
								"minecraft:behavior.tempt": {
									"priority": 5,
									"speed_multiplier": 0.5,
									"within_radius": 16,
									"items": [
										"fish",
										"salmon"
									]
								},
								"minecraft:is_dyeable": {
									"interact_text": "action.interact.dye"
								},
								"minecraft:leashable": {
									"soft_distance": 4,
									"hard_distance": 6,
									"max_distance": 10
								},
								"minecraft:behavior.follow_owner": {
									"priority": 4,
									"speed_multiplier": 1,
									"start_distance": 10,
									"stop_distance": 2
								},
								"minecraft:behavior.stay_while_sitting": {
									"priority": 3
								},
								"minecraft:behavior.ocelot_sit_on_block": {
									"priority": 7,
									"speed_multiplier": 1
								},
								"minecraft:behavior.pet_sleep_with_owner": {
									"priority": 2,
									"speed_multiplier": 1.2,
									"search_radius": 10,
									"search_height": 10,
									"goal_radius": 1
								},
								"minecraft:on_wake_with_owner": {
									"event": "minecraft:pet_slept_with_owner",
									"target": "self"
								},
								"minecraft:scale": {
									"value": 0.8
								}
							},
							"minecraft:cat_gift_for_owner": {
								"minecraft:behavior.drop_item_for": {
									"priority": 1,
									"seconds_before_pickup": 0,
									"cooldown": 0.25,
									"drop_item_chance": 0.7,
									"offering_distance": 5,
									"minimum_teleport_distance": 2,
									"max_head_look_at_height": 10,
									"target_range": [
										5,
										5,
										5
									],
									"teleport_offset": [
										0,
										1,
										0
									],
									"time_of_day_range": [
										0.74999,
										0.8
									],
									"speed_multiplier": 1,
									"search_range": 5,
									"search_height": 2,
									"search_count": 0,
									"goal_radius": 1,
									"entity_types": [
										{
											"filters": {
												"test": "is_family",
												"subject": "other",
												"value": "player"
											},
											"max_dist": 6
										}
									],
									"loot_table": "loot_tables/entities/cat_gift.json",
									"on_drop_attempt": {
										"event": "minecraft:cat_gifted_owner",
										"target": "self"
									}
								}
							}
						},
						"components": {
							"minecraft:attack_damage": {
								"value": 4
							},
							"minecraft:nameable": {},
							"minecraft:type_family": {
								"family": [
									"cat",
									"mob"
								]
							},
							"minecraft:breathable": {
								"total_supply": 15,
								"suffocate_time": 0
							},
							"minecraft:collision_box": {
								"width": 0.6,
								"height": 0.7
							},
							"minecraft:healable": {
								"items": [
									{
										"item": "fish",
										"heal_amount": 2
									},
									{
										"item": "salmon",
										"heal_amount": 2
									}
								]
							},
							"minecraft:hurt_on_condition": {
								"damage_conditions": [
									{
										"filters": {
											"test": "in_lava",
											"subject": "self",
											"operator": "==",
											"value": true
										},
										"cause": "lava",
										"damage_per_tick": 4
									}
								]
							},
							"minecraft:movement": {
								"value": 0.3
							},
							"minecraft:navigation.walk": {
								"can_float": true,
								"avoid_water": true,
								"avoid_damage_blocks": true
							},
							"minecraft:movement.basic": {},
							"minecraft:jump.static": {},
							"minecraft:can_climb": {},
							"minecraft:damage_sensor": {
								"triggers": {
									"cause": "fall",
									"deals_damage": false
								}
							},
							"minecraft:dweller": {
								"dwelling_type": "village",
								"dweller_role": "passive",
								"update_interval_base": 60,
								"update_interval_variant": 40,
								"can_find_poi": false,
								"can_migrate": true,
								"first_founding_reward": 0
							},
							"minecraft:despawn": {
								"despawn_from_distance": {}
							},
							"minecraft:behavior.float": {
								"priority": 0
							},
							"minecraft:behavior.panic": {
								"priority": 1,
								"speed_multiplier": 1.25
							},
							"minecraft:behavior.mount_pathing": {
								"priority": 1,
								"speed_multiplier": 1.25,
								"target_dist": 0,
								"track_target": true
							},
							"minecraft:behavior.leap_at_target": {
								"priority": 3,
								"target_dist": 0.3
							},
							"minecraft:behavior.ocelotattack": {
								"priority": 4,
								"cooldown_time": 1,
								"x_max_rotation": 30,
								"y_max_head_rotation": 30,
								"max_distance": 15,
								"max_sneak_range": 15,
								"max_sprint_range": 4,
								"reach_multiplier": 2,
								"sneak_speed_multiplier": 0.6,
								"sprint_speed_multiplier": 1.33,
								"walk_speed_multiplier": 0.8
							},
							"minecraft:behavior.random_stroll": {
								"priority": 8,
								"speed_multiplier": 0.8
							},
							"minecraft:behavior.look_at_player": {
								"priority": 9
							},
							"minecraft:physics": {},
							"minecraft:pushable": {
								"is_pushable": true,
								"is_pushable_by_piston": true
							},
							"minecraft:conditional_bandwidth_optimization": {},
							"minecraft:timer": {
								"looping": true,
								"time": 1,
								"time_down_event": {
									"event": "command"
								}
							},
							"minecraft:environment_sensor": {
								"triggers": {
									"event": "particle",
									"filters": {
										"test": "rider_count",
										"value": 64,
										"operator": "<="
									}
								}
							},
							"minecraft:loot": {
								"table": "loot_tables/entities/ghost_cat.json"
							}
						},
						"events": {
							"minecraft:entity_spawned": {
								"sequence": [
									{
										"randomize": [
											{
												"weight": 3,
												"add": {
													"component_groups": [
														"minecraft:cat_adult",
														"minecraft:cat_wild"
													]
												}
											}
										]
									}
								]
							},
							"minecraft:on_tame": {
								"sequence": [
									{
										"remove": {
											"component_groups": [
												"minecraft:cat_wild"
											]
										},
										"run_command": {
											"command": [
												"tp @s @p"
											]
										}
									},
									{
										"add": {
											"component_groups": [
												"minecraft:cat_tame"
											]
										}
									}
								]
							},
							"minecraft:pet_slept_with_owner": {
								"add": {
									"component_groups": [
										"minecraft:cat_gift_for_owner"
									]
								}
							},
							"minecraft:cat_gifted_owner": {
								"remove": {
									"component_groups": [
										"minecraft:cat_gift_for_owner"
									]
								}
							},
							"command": {
								"run_command": {
									"command": [
										"effect @e[family=creeper,r=10] slowness 2 2"
									]
								}
							},
							"particle": {
								"randomize": [
									{
										"weight": 900
									},
									{
										"weight": 50,
										"run_command": {
											"command": [
												"particle boi:ghost_particle ^^0.4^"
											]
										}
									},
									{
										"weight": 50,
										"run_command": {
											"command": [
												"particle boi:ghost_particle ^0.05^0.4^0.1"
											]
										}
									},
									{
										"weight": 50,
										"run_command": {
											"command": [
												"particle boi:ghost_particle ^-0.05^0.4^-0.1"
											]
										}
									},
									{
										"weight": 50,
										"run_command": {
											"command": [
												"particle boi:ghost_particle ^0^0.4^-0.13"
											]
										}
									},
									{
										"weight": 50,
										"run_command": {
											"command": [
												"particle boi:ghost_particle ^0^0.4^0.13"
											]
										}
									}
								]
							}
						}
					}
				},
				"key": "minecraft:entity",
				"children": [
					{
						"open": {
							"description": {
								"identifier": "boi:ghost_cat",
								"is_spawnable": false,
								"is_summonable": true,
								"is_experimental": false,
								"runtime_identifier": "minecraft:cat"
							},
							"component_groups": {
								"minecraft:cat_baby": {
									"minecraft:is_baby": {},
									"minecraft:scale": {
										"value": 0.4
									},
									"minecraft:ageable": {
										"duration": 1200,
										"feed_items": [
											"fish",
											"salmon"
										],
										"grow_up": {
											"event": "minecraft:ageable_grow_up",
											"target": "self"
										}
									}
								},
								"minecraft:cat_adult": {
									"minecraft:experience_reward": {
										"on_bred": "Math.Random(1,7)",
										"on_death": "query.last_hit_by_player ? Math.Random(1,3) : 0"
									},
									"minecraft:scale": {
										"value": 0.8
									},
									"minecraft:behavior.breed": {
										"priority": 3,
										"speed_multiplier": 1
									},
									"minecraft:breedable": {
										"require_tame": true,
										"require_full_health": true,
										"allow_sitting": true,
										"breeds_with": {
											"mate_type": "minecraft:cat",
											"baby_type": "minecraft:cat",
											"breed_event": {
												"event": "minecraft:entity_born",
												"target": "baby"
											}
										},
										"breed_items": [
											"fish",
											"salmon"
										]
									}
								},
								"minecraft:cat_wild": {
									"minecraft:health": {
										"value": 10,
										"max": 10
									},
									"minecraft:tameable": {
										"probability": 0.33,
										"tame_items": [
											"fish",
											"salmon"
										],
										"tame_event": {
											"event": "minecraft:on_tame",
											"target": "self"
										}
									},
									"minecraft:rideable": {
										"seat_count": 1,
										"family_types": [
											"zombie"
										],
										"seats": {
											"position": [
												0,
												0.35,
												0
											]
										}
									},
									"minecraft:behavior.nearest_attackable_target": {
										"priority": 1,
										"reselect_targets": true,
										"within_radius": 16,
										"entity_types": [
											{
												"filters": {
													"test": "is_family",
													"subject": "other",
													"value": "rabbit"
												},
												"max_dist": 8
											},
											{
												"filters": {
													"all_of": [
														{
															"test": "is_family",
															"subject": "other",
															"value": "baby_turtle"
														},
														{
															"test": "in_water",
															"subject": "other",
															"operator": "!=",
															"value": true
														}
													]
												},
												"max_dist": 8
											}
										]
									},
									"minecraft:behavior.tempt": {
										"priority": 5,
										"speed_multiplier": 0.5,
										"within_radius": 16,
										"can_get_scared": true,
										"items": [
											"fish",
											"salmon"
										]
									},
									"minecraft:behavior.avoid_mob_type": {
										"priority": 6,
										"entity_types": [
											{
												"filters": {
													"test": "is_family",
													"subject": "other",
													"value": "player"
												},
												"max_dist": 10,
												"walk_speed_multiplier": 0.8,
												"sprint_speed_multiplier": 1.33
											}
										]
									},
									"minecraft:behavior.move_towards_dwelling_restriction": {
										"priority": 7
									}
								},
								"minecraft:cat_tame": {
									"minecraft:is_tamed": {},
									"minecraft:health": {
										"value": 20,
										"max": 20
									},
									"minecraft:color": {
										"value": 14
									},
									"minecraft:sittable": {},
									"minecraft:behavior.tempt": {
										"priority": 5,
										"speed_multiplier": 0.5,
										"within_radius": 16,
										"items": [
											"fish",
											"salmon"
										]
									},
									"minecraft:is_dyeable": {
										"interact_text": "action.interact.dye"
									},
									"minecraft:leashable": {
										"soft_distance": 4,
										"hard_distance": 6,
										"max_distance": 10
									},
									"minecraft:behavior.follow_owner": {
										"priority": 4,
										"speed_multiplier": 1,
										"start_distance": 10,
										"stop_distance": 2
									},
									"minecraft:behavior.stay_while_sitting": {
										"priority": 3
									},
									"minecraft:behavior.ocelot_sit_on_block": {
										"priority": 7,
										"speed_multiplier": 1
									},
									"minecraft:behavior.pet_sleep_with_owner": {
										"priority": 2,
										"speed_multiplier": 1.2,
										"search_radius": 10,
										"search_height": 10,
										"goal_radius": 1
									},
									"minecraft:on_wake_with_owner": {
										"event": "minecraft:pet_slept_with_owner",
										"target": "self"
									},
									"minecraft:scale": {
										"value": 0.8
									}
								},
								"minecraft:cat_gift_for_owner": {
									"minecraft:behavior.drop_item_for": {
										"priority": 1,
										"seconds_before_pickup": 0,
										"cooldown": 0.25,
										"drop_item_chance": 0.7,
										"offering_distance": 5,
										"minimum_teleport_distance": 2,
										"max_head_look_at_height": 10,
										"target_range": [
											5,
											5,
											5
										],
										"teleport_offset": [
											0,
											1,
											0
										],
										"time_of_day_range": [
											0.74999,
											0.8
										],
										"speed_multiplier": 1,
										"search_range": 5,
										"search_height": 2,
										"search_count": 0,
										"goal_radius": 1,
										"entity_types": [
											{
												"filters": {
													"test": "is_family",
													"subject": "other",
													"value": "player"
												},
												"max_dist": 6
											}
										],
										"loot_table": "loot_tables/entities/cat_gift.json",
										"on_drop_attempt": {
											"event": "minecraft:cat_gifted_owner",
											"target": "self"
										}
									}
								}
							},
							"components": {
								"minecraft:attack_damage": {
									"value": 4
								},
								"minecraft:nameable": {},
								"minecraft:type_family": {
									"family": [
										"cat",
										"mob"
									]
								},
								"minecraft:breathable": {
									"total_supply": 15,
									"suffocate_time": 0
								},
								"minecraft:collision_box": {
									"width": 0.6,
									"height": 0.7
								},
								"minecraft:healable": {
									"items": [
										{
											"item": "fish",
											"heal_amount": 2
										},
										{
											"item": "salmon",
											"heal_amount": 2
										}
									]
								},
								"minecraft:hurt_on_condition": {
									"damage_conditions": [
										{
											"filters": {
												"test": "in_lava",
												"subject": "self",
												"operator": "==",
												"value": true
											},
											"cause": "lava",
											"damage_per_tick": 4
										}
									]
								},
								"minecraft:movement": {
									"value": 0.3
								},
								"minecraft:navigation.walk": {
									"can_float": true,
									"avoid_water": true,
									"avoid_damage_blocks": true
								},
								"minecraft:movement.basic": {},
								"minecraft:jump.static": {},
								"minecraft:can_climb": {},
								"minecraft:damage_sensor": {
									"triggers": {
										"cause": "fall",
										"deals_damage": false
									}
								},
								"minecraft:dweller": {
									"dwelling_type": "village",
									"dweller_role": "passive",
									"update_interval_base": 60,
									"update_interval_variant": 40,
									"can_find_poi": false,
									"can_migrate": true,
									"first_founding_reward": 0
								},
								"minecraft:despawn": {
									"despawn_from_distance": {}
								},
								"minecraft:behavior.float": {
									"priority": 0
								},
								"minecraft:behavior.panic": {
									"priority": 1,
									"speed_multiplier": 1.25
								},
								"minecraft:behavior.mount_pathing": {
									"priority": 1,
									"speed_multiplier": 1.25,
									"target_dist": 0,
									"track_target": true
								},
								"minecraft:behavior.leap_at_target": {
									"priority": 3,
									"target_dist": 0.3
								},
								"minecraft:behavior.ocelotattack": {
									"priority": 4,
									"cooldown_time": 1,
									"x_max_rotation": 30,
									"y_max_head_rotation": 30,
									"max_distance": 15,
									"max_sneak_range": 15,
									"max_sprint_range": 4,
									"reach_multiplier": 2,
									"sneak_speed_multiplier": 0.6,
									"sprint_speed_multiplier": 1.33,
									"walk_speed_multiplier": 0.8
								},
								"minecraft:behavior.random_stroll": {
									"priority": 8,
									"speed_multiplier": 0.8
								},
								"minecraft:behavior.look_at_player": {
									"priority": 9
								},
								"minecraft:physics": {},
								"minecraft:pushable": {
									"is_pushable": true,
									"is_pushable_by_piston": true
								},
								"minecraft:conditional_bandwidth_optimization": {},
								"minecraft:timer": {
									"looping": true,
									"time": 1,
									"time_down_event": {
										"event": "command"
									}
								},
								"minecraft:environment_sensor": {
									"triggers": {
										"event": "particle",
										"filters": {
											"test": "rider_count",
											"value": 64,
											"operator": "<="
										}
									}
								},
								"minecraft:loot": {
									"table": "loot_tables/entities/ghost_cat.json"
								}
							},
							"events": {
								"minecraft:entity_spawned": {
									"sequence": [
										{
											"randomize": [
												{
													"weight": 3,
													"add": {
														"component_groups": [
															"minecraft:cat_adult",
															"minecraft:cat_wild"
														]
													}
												}
											]
										}
									]
								},
								"minecraft:on_tame": {
									"sequence": [
										{
											"remove": {
												"component_groups": [
													"minecraft:cat_wild"
												]
											},
											"run_command": {
												"command": [
													"tp @s @p"
												]
											}
										},
										{
											"add": {
												"component_groups": [
													"minecraft:cat_tame"
												]
											}
										}
									]
								},
								"minecraft:pet_slept_with_owner": {
									"add": {
										"component_groups": [
											"minecraft:cat_gift_for_owner"
										]
									}
								},
								"minecraft:cat_gifted_owner": {
									"remove": {
										"component_groups": [
											"minecraft:cat_gift_for_owner"
										]
									}
								},
								"command": {
									"run_command": {
										"command": [
											"effect @e[family=creeper,r=10] slowness 2 2"
										]
									}
								},
								"particle": {
									"randomize": [
										{
											"weight": 900
										},
										{
											"weight": 50,
											"run_command": {
												"command": [
													"particle boi:ghost_particle ^^0.4^"
												]
											}
										},
										{
											"weight": 50,
											"run_command": {
												"command": [
													"particle boi:ghost_particle ^0.05^0.4^0.1"
												]
											}
										},
										{
											"weight": 50,
											"run_command": {
												"command": [
													"particle boi:ghost_particle ^-0.05^0.4^-0.1"
												]
											}
										},
										{
											"weight": 50,
											"run_command": {
												"command": [
													"particle boi:ghost_particle ^0^0.4^-0.13"
												]
											}
										},
										{
											"weight": 50,
											"run_command": {
												"command": [
													"particle boi:ghost_particle ^0^0.4^0.13"
												]
											}
										}
									]
								}
							}
						},
						"key": "description",
						"is_minified": true,
						"children": {
							"identifier": "boi:ghost_cat",
							"is_spawnable": false,
							"is_summonable": true,
							"is_experimental": false,
							"runtime_identifier": "minecraft:cat"
						}
					},
					{
						"open": {
							"description": {
								"identifier": "boi:ghost_cat",
								"is_spawnable": false,
								"is_summonable": true,
								"is_experimental": false,
								"runtime_identifier": "minecraft:cat"
							},
							"component_groups": {
								"minecraft:cat_baby": {
									"minecraft:is_baby": {},
									"minecraft:scale": {
										"value": 0.4
									},
									"minecraft:ageable": {
										"duration": 1200,
										"feed_items": [
											"fish",
											"salmon"
										],
										"grow_up": {
											"event": "minecraft:ageable_grow_up",
											"target": "self"
										}
									}
								},
								"minecraft:cat_adult": {
									"minecraft:experience_reward": {
										"on_bred": "Math.Random(1,7)",
										"on_death": "query.last_hit_by_player ? Math.Random(1,3) : 0"
									},
									"minecraft:scale": {
										"value": 0.8
									},
									"minecraft:behavior.breed": {
										"priority": 3,
										"speed_multiplier": 1
									},
									"minecraft:breedable": {
										"require_tame": true,
										"require_full_health": true,
										"allow_sitting": true,
										"breeds_with": {
											"mate_type": "minecraft:cat",
											"baby_type": "minecraft:cat",
											"breed_event": {
												"event": "minecraft:entity_born",
												"target": "baby"
											}
										},
										"breed_items": [
											"fish",
											"salmon"
										]
									}
								},
								"minecraft:cat_wild": {
									"minecraft:health": {
										"value": 10,
										"max": 10
									},
									"minecraft:tameable": {
										"probability": 0.33,
										"tame_items": [
											"fish",
											"salmon"
										],
										"tame_event": {
											"event": "minecraft:on_tame",
											"target": "self"
										}
									},
									"minecraft:rideable": {
										"seat_count": 1,
										"family_types": [
											"zombie"
										],
										"seats": {
											"position": [
												0,
												0.35,
												0
											]
										}
									},
									"minecraft:behavior.nearest_attackable_target": {
										"priority": 1,
										"reselect_targets": true,
										"within_radius": 16,
										"entity_types": [
											{
												"filters": {
													"test": "is_family",
													"subject": "other",
													"value": "rabbit"
												},
												"max_dist": 8
											},
											{
												"filters": {
													"all_of": [
														{
															"test": "is_family",
															"subject": "other",
															"value": "baby_turtle"
														},
														{
															"test": "in_water",
															"subject": "other",
															"operator": "!=",
															"value": true
														}
													]
												},
												"max_dist": 8
											}
										]
									},
									"minecraft:behavior.tempt": {
										"priority": 5,
										"speed_multiplier": 0.5,
										"within_radius": 16,
										"can_get_scared": true,
										"items": [
											"fish",
											"salmon"
										]
									},
									"minecraft:behavior.avoid_mob_type": {
										"priority": 6,
										"entity_types": [
											{
												"filters": {
													"test": "is_family",
													"subject": "other",
													"value": "player"
												},
												"max_dist": 10,
												"walk_speed_multiplier": 0.8,
												"sprint_speed_multiplier": 1.33
											}
										]
									},
									"minecraft:behavior.move_towards_dwelling_restriction": {
										"priority": 7
									}
								},
								"minecraft:cat_tame": {
									"minecraft:is_tamed": {},
									"minecraft:health": {
										"value": 20,
										"max": 20
									},
									"minecraft:color": {
										"value": 14
									},
									"minecraft:sittable": {},
									"minecraft:behavior.tempt": {
										"priority": 5,
										"speed_multiplier": 0.5,
										"within_radius": 16,
										"items": [
											"fish",
											"salmon"
										]
									},
									"minecraft:is_dyeable": {
										"interact_text": "action.interact.dye"
									},
									"minecraft:leashable": {
										"soft_distance": 4,
										"hard_distance": 6,
										"max_distance": 10
									},
									"minecraft:behavior.follow_owner": {
										"priority": 4,
										"speed_multiplier": 1,
										"start_distance": 10,
										"stop_distance": 2
									},
									"minecraft:behavior.stay_while_sitting": {
										"priority": 3
									},
									"minecraft:behavior.ocelot_sit_on_block": {
										"priority": 7,
										"speed_multiplier": 1
									},
									"minecraft:behavior.pet_sleep_with_owner": {
										"priority": 2,
										"speed_multiplier": 1.2,
										"search_radius": 10,
										"search_height": 10,
										"goal_radius": 1
									},
									"minecraft:on_wake_with_owner": {
										"event": "minecraft:pet_slept_with_owner",
										"target": "self"
									},
									"minecraft:scale": {
										"value": 0.8
									}
								},
								"minecraft:cat_gift_for_owner": {
									"minecraft:behavior.drop_item_for": {
										"priority": 1,
										"seconds_before_pickup": 0,
										"cooldown": 0.25,
										"drop_item_chance": 0.7,
										"offering_distance": 5,
										"minimum_teleport_distance": 2,
										"max_head_look_at_height": 10,
										"target_range": [
											5,
											5,
											5
										],
										"teleport_offset": [
											0,
											1,
											0
										],
										"time_of_day_range": [
											0.74999,
											0.8
										],
										"speed_multiplier": 1,
										"search_range": 5,
										"search_height": 2,
										"search_count": 0,
										"goal_radius": 1,
										"entity_types": [
											{
												"filters": {
													"test": "is_family",
													"subject": "other",
													"value": "player"
												},
												"max_dist": 6
											}
										],
										"loot_table": "loot_tables/entities/cat_gift.json",
										"on_drop_attempt": {
											"event": "minecraft:cat_gifted_owner",
											"target": "self"
										}
									}
								}
							},
							"components": {
								"minecraft:attack_damage": {
									"value": 4
								},
								"minecraft:nameable": {},
								"minecraft:type_family": {
									"family": [
										"cat",
										"mob"
									]
								},
								"minecraft:breathable": {
									"total_supply": 15,
									"suffocate_time": 0
								},
								"minecraft:collision_box": {
									"width": 0.6,
									"height": 0.7
								},
								"minecraft:healable": {
									"items": [
										{
											"item": "fish",
											"heal_amount": 2
										},
										{
											"item": "salmon",
											"heal_amount": 2
										}
									]
								},
								"minecraft:hurt_on_condition": {
									"damage_conditions": [
										{
											"filters": {
												"test": "in_lava",
												"subject": "self",
												"operator": "==",
												"value": true
											},
											"cause": "lava",
											"damage_per_tick": 4
										}
									]
								},
								"minecraft:movement": {
									"value": 0.3
								},
								"minecraft:navigation.walk": {
									"can_float": true,
									"avoid_water": true,
									"avoid_damage_blocks": true
								},
								"minecraft:movement.basic": {},
								"minecraft:jump.static": {},
								"minecraft:can_climb": {},
								"minecraft:damage_sensor": {
									"triggers": {
										"cause": "fall",
										"deals_damage": false
									}
								},
								"minecraft:dweller": {
									"dwelling_type": "village",
									"dweller_role": "passive",
									"update_interval_base": 60,
									"update_interval_variant": 40,
									"can_find_poi": false,
									"can_migrate": true,
									"first_founding_reward": 0
								},
								"minecraft:despawn": {
									"despawn_from_distance": {}
								},
								"minecraft:behavior.float": {
									"priority": 0
								},
								"minecraft:behavior.panic": {
									"priority": 1,
									"speed_multiplier": 1.25
								},
								"minecraft:behavior.mount_pathing": {
									"priority": 1,
									"speed_multiplier": 1.25,
									"target_dist": 0,
									"track_target": true
								},
								"minecraft:behavior.leap_at_target": {
									"priority": 3,
									"target_dist": 0.3
								},
								"minecraft:behavior.ocelotattack": {
									"priority": 4,
									"cooldown_time": 1,
									"x_max_rotation": 30,
									"y_max_head_rotation": 30,
									"max_distance": 15,
									"max_sneak_range": 15,
									"max_sprint_range": 4,
									"reach_multiplier": 2,
									"sneak_speed_multiplier": 0.6,
									"sprint_speed_multiplier": 1.33,
									"walk_speed_multiplier": 0.8
								},
								"minecraft:behavior.random_stroll": {
									"priority": 8,
									"speed_multiplier": 0.8
								},
								"minecraft:behavior.look_at_player": {
									"priority": 9
								},
								"minecraft:physics": {},
								"minecraft:pushable": {
									"is_pushable": true,
									"is_pushable_by_piston": true
								},
								"minecraft:conditional_bandwidth_optimization": {},
								"minecraft:timer": {
									"looping": true,
									"time": 1,
									"time_down_event": {
										"event": "command"
									}
								},
								"minecraft:environment_sensor": {
									"triggers": {
										"event": "particle",
										"filters": {
											"test": "rider_count",
											"value": 64,
											"operator": "<="
										}
									}
								},
								"minecraft:loot": {
									"table": "loot_tables/entities/ghost_cat.json"
								}
							},
							"events": {
								"minecraft:entity_spawned": {
									"sequence": [
										{
											"randomize": [
												{
													"weight": 3,
													"add": {
														"component_groups": [
															"minecraft:cat_adult",
															"minecraft:cat_wild"
														]
													}
												}
											]
										}
									]
								},
								"minecraft:on_tame": {
									"sequence": [
										{
											"remove": {
												"component_groups": [
													"minecraft:cat_wild"
												]
											},
											"run_command": {
												"command": [
													"tp @s @p"
												]
											}
										},
										{
											"add": {
												"component_groups": [
													"minecraft:cat_tame"
												]
											}
										}
									]
								},
								"minecraft:pet_slept_with_owner": {
									"add": {
										"component_groups": [
											"minecraft:cat_gift_for_owner"
										]
									}
								},
								"minecraft:cat_gifted_owner": {
									"remove": {
										"component_groups": [
											"minecraft:cat_gift_for_owner"
										]
									}
								},
								"command": {
									"run_command": {
										"command": [
											"effect @e[family=creeper,r=10] slowness 2 2"
										]
									}
								},
								"particle": {
									"randomize": [
										{
											"weight": 900
										},
										{
											"weight": 50,
											"run_command": {
												"command": [
													"particle boi:ghost_particle ^^0.4^"
												]
											}
										},
										{
											"weight": 50,
											"run_command": {
												"command": [
													"particle boi:ghost_particle ^0.05^0.4^0.1"
												]
											}
										},
										{
											"weight": 50,
											"run_command": {
												"command": [
													"particle boi:ghost_particle ^-0.05^0.4^-0.1"
												]
											}
										},
										{
											"weight": 50,
											"run_command": {
												"command": [
													"particle boi:ghost_particle ^0^0.4^-0.13"
												]
											}
										},
										{
											"weight": 50,
											"run_command": {
												"command": [
													"particle boi:ghost_particle ^0^0.4^0.13"
												]
											}
										}
									]
								}
							}
						},
						"key": "component_groups",
						"is_minified": true,
						"children": {
							"minecraft:cat_baby": {
								"minecraft:is_baby": {},
								"minecraft:scale": {
									"value": 0.4
								},
								"minecraft:ageable": {
									"duration": 1200,
									"feed_items": [
										"fish",
										"salmon"
									],
									"grow_up": {
										"event": "minecraft:ageable_grow_up",
										"target": "self"
									}
								}
							},
							"minecraft:cat_adult": {
								"minecraft:experience_reward": {
									"on_bred": "Math.Random(1,7)",
									"on_death": "query.last_hit_by_player ? Math.Random(1,3) : 0"
								},
								"minecraft:scale": {
									"value": 0.8
								},
								"minecraft:behavior.breed": {
									"priority": 3,
									"speed_multiplier": 1
								},
								"minecraft:breedable": {
									"require_tame": true,
									"require_full_health": true,
									"allow_sitting": true,
									"breeds_with": {
										"mate_type": "minecraft:cat",
										"baby_type": "minecraft:cat",
										"breed_event": {
											"event": "minecraft:entity_born",
											"target": "baby"
										}
									},
									"breed_items": [
										"fish",
										"salmon"
									]
								}
							},
							"minecraft:cat_wild": {
								"minecraft:health": {
									"value": 10,
									"max": 10
								},
								"minecraft:tameable": {
									"probability": 0.33,
									"tame_items": [
										"fish",
										"salmon"
									],
									"tame_event": {
										"event": "minecraft:on_tame",
										"target": "self"
									}
								},
								"minecraft:rideable": {
									"seat_count": 1,
									"family_types": [
										"zombie"
									],
									"seats": {
										"position": [
											0,
											0.35,
											0
										]
									}
								},
								"minecraft:behavior.nearest_attackable_target": {
									"priority": 1,
									"reselect_targets": true,
									"within_radius": 16,
									"entity_types": [
										{
											"filters": {
												"test": "is_family",
												"subject": "other",
												"value": "rabbit"
											},
											"max_dist": 8
										},
										{
											"filters": {
												"all_of": [
													{
														"test": "is_family",
														"subject": "other",
														"value": "baby_turtle"
													},
													{
														"test": "in_water",
														"subject": "other",
														"operator": "!=",
														"value": true
													}
												]
											},
											"max_dist": 8
										}
									]
								},
								"minecraft:behavior.tempt": {
									"priority": 5,
									"speed_multiplier": 0.5,
									"within_radius": 16,
									"can_get_scared": true,
									"items": [
										"fish",
										"salmon"
									]
								},
								"minecraft:behavior.avoid_mob_type": {
									"priority": 6,
									"entity_types": [
										{
											"filters": {
												"test": "is_family",
												"subject": "other",
												"value": "player"
											},
											"max_dist": 10,
											"walk_speed_multiplier": 0.8,
											"sprint_speed_multiplier": 1.33
										}
									]
								},
								"minecraft:behavior.move_towards_dwelling_restriction": {
									"priority": 7
								}
							},
							"minecraft:cat_tame": {
								"minecraft:is_tamed": {},
								"minecraft:health": {
									"value": 20,
									"max": 20
								},
								"minecraft:color": {
									"value": 14
								},
								"minecraft:sittable": {},
								"minecraft:behavior.tempt": {
									"priority": 5,
									"speed_multiplier": 0.5,
									"within_radius": 16,
									"items": [
										"fish",
										"salmon"
									]
								},
								"minecraft:is_dyeable": {
									"interact_text": "action.interact.dye"
								},
								"minecraft:leashable": {
									"soft_distance": 4,
									"hard_distance": 6,
									"max_distance": 10
								},
								"minecraft:behavior.follow_owner": {
									"priority": 4,
									"speed_multiplier": 1,
									"start_distance": 10,
									"stop_distance": 2
								},
								"minecraft:behavior.stay_while_sitting": {
									"priority": 3
								},
								"minecraft:behavior.ocelot_sit_on_block": {
									"priority": 7,
									"speed_multiplier": 1
								},
								"minecraft:behavior.pet_sleep_with_owner": {
									"priority": 2,
									"speed_multiplier": 1.2,
									"search_radius": 10,
									"search_height": 10,
									"goal_radius": 1
								},
								"minecraft:on_wake_with_owner": {
									"event": "minecraft:pet_slept_with_owner",
									"target": "self"
								},
								"minecraft:scale": {
									"value": 0.8
								}
							},
							"minecraft:cat_gift_for_owner": {
								"minecraft:behavior.drop_item_for": {
									"priority": 1,
									"seconds_before_pickup": 0,
									"cooldown": 0.25,
									"drop_item_chance": 0.7,
									"offering_distance": 5,
									"minimum_teleport_distance": 2,
									"max_head_look_at_height": 10,
									"target_range": [
										5,
										5,
										5
									],
									"teleport_offset": [
										0,
										1,
										0
									],
									"time_of_day_range": [
										0.74999,
										0.8
									],
									"speed_multiplier": 1,
									"search_range": 5,
									"search_height": 2,
									"search_count": 0,
									"goal_radius": 1,
									"entity_types": [
										{
											"filters": {
												"test": "is_family",
												"subject": "other",
												"value": "player"
											},
											"max_dist": 6
										}
									],
									"loot_table": "loot_tables/entities/cat_gift.json",
									"on_drop_attempt": {
										"event": "minecraft:cat_gifted_owner",
										"target": "self"
									}
								}
							}
						}
					},
					{
						"open": {
							"description": {
								"identifier": "boi:ghost_cat",
								"is_spawnable": false,
								"is_summonable": true,
								"is_experimental": false,
								"runtime_identifier": "minecraft:cat"
							},
							"component_groups": {
								"minecraft:cat_baby": {
									"minecraft:is_baby": {},
									"minecraft:scale": {
										"value": 0.4
									},
									"minecraft:ageable": {
										"duration": 1200,
										"feed_items": [
											"fish",
											"salmon"
										],
										"grow_up": {
											"event": "minecraft:ageable_grow_up",
											"target": "self"
										}
									}
								},
								"minecraft:cat_adult": {
									"minecraft:experience_reward": {
										"on_bred": "Math.Random(1,7)",
										"on_death": "query.last_hit_by_player ? Math.Random(1,3) : 0"
									},
									"minecraft:scale": {
										"value": 0.8
									},
									"minecraft:behavior.breed": {
										"priority": 3,
										"speed_multiplier": 1
									},
									"minecraft:breedable": {
										"require_tame": true,
										"require_full_health": true,
										"allow_sitting": true,
										"breeds_with": {
											"mate_type": "minecraft:cat",
											"baby_type": "minecraft:cat",
											"breed_event": {
												"event": "minecraft:entity_born",
												"target": "baby"
											}
										},
										"breed_items": [
											"fish",
											"salmon"
										]
									}
								},
								"minecraft:cat_wild": {
									"minecraft:health": {
										"value": 10,
										"max": 10
									},
									"minecraft:tameable": {
										"probability": 0.33,
										"tame_items": [
											"fish",
											"salmon"
										],
										"tame_event": {
											"event": "minecraft:on_tame",
											"target": "self"
										}
									},
									"minecraft:rideable": {
										"seat_count": 1,
										"family_types": [
											"zombie"
										],
										"seats": {
											"position": [
												0,
												0.35,
												0
											]
										}
									},
									"minecraft:behavior.nearest_attackable_target": {
										"priority": 1,
										"reselect_targets": true,
										"within_radius": 16,
										"entity_types": [
											{
												"filters": {
													"test": "is_family",
													"subject": "other",
													"value": "rabbit"
												},
												"max_dist": 8
											},
											{
												"filters": {
													"all_of": [
														{
															"test": "is_family",
															"subject": "other",
															"value": "baby_turtle"
														},
														{
															"test": "in_water",
															"subject": "other",
															"operator": "!=",
															"value": true
														}
													]
												},
												"max_dist": 8
											}
										]
									},
									"minecraft:behavior.tempt": {
										"priority": 5,
										"speed_multiplier": 0.5,
										"within_radius": 16,
										"can_get_scared": true,
										"items": [
											"fish",
											"salmon"
										]
									},
									"minecraft:behavior.avoid_mob_type": {
										"priority": 6,
										"entity_types": [
											{
												"filters": {
													"test": "is_family",
													"subject": "other",
													"value": "player"
												},
												"max_dist": 10,
												"walk_speed_multiplier": 0.8,
												"sprint_speed_multiplier": 1.33
											}
										]
									},
									"minecraft:behavior.move_towards_dwelling_restriction": {
										"priority": 7
									}
								},
								"minecraft:cat_tame": {
									"minecraft:is_tamed": {},
									"minecraft:health": {
										"value": 20,
										"max": 20
									},
									"minecraft:color": {
										"value": 14
									},
									"minecraft:sittable": {},
									"minecraft:behavior.tempt": {
										"priority": 5,
										"speed_multiplier": 0.5,
										"within_radius": 16,
										"items": [
											"fish",
											"salmon"
										]
									},
									"minecraft:is_dyeable": {
										"interact_text": "action.interact.dye"
									},
									"minecraft:leashable": {
										"soft_distance": 4,
										"hard_distance": 6,
										"max_distance": 10
									},
									"minecraft:behavior.follow_owner": {
										"priority": 4,
										"speed_multiplier": 1,
										"start_distance": 10,
										"stop_distance": 2
									},
									"minecraft:behavior.stay_while_sitting": {
										"priority": 3
									},
									"minecraft:behavior.ocelot_sit_on_block": {
										"priority": 7,
										"speed_multiplier": 1
									},
									"minecraft:behavior.pet_sleep_with_owner": {
										"priority": 2,
										"speed_multiplier": 1.2,
										"search_radius": 10,
										"search_height": 10,
										"goal_radius": 1
									},
									"minecraft:on_wake_with_owner": {
										"event": "minecraft:pet_slept_with_owner",
										"target": "self"
									},
									"minecraft:scale": {
										"value": 0.8
									}
								},
								"minecraft:cat_gift_for_owner": {
									"minecraft:behavior.drop_item_for": {
										"priority": 1,
										"seconds_before_pickup": 0,
										"cooldown": 0.25,
										"drop_item_chance": 0.7,
										"offering_distance": 5,
										"minimum_teleport_distance": 2,
										"max_head_look_at_height": 10,
										"target_range": [
											5,
											5,
											5
										],
										"teleport_offset": [
											0,
											1,
											0
										],
										"time_of_day_range": [
											0.74999,
											0.8
										],
										"speed_multiplier": 1,
										"search_range": 5,
										"search_height": 2,
										"search_count": 0,
										"goal_radius": 1,
										"entity_types": [
											{
												"filters": {
													"test": "is_family",
													"subject": "other",
													"value": "player"
												},
												"max_dist": 6
											}
										],
										"loot_table": "loot_tables/entities/cat_gift.json",
										"on_drop_attempt": {
											"event": "minecraft:cat_gifted_owner",
											"target": "self"
										}
									}
								}
							},
							"components": {
								"minecraft:attack_damage": {
									"value": 4
								},
								"minecraft:nameable": {},
								"minecraft:type_family": {
									"family": [
										"cat",
										"mob"
									]
								},
								"minecraft:breathable": {
									"total_supply": 15,
									"suffocate_time": 0
								},
								"minecraft:collision_box": {
									"width": 0.6,
									"height": 0.7
								},
								"minecraft:healable": {
									"items": [
										{
											"item": "fish",
											"heal_amount": 2
										},
										{
											"item": "salmon",
											"heal_amount": 2
										}
									]
								},
								"minecraft:hurt_on_condition": {
									"damage_conditions": [
										{
											"filters": {
												"test": "in_lava",
												"subject": "self",
												"operator": "==",
												"value": true
											},
											"cause": "lava",
											"damage_per_tick": 4
										}
									]
								},
								"minecraft:movement": {
									"value": 0.3
								},
								"minecraft:navigation.walk": {
									"can_float": true,
									"avoid_water": true,
									"avoid_damage_blocks": true
								},
								"minecraft:movement.basic": {},
								"minecraft:jump.static": {},
								"minecraft:can_climb": {},
								"minecraft:damage_sensor": {
									"triggers": {
										"cause": "fall",
										"deals_damage": false
									}
								},
								"minecraft:dweller": {
									"dwelling_type": "village",
									"dweller_role": "passive",
									"update_interval_base": 60,
									"update_interval_variant": 40,
									"can_find_poi": false,
									"can_migrate": true,
									"first_founding_reward": 0
								},
								"minecraft:despawn": {
									"despawn_from_distance": {}
								},
								"minecraft:behavior.float": {
									"priority": 0
								},
								"minecraft:behavior.panic": {
									"priority": 1,
									"speed_multiplier": 1.25
								},
								"minecraft:behavior.mount_pathing": {
									"priority": 1,
									"speed_multiplier": 1.25,
									"target_dist": 0,
									"track_target": true
								},
								"minecraft:behavior.leap_at_target": {
									"priority": 3,
									"target_dist": 0.3
								},
								"minecraft:behavior.ocelotattack": {
									"priority": 4,
									"cooldown_time": 1,
									"x_max_rotation": 30,
									"y_max_head_rotation": 30,
									"max_distance": 15,
									"max_sneak_range": 15,
									"max_sprint_range": 4,
									"reach_multiplier": 2,
									"sneak_speed_multiplier": 0.6,
									"sprint_speed_multiplier": 1.33,
									"walk_speed_multiplier": 0.8
								},
								"minecraft:behavior.random_stroll": {
									"priority": 8,
									"speed_multiplier": 0.8
								},
								"minecraft:behavior.look_at_player": {
									"priority": 9
								},
								"minecraft:physics": {},
								"minecraft:pushable": {
									"is_pushable": true,
									"is_pushable_by_piston": true
								},
								"minecraft:conditional_bandwidth_optimization": {},
								"minecraft:timer": {
									"looping": true,
									"time": 1,
									"time_down_event": {
										"event": "command"
									}
								},
								"minecraft:environment_sensor": {
									"triggers": {
										"event": "particle",
										"filters": {
											"test": "rider_count",
											"value": 64,
											"operator": "<="
										}
									}
								},
								"minecraft:loot": {
									"table": "loot_tables/entities/ghost_cat.json"
								}
							},
							"events": {
								"minecraft:entity_spawned": {
									"sequence": [
										{
											"randomize": [
												{
													"weight": 3,
													"add": {
														"component_groups": [
															"minecraft:cat_adult",
															"minecraft:cat_wild"
														]
													}
												}
											]
										}
									]
								},
								"minecraft:on_tame": {
									"sequence": [
										{
											"remove": {
												"component_groups": [
													"minecraft:cat_wild"
												]
											},
											"run_command": {
												"command": [
													"tp @s @p"
												]
											}
										},
										{
											"add": {
												"component_groups": [
													"minecraft:cat_tame"
												]
											}
										}
									]
								},
								"minecraft:pet_slept_with_owner": {
									"add": {
										"component_groups": [
											"minecraft:cat_gift_for_owner"
										]
									}
								},
								"minecraft:cat_gifted_owner": {
									"remove": {
										"component_groups": [
											"minecraft:cat_gift_for_owner"
										]
									}
								},
								"command": {
									"run_command": {
										"command": [
											"effect @e[family=creeper,r=10] slowness 2 2"
										]
									}
								},
								"particle": {
									"randomize": [
										{
											"weight": 900
										},
										{
											"weight": 50,
											"run_command": {
												"command": [
													"particle boi:ghost_particle ^^0.4^"
												]
											}
										},
										{
											"weight": 50,
											"run_command": {
												"command": [
													"particle boi:ghost_particle ^0.05^0.4^0.1"
												]
											}
										},
										{
											"weight": 50,
											"run_command": {
												"command": [
													"particle boi:ghost_particle ^-0.05^0.4^-0.1"
												]
											}
										},
										{
											"weight": 50,
											"run_command": {
												"command": [
													"particle boi:ghost_particle ^0^0.4^-0.13"
												]
											}
										},
										{
											"weight": 50,
											"run_command": {
												"command": [
													"particle boi:ghost_particle ^0^0.4^0.13"
												]
											}
										}
									]
								}
							}
						},
						"key": "components",
						"children": [
							{
								"key": "minecraft:attack_damage",
								"is_minified": true,
								"children": {
									"value": 4
								}
							},
							{
								"key": "minecraft:nameable",
								"is_minified": true,
								"children": {}
							},
							{
								"key": "minecraft:type_family",
								"is_minified": true,
								"children": {
									"family": [
										"cat",
										"mob"
									]
								}
							},
							{
								"key": "minecraft:breathable",
								"is_minified": true,
								"children": {
									"total_supply": 15,
									"suffocate_time": 0
								}
							},
							{
								"key": "minecraft:collision_box",
								"is_minified": true,
								"children": {
									"width": 0.6,
									"height": 0.7
								}
							},
							{
								"key": "minecraft:healable",
								"is_minified": true,
								"children": {
									"items": [
										{
											"item": "fish",
											"heal_amount": 2
										},
										{
											"item": "salmon",
											"heal_amount": 2
										}
									]
								}
							},
							{
								"key": "minecraft:hurt_on_condition",
								"is_minified": true,
								"children": {
									"damage_conditions": [
										{
											"filters": {
												"test": "in_lava",
												"subject": "self",
												"operator": "==",
												"value": true
											},
											"cause": "lava",
											"damage_per_tick": 4
										}
									]
								}
							},
							{
								"key": "minecraft:movement",
								"is_minified": true,
								"children": {
									"value": 0.3
								}
							},
							{
								"key": "minecraft:navigation.walk",
								"is_minified": true,
								"children": {
									"can_float": true,
									"avoid_water": true,
									"avoid_damage_blocks": true
								}
							},
							{
								"key": "minecraft:movement.basic",
								"is_minified": true,
								"children": {}
							},
							{
								"key": "minecraft:jump.static",
								"is_minified": true,
								"children": {}
							},
							{
								"key": "minecraft:can_climb",
								"is_minified": true,
								"children": {}
							},
							{
								"key": "minecraft:damage_sensor",
								"is_minified": true,
								"children": {
									"triggers": {
										"cause": "fall",
										"deals_damage": false
									}
								}
							},
							{
								"key": "minecraft:dweller",
								"is_minified": true,
								"children": {
									"dwelling_type": "village",
									"dweller_role": "passive",
									"update_interval_base": 60,
									"update_interval_variant": 40,
									"can_find_poi": false,
									"can_migrate": true,
									"first_founding_reward": 0
								}
							},
							{
								"key": "minecraft:despawn",
								"is_minified": true,
								"children": {
									"despawn_from_distance": {}
								}
							},
							{
								"key": "minecraft:behavior.float",
								"is_minified": true,
								"children": {
									"priority": 0
								}
							},
							{
								"key": "minecraft:behavior.panic",
								"is_minified": true,
								"children": {
									"priority": 1,
									"speed_multiplier": 1.25
								}
							},
							{
								"key": "minecraft:behavior.mount_pathing",
								"is_minified": true,
								"children": {
									"priority": 1,
									"speed_multiplier": 1.25,
									"target_dist": 0,
									"track_target": true
								}
							},
							{
								"key": "minecraft:behavior.leap_at_target",
								"is_minified": true,
								"children": {
									"priority": 3,
									"target_dist": 0.3
								}
							},
							{
								"key": "minecraft:behavior.ocelotattack",
								"is_minified": true,
								"children": {
									"priority": 4,
									"cooldown_time": 1,
									"x_max_rotation": 30,
									"y_max_head_rotation": 30,
									"max_distance": 15,
									"max_sneak_range": 15,
									"max_sprint_range": 4,
									"reach_multiplier": 2,
									"sneak_speed_multiplier": 0.6,
									"sprint_speed_multiplier": 1.33,
									"walk_speed_multiplier": 0.8
								}
							},
							{
								"key": "minecraft:behavior.random_stroll",
								"is_minified": true,
								"children": {
									"priority": 8,
									"speed_multiplier": 0.8
								}
							},
							{
								"key": "minecraft:behavior.look_at_player",
								"is_minified": true,
								"children": {
									"priority": 9
								}
							},
							{
								"key": "minecraft:physics",
								"is_minified": true,
								"children": {}
							},
							{
								"key": "minecraft:pushable",
								"is_minified": true,
								"children": {
									"is_pushable": true,
									"is_pushable_by_piston": true
								}
							},
							{
								"key": "minecraft:conditional_bandwidth_optimization",
								"is_minified": true,
								"children": {}
							},
							{
								"key": "minecraft:timer",
								"children": [
									{
										"data": "true",
										"key": "looping"
									},
									{
										"data": "1.0",
										"key": "time"
									},
									{
										"open": {
											"looping": true,
											"time": 1,
											"time_down_event": {
												"event": "command"
											}
										},
										"key": "time_down_event",
										"is_minified": true,
										"children": {
											"event": "command"
										}
									}
								]
							},
							{
								"key": "minecraft:environment_sensor",
								"children": [
									{
										"open": {
											"triggers": {
												"event": "particle",
												"filters": {
													"test": "rider_count",
													"value": 64,
													"operator": "<="
												}
											}
										},
										"key": "triggers",
										"is_minified": true,
										"children": {
											"event": "particle",
											"filters": {
												"test": "rider_count",
												"value": 64,
												"operator": "<="
											}
										}
									}
								]
							},
							{
								"open": {
									"minecraft:attack_damage": {
										"value": 4
									},
									"minecraft:nameable": {},
									"minecraft:type_family": {
										"family": [
											"cat",
											"mob"
										]
									},
									"minecraft:breathable": {
										"total_supply": 15,
										"suffocate_time": 0
									},
									"minecraft:collision_box": {
										"width": 0.6,
										"height": 0.7
									},
									"minecraft:healable": {
										"items": [
											{
												"item": "fish",
												"heal_amount": 2
											},
											{
												"item": "salmon",
												"heal_amount": 2
											}
										]
									},
									"minecraft:hurt_on_condition": {
										"damage_conditions": [
											{
												"filters": {
													"test": "in_lava",
													"subject": "self",
													"operator": "==",
													"value": true
												},
												"cause": "lava",
												"damage_per_tick": 4
											}
										]
									},
									"minecraft:movement": {
										"value": 0.3
									},
									"minecraft:navigation.walk": {
										"can_float": true,
										"avoid_water": true,
										"avoid_damage_blocks": true
									},
									"minecraft:movement.basic": {},
									"minecraft:jump.static": {},
									"minecraft:can_climb": {},
									"minecraft:damage_sensor": {
										"triggers": {
											"cause": "fall",
											"deals_damage": false
										}
									},
									"minecraft:dweller": {
										"dwelling_type": "village",
										"dweller_role": "passive",
										"update_interval_base": 60,
										"update_interval_variant": 40,
										"can_find_poi": false,
										"can_migrate": true,
										"first_founding_reward": 0
									},
									"minecraft:despawn": {
										"despawn_from_distance": {}
									},
									"minecraft:behavior.float": {
										"priority": 0
									},
									"minecraft:behavior.panic": {
										"priority": 1,
										"speed_multiplier": 1.25
									},
									"minecraft:behavior.mount_pathing": {
										"priority": 1,
										"speed_multiplier": 1.25,
										"target_dist": 0,
										"track_target": true
									},
									"minecraft:behavior.leap_at_target": {
										"priority": 3,
										"target_dist": 0.3
									},
									"minecraft:behavior.ocelotattack": {
										"priority": 4,
										"cooldown_time": 1,
										"x_max_rotation": 30,
										"y_max_head_rotation": 30,
										"max_distance": 15,
										"max_sneak_range": 15,
										"max_sprint_range": 4,
										"reach_multiplier": 2,
										"sneak_speed_multiplier": 0.6,
										"sprint_speed_multiplier": 1.33,
										"walk_speed_multiplier": 0.8
									},
									"minecraft:behavior.random_stroll": {
										"priority": 8,
										"speed_multiplier": 0.8
									},
									"minecraft:behavior.look_at_player": {
										"priority": 9
									},
									"minecraft:physics": {},
									"minecraft:pushable": {
										"is_pushable": true,
										"is_pushable_by_piston": true
									},
									"minecraft:conditional_bandwidth_optimization": {},
									"minecraft:timer": {
										"looping": true,
										"time": 1,
										"time_down_event": {
											"event": "command"
										}
									},
									"minecraft:environment_sensor": {
										"triggers": {
											"event": "particle",
											"filters": {
												"test": "rider_count",
												"value": 64,
												"operator": "<="
											}
										}
									},
									"minecraft:loot": {
										"table": "loot_tables/entities/ghost_cat.json"
									}
								},
								"key": "minecraft:loot",
								"is_minified": true,
								"children": {
									"table": "loot_tables/entities/ghost_cat.json"
								}
							}
						]
					},
					{
						"open": {
							"description": {
								"identifier": "boi:ghost_cat",
								"is_spawnable": false,
								"is_summonable": true,
								"is_experimental": false,
								"runtime_identifier": "minecraft:cat"
							},
							"component_groups": {
								"minecraft:cat_baby": {
									"minecraft:is_baby": {},
									"minecraft:scale": {
										"value": 0.4
									},
									"minecraft:ageable": {
										"duration": 1200,
										"feed_items": [
											"fish",
											"salmon"
										],
										"grow_up": {
											"event": "minecraft:ageable_grow_up",
											"target": "self"
										}
									}
								},
								"minecraft:cat_adult": {
									"minecraft:experience_reward": {
										"on_bred": "Math.Random(1,7)",
										"on_death": "query.last_hit_by_player ? Math.Random(1,3) : 0"
									},
									"minecraft:scale": {
										"value": 0.8
									},
									"minecraft:behavior.breed": {
										"priority": 3,
										"speed_multiplier": 1
									},
									"minecraft:breedable": {
										"require_tame": true,
										"require_full_health": true,
										"allow_sitting": true,
										"breeds_with": {
											"mate_type": "minecraft:cat",
											"baby_type": "minecraft:cat",
											"breed_event": {
												"event": "minecraft:entity_born",
												"target": "baby"
											}
										},
										"breed_items": [
											"fish",
											"salmon"
										]
									}
								},
								"minecraft:cat_wild": {
									"minecraft:health": {
										"value": 10,
										"max": 10
									},
									"minecraft:tameable": {
										"probability": 0.33,
										"tame_items": [
											"fish",
											"salmon"
										],
										"tame_event": {
											"event": "minecraft:on_tame",
											"target": "self"
										}
									},
									"minecraft:rideable": {
										"seat_count": 1,
										"family_types": [
											"zombie"
										],
										"seats": {
											"position": [
												0,
												0.35,
												0
											]
										}
									},
									"minecraft:behavior.nearest_attackable_target": {
										"priority": 1,
										"reselect_targets": true,
										"within_radius": 16,
										"entity_types": [
											{
												"filters": {
													"test": "is_family",
													"subject": "other",
													"value": "rabbit"
												},
												"max_dist": 8
											},
											{
												"filters": {
													"all_of": [
														{
															"test": "is_family",
															"subject": "other",
															"value": "baby_turtle"
														},
														{
															"test": "in_water",
															"subject": "other",
															"operator": "!=",
															"value": true
														}
													]
												},
												"max_dist": 8
											}
										]
									},
									"minecraft:behavior.tempt": {
										"priority": 5,
										"speed_multiplier": 0.5,
										"within_radius": 16,
										"can_get_scared": true,
										"items": [
											"fish",
											"salmon"
										]
									},
									"minecraft:behavior.avoid_mob_type": {
										"priority": 6,
										"entity_types": [
											{
												"filters": {
													"test": "is_family",
													"subject": "other",
													"value": "player"
												},
												"max_dist": 10,
												"walk_speed_multiplier": 0.8,
												"sprint_speed_multiplier": 1.33
											}
										]
									},
									"minecraft:behavior.move_towards_dwelling_restriction": {
										"priority": 7
									}
								},
								"minecraft:cat_tame": {
									"minecraft:is_tamed": {},
									"minecraft:health": {
										"value": 20,
										"max": 20
									},
									"minecraft:color": {
										"value": 14
									},
									"minecraft:sittable": {},
									"minecraft:behavior.tempt": {
										"priority": 5,
										"speed_multiplier": 0.5,
										"within_radius": 16,
										"items": [
											"fish",
											"salmon"
										]
									},
									"minecraft:is_dyeable": {
										"interact_text": "action.interact.dye"
									},
									"minecraft:leashable": {
										"soft_distance": 4,
										"hard_distance": 6,
										"max_distance": 10
									},
									"minecraft:behavior.follow_owner": {
										"priority": 4,
										"speed_multiplier": 1,
										"start_distance": 10,
										"stop_distance": 2
									},
									"minecraft:behavior.stay_while_sitting": {
										"priority": 3
									},
									"minecraft:behavior.ocelot_sit_on_block": {
										"priority": 7,
										"speed_multiplier": 1
									},
									"minecraft:behavior.pet_sleep_with_owner": {
										"priority": 2,
										"speed_multiplier": 1.2,
										"search_radius": 10,
										"search_height": 10,
										"goal_radius": 1
									},
									"minecraft:on_wake_with_owner": {
										"event": "minecraft:pet_slept_with_owner",
										"target": "self"
									},
									"minecraft:scale": {
										"value": 0.8
									}
								},
								"minecraft:cat_gift_for_owner": {
									"minecraft:behavior.drop_item_for": {
										"priority": 1,
										"seconds_before_pickup": 0,
										"cooldown": 0.25,
										"drop_item_chance": 0.7,
										"offering_distance": 5,
										"minimum_teleport_distance": 2,
										"max_head_look_at_height": 10,
										"target_range": [
											5,
											5,
											5
										],
										"teleport_offset": [
											0,
											1,
											0
										],
										"time_of_day_range": [
											0.74999,
											0.8
										],
										"speed_multiplier": 1,
										"search_range": 5,
										"search_height": 2,
										"search_count": 0,
										"goal_radius": 1,
										"entity_types": [
											{
												"filters": {
													"test": "is_family",
													"subject": "other",
													"value": "player"
												},
												"max_dist": 6
											}
										],
										"loot_table": "loot_tables/entities/cat_gift.json",
										"on_drop_attempt": {
											"event": "minecraft:cat_gifted_owner",
											"target": "self"
										}
									}
								}
							},
							"components": {
								"minecraft:attack_damage": {
									"value": 4
								},
								"minecraft:nameable": {},
								"minecraft:type_family": {
									"family": [
										"cat",
										"mob"
									]
								},
								"minecraft:breathable": {
									"total_supply": 15,
									"suffocate_time": 0
								},
								"minecraft:collision_box": {
									"width": 0.6,
									"height": 0.7
								},
								"minecraft:healable": {
									"items": [
										{
											"item": "fish",
											"heal_amount": 2
										},
										{
											"item": "salmon",
											"heal_amount": 2
										}
									]
								},
								"minecraft:hurt_on_condition": {
									"damage_conditions": [
										{
											"filters": {
												"test": "in_lava",
												"subject": "self",
												"operator": "==",
												"value": true
											},
											"cause": "lava",
											"damage_per_tick": 4
										}
									]
								},
								"minecraft:movement": {
									"value": 0.3
								},
								"minecraft:navigation.walk": {
									"can_float": true,
									"avoid_water": true,
									"avoid_damage_blocks": true
								},
								"minecraft:movement.basic": {},
								"minecraft:jump.static": {},
								"minecraft:can_climb": {},
								"minecraft:damage_sensor": {
									"triggers": {
										"cause": "fall",
										"deals_damage": false
									}
								},
								"minecraft:dweller": {
									"dwelling_type": "village",
									"dweller_role": "passive",
									"update_interval_base": 60,
									"update_interval_variant": 40,
									"can_find_poi": false,
									"can_migrate": true,
									"first_founding_reward": 0
								},
								"minecraft:despawn": {
									"despawn_from_distance": {}
								},
								"minecraft:behavior.float": {
									"priority": 0
								},
								"minecraft:behavior.panic": {
									"priority": 1,
									"speed_multiplier": 1.25
								},
								"minecraft:behavior.mount_pathing": {
									"priority": 1,
									"speed_multiplier": 1.25,
									"target_dist": 0,
									"track_target": true
								},
								"minecraft:behavior.leap_at_target": {
									"priority": 3,
									"target_dist": 0.3
								},
								"minecraft:behavior.ocelotattack": {
									"priority": 4,
									"cooldown_time": 1,
									"x_max_rotation": 30,
									"y_max_head_rotation": 30,
									"max_distance": 15,
									"max_sneak_range": 15,
									"max_sprint_range": 4,
									"reach_multiplier": 2,
									"sneak_speed_multiplier": 0.6,
									"sprint_speed_multiplier": 1.33,
									"walk_speed_multiplier": 0.8
								},
								"minecraft:behavior.random_stroll": {
									"priority": 8,
									"speed_multiplier": 0.8
								},
								"minecraft:behavior.look_at_player": {
									"priority": 9
								},
								"minecraft:physics": {},
								"minecraft:pushable": {
									"is_pushable": true,
									"is_pushable_by_piston": true
								},
								"minecraft:conditional_bandwidth_optimization": {},
								"minecraft:timer": {
									"looping": true,
									"time": 1,
									"time_down_event": {
										"event": "command"
									}
								},
								"minecraft:environment_sensor": {
									"triggers": {
										"event": "particle",
										"filters": {
											"test": "rider_count",
											"value": 64,
											"operator": "<="
										}
									}
								},
								"minecraft:loot": {
									"table": "loot_tables/entities/ghost_cat.json"
								}
							},
							"events": {
								"minecraft:entity_spawned": {
									"sequence": [
										{
											"randomize": [
												{
													"weight": 3,
													"add": {
														"component_groups": [
															"minecraft:cat_adult",
															"minecraft:cat_wild"
														]
													}
												}
											]
										}
									]
								},
								"minecraft:on_tame": {
									"sequence": [
										{
											"remove": {
												"component_groups": [
													"minecraft:cat_wild"
												]
											},
											"run_command": {
												"command": [
													"tp @s @p"
												]
											}
										},
										{
											"add": {
												"component_groups": [
													"minecraft:cat_tame"
												]
											}
										}
									]
								},
								"minecraft:pet_slept_with_owner": {
									"add": {
										"component_groups": [
											"minecraft:cat_gift_for_owner"
										]
									}
								},
								"minecraft:cat_gifted_owner": {
									"remove": {
										"component_groups": [
											"minecraft:cat_gift_for_owner"
										]
									}
								},
								"command": {
									"run_command": {
										"command": [
											"effect @e[family=creeper,r=10] slowness 2 2"
										]
									}
								},
								"particle": {
									"randomize": [
										{
											"weight": 900
										},
										{
											"weight": 50,
											"run_command": {
												"command": [
													"particle boi:ghost_particle ^^0.4^"
												]
											}
										},
										{
											"weight": 50,
											"run_command": {
												"command": [
													"particle boi:ghost_particle ^0.05^0.4^0.1"
												]
											}
										},
										{
											"weight": 50,
											"run_command": {
												"command": [
													"particle boi:ghost_particle ^-0.05^0.4^-0.1"
												]
											}
										},
										{
											"weight": 50,
											"run_command": {
												"command": [
													"particle boi:ghost_particle ^0^0.4^-0.13"
												]
											}
										},
										{
											"weight": 50,
											"run_command": {
												"command": [
													"particle boi:ghost_particle ^0^0.4^0.13"
												]
											}
										}
									]
								}
							}
						},
						"key": "events",
						"children": [
							{
								"key": "minecraft:entity_spawned",
								"children": [
									{
										"key": "sequence",
										"children": [
											{
												"open": [
													{
														"randomize": [
															{
																"weight": 3,
																"add": {
																	"component_groups": [
																		"minecraft:cat_adult",
																		"minecraft:cat_wild"
																	]
																}
															}
														]
													}
												],
												"children": [
													{
														"open": {
															"randomize": [
																{
																	"weight": 3,
																	"add": {
																		"component_groups": [
																			"minecraft:cat_adult",
																			"minecraft:cat_wild"
																		]
																	}
																}
															]
														},
														"key": "randomize",
														"children": [
															{
																"open": [
																	{
																		"weight": 3,
																		"add": {
																			"component_groups": [
																				"minecraft:cat_adult",
																				"minecraft:cat_wild"
																			]
																		}
																	}
																],
																"children": [
																	{
																		"data": "3",
																		"key": "weight"
																	},
																	{
																		"open": {
																			"weight": 3,
																			"add": {
																				"component_groups": [
																					"minecraft:cat_adult",
																					"minecraft:cat_wild"
																				]
																			}
																		},
																		"key": "add",
																		"children": [
																			{
																				"open": {
																					"component_groups": [
																						"minecraft:cat_adult",
																						"minecraft:cat_wild"
																					]
																				},
																				"key": "component_groups",
																				"is_minified": true,
																				"children": [
																					"minecraft:cat_adult",
																					"minecraft:cat_wild"
																				]
																			}
																		]
																	}
																]
															}
														]
													}
												]
											}
										]
									}
								]
							},
							{
								"open": {
									"minecraft:entity_spawned": {
										"sequence": [
											{
												"randomize": [
													{
														"weight": 3,
														"add": {
															"component_groups": [
																"minecraft:cat_adult",
																"minecraft:cat_wild"
															]
														}
													}
												]
											}
										]
									},
									"minecraft:on_tame": {
										"sequence": [
											{
												"remove": {
													"component_groups": [
														"minecraft:cat_wild"
													]
												},
												"run_command": {
													"command": [
														"tp @s @p"
													]
												}
											},
											{
												"add": {
													"component_groups": [
														"minecraft:cat_tame"
													]
												}
											}
										]
									},
									"minecraft:pet_slept_with_owner": {
										"add": {
											"component_groups": [
												"minecraft:cat_gift_for_owner"
											]
										}
									},
									"minecraft:cat_gifted_owner": {
										"remove": {
											"component_groups": [
												"minecraft:cat_gift_for_owner"
											]
										}
									},
									"command": {
										"run_command": {
											"command": [
												"effect @e[family=creeper,r=10] slowness 2 2"
											]
										}
									},
									"particle": {
										"randomize": [
											{
												"weight": 900
											},
											{
												"weight": 50,
												"run_command": {
													"command": [
														"particle boi:ghost_particle ^^0.4^"
													]
												}
											},
											{
												"weight": 50,
												"run_command": {
													"command": [
														"particle boi:ghost_particle ^0.05^0.4^0.1"
													]
												}
											},
											{
												"weight": 50,
												"run_command": {
													"command": [
														"particle boi:ghost_particle ^-0.05^0.4^-0.1"
													]
												}
											},
											{
												"weight": 50,
												"run_command": {
													"command": [
														"particle boi:ghost_particle ^0^0.4^-0.13"
													]
												}
											},
											{
												"weight": 50,
												"run_command": {
													"command": [
														"particle boi:ghost_particle ^0^0.4^0.13"
													]
												}
											}
										]
									}
								},
								"key": "minecraft:on_tame",
								"children": [
									{
										"open": {
											"sequence": [
												{
													"remove": {
														"component_groups": [
															"minecraft:cat_wild"
														]
													},
													"run_command": {
														"command": [
															"tp @s @p"
														]
													}
												},
												{
													"add": {
														"component_groups": [
															"minecraft:cat_tame"
														]
													}
												}
											]
										},
										"key": "sequence",
										"children": [
											{
												"open": [
													{
														"remove": {
															"component_groups": [
																"minecraft:cat_wild"
															]
														},
														"run_command": {
															"command": [
																"tp @s @p"
															]
														}
													},
													{
														"add": {
															"component_groups": [
																"minecraft:cat_tame"
															]
														}
													}
												],
												"children": [
													{
														"key": "remove",
														"children": [
															{
																"open": {
																	"component_groups": [
																		"minecraft:cat_wild"
																	]
																},
																"key": "component_groups",
																"is_minified": true,
																"children": [
																	"minecraft:cat_wild"
																]
															}
														]
													},
													{
														"key": "run_command",
														"is_minified": true,
														"children": {
															"command": [
																"tp @s @p"
															]
														}
													}
												]
											},
											{
												"is_minified": true,
												"children": {
													"add": {
														"component_groups": [
															"minecraft:cat_tame"
														]
													}
												}
											}
										]
									}
								]
							},
							{
								"key": "minecraft:pet_slept_with_owner",
								"is_minified": true,
								"children": {
									"add": {
										"component_groups": [
											"minecraft:cat_gift_for_owner"
										]
									}
								}
							},
							{
								"key": "minecraft:cat_gifted_owner",
								"is_minified": true,
								"children": {
									"remove": {
										"component_groups": [
											"minecraft:cat_gift_for_owner"
										]
									}
								}
							},
							{
								"key": "command",
								"children": [
									{
										"open": {
											"run_command": {
												"command": [
													"effect @e[family=creeper,r=10] slowness 2 2"
												]
											}
										},
										"key": "run_command",
										"children": [
											{
												"open": {
													"command": [
														"effect @e[family=creeper,r=10] slowness 2 2"
													]
												},
												"key": "command",
												"is_minified": true,
												"children": [
													"effect @e[family=creeper,r=10] slowness 2 2"
												]
											}
										]
									}
								]
							},
							{
								"key": "particle",
								"children": [
									{
										"open": {
											"randomize": [
												{
													"weight": 900
												},
												{
													"weight": 50,
													"run_command": {
														"command": [
															"particle boi:ghost_particle ^^0.4^"
														]
													}
												},
												{
													"weight": 50,
													"run_command": {
														"command": [
															"particle boi:ghost_particle ^0.05^0.4^0.1"
														]
													}
												},
												{
													"weight": 50,
													"run_command": {
														"command": [
															"particle boi:ghost_particle ^-0.05^0.4^-0.1"
														]
													}
												},
												{
													"weight": 50,
													"run_command": {
														"command": [
															"particle boi:ghost_particle ^0^0.4^-0.13"
														]
													}
												},
												{
													"weight": 50,
													"run_command": {
														"command": [
															"particle boi:ghost_particle ^0^0.4^0.13"
														]
													}
												}
											]
										},
										"key": "randomize",
										"children": [
											{
												"is_minified": true,
												"children": {
													"weight": 900
												}
											},
											{
												"children": [
													{
														"data": "50",
														"key": "weight"
													},
													{
														"key": "run_command",
														"children": [
															{
																"open": {
																	"command": [
																		"particle boi:ghost_particle ^^0.4^"
																	]
																},
																"key": "command",
																"is_minified": true,
																"children": [
																	"particle boi:ghost_particle ^^0.4^"
																]
															}
														]
													}
												]
											},
											{
												"children": [
													{
														"data": "50",
														"key": "weight"
													},
													{
														"open": {
															"weight": 50,
															"run_command": {
																"command": [
																	"particle boi:ghost_particle ^0.05^0.4^0.1"
																]
															}
														},
														"key": "run_command",
														"children": [
															{
																"open": {
																	"command": [
																		"particle boi:ghost_particle ^0.05^0.4^0.1"
																	]
																},
																"key": "command",
																"is_minified": true,
																"children": [
																	"particle boi:ghost_particle ^0.05^0.4^0.1"
																]
															}
														]
													}
												]
											},
											{
												"children": [
													{
														"open": {
															"weight": 50,
															"run_command": {
																"command": [
																	"particle boi:ghost_particle ^-0.05^0.4^-0.1"
																]
															}
														},
														"data": "50",
														"key": "weight"
													},
													{
														"open": {
															"weight": 50,
															"run_command": {
																"command": [
																	"particle boi:ghost_particle ^-0.05^0.4^-0.1"
																]
															}
														},
														"key": "run_command",
														"children": [
															{
																"open": {
																	"command": [
																		"particle boi:ghost_particle ^-0.05^0.4^-0.1"
																	]
																},
																"key": "command",
																"is_minified": true,
																"children": [
																	"particle boi:ghost_particle ^-0.05^0.4^-0.1"
																]
															}
														]
													}
												]
											},
											{
												"children": [
													{
														"open": {
															"weight": 50,
															"run_command": {
																"command": [
																	"particle boi:ghost_particle ^0^0.4^-0.13"
																]
															}
														},
														"data": "50",
														"key": "weight"
													},
													{
														"open": {
															"weight": 50,
															"run_command": {
																"command": [
																	"particle boi:ghost_particle ^0^0.4^-0.13"
																]
															}
														},
														"key": "run_command",
														"children": [
															{
																"open": {
																	"command": [
																		"particle boi:ghost_particle ^0^0.4^-0.13"
																	]
																},
																"key": "command",
																"is_minified": true,
																"children": [
																	"particle boi:ghost_particle ^0^0.4^-0.13"
																]
															}
														]
													}
												]
											},
											{
												"open": [
													{
														"weight": 900
													},
													{
														"weight": 50,
														"run_command": {
															"command": [
																"particle boi:ghost_particle ^^0.4^"
															]
														}
													},
													{
														"weight": 50,
														"run_command": {
															"command": [
																"particle boi:ghost_particle ^0.05^0.4^0.1"
															]
														}
													},
													{
														"weight": 50,
														"run_command": {
															"command": [
																"particle boi:ghost_particle ^-0.05^0.4^-0.1"
															]
														}
													},
													{
														"weight": 50,
														"run_command": {
															"command": [
																"particle boi:ghost_particle ^0^0.4^-0.13"
															]
														}
													},
													{
														"weight": 50,
														"run_command": {
															"command": [
																"particle boi:ghost_particle ^0^0.4^0.13"
															]
														}
													}
												],
												"children": [
													{
														"open": {
															"weight": 50,
															"run_command": {
																"command": [
																	"particle boi:ghost_particle ^0^0.4^0.13"
																]
															}
														},
														"data": "50",
														"key": "weight"
													},
													{
														"open": {
															"weight": 50,
															"run_command": {
																"command": [
																	"particle boi:ghost_particle ^0^0.4^0.13"
																]
															}
														},
														"key": "run_command",
														"children": [
															{
																"open": {
																	"command": [
																		"particle boi:ghost_particle ^0^0.4^0.13"
																	]
																},
																"key": "command",
																"is_minified": true,
																"children": [
																	"particle boi:ghost_particle ^0^0.4^0.13"
																]
															}
														]
													}
												]
											}
										]
									}
								]
							}
						]
					}
				]
			}
		]
	}
}