{
	"file_path": "C:\\Users\\fiddy\\AppData\\Local\\Packages\\Microsoft.MinecraftUWP_8wekyb3d8bbwe\\LocalState\\games\\com.mojang\\development_behavior_packs\\SeasonalDecorBP\\entities\\ghost_projectile.json",
	"file_type": "entity",
	"format_version": 1,
	"file_uuid": "ecb1fb66_9400_4fef_8293_0b19ec18a096",
	"file_version": 42,
	"cache_content": {
		"children": [
			{
				"open": {
					"format_version": "1.17.0",
					"minecraft:entity": {
						"description": {
							"identifier": "boi:ghost_projectile",
							"is_spawnable": false,
							"is_summonable": true,
							"is_experimental": false,
							"runtime_identifier": "minecraft:snowball"
						},
						"components": {
							"minecraft:collision_box": {
								"width": 0.05,
								"height": 0.05
							},
							"minecraft:physics": {},
							"minecraft:pushable": {
								"is_pushable": true,
								"is_pushable_by_piston": true
							},
							"minecraft:conditional_bandwidth_optimization": {
								"default_values": {
									"max_optimized_distance": 100,
									"max_dropped_ticks": 5,
									"use_motion_prediction_hints": true
								}
							},
							"minecraft:projectile": {
								"on_hit": {
									"impact_damage": {
										"damage": 1,
										"knockback": true,
										"should_bounce": true
									},
									"mob_effect": {
										"effect": "slowness",
										"durationeasy": 60,
										"durationnormal": 60,
										"durationhard": 60,
										"amplifier": 1
									},
									"remove_on_hit": {}
								},
								"hit_sound": "bullet.hit",
								"destroyOnHurt": true,
								"crit_particle_on_hurt": true,
								"power": 1.2,
								"gravity": 0.02,
								"uncertainty_base": 0,
								"uncertainty_multiplier": 0,
								"anchor": 1,
								"offset": [
									0,
									-0.1,
									0
								]
							},
							"minecraft:entity_sensor": {
								"sensor_range": 1.8,
								"minimum_count": 1,
								"event_filters": {
									"any_of": [
										{
											"test": "is_family",
											"value": "player",
											"subject": "other",
											"operator": "equals"
										}
									]
								},
								"event": "kms",
								"maximum_count": 64
							},
							"minecraft:scale": {
								"value": 0.3
							},
							"minecraft:environment_sensor": {
								"triggers": {
									"event": "particles"
								}
							}
						},
						"events": {
							"kms": {
								"run_command": {
									"command": [
										"kill @s",
										"effect @e[family=monster] slowness 3 "
									]
								}
							},
							"particles": {
								"run_command": {
									"command": [
										"particle boi:ghost_projectile_particle ~~~",
										"particle boi:ghost_projectile_particle ^^^0.3",
										"particle boi:ghost_projectile_particle ^^^-0.3"
									]
								}
							}
						}
					}
				},
				"data": "1.17.0",
				"key": "format_version"
			},
			{
				"open": {
					"format_version": "1.17.0",
					"minecraft:entity": {
						"description": {
							"identifier": "boi:ghost_projectile",
							"is_spawnable": false,
							"is_summonable": true,
							"is_experimental": false,
							"runtime_identifier": "minecraft:snowball"
						},
						"components": {
							"minecraft:collision_box": {
								"width": 0.05,
								"height": 0.05
							},
							"minecraft:physics": {},
							"minecraft:pushable": {
								"is_pushable": true,
								"is_pushable_by_piston": true
							},
							"minecraft:conditional_bandwidth_optimization": {
								"default_values": {
									"max_optimized_distance": 100,
									"max_dropped_ticks": 5,
									"use_motion_prediction_hints": true
								}
							},
							"minecraft:projectile": {
								"on_hit": {
									"impact_damage": {
										"damage": 1,
										"knockback": true,
										"should_bounce": true
									},
									"mob_effect": {
										"effect": "slowness",
										"durationeasy": 60,
										"durationnormal": 60,
										"durationhard": 60,
										"amplifier": 1
									},
									"remove_on_hit": {}
								},
								"hit_sound": "bullet.hit",
								"destroyOnHurt": true,
								"crit_particle_on_hurt": true,
								"power": 1.2,
								"gravity": 0.02,
								"uncertainty_base": 0,
								"uncertainty_multiplier": 0,
								"anchor": 1,
								"offset": [
									0,
									-0.1,
									0
								]
							},
							"minecraft:entity_sensor": {
								"sensor_range": 1.8,
								"minimum_count": 1,
								"event_filters": {
									"any_of": [
										{
											"test": "is_family",
											"value": "player",
											"subject": "other",
											"operator": "equals"
										}
									]
								},
								"event": "kms",
								"maximum_count": 64
							},
							"minecraft:scale": {
								"value": 0.3
							},
							"minecraft:environment_sensor": {
								"triggers": {
									"event": "particles"
								}
							}
						},
						"events": {
							"kms": {
								"run_command": {
									"command": [
										"kill @s",
										"effect @e[family=monster] slowness 3 "
									]
								}
							},
							"particles": {
								"run_command": {
									"command": [
										"particle boi:ghost_projectile_particle ~~~",
										"particle boi:ghost_projectile_particle ^^^0.3",
										"particle boi:ghost_projectile_particle ^^^-0.3"
									]
								}
							}
						}
					}
				},
				"key": "minecraft:entity",
				"children": [
					{
						"key": "description",
						"is_minified": true,
						"children": {
							"identifier": "boi:ghost_projectile",
							"is_spawnable": false,
							"is_summonable": true,
							"is_experimental": false,
							"runtime_identifier": "minecraft:snowball"
						}
					},
					{
						"open": {
							"description": {
								"identifier": "boi:ghost_projectile",
								"is_spawnable": false,
								"is_summonable": true,
								"is_experimental": false,
								"runtime_identifier": "minecraft:snowball"
							},
							"components": {
								"minecraft:collision_box": {
									"width": 0.05,
									"height": 0.05
								},
								"minecraft:physics": {},
								"minecraft:pushable": {
									"is_pushable": true,
									"is_pushable_by_piston": true
								},
								"minecraft:conditional_bandwidth_optimization": {
									"default_values": {
										"max_optimized_distance": 100,
										"max_dropped_ticks": 5,
										"use_motion_prediction_hints": true
									}
								},
								"minecraft:projectile": {
									"on_hit": {
										"impact_damage": {
											"damage": 1,
											"knockback": true,
											"should_bounce": true
										},
										"mob_effect": {
											"effect": "slowness",
											"durationeasy": 60,
											"durationnormal": 60,
											"durationhard": 60,
											"amplifier": 1
										},
										"remove_on_hit": {}
									},
									"hit_sound": "bullet.hit",
									"destroyOnHurt": true,
									"crit_particle_on_hurt": true,
									"power": 1.2,
									"gravity": 0.02,
									"uncertainty_base": 0,
									"uncertainty_multiplier": 0,
									"anchor": 1,
									"offset": [
										0,
										-0.1,
										0
									]
								},
								"minecraft:entity_sensor": {
									"sensor_range": 1.8,
									"minimum_count": 1,
									"event_filters": {
										"any_of": [
											{
												"test": "is_family",
												"value": "player",
												"subject": "other",
												"operator": "equals"
											}
										]
									},
									"event": "kms",
									"maximum_count": 64
								},
								"minecraft:scale": {
									"value": 0.3
								},
								"minecraft:environment_sensor": {
									"triggers": {
										"event": "particles"
									}
								}
							},
							"events": {
								"kms": {
									"run_command": {
										"command": [
											"kill @s",
											"effect @e[family=monster] slowness 3 "
										]
									}
								},
								"particles": {
									"run_command": {
										"command": [
											"particle boi:ghost_projectile_particle ~~~",
											"particle boi:ghost_projectile_particle ^^^0.3",
											"particle boi:ghost_projectile_particle ^^^-0.3"
										]
									}
								}
							}
						},
						"key": "components",
						"children": [
							{
								"key": "minecraft:collision_box",
								"is_minified": true,
								"children": {
									"width": 0.05,
									"height": 0.05
								}
							},
							{
								"key": "minecraft:physics",
								"is_minified": true,
								"children": {}
							},
							{
								"key": "minecraft:pushable",
								"is_minified": true,
								"children": {
									"is_pushable": true,
									"is_pushable_by_piston": true
								}
							},
							{
								"key": "minecraft:conditional_bandwidth_optimization",
								"is_minified": true,
								"children": {
									"default_values": {
										"max_optimized_distance": 100,
										"max_dropped_ticks": 5,
										"use_motion_prediction_hints": true
									}
								}
							},
							{
								"key": "minecraft:projectile",
								"children": [
									{
										"open": {
											"on_hit": {
												"impact_damage": {
													"damage": 1,
													"knockback": true,
													"should_bounce": true
												},
												"mob_effect": {
													"effect": "slowness",
													"durationeasy": 60,
													"durationnormal": 60,
													"durationhard": 60,
													"amplifier": 1
												},
												"remove_on_hit": {}
											},
											"hit_sound": "bullet.hit",
											"destroyOnHurt": true,
											"crit_particle_on_hurt": true,
											"power": 1.2,
											"gravity": 0.02,
											"uncertainty_base": 0,
											"uncertainty_multiplier": 0,
											"anchor": 1,
											"offset": [
												0,
												-0.1,
												0
											]
										},
										"key": "on_hit",
										"children": [
											{
												"key": "impact_damage",
												"is_minified": true,
												"children": {
													"damage": 1,
													"knockback": true,
													"should_bounce": true
												}
											},
											{
												"open": {
													"impact_damage": {
														"damage": 1,
														"knockback": true,
														"should_bounce": true
													},
													"mob_effect": {
														"effect": "slowness",
														"durationeasy": 60,
														"durationnormal": 60,
														"durationhard": 60,
														"amplifier": 1
													},
													"remove_on_hit": {}
												},
												"key": "mob_effect",
												"is_minified": true,
												"children": {
													"effect": "slowness",
													"durationeasy": 60,
													"durationnormal": 60,
													"durationhard": 60,
													"amplifier": 1
												}
											},
											{
												"key": "remove_on_hit",
												"is_minified": true,
												"children": {}
											}
										]
									},
									{
										"data": "bullet.hit",
										"key": "hit_sound"
									},
									{
										"data": "true",
										"key": "destroyOnHurt"
									},
									{
										"data": "true",
										"key": "crit_particle_on_hurt"
									},
									{
										"data": "1.2",
										"key": "power"
									},
									{
										"data": "0.02",
										"key": "gravity"
									},
									{
										"data": "0",
										"key": "uncertainty_base"
									},
									{
										"data": "0",
										"key": "uncertainty_multiplier"
									},
									{
										"data": "1",
										"key": "anchor"
									},
									{
										"key": "offset",
										"is_minified": true,
										"children": [
											0,
											-0.1,
											0
										]
									}
								]
							},
							{
								"key": "minecraft:entity_sensor",
								"children": [
									{
										"open": {
											"sensor_range": 1.8,
											"minimum_count": 1,
											"event_filters": {
												"any_of": [
													{
														"test": "is_family",
														"value": "player",
														"subject": "other",
														"operator": "equals"
													}
												]
											},
											"event": "kms",
											"maximum_count": 64
										},
										"data": "1.8",
										"key": "sensor_range"
									},
									{
										"data": "1",
										"key": "minimum_count"
									},
									{
										"open": {
											"sensor_range": 1.8,
											"minimum_count": 1,
											"event_filters": {
												"any_of": [
													{
														"test": "is_family",
														"value": "player",
														"subject": "other",
														"operator": "equals"
													}
												]
											},
											"event": "kms",
											"maximum_count": 64
										},
										"key": "event_filters",
										"children": [
											{
												"open": {
													"any_of": [
														{
															"test": "is_family",
															"value": "player",
															"subject": "other",
															"operator": "equals"
														}
													]
												},
												"key": "any_of",
												"children": [
													{
														"open": [
															{
																"test": "is_family",
																"value": "player",
																"subject": "other",
																"operator": "equals"
															}
														],
														"is_minified": true,
														"children": {
															"test": "is_family",
															"value": "player",
															"subject": "other",
															"operator": "equals"
														}
													}
												]
											}
										]
									},
									{
										"data": "kms",
										"key": "event"
									},
									{
										"data": "64",
										"key": "maximum_count"
									}
								]
							},
							{
								"key": "minecraft:scale",
								"is_minified": true,
								"children": {
									"value": 0.3
								}
							},
							{
								"key": "minecraft:environment_sensor",
								"is_minified": true,
								"children": {
									"triggers": {
										"event": "particles"
									}
								}
							}
						]
					},
					{
						"open": {
							"description": {
								"identifier": "boi:ghost_projectile",
								"is_spawnable": false,
								"is_summonable": true,
								"is_experimental": false,
								"runtime_identifier": "minecraft:snowball"
							},
							"components": {
								"minecraft:collision_box": {
									"width": 0.05,
									"height": 0.05
								},
								"minecraft:physics": {},
								"minecraft:pushable": {
									"is_pushable": true,
									"is_pushable_by_piston": true
								},
								"minecraft:conditional_bandwidth_optimization": {
									"default_values": {
										"max_optimized_distance": 100,
										"max_dropped_ticks": 5,
										"use_motion_prediction_hints": true
									}
								},
								"minecraft:projectile": {
									"on_hit": {
										"impact_damage": {
											"damage": 1,
											"knockback": true,
											"should_bounce": true
										},
										"mob_effect": {
											"effect": "slowness",
											"durationeasy": 60,
											"durationnormal": 60,
											"durationhard": 60,
											"amplifier": 1
										},
										"remove_on_hit": {}
									},
									"hit_sound": "bullet.hit",
									"destroyOnHurt": true,
									"crit_particle_on_hurt": true,
									"power": 1.2,
									"gravity": 0.02,
									"uncertainty_base": 0,
									"uncertainty_multiplier": 0,
									"anchor": 1,
									"offset": [
										0,
										-0.1,
										0
									]
								},
								"minecraft:entity_sensor": {
									"sensor_range": 1.8,
									"minimum_count": 1,
									"event_filters": {
										"any_of": [
											{
												"test": "is_family",
												"value": "player",
												"subject": "other",
												"operator": "equals"
											}
										]
									},
									"event": "kms",
									"maximum_count": 64
								},
								"minecraft:scale": {
									"value": 0.3
								},
								"minecraft:environment_sensor": {
									"triggers": {
										"event": "particles"
									}
								}
							},
							"events": {
								"kms": {
									"run_command": {
										"command": [
											"kill @s",
											"effect @e[family=monster] slowness 3 "
										]
									}
								},
								"particles": {
									"run_command": {
										"command": [
											"particle boi:ghost_projectile_particle ~~~",
											"particle boi:ghost_projectile_particle ^^^0.3",
											"particle boi:ghost_projectile_particle ^^^-0.3"
										]
									}
								}
							}
						},
						"key": "events",
						"children": [
							{
								"key": "kms",
								"children": [
									{
										"open": {
											"run_command": {
												"command": [
													"kill @s",
													"effect @e[family=monster] slowness 3 "
												]
											}
										},
										"key": "run_command",
										"children": [
											{
												"open": {
													"command": [
														"kill @s",
														"effect @e[family=monster] slowness 3 "
													]
												},
												"key": "command",
												"is_minified": true,
												"children": [
													"kill @s",
													"effect @e[family=monster] slowness 3 "
												]
											}
										]
									}
								]
							},
							{
								"open": {
									"kms": {
										"run_command": {
											"command": [
												"kill @s",
												"effect @e[family=monster] slowness 3 "
											]
										}
									},
									"particles": {
										"run_command": {
											"command": [
												"particle boi:ghost_projectile_particle ~~~",
												"particle boi:ghost_projectile_particle ^^^0.3",
												"particle boi:ghost_projectile_particle ^^^-0.3"
											]
										}
									}
								},
								"key": "particles",
								"children": [
									{
										"open": {
											"run_command": {
												"command": [
													"particle boi:ghost_projectile_particle ~~~",
													"particle boi:ghost_projectile_particle ^^^0.3",
													"particle boi:ghost_projectile_particle ^^^-0.3"
												]
											}
										},
										"key": "run_command",
										"children": [
											{
												"open": {
													"command": [
														"particle boi:ghost_projectile_particle ~~~",
														"particle boi:ghost_projectile_particle ^^^0.3",
														"particle boi:ghost_projectile_particle ^^^-0.3"
													]
												},
												"key": "command",
												"is_minified": true,
												"children": [
													"particle boi:ghost_projectile_particle ~~~",
													"particle boi:ghost_projectile_particle ^^^0.3",
													"particle boi:ghost_projectile_particle ^^^-0.3"
												]
											}
										]
									}
								]
							}
						]
					}
				]
			}
		]
	}
}