{
	"file_path": "C:\\Users\\fiddy\\AppData\\Local\\Packages\\Microsoft.MinecraftUWP_8wekyb3d8bbwe\\LocalState\\games\\com.mojang\\development_behavior_packs\\SeasonalDecorBP\\entities\\pumpkin_pet.json",
	"file_type": "entity",
	"format_version": 1,
	"file_uuid": "d495a0d8_f882_4fdf_9996_5e0ef369ec1b",
	"file_version": 32,
	"cache_content": {
		"children": [
			{
				"data": "1.17.0",
				"key": "format_version"
			},
			{
				"open": {
					"format_version": "1.17.0",
					"minecraft:entity": {
						"description": {
							"identifier": "boi:pumpkin_pet",
							"is_spawnable": false,
							"is_summonable": true,
							"is_experimental": false
						},
						"component_groups": {
							"minecraft:wolf_baby": {
								"minecraft:is_baby": {},
								"minecraft:scale": {
									"value": 0.5
								},
								"minecraft:ageable": {
									"duration": 1200,
									"feed_items": [
										"chicken",
										"cooked_chicken",
										"beef",
										"cooked_beef",
										"muttonRaw",
										"muttonCooked",
										"porkchop",
										"cooked_porkchop",
										"rabbit",
										"cooked_rabbit",
										"rotten_flesh"
									],
									"grow_up": {
										"event": "minecraft:ageable_grow_up",
										"target": "self"
									}
								}
							},
							"minecraft:wolf_adult": {
								"minecraft:experience_reward": {
									"on_bred": "Math.Random(1,7)",
									"on_death": "query.last_hit_by_player ? Math.Random(1,3) : 0"
								},
								"minecraft:breedable": {
									"require_tame": true,
									"require_full_health": true,
									"breeds_with": {
										"mate_type": "minecraft:wolf",
										"baby_type": "minecraft:wolf",
										"breed_event": {
											"event": "minecraft:entity_born",
											"target": "baby"
										}
									},
									"breed_items": [
										"chicken",
										"cooked_chicken",
										"beef",
										"cooked_beef",
										"muttonRaw",
										"muttonCooked",
										"porkchop",
										"cooked_porkchop",
										"rabbit",
										"cooked_rabbit",
										"rotten_flesh"
									]
								}
							},
							"minecraft:wolf_wild": {
								"minecraft:tameable": {
									"probability": 0.33,
									"tame_items": "bone",
									"tame_event": {
										"event": "minecraft:on_tame",
										"target": "self"
									}
								},
								"minecraft:rideable": {
									"seat_count": 1,
									"family_types": [
										"zombie"
									],
									"seats": {
										"position": [
											0,
											0.675,
											-0.1
										]
									}
								}
							},
							"minecraft:wolf_tame": {
								"minecraft:is_tamed": {},
								"minecraft:health": {
									"value": 8,
									"max": 8
								},
								"minecraft:behavior.follow_owner": {
									"priority": 6,
									"speed_multiplier": 1,
									"start_distance": 2,
									"stop_distance": 2
								},
								"minecraft:behavior.breed": {
									"priority": 2,
									"speed_multiplier": 1
								},
								"minecraft:sittable": {},
								"minecraft:leashable": {
									"soft_distance": 4,
									"hard_distance": 6,
									"max_distance": 10,
									"on_leash": {
										"event": "minecraft:on_leash",
										"target": "self"
									},
									"on_unleash": {
										"event": "minecraft:on_unleash",
										"target": "self"
									}
								},
								"minecraft:movement": {
									"value": 0.32
								},
								"minecraft:color": {
									"value": 1
								},
								"minecraft:is_dyeable": {
									"interact_text": "Dye Pumpkin"
								}
							},
							"brown": {
								"minecraft:variant": {
									"value": 0
								}
							},
							"blue": {
								"minecraft:variant": {
									"value": 3
								}
							},
							"black": {
								"minecraft:variant": {
									"value": 2
								}
							},
							"white": {
								"minecraft:variant": {
									"value": 1
								}
							},
							"viva": {
								"minecraft:variant": {
									"value": 4
								}
							}
						},
						"components": {
							"minecraft:nameable": {},
							"minecraft:type_family": {
								"family": [
									"pumpkin_pet",
									"mob",
									"pet"
								]
							},
							"minecraft:breathable": {
								"total_supply": 15,
								"suffocate_time": 0
							},
							"minecraft:collision_box": {
								"width": 0.6,
								"height": 0.6
							},
							"minecraft:health": {
								"value": 8,
								"max": 8
							},
							"minecraft:hurt_on_condition": {
								"damage_conditions": [
									{
										"filters": {
											"test": "in_lava",
											"subject": "self",
											"operator": "==",
											"value": true
										},
										"cause": "lava",
										"damage_per_tick": 4
									}
								]
							},
							"minecraft:movement": {
								"value": 0.2
							},
							"minecraft:navigation.walk": {
								"can_path_over_water": true,
								"avoid_damage_blocks": true
							},
							"minecraft:movement.basic": {
								"max_turn": 360
							},
							"minecraft:jump.static": {},
							"minecraft:can_climb": {},
							"minecraft:despawn": {
								"despawn_from_distance": {}
							},
							"minecraft:behavior.float": {
								"priority": 0
							},
							"minecraft:behavior.mount_pathing": {
								"priority": 1,
								"speed_multiplier": 1.25,
								"target_dist": 0,
								"track_target": true
							},
							"minecraft:behavior.stay_while_sitting": {
								"priority": 3
							},
							"minecraft:behavior.random_stroll": {
								"priority": 8,
								"speed_multiplier": 1
							},
							"minecraft:behavior.look_at_player": {
								"priority": 6,
								"target_distance": 6,
								"probability": 0.02
							},
							"minecraft:physics": {},
							"minecraft:pushable": {
								"is_pushable": true,
								"is_pushable_by_piston": true
							},
							"minecraft:conditional_bandwidth_optimization": {},
							"minecraft:damage_sensor": {
								"triggers": [
									{
										"cause": "fall",
										"deals_damage": false
									},
									{
										"deals_damage": false,
										"cause": "suffocation"
									},
									{
										"deals_damage": false,
										"cause": "block_explosion"
									},
									{
										"deals_damage": false,
										"cause": "falling_block"
									},
									{
										"deals_damage": false,
										"cause": "entity_explosion"
									}
								]
							},
							"minecraft:environment_sensor": {
								"triggers": {
									"event": "light",
									"filters": {
										"test": "rider_count",
										"value": 64,
										"operator": "<="
									}
								}
							},
							"minecraft:loot": {
								"table": "loot_tables/entities/pumpkin_pet.json"
							},
							"minecraft:underwater_movement": {
								"value": 0.3
							},
							"minecraft:interact": {
								"interactions": [
									{
										"cooldown": 0.1,
										"use_item": false,
										"hurt_item": 1,
										"play_sounds": "shear",
										"interact_text": "action.interact.shear",
										"on_interact": {
											"event": "carve",
											"target": "self",
											"filters": {
												"all_of": [
													{
														"test": "has_equipment",
														"subject": "other",
														"domain": "hand",
														"value": "shears"
													},
													{
														"test": "is_family",
														"subject": "other",
														"value": "player"
													}
												]
											}
										}
									}
								]
							}
						},
						"events": {
							"minecraft:ageable_grow_up": {
								"remove": {
									"component_groups": [
										"minecraft:wolf_baby"
									]
								},
								"add": {
									"component_groups": [
										"minecraft:wolf_adult"
									]
								}
							},
							"minecraft:ageable_set_baby": {
								"remove": {
									"component_groups": [
										"minecraft:wolf_adult"
									]
								},
								"add": {
									"component_groups": [
										"minecraft:wolf_baby"
									]
								}
							},
							"minecraft:on_tame": {
								"sequence": [
									{
										"add": {
											"component_groups": [
												"minecraft:wolf_tame"
											]
										},
										"remove": {
											"component_groups": [
												"minecraft:wolf_wild"
											]
										}
									},
									{
										"randomize": [
											{
												"weight": 100,
												"add": {
													"component_groups": [
														"brown"
													]
												}
											},
											{
												"weight": 100,
												"add": {
													"component_groups": [
														"blue"
													]
												}
											},
											{
												"weight": 100,
												"add": {
													"component_groups": [
														"black"
													]
												}
											},
											{
												"weight": 50,
												"add": {
													"component_groups": [
														"white"
													]
												}
											},
											{
												"weight": 100,
												"add": {
													"component_groups": [
														"viva"
													]
												}
											}
										]
									},
									{
										"run_command": {
											"command": [
												"tp @s @p"
											]
										}
									}
								]
							},
							"light": {
								"run_command": {
									"command": [
										"fill ~~1~ ~~1~ boi:glow_worm_light_block 0 replace air",
										"effect @s regeneration 10 0 true"
									]
								}
							},
							"carve": {
								"sequence": [
									{
										"remove": {
											"component_groups": [
												"brown",
												"blue",
												"black",
												"white",
												"viva"
											]
										}
									},
									{
										"randomize": [
											{
												"weight": 100,
												"add": {
													"component_groups": [
														"brown"
													]
												}
											},
											{
												"weight": 100,
												"add": {
													"component_groups": [
														"blue"
													]
												}
											},
											{
												"weight": 100,
												"add": {
													"component_groups": [
														"black"
													]
												}
											},
											{
												"weight": 50,
												"add": {
													"component_groups": [
														"white"
													]
												}
											},
											{
												"weight": 100,
												"add": {
													"component_groups": [
														"viva"
													]
												}
											}
										]
									}
								]
							}
						}
					}
				},
				"key": "minecraft:entity",
				"children": [
					{
						"open": {
							"description": {
								"identifier": "boi:pumpkin_pet",
								"is_spawnable": false,
								"is_summonable": true,
								"is_experimental": false
							},
							"component_groups": {
								"minecraft:wolf_baby": {
									"minecraft:is_baby": {},
									"minecraft:scale": {
										"value": 0.5
									},
									"minecraft:ageable": {
										"duration": 1200,
										"feed_items": [
											"chicken",
											"cooked_chicken",
											"beef",
											"cooked_beef",
											"muttonRaw",
											"muttonCooked",
											"porkchop",
											"cooked_porkchop",
											"rabbit",
											"cooked_rabbit",
											"rotten_flesh"
										],
										"grow_up": {
											"event": "minecraft:ageable_grow_up",
											"target": "self"
										}
									}
								},
								"minecraft:wolf_adult": {
									"minecraft:experience_reward": {
										"on_bred": "Math.Random(1,7)",
										"on_death": "query.last_hit_by_player ? Math.Random(1,3) : 0"
									},
									"minecraft:breedable": {
										"require_tame": true,
										"require_full_health": true,
										"breeds_with": {
											"mate_type": "minecraft:wolf",
											"baby_type": "minecraft:wolf",
											"breed_event": {
												"event": "minecraft:entity_born",
												"target": "baby"
											}
										},
										"breed_items": [
											"chicken",
											"cooked_chicken",
											"beef",
											"cooked_beef",
											"muttonRaw",
											"muttonCooked",
											"porkchop",
											"cooked_porkchop",
											"rabbit",
											"cooked_rabbit",
											"rotten_flesh"
										]
									}
								},
								"minecraft:wolf_wild": {
									"minecraft:tameable": {
										"probability": 0.33,
										"tame_items": "bone",
										"tame_event": {
											"event": "minecraft:on_tame",
											"target": "self"
										}
									},
									"minecraft:rideable": {
										"seat_count": 1,
										"family_types": [
											"zombie"
										],
										"seats": {
											"position": [
												0,
												0.675,
												-0.1
											]
										}
									}
								},
								"minecraft:wolf_tame": {
									"minecraft:is_tamed": {},
									"minecraft:health": {
										"value": 8,
										"max": 8
									},
									"minecraft:behavior.follow_owner": {
										"priority": 6,
										"speed_multiplier": 1,
										"start_distance": 2,
										"stop_distance": 2
									},
									"minecraft:behavior.breed": {
										"priority": 2,
										"speed_multiplier": 1
									},
									"minecraft:sittable": {},
									"minecraft:leashable": {
										"soft_distance": 4,
										"hard_distance": 6,
										"max_distance": 10,
										"on_leash": {
											"event": "minecraft:on_leash",
											"target": "self"
										},
										"on_unleash": {
											"event": "minecraft:on_unleash",
											"target": "self"
										}
									},
									"minecraft:movement": {
										"value": 0.32
									},
									"minecraft:color": {
										"value": 1
									},
									"minecraft:is_dyeable": {
										"interact_text": "Dye Pumpkin"
									}
								},
								"brown": {
									"minecraft:variant": {
										"value": 0
									}
								},
								"blue": {
									"minecraft:variant": {
										"value": 3
									}
								},
								"black": {
									"minecraft:variant": {
										"value": 2
									}
								},
								"white": {
									"minecraft:variant": {
										"value": 1
									}
								},
								"viva": {
									"minecraft:variant": {
										"value": 4
									}
								}
							},
							"components": {
								"minecraft:nameable": {},
								"minecraft:type_family": {
									"family": [
										"pumpkin_pet",
										"mob",
										"pet"
									]
								},
								"minecraft:breathable": {
									"total_supply": 15,
									"suffocate_time": 0
								},
								"minecraft:collision_box": {
									"width": 0.6,
									"height": 0.6
								},
								"minecraft:health": {
									"value": 8,
									"max": 8
								},
								"minecraft:hurt_on_condition": {
									"damage_conditions": [
										{
											"filters": {
												"test": "in_lava",
												"subject": "self",
												"operator": "==",
												"value": true
											},
											"cause": "lava",
											"damage_per_tick": 4
										}
									]
								},
								"minecraft:movement": {
									"value": 0.2
								},
								"minecraft:navigation.walk": {
									"can_path_over_water": true,
									"avoid_damage_blocks": true
								},
								"minecraft:movement.basic": {
									"max_turn": 360
								},
								"minecraft:jump.static": {},
								"minecraft:can_climb": {},
								"minecraft:despawn": {
									"despawn_from_distance": {}
								},
								"minecraft:behavior.float": {
									"priority": 0
								},
								"minecraft:behavior.mount_pathing": {
									"priority": 1,
									"speed_multiplier": 1.25,
									"target_dist": 0,
									"track_target": true
								},
								"minecraft:behavior.stay_while_sitting": {
									"priority": 3
								},
								"minecraft:behavior.random_stroll": {
									"priority": 8,
									"speed_multiplier": 1
								},
								"minecraft:behavior.look_at_player": {
									"priority": 6,
									"target_distance": 6,
									"probability": 0.02
								},
								"minecraft:physics": {},
								"minecraft:pushable": {
									"is_pushable": true,
									"is_pushable_by_piston": true
								},
								"minecraft:conditional_bandwidth_optimization": {},
								"minecraft:damage_sensor": {
									"triggers": [
										{
											"cause": "fall",
											"deals_damage": false
										},
										{
											"deals_damage": false,
											"cause": "suffocation"
										},
										{
											"deals_damage": false,
											"cause": "block_explosion"
										},
										{
											"deals_damage": false,
											"cause": "falling_block"
										},
										{
											"deals_damage": false,
											"cause": "entity_explosion"
										}
									]
								},
								"minecraft:environment_sensor": {
									"triggers": {
										"event": "light",
										"filters": {
											"test": "rider_count",
											"value": 64,
											"operator": "<="
										}
									}
								},
								"minecraft:loot": {
									"table": "loot_tables/entities/pumpkin_pet.json"
								},
								"minecraft:underwater_movement": {
									"value": 0.3
								},
								"minecraft:interact": {
									"interactions": [
										{
											"cooldown": 0.1,
											"use_item": false,
											"hurt_item": 1,
											"play_sounds": "shear",
											"interact_text": "action.interact.shear",
											"on_interact": {
												"event": "carve",
												"target": "self",
												"filters": {
													"all_of": [
														{
															"test": "has_equipment",
															"subject": "other",
															"domain": "hand",
															"value": "shears"
														},
														{
															"test": "is_family",
															"subject": "other",
															"value": "player"
														}
													]
												}
											}
										}
									]
								}
							},
							"events": {
								"minecraft:ageable_grow_up": {
									"remove": {
										"component_groups": [
											"minecraft:wolf_baby"
										]
									},
									"add": {
										"component_groups": [
											"minecraft:wolf_adult"
										]
									}
								},
								"minecraft:ageable_set_baby": {
									"remove": {
										"component_groups": [
											"minecraft:wolf_adult"
										]
									},
									"add": {
										"component_groups": [
											"minecraft:wolf_baby"
										]
									}
								},
								"minecraft:on_tame": {
									"sequence": [
										{
											"add": {
												"component_groups": [
													"minecraft:wolf_tame"
												]
											},
											"remove": {
												"component_groups": [
													"minecraft:wolf_wild"
												]
											}
										},
										{
											"randomize": [
												{
													"weight": 100,
													"add": {
														"component_groups": [
															"brown"
														]
													}
												},
												{
													"weight": 100,
													"add": {
														"component_groups": [
															"blue"
														]
													}
												},
												{
													"weight": 100,
													"add": {
														"component_groups": [
															"black"
														]
													}
												},
												{
													"weight": 50,
													"add": {
														"component_groups": [
															"white"
														]
													}
												},
												{
													"weight": 100,
													"add": {
														"component_groups": [
															"viva"
														]
													}
												}
											]
										},
										{
											"run_command": {
												"command": [
													"tp @s @p"
												]
											}
										}
									]
								},
								"light": {
									"run_command": {
										"command": [
											"fill ~~1~ ~~1~ boi:glow_worm_light_block 0 replace air",
											"effect @s regeneration 10 0 true"
										]
									}
								},
								"carve": {
									"sequence": [
										{
											"remove": {
												"component_groups": [
													"brown",
													"blue",
													"black",
													"white",
													"viva"
												]
											}
										},
										{
											"randomize": [
												{
													"weight": 100,
													"add": {
														"component_groups": [
															"brown"
														]
													}
												},
												{
													"weight": 100,
													"add": {
														"component_groups": [
															"blue"
														]
													}
												},
												{
													"weight": 100,
													"add": {
														"component_groups": [
															"black"
														]
													}
												},
												{
													"weight": 50,
													"add": {
														"component_groups": [
															"white"
														]
													}
												},
												{
													"weight": 100,
													"add": {
														"component_groups": [
															"viva"
														]
													}
												}
											]
										}
									]
								}
							}
						},
						"key": "description",
						"is_minified": true,
						"children": {
							"identifier": "boi:pumpkin_pet",
							"is_spawnable": false,
							"is_summonable": true,
							"is_experimental": false
						}
					},
					{
						"open": {
							"description": {
								"identifier": "boi:pumpkin_pet",
								"is_spawnable": false,
								"is_summonable": true,
								"is_experimental": false
							},
							"component_groups": {
								"minecraft:wolf_baby": {
									"minecraft:is_baby": {},
									"minecraft:scale": {
										"value": 0.5
									},
									"minecraft:ageable": {
										"duration": 1200,
										"feed_items": [
											"chicken",
											"cooked_chicken",
											"beef",
											"cooked_beef",
											"muttonRaw",
											"muttonCooked",
											"porkchop",
											"cooked_porkchop",
											"rabbit",
											"cooked_rabbit",
											"rotten_flesh"
										],
										"grow_up": {
											"event": "minecraft:ageable_grow_up",
											"target": "self"
										}
									}
								},
								"minecraft:wolf_adult": {
									"minecraft:experience_reward": {
										"on_bred": "Math.Random(1,7)",
										"on_death": "query.last_hit_by_player ? Math.Random(1,3) : 0"
									},
									"minecraft:breedable": {
										"require_tame": true,
										"require_full_health": true,
										"breeds_with": {
											"mate_type": "minecraft:wolf",
											"baby_type": "minecraft:wolf",
											"breed_event": {
												"event": "minecraft:entity_born",
												"target": "baby"
											}
										},
										"breed_items": [
											"chicken",
											"cooked_chicken",
											"beef",
											"cooked_beef",
											"muttonRaw",
											"muttonCooked",
											"porkchop",
											"cooked_porkchop",
											"rabbit",
											"cooked_rabbit",
											"rotten_flesh"
										]
									}
								},
								"minecraft:wolf_wild": {
									"minecraft:tameable": {
										"probability": 0.33,
										"tame_items": "bone",
										"tame_event": {
											"event": "minecraft:on_tame",
											"target": "self"
										}
									},
									"minecraft:rideable": {
										"seat_count": 1,
										"family_types": [
											"zombie"
										],
										"seats": {
											"position": [
												0,
												0.675,
												-0.1
											]
										}
									}
								},
								"minecraft:wolf_tame": {
									"minecraft:is_tamed": {},
									"minecraft:health": {
										"value": 8,
										"max": 8
									},
									"minecraft:behavior.follow_owner": {
										"priority": 6,
										"speed_multiplier": 1,
										"start_distance": 2,
										"stop_distance": 2
									},
									"minecraft:behavior.breed": {
										"priority": 2,
										"speed_multiplier": 1
									},
									"minecraft:sittable": {},
									"minecraft:leashable": {
										"soft_distance": 4,
										"hard_distance": 6,
										"max_distance": 10,
										"on_leash": {
											"event": "minecraft:on_leash",
											"target": "self"
										},
										"on_unleash": {
											"event": "minecraft:on_unleash",
											"target": "self"
										}
									},
									"minecraft:movement": {
										"value": 0.32
									},
									"minecraft:color": {
										"value": 1
									},
									"minecraft:is_dyeable": {
										"interact_text": "Dye Pumpkin"
									}
								},
								"brown": {
									"minecraft:variant": {
										"value": 0
									}
								},
								"blue": {
									"minecraft:variant": {
										"value": 3
									}
								},
								"black": {
									"minecraft:variant": {
										"value": 2
									}
								},
								"white": {
									"minecraft:variant": {
										"value": 1
									}
								},
								"viva": {
									"minecraft:variant": {
										"value": 4
									}
								}
							},
							"components": {
								"minecraft:nameable": {},
								"minecraft:type_family": {
									"family": [
										"pumpkin_pet",
										"mob",
										"pet"
									]
								},
								"minecraft:breathable": {
									"total_supply": 15,
									"suffocate_time": 0
								},
								"minecraft:collision_box": {
									"width": 0.6,
									"height": 0.6
								},
								"minecraft:health": {
									"value": 8,
									"max": 8
								},
								"minecraft:hurt_on_condition": {
									"damage_conditions": [
										{
											"filters": {
												"test": "in_lava",
												"subject": "self",
												"operator": "==",
												"value": true
											},
											"cause": "lava",
											"damage_per_tick": 4
										}
									]
								},
								"minecraft:movement": {
									"value": 0.2
								},
								"minecraft:navigation.walk": {
									"can_path_over_water": true,
									"avoid_damage_blocks": true
								},
								"minecraft:movement.basic": {
									"max_turn": 360
								},
								"minecraft:jump.static": {},
								"minecraft:can_climb": {},
								"minecraft:despawn": {
									"despawn_from_distance": {}
								},
								"minecraft:behavior.float": {
									"priority": 0
								},
								"minecraft:behavior.mount_pathing": {
									"priority": 1,
									"speed_multiplier": 1.25,
									"target_dist": 0,
									"track_target": true
								},
								"minecraft:behavior.stay_while_sitting": {
									"priority": 3
								},
								"minecraft:behavior.random_stroll": {
									"priority": 8,
									"speed_multiplier": 1
								},
								"minecraft:behavior.look_at_player": {
									"priority": 6,
									"target_distance": 6,
									"probability": 0.02
								},
								"minecraft:physics": {},
								"minecraft:pushable": {
									"is_pushable": true,
									"is_pushable_by_piston": true
								},
								"minecraft:conditional_bandwidth_optimization": {},
								"minecraft:damage_sensor": {
									"triggers": [
										{
											"cause": "fall",
											"deals_damage": false
										},
										{
											"deals_damage": false,
											"cause": "suffocation"
										},
										{
											"deals_damage": false,
											"cause": "block_explosion"
										},
										{
											"deals_damage": false,
											"cause": "falling_block"
										},
										{
											"deals_damage": false,
											"cause": "entity_explosion"
										}
									]
								},
								"minecraft:environment_sensor": {
									"triggers": {
										"event": "light",
										"filters": {
											"test": "rider_count",
											"value": 64,
											"operator": "<="
										}
									}
								},
								"minecraft:loot": {
									"table": "loot_tables/entities/pumpkin_pet.json"
								},
								"minecraft:underwater_movement": {
									"value": 0.3
								},
								"minecraft:interact": {
									"interactions": [
										{
											"cooldown": 0.1,
											"use_item": false,
											"hurt_item": 1,
											"play_sounds": "shear",
											"interact_text": "action.interact.shear",
											"on_interact": {
												"event": "carve",
												"target": "self",
												"filters": {
													"all_of": [
														{
															"test": "has_equipment",
															"subject": "other",
															"domain": "hand",
															"value": "shears"
														},
														{
															"test": "is_family",
															"subject": "other",
															"value": "player"
														}
													]
												}
											}
										}
									]
								}
							},
							"events": {
								"minecraft:ageable_grow_up": {
									"remove": {
										"component_groups": [
											"minecraft:wolf_baby"
										]
									},
									"add": {
										"component_groups": [
											"minecraft:wolf_adult"
										]
									}
								},
								"minecraft:ageable_set_baby": {
									"remove": {
										"component_groups": [
											"minecraft:wolf_adult"
										]
									},
									"add": {
										"component_groups": [
											"minecraft:wolf_baby"
										]
									}
								},
								"minecraft:on_tame": {
									"sequence": [
										{
											"add": {
												"component_groups": [
													"minecraft:wolf_tame"
												]
											},
											"remove": {
												"component_groups": [
													"minecraft:wolf_wild"
												]
											}
										},
										{
											"randomize": [
												{
													"weight": 100,
													"add": {
														"component_groups": [
															"brown"
														]
													}
												},
												{
													"weight": 100,
													"add": {
														"component_groups": [
															"blue"
														]
													}
												},
												{
													"weight": 100,
													"add": {
														"component_groups": [
															"black"
														]
													}
												},
												{
													"weight": 50,
													"add": {
														"component_groups": [
															"white"
														]
													}
												},
												{
													"weight": 100,
													"add": {
														"component_groups": [
															"viva"
														]
													}
												}
											]
										},
										{
											"run_command": {
												"command": [
													"tp @s @p"
												]
											}
										}
									]
								},
								"light": {
									"run_command": {
										"command": [
											"fill ~~1~ ~~1~ boi:glow_worm_light_block 0 replace air",
											"effect @s regeneration 10 0 true"
										]
									}
								},
								"carve": {
									"sequence": [
										{
											"remove": {
												"component_groups": [
													"brown",
													"blue",
													"black",
													"white",
													"viva"
												]
											}
										},
										{
											"randomize": [
												{
													"weight": 100,
													"add": {
														"component_groups": [
															"brown"
														]
													}
												},
												{
													"weight": 100,
													"add": {
														"component_groups": [
															"blue"
														]
													}
												},
												{
													"weight": 100,
													"add": {
														"component_groups": [
															"black"
														]
													}
												},
												{
													"weight": 50,
													"add": {
														"component_groups": [
															"white"
														]
													}
												},
												{
													"weight": 100,
													"add": {
														"component_groups": [
															"viva"
														]
													}
												}
											]
										}
									]
								}
							}
						},
						"key": "component_groups",
						"children": [
							{
								"key": "minecraft:wolf_baby",
								"is_minified": true,
								"children": {
									"minecraft:is_baby": {},
									"minecraft:scale": {
										"value": 0.5
									},
									"minecraft:ageable": {
										"duration": 1200,
										"feed_items": [
											"chicken",
											"cooked_chicken",
											"beef",
											"cooked_beef",
											"muttonRaw",
											"muttonCooked",
											"porkchop",
											"cooked_porkchop",
											"rabbit",
											"cooked_rabbit",
											"rotten_flesh"
										],
										"grow_up": {
											"event": "minecraft:ageable_grow_up",
											"target": "self"
										}
									}
								}
							},
							{
								"key": "minecraft:wolf_adult",
								"is_minified": true,
								"children": {
									"minecraft:experience_reward": {
										"on_bred": "Math.Random(1,7)",
										"on_death": "query.last_hit_by_player ? Math.Random(1,3) : 0"
									},
									"minecraft:breedable": {
										"require_tame": true,
										"require_full_health": true,
										"breeds_with": {
											"mate_type": "minecraft:wolf",
											"baby_type": "minecraft:wolf",
											"breed_event": {
												"event": "minecraft:entity_born",
												"target": "baby"
											}
										},
										"breed_items": [
											"chicken",
											"cooked_chicken",
											"beef",
											"cooked_beef",
											"muttonRaw",
											"muttonCooked",
											"porkchop",
											"cooked_porkchop",
											"rabbit",
											"cooked_rabbit",
											"rotten_flesh"
										]
									}
								}
							},
							{
								"key": "minecraft:wolf_wild",
								"is_minified": true,
								"children": {
									"minecraft:tameable": {
										"probability": 0.33,
										"tame_items": "bone",
										"tame_event": {
											"event": "minecraft:on_tame",
											"target": "self"
										}
									},
									"minecraft:rideable": {
										"seat_count": 1,
										"family_types": [
											"zombie"
										],
										"seats": {
											"position": [
												0,
												0.675,
												-0.1
											]
										}
									}
								}
							},
							{
								"key": "minecraft:wolf_tame",
								"is_minified": true,
								"children": {
									"minecraft:is_tamed": {},
									"minecraft:health": {
										"value": 8,
										"max": 8
									},
									"minecraft:behavior.follow_owner": {
										"priority": 6,
										"speed_multiplier": 1,
										"start_distance": 2,
										"stop_distance": 2
									},
									"minecraft:behavior.breed": {
										"priority": 2,
										"speed_multiplier": 1
									},
									"minecraft:sittable": {},
									"minecraft:leashable": {
										"soft_distance": 4,
										"hard_distance": 6,
										"max_distance": 10,
										"on_leash": {
											"event": "minecraft:on_leash",
											"target": "self"
										},
										"on_unleash": {
											"event": "minecraft:on_unleash",
											"target": "self"
										}
									},
									"minecraft:movement": {
										"value": 0.32
									},
									"minecraft:color": {
										"value": 1
									},
									"minecraft:is_dyeable": {
										"interact_text": "Dye Pumpkin"
									}
								}
							},
							{
								"key": "brown",
								"children": [
									{
										"open": {
											"minecraft:variant": {
												"value": 0
											}
										},
										"key": "minecraft:variant",
										"is_minified": true,
										"children": {
											"value": 0
										}
									}
								]
							},
							{
								"key": "blue",
								"children": [
									{
										"open": {
											"minecraft:variant": {
												"value": 3
											}
										},
										"key": "minecraft:variant",
										"is_minified": true,
										"children": {
											"value": 3
										}
									}
								]
							},
							{
								"key": "black",
								"children": [
									{
										"open": {
											"minecraft:variant": {
												"value": 2
											}
										},
										"key": "minecraft:variant",
										"is_minified": true,
										"children": {
											"value": 2
										}
									}
								]
							},
							{
								"key": "white",
								"children": [
									{
										"open": {
											"minecraft:variant": {
												"value": 1
											}
										},
										"key": "minecraft:variant",
										"is_minified": true,
										"children": {
											"value": 1
										}
									}
								]
							},
							{
								"key": "viva",
								"is_minified": true,
								"children": {
									"minecraft:variant": {
										"value": 4
									}
								}
							}
						]
					},
					{
						"open": {
							"description": {
								"identifier": "boi:pumpkin_pet",
								"is_spawnable": false,
								"is_summonable": true,
								"is_experimental": false
							},
							"component_groups": {
								"minecraft:wolf_baby": {
									"minecraft:is_baby": {},
									"minecraft:scale": {
										"value": 0.5
									},
									"minecraft:ageable": {
										"duration": 1200,
										"feed_items": [
											"chicken",
											"cooked_chicken",
											"beef",
											"cooked_beef",
											"muttonRaw",
											"muttonCooked",
											"porkchop",
											"cooked_porkchop",
											"rabbit",
											"cooked_rabbit",
											"rotten_flesh"
										],
										"grow_up": {
											"event": "minecraft:ageable_grow_up",
											"target": "self"
										}
									}
								},
								"minecraft:wolf_adult": {
									"minecraft:experience_reward": {
										"on_bred": "Math.Random(1,7)",
										"on_death": "query.last_hit_by_player ? Math.Random(1,3) : 0"
									},
									"minecraft:breedable": {
										"require_tame": true,
										"require_full_health": true,
										"breeds_with": {
											"mate_type": "minecraft:wolf",
											"baby_type": "minecraft:wolf",
											"breed_event": {
												"event": "minecraft:entity_born",
												"target": "baby"
											}
										},
										"breed_items": [
											"chicken",
											"cooked_chicken",
											"beef",
											"cooked_beef",
											"muttonRaw",
											"muttonCooked",
											"porkchop",
											"cooked_porkchop",
											"rabbit",
											"cooked_rabbit",
											"rotten_flesh"
										]
									}
								},
								"minecraft:wolf_wild": {
									"minecraft:tameable": {
										"probability": 0.33,
										"tame_items": "bone",
										"tame_event": {
											"event": "minecraft:on_tame",
											"target": "self"
										}
									},
									"minecraft:rideable": {
										"seat_count": 1,
										"family_types": [
											"zombie"
										],
										"seats": {
											"position": [
												0,
												0.675,
												-0.1
											]
										}
									}
								},
								"minecraft:wolf_tame": {
									"minecraft:is_tamed": {},
									"minecraft:health": {
										"value": 8,
										"max": 8
									},
									"minecraft:behavior.follow_owner": {
										"priority": 6,
										"speed_multiplier": 1,
										"start_distance": 2,
										"stop_distance": 2
									},
									"minecraft:behavior.breed": {
										"priority": 2,
										"speed_multiplier": 1
									},
									"minecraft:sittable": {},
									"minecraft:leashable": {
										"soft_distance": 4,
										"hard_distance": 6,
										"max_distance": 10,
										"on_leash": {
											"event": "minecraft:on_leash",
											"target": "self"
										},
										"on_unleash": {
											"event": "minecraft:on_unleash",
											"target": "self"
										}
									},
									"minecraft:movement": {
										"value": 0.32
									},
									"minecraft:color": {
										"value": 1
									},
									"minecraft:is_dyeable": {
										"interact_text": "Dye Pumpkin"
									}
								},
								"brown": {
									"minecraft:variant": {
										"value": 0
									}
								},
								"blue": {
									"minecraft:variant": {
										"value": 3
									}
								},
								"black": {
									"minecraft:variant": {
										"value": 2
									}
								},
								"white": {
									"minecraft:variant": {
										"value": 1
									}
								},
								"viva": {
									"minecraft:variant": {
										"value": 4
									}
								}
							},
							"components": {
								"minecraft:nameable": {},
								"minecraft:type_family": {
									"family": [
										"pumpkin_pet",
										"mob",
										"pet"
									]
								},
								"minecraft:breathable": {
									"total_supply": 15,
									"suffocate_time": 0
								},
								"minecraft:collision_box": {
									"width": 0.6,
									"height": 0.6
								},
								"minecraft:health": {
									"value": 8,
									"max": 8
								},
								"minecraft:hurt_on_condition": {
									"damage_conditions": [
										{
											"filters": {
												"test": "in_lava",
												"subject": "self",
												"operator": "==",
												"value": true
											},
											"cause": "lava",
											"damage_per_tick": 4
										}
									]
								},
								"minecraft:movement": {
									"value": 0.2
								},
								"minecraft:navigation.walk": {
									"can_path_over_water": true,
									"avoid_damage_blocks": true
								},
								"minecraft:movement.basic": {
									"max_turn": 360
								},
								"minecraft:jump.static": {},
								"minecraft:can_climb": {},
								"minecraft:despawn": {
									"despawn_from_distance": {}
								},
								"minecraft:behavior.float": {
									"priority": 0
								},
								"minecraft:behavior.mount_pathing": {
									"priority": 1,
									"speed_multiplier": 1.25,
									"target_dist": 0,
									"track_target": true
								},
								"minecraft:behavior.stay_while_sitting": {
									"priority": 3
								},
								"minecraft:behavior.random_stroll": {
									"priority": 8,
									"speed_multiplier": 1
								},
								"minecraft:behavior.look_at_player": {
									"priority": 6,
									"target_distance": 6,
									"probability": 0.02
								},
								"minecraft:physics": {},
								"minecraft:pushable": {
									"is_pushable": true,
									"is_pushable_by_piston": true
								},
								"minecraft:conditional_bandwidth_optimization": {},
								"minecraft:damage_sensor": {
									"triggers": [
										{
											"cause": "fall",
											"deals_damage": false
										},
										{
											"deals_damage": false,
											"cause": "suffocation"
										},
										{
											"deals_damage": false,
											"cause": "block_explosion"
										},
										{
											"deals_damage": false,
											"cause": "falling_block"
										},
										{
											"deals_damage": false,
											"cause": "entity_explosion"
										}
									]
								},
								"minecraft:environment_sensor": {
									"triggers": {
										"event": "light",
										"filters": {
											"test": "rider_count",
											"value": 64,
											"operator": "<="
										}
									}
								},
								"minecraft:loot": {
									"table": "loot_tables/entities/pumpkin_pet.json"
								},
								"minecraft:underwater_movement": {
									"value": 0.3
								},
								"minecraft:interact": {
									"interactions": [
										{
											"cooldown": 0.1,
											"use_item": false,
											"hurt_item": 1,
											"play_sounds": "shear",
											"interact_text": "action.interact.shear",
											"on_interact": {
												"event": "carve",
												"target": "self",
												"filters": {
													"all_of": [
														{
															"test": "has_equipment",
															"subject": "other",
															"domain": "hand",
															"value": "shears"
														},
														{
															"test": "is_family",
															"subject": "other",
															"value": "player"
														}
													]
												}
											}
										}
									]
								}
							},
							"events": {
								"minecraft:ageable_grow_up": {
									"remove": {
										"component_groups": [
											"minecraft:wolf_baby"
										]
									},
									"add": {
										"component_groups": [
											"minecraft:wolf_adult"
										]
									}
								},
								"minecraft:ageable_set_baby": {
									"remove": {
										"component_groups": [
											"minecraft:wolf_adult"
										]
									},
									"add": {
										"component_groups": [
											"minecraft:wolf_baby"
										]
									}
								},
								"minecraft:on_tame": {
									"sequence": [
										{
											"add": {
												"component_groups": [
													"minecraft:wolf_tame"
												]
											},
											"remove": {
												"component_groups": [
													"minecraft:wolf_wild"
												]
											}
										},
										{
											"randomize": [
												{
													"weight": 100,
													"add": {
														"component_groups": [
															"brown"
														]
													}
												},
												{
													"weight": 100,
													"add": {
														"component_groups": [
															"blue"
														]
													}
												},
												{
													"weight": 100,
													"add": {
														"component_groups": [
															"black"
														]
													}
												},
												{
													"weight": 50,
													"add": {
														"component_groups": [
															"white"
														]
													}
												},
												{
													"weight": 100,
													"add": {
														"component_groups": [
															"viva"
														]
													}
												}
											]
										},
										{
											"run_command": {
												"command": [
													"tp @s @p"
												]
											}
										}
									]
								},
								"light": {
									"run_command": {
										"command": [
											"fill ~~1~ ~~1~ boi:glow_worm_light_block 0 replace air",
											"effect @s regeneration 10 0 true"
										]
									}
								},
								"carve": {
									"sequence": [
										{
											"remove": {
												"component_groups": [
													"brown",
													"blue",
													"black",
													"white",
													"viva"
												]
											}
										},
										{
											"randomize": [
												{
													"weight": 100,
													"add": {
														"component_groups": [
															"brown"
														]
													}
												},
												{
													"weight": 100,
													"add": {
														"component_groups": [
															"blue"
														]
													}
												},
												{
													"weight": 100,
													"add": {
														"component_groups": [
															"black"
														]
													}
												},
												{
													"weight": 50,
													"add": {
														"component_groups": [
															"white"
														]
													}
												},
												{
													"weight": 100,
													"add": {
														"component_groups": [
															"viva"
														]
													}
												}
											]
										}
									]
								}
							}
						},
						"key": "components",
						"children": [
							{
								"key": "minecraft:nameable",
								"is_minified": true,
								"children": {}
							},
							{
								"key": "minecraft:type_family",
								"children": [
									{
										"open": {
											"family": [
												"pumpkin_pet",
												"mob",
												"pet"
											]
										},
										"key": "family",
										"is_minified": true,
										"children": [
											"pumpkin_pet",
											"mob",
											"pet"
										]
									}
								]
							},
							{
								"key": "minecraft:breathable",
								"is_minified": true,
								"children": {
									"total_supply": 15,
									"suffocate_time": 0
								}
							},
							{
								"key": "minecraft:collision_box",
								"is_minified": true,
								"children": {
									"width": 0.6,
									"height": 0.6
								}
							},
							{
								"key": "minecraft:health",
								"is_minified": true,
								"children": {
									"value": 8,
									"max": 8
								}
							},
							{
								"key": "minecraft:hurt_on_condition",
								"is_minified": true,
								"children": {
									"damage_conditions": [
										{
											"filters": {
												"test": "in_lava",
												"subject": "self",
												"operator": "==",
												"value": true
											},
											"cause": "lava",
											"damage_per_tick": 4
										}
									]
								}
							},
							{
								"key": "minecraft:movement",
								"is_minified": true,
								"children": {
									"value": 0.2
								}
							},
							{
								"key": "minecraft:navigation.walk",
								"is_minified": true,
								"children": {
									"can_path_over_water": true,
									"avoid_damage_blocks": true
								}
							},
							{
								"key": "minecraft:movement.basic",
								"is_minified": true,
								"children": {
									"max_turn": 360
								}
							},
							{
								"key": "minecraft:jump.static",
								"is_minified": true,
								"children": {}
							},
							{
								"key": "minecraft:can_climb",
								"is_minified": true,
								"children": {}
							},
							{
								"key": "minecraft:despawn",
								"is_minified": true,
								"children": {
									"despawn_from_distance": {}
								}
							},
							{
								"key": "minecraft:behavior.float",
								"is_minified": true,
								"children": {
									"priority": 0
								}
							},
							{
								"key": "minecraft:behavior.mount_pathing",
								"is_minified": true,
								"children": {
									"priority": 1,
									"speed_multiplier": 1.25,
									"target_dist": 0,
									"track_target": true
								}
							},
							{
								"key": "minecraft:behavior.stay_while_sitting",
								"is_minified": true,
								"children": {
									"priority": 3
								}
							},
							{
								"key": "minecraft:behavior.random_stroll",
								"is_minified": true,
								"children": {
									"priority": 8,
									"speed_multiplier": 1
								}
							},
							{
								"key": "minecraft:behavior.look_at_player",
								"is_minified": true,
								"children": {
									"priority": 6,
									"target_distance": 6,
									"probability": 0.02
								}
							},
							{
								"key": "minecraft:physics",
								"is_minified": true,
								"children": {}
							},
							{
								"key": "minecraft:pushable",
								"is_minified": true,
								"children": {
									"is_pushable": true,
									"is_pushable_by_piston": true
								}
							},
							{
								"key": "minecraft:conditional_bandwidth_optimization",
								"is_minified": true,
								"children": {}
							},
							{
								"key": "minecraft:damage_sensor",
								"is_minified": true,
								"children": {
									"triggers": [
										{
											"cause": "fall",
											"deals_damage": false
										},
										{
											"deals_damage": false,
											"cause": "suffocation"
										},
										{
											"deals_damage": false,
											"cause": "block_explosion"
										},
										{
											"deals_damage": false,
											"cause": "falling_block"
										},
										{
											"deals_damage": false,
											"cause": "entity_explosion"
										}
									]
								}
							},
							{
								"key": "minecraft:environment_sensor",
								"children": [
									{
										"open": {
											"triggers": {
												"event": "light",
												"filters": {
													"test": "rider_count",
													"value": 64,
													"operator": "<="
												}
											}
										},
										"key": "triggers",
										"is_minified": true,
										"children": {
											"event": "light",
											"filters": {
												"test": "rider_count",
												"value": 64,
												"operator": "<="
											}
										}
									}
								]
							},
							{
								"key": "minecraft:loot",
								"is_minified": true,
								"children": {
									"table": "loot_tables/entities/pumpkin_pet.json"
								}
							},
							{
								"key": "minecraft:underwater_movement",
								"is_minified": true,
								"children": {
									"value": 0.3
								}
							},
							{
								"key": "minecraft:interact",
								"children": [
									{
										"open": {
											"interactions": [
												{
													"cooldown": 0.1,
													"use_item": false,
													"hurt_item": 1,
													"play_sounds": "shear",
													"interact_text": "action.interact.shear",
													"on_interact": {
														"event": "carve",
														"target": "self",
														"filters": {
															"all_of": [
																{
																	"test": "has_equipment",
																	"subject": "other",
																	"domain": "hand",
																	"value": "shears"
																},
																{
																	"test": "is_family",
																	"subject": "other",
																	"value": "player"
																}
															]
														}
													}
												}
											]
										},
										"key": "interactions",
										"children": [
											{
												"open": [
													{
														"cooldown": 0.1,
														"use_item": false,
														"hurt_item": 1,
														"play_sounds": "shear",
														"interact_text": "action.interact.shear",
														"on_interact": {
															"event": "carve",
															"target": "self",
															"filters": {
																"all_of": [
																	{
																		"test": "has_equipment",
																		"subject": "other",
																		"domain": "hand",
																		"value": "shears"
																	},
																	{
																		"test": "is_family",
																		"subject": "other",
																		"value": "player"
																	}
																]
															}
														}
													}
												],
												"children": [
													{
														"data": "0.1",
														"key": "cooldown"
													},
													{
														"data": "false",
														"key": "use_item"
													},
													{
														"data": "1",
														"key": "hurt_item"
													},
													{
														"data": "shear",
														"key": "play_sounds"
													},
													{
														"data": "action.interact.shear",
														"key": "interact_text"
													},
													{
														"open": {
															"cooldown": 0.1,
															"use_item": false,
															"hurt_item": 1,
															"play_sounds": "shear",
															"interact_text": "action.interact.shear",
															"on_interact": {
																"event": "carve",
																"target": "self",
																"filters": {
																	"all_of": [
																		{
																			"test": "has_equipment",
																			"subject": "other",
																			"domain": "hand",
																			"value": "shears"
																		},
																		{
																			"test": "is_family",
																			"subject": "other",
																			"value": "player"
																		}
																	]
																}
															}
														},
														"key": "on_interact",
														"children": [
															{
																"data": "carve",
																"key": "event"
															},
															{
																"data": "self",
																"key": "target"
															},
															{
																"key": "filters",
																"children": [
																	{
																		"open": {
																			"all_of": [
																				{
																					"test": "has_equipment",
																					"subject": "other",
																					"domain": "hand",
																					"value": "shears"
																				},
																				{
																					"test": "is_family",
																					"subject": "other",
																					"value": "player"
																				}
																			]
																		},
																		"key": "all_of",
																		"is_minified": true,
																		"children": [
																			{
																				"test": "has_equipment",
																				"subject": "other",
																				"domain": "hand",
																				"value": "shears"
																			},
																			{
																				"test": "is_family",
																				"subject": "other",
																				"value": "player"
																			}
																		]
																	}
																]
															}
														]
													}
												]
											}
										]
									}
								]
							}
						]
					},
					{
						"open": {
							"description": {
								"identifier": "boi:pumpkin_pet",
								"is_spawnable": false,
								"is_summonable": true,
								"is_experimental": false
							},
							"component_groups": {
								"minecraft:wolf_baby": {
									"minecraft:is_baby": {},
									"minecraft:scale": {
										"value": 0.5
									},
									"minecraft:ageable": {
										"duration": 1200,
										"feed_items": [
											"chicken",
											"cooked_chicken",
											"beef",
											"cooked_beef",
											"muttonRaw",
											"muttonCooked",
											"porkchop",
											"cooked_porkchop",
											"rabbit",
											"cooked_rabbit",
											"rotten_flesh"
										],
										"grow_up": {
											"event": "minecraft:ageable_grow_up",
											"target": "self"
										}
									}
								},
								"minecraft:wolf_adult": {
									"minecraft:experience_reward": {
										"on_bred": "Math.Random(1,7)",
										"on_death": "query.last_hit_by_player ? Math.Random(1,3) : 0"
									},
									"minecraft:breedable": {
										"require_tame": true,
										"require_full_health": true,
										"breeds_with": {
											"mate_type": "minecraft:wolf",
											"baby_type": "minecraft:wolf",
											"breed_event": {
												"event": "minecraft:entity_born",
												"target": "baby"
											}
										},
										"breed_items": [
											"chicken",
											"cooked_chicken",
											"beef",
											"cooked_beef",
											"muttonRaw",
											"muttonCooked",
											"porkchop",
											"cooked_porkchop",
											"rabbit",
											"cooked_rabbit",
											"rotten_flesh"
										]
									}
								},
								"minecraft:wolf_wild": {
									"minecraft:tameable": {
										"probability": 0.33,
										"tame_items": "bone",
										"tame_event": {
											"event": "minecraft:on_tame",
											"target": "self"
										}
									},
									"minecraft:rideable": {
										"seat_count": 1,
										"family_types": [
											"zombie"
										],
										"seats": {
											"position": [
												0,
												0.675,
												-0.1
											]
										}
									}
								},
								"minecraft:wolf_tame": {
									"minecraft:is_tamed": {},
									"minecraft:health": {
										"value": 8,
										"max": 8
									},
									"minecraft:behavior.follow_owner": {
										"priority": 6,
										"speed_multiplier": 1,
										"start_distance": 2,
										"stop_distance": 2
									},
									"minecraft:behavior.breed": {
										"priority": 2,
										"speed_multiplier": 1
									},
									"minecraft:sittable": {},
									"minecraft:leashable": {
										"soft_distance": 4,
										"hard_distance": 6,
										"max_distance": 10,
										"on_leash": {
											"event": "minecraft:on_leash",
											"target": "self"
										},
										"on_unleash": {
											"event": "minecraft:on_unleash",
											"target": "self"
										}
									},
									"minecraft:movement": {
										"value": 0.32
									},
									"minecraft:color": {
										"value": 1
									},
									"minecraft:is_dyeable": {
										"interact_text": "Dye Pumpkin"
									}
								},
								"brown": {
									"minecraft:variant": {
										"value": 0
									}
								},
								"blue": {
									"minecraft:variant": {
										"value": 3
									}
								},
								"black": {
									"minecraft:variant": {
										"value": 2
									}
								},
								"white": {
									"minecraft:variant": {
										"value": 1
									}
								},
								"viva": {
									"minecraft:variant": {
										"value": 4
									}
								}
							},
							"components": {
								"minecraft:nameable": {},
								"minecraft:type_family": {
									"family": [
										"pumpkin_pet",
										"mob",
										"pet"
									]
								},
								"minecraft:breathable": {
									"total_supply": 15,
									"suffocate_time": 0
								},
								"minecraft:collision_box": {
									"width": 0.6,
									"height": 0.6
								},
								"minecraft:health": {
									"value": 8,
									"max": 8
								},
								"minecraft:hurt_on_condition": {
									"damage_conditions": [
										{
											"filters": {
												"test": "in_lava",
												"subject": "self",
												"operator": "==",
												"value": true
											},
											"cause": "lava",
											"damage_per_tick": 4
										}
									]
								},
								"minecraft:movement": {
									"value": 0.2
								},
								"minecraft:navigation.walk": {
									"can_path_over_water": true,
									"avoid_damage_blocks": true
								},
								"minecraft:movement.basic": {
									"max_turn": 360
								},
								"minecraft:jump.static": {},
								"minecraft:can_climb": {},
								"minecraft:despawn": {
									"despawn_from_distance": {}
								},
								"minecraft:behavior.float": {
									"priority": 0
								},
								"minecraft:behavior.mount_pathing": {
									"priority": 1,
									"speed_multiplier": 1.25,
									"target_dist": 0,
									"track_target": true
								},
								"minecraft:behavior.stay_while_sitting": {
									"priority": 3
								},
								"minecraft:behavior.random_stroll": {
									"priority": 8,
									"speed_multiplier": 1
								},
								"minecraft:behavior.look_at_player": {
									"priority": 6,
									"target_distance": 6,
									"probability": 0.02
								},
								"minecraft:physics": {},
								"minecraft:pushable": {
									"is_pushable": true,
									"is_pushable_by_piston": true
								},
								"minecraft:conditional_bandwidth_optimization": {},
								"minecraft:damage_sensor": {
									"triggers": [
										{
											"cause": "fall",
											"deals_damage": false
										},
										{
											"deals_damage": false,
											"cause": "suffocation"
										},
										{
											"deals_damage": false,
											"cause": "block_explosion"
										},
										{
											"deals_damage": false,
											"cause": "falling_block"
										},
										{
											"deals_damage": false,
											"cause": "entity_explosion"
										}
									]
								},
								"minecraft:environment_sensor": {
									"triggers": {
										"event": "light",
										"filters": {
											"test": "rider_count",
											"value": 64,
											"operator": "<="
										}
									}
								},
								"minecraft:loot": {
									"table": "loot_tables/entities/pumpkin_pet.json"
								},
								"minecraft:underwater_movement": {
									"value": 0.3
								},
								"minecraft:interact": {
									"interactions": [
										{
											"cooldown": 0.1,
											"use_item": false,
											"hurt_item": 1,
											"play_sounds": "shear",
											"interact_text": "action.interact.shear",
											"on_interact": {
												"event": "carve",
												"target": "self",
												"filters": {
													"all_of": [
														{
															"test": "has_equipment",
															"subject": "other",
															"domain": "hand",
															"value": "shears"
														},
														{
															"test": "is_family",
															"subject": "other",
															"value": "player"
														}
													]
												}
											}
										}
									]
								}
							},
							"events": {
								"minecraft:ageable_grow_up": {
									"remove": {
										"component_groups": [
											"minecraft:wolf_baby"
										]
									},
									"add": {
										"component_groups": [
											"minecraft:wolf_adult"
										]
									}
								},
								"minecraft:ageable_set_baby": {
									"remove": {
										"component_groups": [
											"minecraft:wolf_adult"
										]
									},
									"add": {
										"component_groups": [
											"minecraft:wolf_baby"
										]
									}
								},
								"minecraft:on_tame": {
									"sequence": [
										{
											"add": {
												"component_groups": [
													"minecraft:wolf_tame"
												]
											},
											"remove": {
												"component_groups": [
													"minecraft:wolf_wild"
												]
											}
										},
										{
											"randomize": [
												{
													"weight": 100,
													"add": {
														"component_groups": [
															"brown"
														]
													}
												},
												{
													"weight": 100,
													"add": {
														"component_groups": [
															"blue"
														]
													}
												},
												{
													"weight": 100,
													"add": {
														"component_groups": [
															"black"
														]
													}
												},
												{
													"weight": 50,
													"add": {
														"component_groups": [
															"white"
														]
													}
												},
												{
													"weight": 100,
													"add": {
														"component_groups": [
															"viva"
														]
													}
												}
											]
										},
										{
											"run_command": {
												"command": [
													"tp @s @p"
												]
											}
										}
									]
								},
								"light": {
									"run_command": {
										"command": [
											"fill ~~1~ ~~1~ boi:glow_worm_light_block 0 replace air",
											"effect @s regeneration 10 0 true"
										]
									}
								},
								"carve": {
									"sequence": [
										{
											"remove": {
												"component_groups": [
													"brown",
													"blue",
													"black",
													"white",
													"viva"
												]
											}
										},
										{
											"randomize": [
												{
													"weight": 100,
													"add": {
														"component_groups": [
															"brown"
														]
													}
												},
												{
													"weight": 100,
													"add": {
														"component_groups": [
															"blue"
														]
													}
												},
												{
													"weight": 100,
													"add": {
														"component_groups": [
															"black"
														]
													}
												},
												{
													"weight": 50,
													"add": {
														"component_groups": [
															"white"
														]
													}
												},
												{
													"weight": 100,
													"add": {
														"component_groups": [
															"viva"
														]
													}
												}
											]
										}
									]
								}
							}
						},
						"key": "events",
						"children": [
							{
								"key": "minecraft:ageable_grow_up",
								"is_minified": true,
								"children": {
									"remove": {
										"component_groups": [
											"minecraft:wolf_baby"
										]
									},
									"add": {
										"component_groups": [
											"minecraft:wolf_adult"
										]
									}
								}
							},
							{
								"key": "minecraft:ageable_set_baby",
								"is_minified": true,
								"children": {
									"remove": {
										"component_groups": [
											"minecraft:wolf_adult"
										]
									},
									"add": {
										"component_groups": [
											"minecraft:wolf_baby"
										]
									}
								}
							},
							{
								"key": "minecraft:on_tame",
								"children": [
									{
										"open": {
											"sequence": [
												{
													"add": {
														"component_groups": [
															"minecraft:wolf_tame"
														]
													},
													"remove": {
														"component_groups": [
															"minecraft:wolf_wild"
														]
													}
												},
												{
													"randomize": [
														{
															"weight": 100,
															"add": {
																"component_groups": [
																	"brown"
																]
															}
														},
														{
															"weight": 100,
															"add": {
																"component_groups": [
																	"blue"
																]
															}
														},
														{
															"weight": 100,
															"add": {
																"component_groups": [
																	"black"
																]
															}
														},
														{
															"weight": 50,
															"add": {
																"component_groups": [
																	"white"
																]
															}
														},
														{
															"weight": 100,
															"add": {
																"component_groups": [
																	"viva"
																]
															}
														}
													]
												},
												{
													"run_command": {
														"command": [
															"tp @s @p"
														]
													}
												}
											]
										},
										"key": "sequence",
										"children": [
											{
												"is_minified": true,
												"children": {
													"add": {
														"component_groups": [
															"minecraft:wolf_tame"
														]
													},
													"remove": {
														"component_groups": [
															"minecraft:wolf_wild"
														]
													}
												}
											},
											{
												"children": [
													{
														"open": {
															"randomize": [
																{
																	"weight": 100,
																	"add": {
																		"component_groups": [
																			"brown"
																		]
																	}
																},
																{
																	"weight": 100,
																	"add": {
																		"component_groups": [
																			"blue"
																		]
																	}
																},
																{
																	"weight": 100,
																	"add": {
																		"component_groups": [
																			"black"
																		]
																	}
																},
																{
																	"weight": 50,
																	"add": {
																		"component_groups": [
																			"white"
																		]
																	}
																},
																{
																	"weight": 100,
																	"add": {
																		"component_groups": [
																			"viva"
																		]
																	}
																}
															]
														},
														"key": "randomize",
														"children": [
															{
																"open": [
																	{
																		"weight": 100,
																		"add": {
																			"component_groups": [
																				"brown"
																			]
																		}
																	},
																	{
																		"weight": 100,
																		"add": {
																			"component_groups": [
																				"blue"
																			]
																		}
																	},
																	{
																		"weight": 100,
																		"add": {
																			"component_groups": [
																				"black"
																			]
																		}
																	},
																	{
																		"weight": 50,
																		"add": {
																			"component_groups": [
																				"white"
																			]
																		}
																	},
																	{
																		"weight": 100,
																		"add": {
																			"component_groups": [
																				"viva"
																			]
																		}
																	}
																],
																"is_minified": true,
																"children": {
																	"weight": 100,
																	"add": {
																		"component_groups": [
																			"brown"
																		]
																	}
																}
															},
															{
																"is_minified": true,
																"children": {
																	"weight": 100,
																	"add": {
																		"component_groups": [
																			"blue"
																		]
																	}
																}
															},
															{
																"is_minified": true,
																"children": {
																	"weight": 100,
																	"add": {
																		"component_groups": [
																			"black"
																		]
																	}
																}
															},
															{
																"open": [
																	{
																		"weight": 100,
																		"add": {
																			"component_groups": [
																				"brown"
																			]
																		}
																	},
																	{
																		"weight": 100,
																		"add": {
																			"component_groups": [
																				"blue"
																			]
																		}
																	},
																	{
																		"weight": 100,
																		"add": {
																			"component_groups": [
																				"black"
																			]
																		}
																	},
																	{
																		"weight": 50,
																		"add": {
																			"component_groups": [
																				"white"
																			]
																		}
																	},
																	{
																		"weight": 100,
																		"add": {
																			"component_groups": [
																				"viva"
																			]
																		}
																	}
																],
																"children": [
																	{
																		"open": {
																			"weight": 50,
																			"add": {
																				"component_groups": [
																					"white"
																				]
																			}
																		},
																		"data": "50",
																		"key": "weight"
																	},
																	{
																		"open": {
																			"weight": 50,
																			"add": {
																				"component_groups": [
																					"white"
																				]
																			}
																		},
																		"key": "add",
																		"children": [
																			{
																				"open": {
																					"component_groups": [
																						"white"
																					]
																				},
																				"key": "component_groups",
																				"is_minified": true,
																				"children": [
																					"white"
																				]
																			}
																		]
																	}
																]
															},
															{
																"open": [
																	{
																		"weight": 100,
																		"add": {
																			"component_groups": [
																				"brown"
																			]
																		}
																	},
																	{
																		"weight": 100,
																		"add": {
																			"component_groups": [
																				"blue"
																			]
																		}
																	},
																	{
																		"weight": 100,
																		"add": {
																			"component_groups": [
																				"black"
																			]
																		}
																	},
																	{
																		"weight": 50,
																		"add": {
																			"component_groups": [
																				"white"
																			]
																		}
																	},
																	{
																		"weight": 100,
																		"add": {
																			"component_groups": [
																				"viva"
																			]
																		}
																	}
																],
																"children": [
																	{
																		"open": {
																			"weight": 100,
																			"add": {
																				"component_groups": [
																					"viva"
																				]
																			}
																		},
																		"data": "100",
																		"key": "weight"
																	},
																	{
																		"open": {
																			"weight": 100,
																			"add": {
																				"component_groups": [
																					"viva"
																				]
																			}
																		},
																		"key": "add",
																		"children": [
																			{
																				"open": {
																					"component_groups": [
																						"viva"
																					]
																				},
																				"key": "component_groups",
																				"is_minified": true,
																				"children": [
																					"viva"
																				]
																			}
																		]
																	}
																]
															}
														]
													}
												]
											},
											{
												"children": [
													{
														"key": "run_command",
														"children": [
															{
																"open": {
																	"command": [
																		"tp @s @p"
																	]
																},
																"key": "command",
																"is_minified": true,
																"children": [
																	"tp @s @p"
																]
															}
														]
													}
												]
											}
										]
									}
								]
							},
							{
								"open": {
									"minecraft:ageable_grow_up": {
										"remove": {
											"component_groups": [
												"minecraft:wolf_baby"
											]
										},
										"add": {
											"component_groups": [
												"minecraft:wolf_adult"
											]
										}
									},
									"minecraft:ageable_set_baby": {
										"remove": {
											"component_groups": [
												"minecraft:wolf_adult"
											]
										},
										"add": {
											"component_groups": [
												"minecraft:wolf_baby"
											]
										}
									},
									"minecraft:on_tame": {
										"sequence": [
											{
												"add": {
													"component_groups": [
														"minecraft:wolf_tame"
													]
												},
												"remove": {
													"component_groups": [
														"minecraft:wolf_wild"
													]
												}
											},
											{
												"randomize": [
													{
														"weight": 100,
														"add": {
															"component_groups": [
																"brown"
															]
														}
													},
													{
														"weight": 100,
														"add": {
															"component_groups": [
																"blue"
															]
														}
													},
													{
														"weight": 100,
														"add": {
															"component_groups": [
																"black"
															]
														}
													},
													{
														"weight": 50,
														"add": {
															"component_groups": [
																"white"
															]
														}
													},
													{
														"weight": 100,
														"add": {
															"component_groups": [
																"viva"
															]
														}
													}
												]
											},
											{
												"run_command": {
													"command": [
														"tp @s @p"
													]
												}
											}
										]
									},
									"light": {
										"run_command": {
											"command": [
												"fill ~~1~ ~~1~ boi:glow_worm_light_block 0 replace air",
												"effect @s regeneration 10 0 true"
											]
										}
									},
									"carve": {
										"sequence": [
											{
												"remove": {
													"component_groups": [
														"brown",
														"blue",
														"black",
														"white",
														"viva"
													]
												}
											},
											{
												"randomize": [
													{
														"weight": 100,
														"add": {
															"component_groups": [
																"brown"
															]
														}
													},
													{
														"weight": 100,
														"add": {
															"component_groups": [
																"blue"
															]
														}
													},
													{
														"weight": 100,
														"add": {
															"component_groups": [
																"black"
															]
														}
													},
													{
														"weight": 50,
														"add": {
															"component_groups": [
																"white"
															]
														}
													},
													{
														"weight": 100,
														"add": {
															"component_groups": [
																"viva"
															]
														}
													}
												]
											}
										]
									}
								},
								"key": "light",
								"children": [
									{
										"open": {
											"run_command": {
												"command": [
													"fill ~~1~ ~~1~ boi:glow_worm_light_block 0 replace air",
													"effect @s regeneration 10 0 true"
												]
											}
										},
										"key": "run_command",
										"children": [
											{
												"open": {
													"command": [
														"fill ~~1~ ~~1~ boi:glow_worm_light_block 0 replace air",
														"effect @s regeneration 10 0 true"
													]
												},
												"key": "command",
												"is_minified": true,
												"children": [
													"fill ~~1~ ~~1~ boi:glow_worm_light_block 0 replace air",
													"effect @s regeneration 10 0 true"
												]
											}
										]
									}
								]
							},
							{
								"key": "carve",
								"children": [
									{
										"open": {
											"sequence": [
												{
													"remove": {
														"component_groups": [
															"brown",
															"blue",
															"black",
															"white",
															"viva"
														]
													}
												},
												{
													"randomize": [
														{
															"weight": 100,
															"add": {
																"component_groups": [
																	"brown"
																]
															}
														},
														{
															"weight": 100,
															"add": {
																"component_groups": [
																	"blue"
																]
															}
														},
														{
															"weight": 100,
															"add": {
																"component_groups": [
																	"black"
																]
															}
														},
														{
															"weight": 50,
															"add": {
																"component_groups": [
																	"white"
																]
															}
														},
														{
															"weight": 100,
															"add": {
																"component_groups": [
																	"viva"
																]
															}
														}
													]
												}
											]
										},
										"key": "sequence",
										"children": [
											{
												"open": [
													{
														"remove": {
															"component_groups": [
																"brown",
																"blue",
																"black",
																"white",
																"viva"
															]
														}
													},
													{
														"randomize": [
															{
																"weight": 100,
																"add": {
																	"component_groups": [
																		"brown"
																	]
																}
															},
															{
																"weight": 100,
																"add": {
																	"component_groups": [
																		"blue"
																	]
																}
															},
															{
																"weight": 100,
																"add": {
																	"component_groups": [
																		"black"
																	]
																}
															},
															{
																"weight": 50,
																"add": {
																	"component_groups": [
																		"white"
																	]
																}
															},
															{
																"weight": 100,
																"add": {
																	"component_groups": [
																		"viva"
																	]
																}
															}
														]
													}
												],
												"children": [
													{
														"open": {
															"remove": {
																"component_groups": [
																	"brown",
																	"blue",
																	"black",
																	"white",
																	"viva"
																]
															}
														},
														"key": "remove",
														"children": [
															{
																"open": {
																	"component_groups": [
																		"brown",
																		"blue",
																		"black",
																		"white",
																		"viva"
																	]
																},
																"key": "component_groups",
																"is_minified": true,
																"children": [
																	"brown",
																	"blue",
																	"black",
																	"white",
																	"viva"
																]
															}
														]
													}
												]
											},
											{
												"open": [
													{
														"remove": {
															"component_groups": [
																"brown",
																"blue",
																"black",
																"white",
																"viva"
															]
														}
													},
													{
														"randomize": [
															{
																"weight": 100,
																"add": {
																	"component_groups": [
																		"brown"
																	]
																}
															},
															{
																"weight": 100,
																"add": {
																	"component_groups": [
																		"blue"
																	]
																}
															},
															{
																"weight": 100,
																"add": {
																	"component_groups": [
																		"black"
																	]
																}
															},
															{
																"weight": 50,
																"add": {
																	"component_groups": [
																		"white"
																	]
																}
															},
															{
																"weight": 100,
																"add": {
																	"component_groups": [
																		"viva"
																	]
																}
															}
														]
													}
												],
												"children": [
													{
														"open": {
															"randomize": [
																{
																	"weight": 100,
																	"add": {
																		"component_groups": [
																			"brown"
																		]
																	}
																},
																{
																	"weight": 100,
																	"add": {
																		"component_groups": [
																			"blue"
																		]
																	}
																},
																{
																	"weight": 100,
																	"add": {
																		"component_groups": [
																			"black"
																		]
																	}
																},
																{
																	"weight": 50,
																	"add": {
																		"component_groups": [
																			"white"
																		]
																	}
																},
																{
																	"weight": 100,
																	"add": {
																		"component_groups": [
																			"viva"
																		]
																	}
																}
															]
														},
														"key": "randomize",
														"children": [
															{
																"is_minified": true,
																"children": {
																	"weight": 100,
																	"add": {
																		"component_groups": [
																			"brown"
																		]
																	}
																}
															},
															{
																"is_minified": true,
																"children": {
																	"weight": 100,
																	"add": {
																		"component_groups": [
																			"blue"
																		]
																	}
																}
															},
															{
																"is_minified": true,
																"children": {
																	"weight": 100,
																	"add": {
																		"component_groups": [
																			"black"
																		]
																	}
																}
															},
															{
																"is_minified": true,
																"children": {
																	"weight": 50,
																	"add": {
																		"component_groups": [
																			"white"
																		]
																	}
																}
															},
															{
																"children": [
																	{
																		"data": "100",
																		"key": "weight"
																	},
																	{
																		"open": {
																			"weight": 100,
																			"add": {
																				"component_groups": [
																					"viva"
																				]
																			}
																		},
																		"key": "add",
																		"children": [
																			{
																				"open": {
																					"component_groups": [
																						"viva"
																					]
																				},
																				"key": "component_groups",
																				"is_minified": true,
																				"children": [
																					"viva"
																				]
																			}
																		]
																	}
																]
															}
														]
													}
												]
											}
										]
									}
								]
							}
						]
					}
				]
			}
		]
	}
}