{
	"file_path": "C:\\Users\\fiddy\\AppData\\Local\\Packages\\Microsoft.MinecraftUWP_8wekyb3d8bbwe\\LocalState\\games\\com.mojang\\development_behavior_packs\\SeasonalDecorBP\\entities\\seasonal_pet_spawner.json",
	"file_type": "entity",
	"format_version": 1,
	"file_uuid": "52313a99_db9e_40f3_98eb_adf5a0605807",
	"file_version": 15,
	"cache_content": {
		"children": [
			{
				"data": "1.16.0",
				"key": "format_version"
			},
			{
				"open": {
					"format_version": "1.16.0",
					"minecraft:entity": {
						"description": {
							"identifier": "boi:seasonal_pet_spawner",
							"is_spawnable": false,
							"is_summonable": true,
							"is_experimental": false,
							"runtime_identifier": "minecraft:snowball"
						},
						"components": {
							"minecraft:collision_box": {
								"width": 0.25,
								"height": 0.25
							},
							"minecraft:physics": {
								"has_collision": false,
								"has_gravity": false
							},
							"minecraft:pushable": {
								"is_pushable": true,
								"is_pushable_by_piston": true
							},
							"minecraft:conditional_bandwidth_optimization": {
								"default_values": {
									"max_optimized_distance": 100,
									"max_dropped_ticks": 5,
									"use_motion_prediction_hints": true
								}
							},
							"minecraft:projectile": {}
						},
						"component_groups": {
							"ghost_pet": {
								"minecraft:transformation": {
									"into": "boi:ghost_pet<minecraft:entity_spawned>",
									"keep_owner": true
								}
							},
							"pumpkin_pet": {
								"minecraft:transformation": {
									"into": "boi:pumpkin_pet<minecraft:on_tame>",
									"keep_owner": true
								}
							},
							"ghost_cat": {
								"minecraft:transformation": {
									"into": "boi:ghost_cat<minecraft:on_tame>",
									"keep_owner": true
								}
							},
							"skeleton_wolf": {
								"minecraft:transformation": {
									"into": "boi:skeleton_wolf<minecraft:on_tame>",
									"keep_owner": true
								}
							}
						},
						"events": {
							"from_ghost_pet": {
								"add": {
									"component_groups": [
										"ghost_pet"
									]
								}
							},
							"from_pumpkin_pet": {
								"add": {
									"component_groups": [
										"pumpkin_pet"
									]
								}
							},
							"from_ghost_cat": {
								"add": {
									"component_groups": [
										"ghost_cat"
									]
								}
							},
							"from_skeleton_wolf": {
								"add": {
									"component_groups": [
										"skeleton_wolf"
									]
								}
							}
						}
					}
				},
				"key": "minecraft:entity",
				"children": [
					{
						"open": {
							"description": {
								"identifier": "boi:seasonal_pet_spawner",
								"is_spawnable": false,
								"is_summonable": true,
								"is_experimental": false,
								"runtime_identifier": "minecraft:snowball"
							},
							"components": {
								"minecraft:collision_box": {
									"width": 0.25,
									"height": 0.25
								},
								"minecraft:physics": {
									"has_collision": false,
									"has_gravity": false
								},
								"minecraft:pushable": {
									"is_pushable": true,
									"is_pushable_by_piston": true
								},
								"minecraft:conditional_bandwidth_optimization": {
									"default_values": {
										"max_optimized_distance": 100,
										"max_dropped_ticks": 5,
										"use_motion_prediction_hints": true
									}
								},
								"minecraft:projectile": {}
							},
							"component_groups": {
								"ghost_pet": {
									"minecraft:transformation": {
										"into": "boi:ghost_pet<minecraft:entity_spawned>",
										"keep_owner": true
									}
								},
								"pumpkin_pet": {
									"minecraft:transformation": {
										"into": "boi:pumpkin_pet<minecraft:on_tame>",
										"keep_owner": true
									}
								},
								"ghost_cat": {
									"minecraft:transformation": {
										"into": "boi:ghost_cat<minecraft:on_tame>",
										"keep_owner": true
									}
								},
								"skeleton_wolf": {
									"minecraft:transformation": {
										"into": "boi:skeleton_wolf<minecraft:on_tame>",
										"keep_owner": true
									}
								}
							},
							"events": {
								"from_ghost_pet": {
									"add": {
										"component_groups": [
											"ghost_pet"
										]
									}
								},
								"from_pumpkin_pet": {
									"add": {
										"component_groups": [
											"pumpkin_pet"
										]
									}
								},
								"from_ghost_cat": {
									"add": {
										"component_groups": [
											"ghost_cat"
										]
									}
								},
								"from_skeleton_wolf": {
									"add": {
										"component_groups": [
											"skeleton_wolf"
										]
									}
								}
							}
						},
						"key": "description",
						"is_minified": true,
						"children": {
							"identifier": "boi:seasonal_pet_spawner",
							"is_spawnable": false,
							"is_summonable": true,
							"is_experimental": false,
							"runtime_identifier": "minecraft:snowball"
						}
					},
					{
						"key": "components",
						"is_minified": true,
						"children": {
							"minecraft:collision_box": {
								"width": 0.25,
								"height": 0.25
							},
							"minecraft:physics": {
								"has_collision": false,
								"has_gravity": false
							},
							"minecraft:pushable": {
								"is_pushable": true,
								"is_pushable_by_piston": true
							},
							"minecraft:conditional_bandwidth_optimization": {
								"default_values": {
									"max_optimized_distance": 100,
									"max_dropped_ticks": 5,
									"use_motion_prediction_hints": true
								}
							},
							"minecraft:projectile": {}
						}
					},
					{
						"open": {
							"description": {
								"identifier": "boi:seasonal_pet_spawner",
								"is_spawnable": false,
								"is_summonable": true,
								"is_experimental": false,
								"runtime_identifier": "minecraft:snowball"
							},
							"components": {
								"minecraft:collision_box": {
									"width": 0.25,
									"height": 0.25
								},
								"minecraft:physics": {
									"has_collision": false,
									"has_gravity": false
								},
								"minecraft:pushable": {
									"is_pushable": true,
									"is_pushable_by_piston": true
								},
								"minecraft:conditional_bandwidth_optimization": {
									"default_values": {
										"max_optimized_distance": 100,
										"max_dropped_ticks": 5,
										"use_motion_prediction_hints": true
									}
								},
								"minecraft:projectile": {}
							},
							"component_groups": {
								"ghost_pet": {
									"minecraft:transformation": {
										"into": "boi:ghost_pet<minecraft:entity_spawned>",
										"keep_owner": true
									}
								},
								"pumpkin_pet": {
									"minecraft:transformation": {
										"into": "boi:pumpkin_pet<minecraft:on_tame>",
										"keep_owner": true
									}
								},
								"ghost_cat": {
									"minecraft:transformation": {
										"into": "boi:ghost_cat<minecraft:on_tame>",
										"keep_owner": true
									}
								},
								"skeleton_wolf": {
									"minecraft:transformation": {
										"into": "boi:skeleton_wolf<minecraft:on_tame>",
										"keep_owner": true
									}
								}
							},
							"events": {
								"from_ghost_pet": {
									"add": {
										"component_groups": [
											"ghost_pet"
										]
									}
								},
								"from_pumpkin_pet": {
									"add": {
										"component_groups": [
											"pumpkin_pet"
										]
									}
								},
								"from_ghost_cat": {
									"add": {
										"component_groups": [
											"ghost_cat"
										]
									}
								},
								"from_skeleton_wolf": {
									"add": {
										"component_groups": [
											"skeleton_wolf"
										]
									}
								}
							}
						},
						"key": "component_groups",
						"children": [
							{
								"open": {
									"ghost_pet": {
										"minecraft:transformation": {
											"into": "boi:ghost_pet<minecraft:entity_spawned>",
											"keep_owner": true
										}
									},
									"pumpkin_pet": {
										"minecraft:transformation": {
											"into": "boi:pumpkin_pet<minecraft:on_tame>",
											"keep_owner": true
										}
									},
									"ghost_cat": {
										"minecraft:transformation": {
											"into": "boi:ghost_cat<minecraft:on_tame>",
											"keep_owner": true
										}
									},
									"skeleton_wolf": {
										"minecraft:transformation": {
											"into": "boi:skeleton_wolf<minecraft:on_tame>",
											"keep_owner": true
										}
									}
								},
								"key": "ghost_pet",
								"children": [
									{
										"open": {
											"minecraft:transformation": {
												"into": "boi:ghost_pet<minecraft:entity_spawned>",
												"keep_owner": true
											}
										},
										"key": "minecraft:transformation",
										"is_minified": true,
										"children": {
											"into": "boi:ghost_pet<minecraft:entity_spawned>",
											"keep_owner": true
										}
									}
								]
							},
							{
								"key": "pumpkin_pet",
								"is_minified": true,
								"children": {
									"minecraft:transformation": {
										"into": "boi:pumpkin_pet<minecraft:on_tame>",
										"keep_owner": true
									}
								}
							},
							{
								"key": "ghost_cat",
								"children": [
									{
										"open": {
											"minecraft:transformation": {
												"into": "boi:ghost_cat<minecraft:on_tame>",
												"keep_owner": true
											}
										},
										"key": "minecraft:transformation",
										"is_minified": true,
										"children": {
											"into": "boi:ghost_cat<minecraft:on_tame>",
											"keep_owner": true
										}
									}
								]
							},
							{
								"key": "skeleton_wolf",
								"children": [
									{
										"open": {
											"minecraft:transformation": {
												"into": "boi:skeleton_wolf<minecraft:on_tame>",
												"keep_owner": true
											}
										},
										"key": "minecraft:transformation",
										"is_minified": true,
										"children": {
											"into": "boi:skeleton_wolf<minecraft:on_tame>",
											"keep_owner": true
										}
									}
								]
							}
						]
					},
					{
						"open": {
							"description": {
								"identifier": "boi:seasonal_pet_spawner",
								"is_spawnable": false,
								"is_summonable": true,
								"is_experimental": false,
								"runtime_identifier": "minecraft:snowball"
							},
							"components": {
								"minecraft:collision_box": {
									"width": 0.25,
									"height": 0.25
								},
								"minecraft:physics": {
									"has_collision": false,
									"has_gravity": false
								},
								"minecraft:pushable": {
									"is_pushable": true,
									"is_pushable_by_piston": true
								},
								"minecraft:conditional_bandwidth_optimization": {
									"default_values": {
										"max_optimized_distance": 100,
										"max_dropped_ticks": 5,
										"use_motion_prediction_hints": true
									}
								},
								"minecraft:projectile": {}
							},
							"component_groups": {
								"ghost_pet": {
									"minecraft:transformation": {
										"into": "boi:ghost_pet<minecraft:entity_spawned>",
										"keep_owner": true
									}
								},
								"pumpkin_pet": {
									"minecraft:transformation": {
										"into": "boi:pumpkin_pet<minecraft:on_tame>",
										"keep_owner": true
									}
								},
								"ghost_cat": {
									"minecraft:transformation": {
										"into": "boi:ghost_cat<minecraft:on_tame>",
										"keep_owner": true
									}
								},
								"skeleton_wolf": {
									"minecraft:transformation": {
										"into": "boi:skeleton_wolf<minecraft:on_tame>",
										"keep_owner": true
									}
								}
							},
							"events": {
								"from_ghost_pet": {
									"add": {
										"component_groups": [
											"ghost_pet"
										]
									}
								},
								"from_pumpkin_pet": {
									"add": {
										"component_groups": [
											"pumpkin_pet"
										]
									}
								},
								"from_ghost_cat": {
									"add": {
										"component_groups": [
											"ghost_cat"
										]
									}
								},
								"from_skeleton_wolf": {
									"add": {
										"component_groups": [
											"skeleton_wolf"
										]
									}
								}
							}
						},
						"key": "events",
						"children": [
							{
								"key": "from_ghost_pet",
								"is_minified": true,
								"children": {
									"add": {
										"component_groups": [
											"ghost_pet"
										]
									}
								}
							},
							{
								"key": "from_pumpkin_pet",
								"children": [
									{
										"open": {
											"add": {
												"component_groups": [
													"pumpkin_pet"
												]
											}
										},
										"key": "add",
										"children": [
											{
												"open": {
													"component_groups": [
														"pumpkin_pet"
													]
												},
												"key": "component_groups",
												"is_minified": true,
												"children": [
													"pumpkin_pet"
												]
											}
										]
									}
								]
							},
							{
								"key": "from_ghost_cat",
								"is_minified": true,
								"children": {
									"add": {
										"component_groups": [
											"ghost_cat"
										]
									}
								}
							},
							{
								"key": "from_skeleton_wolf",
								"children": [
									{
										"open": {
											"add": {
												"component_groups": [
													"skeleton_wolf"
												]
											}
										},
										"key": "add",
										"children": [
											{
												"open": {
													"component_groups": [
														"skeleton_wolf"
													]
												},
												"key": "component_groups",
												"is_minified": true,
												"children": [
													"skeleton_wolf"
												]
											}
										]
									}
								]
							}
						]
					}
				]
			}
		]
	}
}