{
	"file_path": "C:\\Users\\fiddy\\AppData\\Local\\Packages\\Microsoft.MinecraftUWP_8wekyb3d8bbwe\\LocalState\\games\\com.mojang\\development_behavior_packs\\H_DecorB\\entities\\season_trader_spawner.json",
	"file_type": "entity",
	"format_version": 1,
	"file_uuid": "d309085c_d7bc_4ec7_8b7c_6100e79a6d6d",
	"file_version": 164,
	"cache_content": {
		"children": [
			{
				"data": "1.17.0",
				"key": "format_version"
			},
			{
				"open": {
					"format_version": "1.17.0",
					"minecraft:entity": {
						"description": {
							"identifier": "boi:season_trader_spawner",
							"is_spawnable": false,
							"is_summonable": true,
							"is_experimental": false
						},
						"components": {
							"minecraft:scale": {
								"value": 0
							},
							"minecraft:damage_sensor": {
								"triggers": [
									{
										"cause": "all",
										"deals_damage": false
									}
								]
							}
						},
						"component_groups": {
							"despawn": {
								"minecraft:instant_despawn": {}
							},
							"test_hall_trader": {
								"minecraft:entity_sensor": {
									"sensor_range": 128,
									"minimum_count": 1,
									"event_filters": {
										"test": "is_family",
										"value": "hall_trader",
										"operator": "==",
										"subject": "other"
									},
									"event": "despawn"
								},
								"minecraft:timer": {
									"looping": true,
									"time": 1,
									"time_down_event": {
										"event": "spawn_hall_trader"
									}
								}
							}
						},
						"events": {
							"despawn": {
								"add": {
									"component_groups": [
										"despawn"
									]
								}
							},
							"minecraft:entity_spawned": {
								"sequence": [
									{
										"trigger": "despawn",
										"filters": {
											"test": "is_daytime",
											"value": true
										}
									},
									{
										"filters": {
											"test": "is_daytime",
											"value": false
										},
										"add": {
											"component_groups": [
												"test_hall_trader"
											]
										}
									}
								]
							},
							"spawn_hall_trader": {
								"run_command": {
									"command": [
										"summon boi:halloween_trader ~~~ natural_spawn"
									]
								},
								"trigger": "despawn"
							}
						}
					}
				},
				"key": "minecraft:entity",
				"children": [
					{
						"open": {
							"description": {
								"identifier": "boi:season_trader_spawner",
								"is_spawnable": false,
								"is_summonable": true,
								"is_experimental": false
							},
							"components": {
								"minecraft:scale": {
									"value": 0
								},
								"minecraft:damage_sensor": {
									"triggers": [
										{
											"cause": "all",
											"deals_damage": false
										}
									]
								}
							},
							"component_groups": {
								"despawn": {
									"minecraft:instant_despawn": {}
								},
								"test_hall_trader": {
									"minecraft:entity_sensor": {
										"sensor_range": 128,
										"minimum_count": 1,
										"event_filters": {
											"test": "is_family",
											"value": "hall_trader",
											"operator": "==",
											"subject": "other"
										},
										"event": "despawn"
									},
									"minecraft:timer": {
										"looping": true,
										"time": 1,
										"time_down_event": {
											"event": "spawn_hall_trader"
										}
									}
								}
							},
							"events": {
								"despawn": {
									"add": {
										"component_groups": [
											"despawn"
										]
									}
								},
								"minecraft:entity_spawned": {
									"sequence": [
										{
											"trigger": "despawn",
											"filters": {
												"test": "is_daytime",
												"value": true
											}
										},
										{
											"filters": {
												"test": "is_daytime",
												"value": false
											},
											"add": {
												"component_groups": [
													"test_hall_trader"
												]
											}
										}
									]
								},
								"spawn_hall_trader": {
									"run_command": {
										"command": [
											"summon boi:halloween_trader ~~~ natural_spawn"
										]
									},
									"trigger": "despawn"
								}
							}
						},
						"key": "description",
						"is_minified": true,
						"children": {
							"identifier": "boi:season_trader_spawner",
							"is_spawnable": false,
							"is_summonable": true,
							"is_experimental": false
						}
					},
					{
						"key": "components",
						"children": [
							{
								"key": "minecraft:scale",
								"is_minified": true,
								"children": {
									"value": 0
								}
							},
							{
								"key": "minecraft:damage_sensor",
								"children": [
									{
										"key": "triggers",
										"children": [
											{
												"open": [
													{
														"cause": "all",
														"deals_damage": false
													}
												],
												"is_minified": true,
												"children": {
													"cause": "all",
													"deals_damage": false
												}
											}
										]
									}
								]
							}
						]
					},
					{
						"open": {
							"description": {
								"identifier": "boi:season_trader_spawner",
								"is_spawnable": false,
								"is_summonable": true,
								"is_experimental": false
							},
							"components": {
								"minecraft:scale": {
									"value": 0
								},
								"minecraft:damage_sensor": {
									"triggers": [
										{
											"cause": "all",
											"deals_damage": false
										}
									]
								}
							},
							"component_groups": {
								"despawn": {
									"minecraft:instant_despawn": {}
								},
								"test_hall_trader": {
									"minecraft:entity_sensor": {
										"sensor_range": 128,
										"minimum_count": 1,
										"event_filters": {
											"test": "is_family",
											"value": "hall_trader",
											"operator": "==",
											"subject": "other"
										},
										"event": "despawn"
									},
									"minecraft:timer": {
										"looping": true,
										"time": 1,
										"time_down_event": {
											"event": "spawn_hall_trader"
										}
									}
								}
							},
							"events": {
								"despawn": {
									"add": {
										"component_groups": [
											"despawn"
										]
									}
								},
								"minecraft:entity_spawned": {
									"sequence": [
										{
											"trigger": "despawn",
											"filters": {
												"test": "is_daytime",
												"value": true
											}
										},
										{
											"filters": {
												"test": "is_daytime",
												"value": false
											},
											"add": {
												"component_groups": [
													"test_hall_trader"
												]
											}
										}
									]
								},
								"spawn_hall_trader": {
									"run_command": {
										"command": [
											"summon boi:halloween_trader ~~~ natural_spawn"
										]
									},
									"trigger": "despawn"
								}
							}
						},
						"key": "component_groups",
						"children": [
							{
								"key": "despawn",
								"is_minified": true,
								"children": {
									"minecraft:instant_despawn": {}
								}
							},
							{
								"open": {
									"despawn": {
										"minecraft:instant_despawn": {}
									},
									"test_hall_trader": {
										"minecraft:entity_sensor": {
											"sensor_range": 128,
											"minimum_count": 1,
											"event_filters": {
												"test": "is_family",
												"value": "hall_trader",
												"operator": "==",
												"subject": "other"
											},
											"event": "despawn"
										},
										"minecraft:timer": {
											"looping": true,
											"time": 1,
											"time_down_event": {
												"event": "spawn_hall_trader"
											}
										}
									}
								},
								"key": "test_hall_trader",
								"is_minified": true,
								"children": {
									"minecraft:entity_sensor": {
										"sensor_range": 128,
										"minimum_count": 1,
										"event_filters": {
											"test": "is_family",
											"value": "hall_trader",
											"operator": "==",
											"subject": "other"
										},
										"event": "despawn"
									},
									"minecraft:timer": {
										"looping": true,
										"time": 1,
										"time_down_event": {
											"event": "spawn_hall_trader"
										}
									}
								}
							}
						]
					},
					{
						"open": {
							"description": {
								"identifier": "boi:season_trader_spawner",
								"is_spawnable": false,
								"is_summonable": true,
								"is_experimental": false
							},
							"components": {
								"minecraft:scale": {
									"value": 0
								},
								"minecraft:damage_sensor": {
									"triggers": [
										{
											"cause": "all",
											"deals_damage": false
										}
									]
								}
							},
							"component_groups": {
								"despawn": {
									"minecraft:instant_despawn": {}
								},
								"test_hall_trader": {
									"minecraft:entity_sensor": {
										"sensor_range": 128,
										"minimum_count": 1,
										"event_filters": {
											"test": "is_family",
											"value": "hall_trader",
											"operator": "==",
											"subject": "other"
										},
										"event": "despawn"
									},
									"minecraft:timer": {
										"looping": true,
										"time": 1,
										"time_down_event": {
											"event": "spawn_hall_trader"
										}
									}
								}
							},
							"events": {
								"despawn": {
									"add": {
										"component_groups": [
											"despawn"
										]
									}
								},
								"minecraft:entity_spawned": {
									"sequence": [
										{
											"trigger": "despawn",
											"filters": {
												"test": "is_daytime",
												"value": true
											}
										},
										{
											"filters": {
												"test": "is_daytime",
												"value": false
											},
											"add": {
												"component_groups": [
													"test_hall_trader"
												]
											}
										}
									]
								},
								"spawn_hall_trader": {
									"run_command": {
										"command": [
											"summon boi:halloween_trader ~~~ natural_spawn"
										]
									},
									"trigger": "despawn"
								}
							}
						},
						"key": "events",
						"children": [
							{
								"open": {
									"despawn": {
										"add": {
											"component_groups": [
												"despawn"
											]
										}
									},
									"minecraft:entity_spawned": {
										"sequence": [
											{
												"trigger": "despawn",
												"filters": {
													"test": "is_daytime",
													"value": true
												}
											},
											{
												"filters": {
													"test": "is_daytime",
													"value": false
												},
												"add": {
													"component_groups": [
														"test_hall_trader"
													]
												}
											}
										]
									},
									"spawn_hall_trader": {
										"run_command": {
											"command": [
												"summon boi:halloween_trader ~~~ natural_spawn"
											]
										},
										"trigger": "despawn"
									}
								},
								"key": "despawn",
								"is_minified": true,
								"children": {
									"add": {
										"component_groups": [
											"despawn"
										]
									}
								}
							},
							{
								"open": {
									"despawn": {
										"add": {
											"component_groups": [
												"despawn"
											]
										}
									},
									"minecraft:entity_spawned": {
										"sequence": [
											{
												"trigger": "despawn",
												"filters": {
													"test": "is_daytime",
													"value": true
												}
											},
											{
												"filters": {
													"test": "is_daytime",
													"value": false
												},
												"add": {
													"component_groups": [
														"test_hall_trader"
													]
												}
											}
										]
									},
									"spawn_hall_trader": {
										"run_command": {
											"command": [
												"summon boi:halloween_trader ~~~ natural_spawn"
											]
										},
										"trigger": "despawn"
									}
								},
								"key": "minecraft:entity_spawned",
								"children": [
									{
										"open": {
											"sequence": [
												{
													"trigger": "despawn",
													"filters": {
														"test": "is_daytime",
														"value": true
													}
												},
												{
													"filters": {
														"test": "is_daytime",
														"value": false
													},
													"add": {
														"component_groups": [
															"test_hall_trader"
														]
													}
												}
											]
										},
										"key": "sequence",
										"children": [
											{
												"open": [
													{
														"trigger": "despawn",
														"filters": {
															"test": "is_daytime",
															"value": true
														}
													},
													{
														"filters": {
															"test": "is_daytime",
															"value": false
														},
														"add": {
															"component_groups": [
																"test_hall_trader"
															]
														}
													}
												],
												"is_minified": true,
												"children": {
													"trigger": "despawn",
													"filters": {
														"test": "is_daytime",
														"value": true
													}
												}
											},
											{
												"open": [
													{
														"trigger": "despawn",
														"filters": {
															"test": "is_daytime",
															"value": true
														}
													},
													{
														"filters": {
															"test": "is_daytime",
															"value": false
														},
														"add": {
															"component_groups": [
																"test_hall_trader"
															]
														}
													}
												],
												"children": [
													{
														"key": "filters",
														"is_minified": true,
														"children": {
															"test": "is_daytime",
															"value": false
														}
													},
													{
														"key": "add",
														"children": [
															{
																"open": {
																	"component_groups": [
																		"test_hall_trader"
																	]
																},
																"key": "component_groups",
																"is_minified": true,
																"children": [
																	"test_hall_trader"
																]
															}
														]
													}
												]
											}
										]
									}
								]
							},
							{
								"open": {
									"despawn": {
										"add": {
											"component_groups": [
												"despawn"
											]
										}
									},
									"minecraft:entity_spawned": {
										"sequence": [
											{
												"trigger": "despawn",
												"filters": {
													"test": "is_daytime",
													"value": true
												}
											},
											{
												"filters": {
													"test": "is_daytime",
													"value": false
												},
												"add": {
													"component_groups": [
														"test_hall_trader"
													]
												}
											}
										]
									},
									"spawn_hall_trader": {
										"run_command": {
											"command": [
												"summon boi:halloween_trader ~~~ natural_spawn"
											]
										},
										"trigger": "despawn"
									}
								},
								"key": "spawn_hall_trader",
								"children": [
									{
										"open": {
											"run_command": {
												"command": [
													"summon boi:halloween_trader ~~~ natural_spawn"
												]
											},
											"trigger": "despawn"
										},
										"key": "run_command",
										"children": [
											{
												"open": {
													"command": [
														"summon boi:halloween_trader ~~~ natural_spawn"
													]
												},
												"key": "command",
												"is_minified": true,
												"children": [
													"summon boi:halloween_trader ~~~ natural_spawn"
												]
											}
										]
									},
									{
										"data": "despawn",
										"key": "trigger"
									}
								]
							}
						]
					}
				]
			}
		]
	}
}