{
	"file_path": "C:\\Users\\fiddy\\AppData\\Local\\Packages\\Microsoft.MinecraftUWP_8wekyb3d8bbwe\\LocalState\\games\\com.mojang\\development_behavior_packs\\SeasonalDecorBP\\entities\\skeleton_wolf.json",
	"file_type": "entity",
	"format_version": 1,
	"file_uuid": "5c8de763_772c_4f71_ac5e_0eafa9c9c568",
	"file_version": 16,
	"cache_content": {
		"children": [
			{
				"open": {
					"format_version": "1.17.0",
					"minecraft:entity": {
						"description": {
							"identifier": "boi:skeleton_wolf",
							"is_spawnable": false,
							"is_summonable": true,
							"is_experimental": false,
							"runtime_identifier": "minecraft:wolf"
						},
						"component_groups": {
							"minecraft:wolf_adult": {
								"minecraft:experience_reward": {
									"on_bred": "Math.Random(1,7)",
									"on_death": "query.last_hit_by_player ? Math.Random(1,3) : 0"
								},
								"minecraft:breedable": {
									"require_tame": true,
									"require_full_health": true,
									"breeds_with": {
										"mate_type": "minecraft:wolf",
										"baby_type": "minecraft:wolf",
										"breed_event": {
											"event": "minecraft:entity_born",
											"target": "baby"
										}
									},
									"breed_items": [
										"chicken",
										"cooked_chicken",
										"beef",
										"cooked_beef",
										"muttonRaw",
										"muttonCooked",
										"porkchop",
										"cooked_porkchop",
										"rabbit",
										"cooked_rabbit",
										"rotten_flesh"
									]
								}
							},
							"minecraft:wolf_angry": {
								"minecraft:angry": {
									"duration": 25,
									"broadcast_anger": true,
									"broadcast_range": 20,
									"calm_event": {
										"event": "minecraft:on_calm",
										"target": "self"
									}
								},
								"minecraft:on_target_acquired": {},
								"minecraft:rideable": {
									"seat_count": 1,
									"family_types": [
										"zombie"
									],
									"seats": {
										"position": [
											0,
											0.675,
											-0.1
										]
									}
								}
							},
							"minecraft:wolf_wild": {
								"minecraft:behavior.avoid_mob_type": {
									"priority": 3,
									"entity_types": [
										{
											"filters": {
												"test": "is_family",
												"subject": "other",
												"value": "llama"
											},
											"max_dist": 24,
											"walk_speed_multiplier": 1.5,
											"sprint_speed_multiplier": 1.5
										}
									],
									"probability_per_strength": 0.14
								},
								"minecraft:tameable": {
									"probability": 0.33,
									"tame_items": "bone",
									"tame_event": {
										"event": "minecraft:on_tame",
										"target": "self"
									}
								},
								"minecraft:behavior.nearest_attackable_target": {
									"priority": 4,
									"reselect_targets": true,
									"must_see": true,
									"entity_types": [
										{
											"filters": {
												"any_of": [
													{
														"test": "is_family",
														"subject": "other",
														"value": "skeleton"
													},
													{
														"test": "is_family",
														"subject": "other",
														"value": "sheep"
													},
													{
														"test": "is_family",
														"subject": "other",
														"value": "rabbit"
													},
													{
														"test": "is_family",
														"subject": "other",
														"value": "fox"
													}
												]
											},
											"max_dist": 16
										},
										{
											"filters": {
												"all_of": [
													{
														"test": "is_family",
														"subject": "other",
														"value": "baby_turtle"
													},
													{
														"test": "in_water",
														"subject": "other",
														"operator": "!=",
														"value": true
													}
												]
											},
											"max_dist": 16
										},
										{
											"filters": {
												"all_of": [
													{
														"test": "is_family",
														"subject": "other",
														"value": "skeleton"
													},
													{
														"test": "is_underwater",
														"subject": "other",
														"operator": "!=",
														"value": true
													}
												]
											},
											"max_dist": 16
										}
									]
								},
								"minecraft:on_target_acquired": {
									"event": "minecraft:become_angry",
									"target": "self"
								},
								"minecraft:rideable": {
									"seat_count": 1,
									"family_types": [
										"zombie"
									],
									"seats": {
										"position": [
											0,
											0.675,
											-0.1
										]
									}
								}
							},
							"minecraft:wolf_tame": {
								"minecraft:is_tamed": {},
								"minecraft:health": {
									"value": 20,
									"max": 20
								},
								"minecraft:color": {
									"value": 1
								},
								"minecraft:behavior.follow_owner": {
									"priority": 6,
									"speed_multiplier": 1,
									"start_distance": 10,
									"stop_distance": 2
								},
								"minecraft:attack": {
									"damage": 6
								},
								"minecraft:behavior.owner_hurt_by_target": {
									"priority": 1
								},
								"minecraft:behavior.owner_hurt_target": {
									"priority": 2
								},
								"minecraft:behavior.nearest_attackable_target": {
									"priority": 5,
									"must_see": true,
									"entity_types": [
										{
											"filters": {
												"test": "is_family",
												"subject": "other",
												"value": "skeleton"
											},
											"max_dist": 16
										}
									]
								},
								"minecraft:sittable": {},
								"minecraft:is_dyeable": {
									"interact_text": "action.interact.dye"
								},
								"minecraft:leashable": {
									"soft_distance": 4,
									"hard_distance": 6,
									"max_distance": 10,
									"on_leash": {
										"event": "minecraft:on_leash",
										"target": "self"
									},
									"on_unleash": {
										"event": "minecraft:on_unleash",
										"target": "self"
									}
								},
								"minecraft:loot": {
									"table": "loot_tables/entities/skeleton_wolf.json"
								},
								"minecraft:damage_sensor": {
									"triggers": [
										{
											"cause": "all",
											"damage_multiplier": 0.75
										}
									]
								},
								"minecraft:healable": {
									"items": [
										{
											"item": "porkchop",
											"heal_amount": 3
										},
										{
											"item": "cooked_porkchop",
											"heal_amount": 8
										},
										{
											"item": "fish",
											"heal_amount": 2
										},
										{
											"item": "salmon",
											"heal_amount": 2
										},
										{
											"item": "clownfish",
											"heal_amount": 1
										},
										{
											"item": "pufferfish",
											"heal_amount": 1
										},
										{
											"item": "cooked_fish",
											"heal_amount": 5
										},
										{
											"item": "cooked_salmon",
											"heal_amount": 6
										},
										{
											"item": "beef",
											"heal_amount": 3
										},
										{
											"item": "cooked_beef",
											"heal_amount": 8
										},
										{
											"item": "chicken",
											"heal_amount": 2
										},
										{
											"item": "cooked_chicken",
											"heal_amount": 6
										},
										{
											"item": "muttonRaw",
											"heal_amount": 2
										},
										{
											"item": "muttonCooked",
											"heal_amount": 6
										},
										{
											"item": "rotten_flesh",
											"heal_amount": 4
										},
										{
											"item": "rabbit",
											"heal_amount": 3
										},
										{
											"item": "cooked_rabbit",
											"heal_amount": 5
										},
										{
											"item": "rabbit_stew",
											"heal_amount": 10
										},
										{
											"item": "bone",
											"heal_amount": 4
										}
									]
								}
							}
						},
						"components": {
							"minecraft:nameable": {},
							"minecraft:type_family": {
								"family": [
									"wolf",
									"mob"
								]
							},
							"minecraft:breathable": {
								"total_supply": 15,
								"suffocate_time": 0,
								"breathes_water": true,
								"breathes_lava": true,
								"breathes_air": true
							},
							"minecraft:collision_box": {
								"width": 0.6,
								"height": 0.8
							},
							"minecraft:health": {
								"value": 8,
								"max": 8
							},
							"minecraft:hurt_on_condition": {
								"damage_conditions": [
									{
										"filters": {
											"test": "in_lava",
											"subject": "self",
											"operator": "==",
											"value": true
										},
										"cause": "lava",
										"damage_per_tick": 4
									}
								]
							},
							"minecraft:movement": {
								"value": 0.3
							},
							"minecraft:navigation.walk": {
								"can_path_over_water": true,
								"avoid_damage_blocks": true
							},
							"minecraft:movement.basic": {},
							"minecraft:jump.static": {},
							"minecraft:can_climb": {},
							"minecraft:attack": {
								"damage": 3
							},
							"minecraft:healable": {
								"items": [
									{
										"item": "porkchop",
										"heal_amount": 3
									},
									{
										"item": "cooked_porkchop",
										"heal_amount": 8
									},
									{
										"item": "fish",
										"heal_amount": 2
									},
									{
										"item": "salmon",
										"heal_amount": 2
									},
									{
										"item": "clownfish",
										"heal_amount": 1
									},
									{
										"item": "pufferfish",
										"heal_amount": 1
									},
									{
										"item": "cooked_fish",
										"heal_amount": 5
									},
									{
										"item": "cooked_salmon",
										"heal_amount": 6
									},
									{
										"item": "beef",
										"heal_amount": 3
									},
									{
										"item": "cooked_beef",
										"heal_amount": 8
									},
									{
										"item": "chicken",
										"heal_amount": 2
									},
									{
										"item": "cooked_chicken",
										"heal_amount": 6
									},
									{
										"item": "muttonRaw",
										"heal_amount": 2
									},
									{
										"item": "muttonCooked",
										"heal_amount": 6
									},
									{
										"item": "rotten_flesh",
										"heal_amount": 4
									},
									{
										"item": "rabbit",
										"heal_amount": 3
									},
									{
										"item": "cooked_rabbit",
										"heal_amount": 5
									},
									{
										"item": "rabbit_stew",
										"heal_amount": 10
									}
								]
							},
							"minecraft:despawn": {
								"despawn_from_distance": {}
							},
							"minecraft:behavior.mount_pathing": {
								"priority": 1,
								"speed_multiplier": 1.25,
								"target_dist": 0,
								"track_target": true
							},
							"minecraft:behavior.stay_while_sitting": {
								"priority": 3
							},
							"minecraft:behavior.leap_at_target": {
								"priority": 4,
								"target_dist": 0.4
							},
							"minecraft:behavior.melee_attack": {
								"priority": 5
							},
							"minecraft:behavior.random_stroll": {
								"priority": 8,
								"speed_multiplier": 1
							},
							"minecraft:behavior.look_at_player": {
								"priority": 6,
								"target_distance": 6,
								"probability": 0.02
							},
							"minecraft:behavior.beg": {
								"priority": 9,
								"look_distance": 8,
								"look_time": [
									2,
									4
								],
								"items": [
									"bone",
									"porkchop",
									"cooked_porkchop",
									"chicken",
									"cooked_chicken",
									"beef",
									"cooked_beef",
									"rotten_flesh",
									"muttonraw",
									"muttoncooked",
									"rabbit",
									"cooked_rabbit"
								]
							},
							"minecraft:behavior.hurt_by_target": {
								"priority": 3
							},
							"minecraft:physics": {},
							"minecraft:pushable": {
								"is_pushable": true,
								"is_pushable_by_piston": true
							},
							"minecraft:conditional_bandwidth_optimization": {},
							"minecraft:underwater_movement": {
								"value": 0.2
							}
						},
						"events": {
							"minecraft:on_tame": {
								"remove": {
									"component_groups": [
										"minecraft:wolf_wild"
									]
								},
								"add": {
									"component_groups": [
										"minecraft:wolf_tame"
									]
								},
								"run_command": {
									"command": [
										"tp @s @p"
									]
								}
							},
							"minecraft:become_angry": {
								"remove": {
									"component_groups": [
										"minecraft:wolf_wild"
									]
								},
								"add": {
									"component_groups": [
										"minecraft:wolf_angry"
									]
								}
							},
							"minecraft:on_calm": {
								"remove": {
									"component_groups": [
										"minecraft:wolf_angry"
									]
								},
								"add": {
									"component_groups": [
										"minecraft:wolf_wild"
									]
								}
							}
						}
					}
				},
				"data": "1.17.0",
				"key": "format_version"
			},
			{
				"open": {
					"format_version": "1.17.0",
					"minecraft:entity": {
						"description": {
							"identifier": "boi:skeleton_wolf",
							"is_spawnable": false,
							"is_summonable": true,
							"is_experimental": false,
							"runtime_identifier": "minecraft:wolf"
						},
						"component_groups": {
							"minecraft:wolf_adult": {
								"minecraft:experience_reward": {
									"on_bred": "Math.Random(1,7)",
									"on_death": "query.last_hit_by_player ? Math.Random(1,3) : 0"
								},
								"minecraft:breedable": {
									"require_tame": true,
									"require_full_health": true,
									"breeds_with": {
										"mate_type": "minecraft:wolf",
										"baby_type": "minecraft:wolf",
										"breed_event": {
											"event": "minecraft:entity_born",
											"target": "baby"
										}
									},
									"breed_items": [
										"chicken",
										"cooked_chicken",
										"beef",
										"cooked_beef",
										"muttonRaw",
										"muttonCooked",
										"porkchop",
										"cooked_porkchop",
										"rabbit",
										"cooked_rabbit",
										"rotten_flesh"
									]
								}
							},
							"minecraft:wolf_angry": {
								"minecraft:angry": {
									"duration": 25,
									"broadcast_anger": true,
									"broadcast_range": 20,
									"calm_event": {
										"event": "minecraft:on_calm",
										"target": "self"
									}
								},
								"minecraft:on_target_acquired": {},
								"minecraft:rideable": {
									"seat_count": 1,
									"family_types": [
										"zombie"
									],
									"seats": {
										"position": [
											0,
											0.675,
											-0.1
										]
									}
								}
							},
							"minecraft:wolf_wild": {
								"minecraft:behavior.avoid_mob_type": {
									"priority": 3,
									"entity_types": [
										{
											"filters": {
												"test": "is_family",
												"subject": "other",
												"value": "llama"
											},
											"max_dist": 24,
											"walk_speed_multiplier": 1.5,
											"sprint_speed_multiplier": 1.5
										}
									],
									"probability_per_strength": 0.14
								},
								"minecraft:tameable": {
									"probability": 0.33,
									"tame_items": "bone",
									"tame_event": {
										"event": "minecraft:on_tame",
										"target": "self"
									}
								},
								"minecraft:behavior.nearest_attackable_target": {
									"priority": 4,
									"reselect_targets": true,
									"must_see": true,
									"entity_types": [
										{
											"filters": {
												"any_of": [
													{
														"test": "is_family",
														"subject": "other",
														"value": "skeleton"
													},
													{
														"test": "is_family",
														"subject": "other",
														"value": "sheep"
													},
													{
														"test": "is_family",
														"subject": "other",
														"value": "rabbit"
													},
													{
														"test": "is_family",
														"subject": "other",
														"value": "fox"
													}
												]
											},
											"max_dist": 16
										},
										{
											"filters": {
												"all_of": [
													{
														"test": "is_family",
														"subject": "other",
														"value": "baby_turtle"
													},
													{
														"test": "in_water",
														"subject": "other",
														"operator": "!=",
														"value": true
													}
												]
											},
											"max_dist": 16
										},
										{
											"filters": {
												"all_of": [
													{
														"test": "is_family",
														"subject": "other",
														"value": "skeleton"
													},
													{
														"test": "is_underwater",
														"subject": "other",
														"operator": "!=",
														"value": true
													}
												]
											},
											"max_dist": 16
										}
									]
								},
								"minecraft:on_target_acquired": {
									"event": "minecraft:become_angry",
									"target": "self"
								},
								"minecraft:rideable": {
									"seat_count": 1,
									"family_types": [
										"zombie"
									],
									"seats": {
										"position": [
											0,
											0.675,
											-0.1
										]
									}
								}
							},
							"minecraft:wolf_tame": {
								"minecraft:is_tamed": {},
								"minecraft:health": {
									"value": 20,
									"max": 20
								},
								"minecraft:color": {
									"value": 1
								},
								"minecraft:behavior.follow_owner": {
									"priority": 6,
									"speed_multiplier": 1,
									"start_distance": 10,
									"stop_distance": 2
								},
								"minecraft:attack": {
									"damage": 6
								},
								"minecraft:behavior.owner_hurt_by_target": {
									"priority": 1
								},
								"minecraft:behavior.owner_hurt_target": {
									"priority": 2
								},
								"minecraft:behavior.nearest_attackable_target": {
									"priority": 5,
									"must_see": true,
									"entity_types": [
										{
											"filters": {
												"test": "is_family",
												"subject": "other",
												"value": "skeleton"
											},
											"max_dist": 16
										}
									]
								},
								"minecraft:sittable": {},
								"minecraft:is_dyeable": {
									"interact_text": "action.interact.dye"
								},
								"minecraft:leashable": {
									"soft_distance": 4,
									"hard_distance": 6,
									"max_distance": 10,
									"on_leash": {
										"event": "minecraft:on_leash",
										"target": "self"
									},
									"on_unleash": {
										"event": "minecraft:on_unleash",
										"target": "self"
									}
								},
								"minecraft:loot": {
									"table": "loot_tables/entities/skeleton_wolf.json"
								},
								"minecraft:damage_sensor": {
									"triggers": [
										{
											"cause": "all",
											"damage_multiplier": 0.75
										}
									]
								},
								"minecraft:healable": {
									"items": [
										{
											"item": "porkchop",
											"heal_amount": 3
										},
										{
											"item": "cooked_porkchop",
											"heal_amount": 8
										},
										{
											"item": "fish",
											"heal_amount": 2
										},
										{
											"item": "salmon",
											"heal_amount": 2
										},
										{
											"item": "clownfish",
											"heal_amount": 1
										},
										{
											"item": "pufferfish",
											"heal_amount": 1
										},
										{
											"item": "cooked_fish",
											"heal_amount": 5
										},
										{
											"item": "cooked_salmon",
											"heal_amount": 6
										},
										{
											"item": "beef",
											"heal_amount": 3
										},
										{
											"item": "cooked_beef",
											"heal_amount": 8
										},
										{
											"item": "chicken",
											"heal_amount": 2
										},
										{
											"item": "cooked_chicken",
											"heal_amount": 6
										},
										{
											"item": "muttonRaw",
											"heal_amount": 2
										},
										{
											"item": "muttonCooked",
											"heal_amount": 6
										},
										{
											"item": "rotten_flesh",
											"heal_amount": 4
										},
										{
											"item": "rabbit",
											"heal_amount": 3
										},
										{
											"item": "cooked_rabbit",
											"heal_amount": 5
										},
										{
											"item": "rabbit_stew",
											"heal_amount": 10
										},
										{
											"item": "bone",
											"heal_amount": 4
										}
									]
								}
							}
						},
						"components": {
							"minecraft:nameable": {},
							"minecraft:type_family": {
								"family": [
									"wolf",
									"mob"
								]
							},
							"minecraft:breathable": {
								"total_supply": 15,
								"suffocate_time": 0,
								"breathes_water": true,
								"breathes_lava": true,
								"breathes_air": true
							},
							"minecraft:collision_box": {
								"width": 0.6,
								"height": 0.8
							},
							"minecraft:health": {
								"value": 8,
								"max": 8
							},
							"minecraft:hurt_on_condition": {
								"damage_conditions": [
									{
										"filters": {
											"test": "in_lava",
											"subject": "self",
											"operator": "==",
											"value": true
										},
										"cause": "lava",
										"damage_per_tick": 4
									}
								]
							},
							"minecraft:movement": {
								"value": 0.3
							},
							"minecraft:navigation.walk": {
								"can_path_over_water": true,
								"avoid_damage_blocks": true
							},
							"minecraft:movement.basic": {},
							"minecraft:jump.static": {},
							"minecraft:can_climb": {},
							"minecraft:attack": {
								"damage": 3
							},
							"minecraft:healable": {
								"items": [
									{
										"item": "porkchop",
										"heal_amount": 3
									},
									{
										"item": "cooked_porkchop",
										"heal_amount": 8
									},
									{
										"item": "fish",
										"heal_amount": 2
									},
									{
										"item": "salmon",
										"heal_amount": 2
									},
									{
										"item": "clownfish",
										"heal_amount": 1
									},
									{
										"item": "pufferfish",
										"heal_amount": 1
									},
									{
										"item": "cooked_fish",
										"heal_amount": 5
									},
									{
										"item": "cooked_salmon",
										"heal_amount": 6
									},
									{
										"item": "beef",
										"heal_amount": 3
									},
									{
										"item": "cooked_beef",
										"heal_amount": 8
									},
									{
										"item": "chicken",
										"heal_amount": 2
									},
									{
										"item": "cooked_chicken",
										"heal_amount": 6
									},
									{
										"item": "muttonRaw",
										"heal_amount": 2
									},
									{
										"item": "muttonCooked",
										"heal_amount": 6
									},
									{
										"item": "rotten_flesh",
										"heal_amount": 4
									},
									{
										"item": "rabbit",
										"heal_amount": 3
									},
									{
										"item": "cooked_rabbit",
										"heal_amount": 5
									},
									{
										"item": "rabbit_stew",
										"heal_amount": 10
									}
								]
							},
							"minecraft:despawn": {
								"despawn_from_distance": {}
							},
							"minecraft:behavior.mount_pathing": {
								"priority": 1,
								"speed_multiplier": 1.25,
								"target_dist": 0,
								"track_target": true
							},
							"minecraft:behavior.stay_while_sitting": {
								"priority": 3
							},
							"minecraft:behavior.leap_at_target": {
								"priority": 4,
								"target_dist": 0.4
							},
							"minecraft:behavior.melee_attack": {
								"priority": 5
							},
							"minecraft:behavior.random_stroll": {
								"priority": 8,
								"speed_multiplier": 1
							},
							"minecraft:behavior.look_at_player": {
								"priority": 6,
								"target_distance": 6,
								"probability": 0.02
							},
							"minecraft:behavior.beg": {
								"priority": 9,
								"look_distance": 8,
								"look_time": [
									2,
									4
								],
								"items": [
									"bone",
									"porkchop",
									"cooked_porkchop",
									"chicken",
									"cooked_chicken",
									"beef",
									"cooked_beef",
									"rotten_flesh",
									"muttonraw",
									"muttoncooked",
									"rabbit",
									"cooked_rabbit"
								]
							},
							"minecraft:behavior.hurt_by_target": {
								"priority": 3
							},
							"minecraft:physics": {},
							"minecraft:pushable": {
								"is_pushable": true,
								"is_pushable_by_piston": true
							},
							"minecraft:conditional_bandwidth_optimization": {},
							"minecraft:underwater_movement": {
								"value": 0.2
							}
						},
						"events": {
							"minecraft:on_tame": {
								"remove": {
									"component_groups": [
										"minecraft:wolf_wild"
									]
								},
								"add": {
									"component_groups": [
										"minecraft:wolf_tame"
									]
								},
								"run_command": {
									"command": [
										"tp @s @p"
									]
								}
							},
							"minecraft:become_angry": {
								"remove": {
									"component_groups": [
										"minecraft:wolf_wild"
									]
								},
								"add": {
									"component_groups": [
										"minecraft:wolf_angry"
									]
								}
							},
							"minecraft:on_calm": {
								"remove": {
									"component_groups": [
										"minecraft:wolf_angry"
									]
								},
								"add": {
									"component_groups": [
										"minecraft:wolf_wild"
									]
								}
							}
						}
					}
				},
				"key": "minecraft:entity",
				"children": [
					{
						"key": "description",
						"is_minified": true,
						"children": {
							"identifier": "boi:skeleton_wolf",
							"is_spawnable": false,
							"is_summonable": true,
							"is_experimental": false,
							"runtime_identifier": "minecraft:wolf"
						}
					},
					{
						"open": {
							"description": {
								"identifier": "boi:skeleton_wolf",
								"is_spawnable": false,
								"is_summonable": true,
								"is_experimental": false,
								"runtime_identifier": "minecraft:wolf"
							},
							"component_groups": {
								"minecraft:wolf_adult": {
									"minecraft:experience_reward": {
										"on_bred": "Math.Random(1,7)",
										"on_death": "query.last_hit_by_player ? Math.Random(1,3) : 0"
									},
									"minecraft:breedable": {
										"require_tame": true,
										"require_full_health": true,
										"breeds_with": {
											"mate_type": "minecraft:wolf",
											"baby_type": "minecraft:wolf",
											"breed_event": {
												"event": "minecraft:entity_born",
												"target": "baby"
											}
										},
										"breed_items": [
											"chicken",
											"cooked_chicken",
											"beef",
											"cooked_beef",
											"muttonRaw",
											"muttonCooked",
											"porkchop",
											"cooked_porkchop",
											"rabbit",
											"cooked_rabbit",
											"rotten_flesh"
										]
									}
								},
								"minecraft:wolf_angry": {
									"minecraft:angry": {
										"duration": 25,
										"broadcast_anger": true,
										"broadcast_range": 20,
										"calm_event": {
											"event": "minecraft:on_calm",
											"target": "self"
										}
									},
									"minecraft:on_target_acquired": {},
									"minecraft:rideable": {
										"seat_count": 1,
										"family_types": [
											"zombie"
										],
										"seats": {
											"position": [
												0,
												0.675,
												-0.1
											]
										}
									}
								},
								"minecraft:wolf_wild": {
									"minecraft:behavior.avoid_mob_type": {
										"priority": 3,
										"entity_types": [
											{
												"filters": {
													"test": "is_family",
													"subject": "other",
													"value": "llama"
												},
												"max_dist": 24,
												"walk_speed_multiplier": 1.5,
												"sprint_speed_multiplier": 1.5
											}
										],
										"probability_per_strength": 0.14
									},
									"minecraft:tameable": {
										"probability": 0.33,
										"tame_items": "bone",
										"tame_event": {
											"event": "minecraft:on_tame",
											"target": "self"
										}
									},
									"minecraft:behavior.nearest_attackable_target": {
										"priority": 4,
										"reselect_targets": true,
										"must_see": true,
										"entity_types": [
											{
												"filters": {
													"any_of": [
														{
															"test": "is_family",
															"subject": "other",
															"value": "skeleton"
														},
														{
															"test": "is_family",
															"subject": "other",
															"value": "sheep"
														},
														{
															"test": "is_family",
															"subject": "other",
															"value": "rabbit"
														},
														{
															"test": "is_family",
															"subject": "other",
															"value": "fox"
														}
													]
												},
												"max_dist": 16
											},
											{
												"filters": {
													"all_of": [
														{
															"test": "is_family",
															"subject": "other",
															"value": "baby_turtle"
														},
														{
															"test": "in_water",
															"subject": "other",
															"operator": "!=",
															"value": true
														}
													]
												},
												"max_dist": 16
											},
											{
												"filters": {
													"all_of": [
														{
															"test": "is_family",
															"subject": "other",
															"value": "skeleton"
														},
														{
															"test": "is_underwater",
															"subject": "other",
															"operator": "!=",
															"value": true
														}
													]
												},
												"max_dist": 16
											}
										]
									},
									"minecraft:on_target_acquired": {
										"event": "minecraft:become_angry",
										"target": "self"
									},
									"minecraft:rideable": {
										"seat_count": 1,
										"family_types": [
											"zombie"
										],
										"seats": {
											"position": [
												0,
												0.675,
												-0.1
											]
										}
									}
								},
								"minecraft:wolf_tame": {
									"minecraft:is_tamed": {},
									"minecraft:health": {
										"value": 20,
										"max": 20
									},
									"minecraft:color": {
										"value": 1
									},
									"minecraft:behavior.follow_owner": {
										"priority": 6,
										"speed_multiplier": 1,
										"start_distance": 10,
										"stop_distance": 2
									},
									"minecraft:attack": {
										"damage": 6
									},
									"minecraft:behavior.owner_hurt_by_target": {
										"priority": 1
									},
									"minecraft:behavior.owner_hurt_target": {
										"priority": 2
									},
									"minecraft:behavior.nearest_attackable_target": {
										"priority": 5,
										"must_see": true,
										"entity_types": [
											{
												"filters": {
													"test": "is_family",
													"subject": "other",
													"value": "skeleton"
												},
												"max_dist": 16
											}
										]
									},
									"minecraft:sittable": {},
									"minecraft:is_dyeable": {
										"interact_text": "action.interact.dye"
									},
									"minecraft:leashable": {
										"soft_distance": 4,
										"hard_distance": 6,
										"max_distance": 10,
										"on_leash": {
											"event": "minecraft:on_leash",
											"target": "self"
										},
										"on_unleash": {
											"event": "minecraft:on_unleash",
											"target": "self"
										}
									},
									"minecraft:loot": {
										"table": "loot_tables/entities/skeleton_wolf.json"
									},
									"minecraft:damage_sensor": {
										"triggers": [
											{
												"cause": "all",
												"damage_multiplier": 0.75
											}
										]
									},
									"minecraft:healable": {
										"items": [
											{
												"item": "porkchop",
												"heal_amount": 3
											},
											{
												"item": "cooked_porkchop",
												"heal_amount": 8
											},
											{
												"item": "fish",
												"heal_amount": 2
											},
											{
												"item": "salmon",
												"heal_amount": 2
											},
											{
												"item": "clownfish",
												"heal_amount": 1
											},
											{
												"item": "pufferfish",
												"heal_amount": 1
											},
											{
												"item": "cooked_fish",
												"heal_amount": 5
											},
											{
												"item": "cooked_salmon",
												"heal_amount": 6
											},
											{
												"item": "beef",
												"heal_amount": 3
											},
											{
												"item": "cooked_beef",
												"heal_amount": 8
											},
											{
												"item": "chicken",
												"heal_amount": 2
											},
											{
												"item": "cooked_chicken",
												"heal_amount": 6
											},
											{
												"item": "muttonRaw",
												"heal_amount": 2
											},
											{
												"item": "muttonCooked",
												"heal_amount": 6
											},
											{
												"item": "rotten_flesh",
												"heal_amount": 4
											},
											{
												"item": "rabbit",
												"heal_amount": 3
											},
											{
												"item": "cooked_rabbit",
												"heal_amount": 5
											},
											{
												"item": "rabbit_stew",
												"heal_amount": 10
											},
											{
												"item": "bone",
												"heal_amount": 4
											}
										]
									}
								}
							},
							"components": {
								"minecraft:nameable": {},
								"minecraft:type_family": {
									"family": [
										"wolf",
										"mob"
									]
								},
								"minecraft:breathable": {
									"total_supply": 15,
									"suffocate_time": 0,
									"breathes_water": true,
									"breathes_lava": true,
									"breathes_air": true
								},
								"minecraft:collision_box": {
									"width": 0.6,
									"height": 0.8
								},
								"minecraft:health": {
									"value": 8,
									"max": 8
								},
								"minecraft:hurt_on_condition": {
									"damage_conditions": [
										{
											"filters": {
												"test": "in_lava",
												"subject": "self",
												"operator": "==",
												"value": true
											},
											"cause": "lava",
											"damage_per_tick": 4
										}
									]
								},
								"minecraft:movement": {
									"value": 0.3
								},
								"minecraft:navigation.walk": {
									"can_path_over_water": true,
									"avoid_damage_blocks": true
								},
								"minecraft:movement.basic": {},
								"minecraft:jump.static": {},
								"minecraft:can_climb": {},
								"minecraft:attack": {
									"damage": 3
								},
								"minecraft:healable": {
									"items": [
										{
											"item": "porkchop",
											"heal_amount": 3
										},
										{
											"item": "cooked_porkchop",
											"heal_amount": 8
										},
										{
											"item": "fish",
											"heal_amount": 2
										},
										{
											"item": "salmon",
											"heal_amount": 2
										},
										{
											"item": "clownfish",
											"heal_amount": 1
										},
										{
											"item": "pufferfish",
											"heal_amount": 1
										},
										{
											"item": "cooked_fish",
											"heal_amount": 5
										},
										{
											"item": "cooked_salmon",
											"heal_amount": 6
										},
										{
											"item": "beef",
											"heal_amount": 3
										},
										{
											"item": "cooked_beef",
											"heal_amount": 8
										},
										{
											"item": "chicken",
											"heal_amount": 2
										},
										{
											"item": "cooked_chicken",
											"heal_amount": 6
										},
										{
											"item": "muttonRaw",
											"heal_amount": 2
										},
										{
											"item": "muttonCooked",
											"heal_amount": 6
										},
										{
											"item": "rotten_flesh",
											"heal_amount": 4
										},
										{
											"item": "rabbit",
											"heal_amount": 3
										},
										{
											"item": "cooked_rabbit",
											"heal_amount": 5
										},
										{
											"item": "rabbit_stew",
											"heal_amount": 10
										}
									]
								},
								"minecraft:despawn": {
									"despawn_from_distance": {}
								},
								"minecraft:behavior.mount_pathing": {
									"priority": 1,
									"speed_multiplier": 1.25,
									"target_dist": 0,
									"track_target": true
								},
								"minecraft:behavior.stay_while_sitting": {
									"priority": 3
								},
								"minecraft:behavior.leap_at_target": {
									"priority": 4,
									"target_dist": 0.4
								},
								"minecraft:behavior.melee_attack": {
									"priority": 5
								},
								"minecraft:behavior.random_stroll": {
									"priority": 8,
									"speed_multiplier": 1
								},
								"minecraft:behavior.look_at_player": {
									"priority": 6,
									"target_distance": 6,
									"probability": 0.02
								},
								"minecraft:behavior.beg": {
									"priority": 9,
									"look_distance": 8,
									"look_time": [
										2,
										4
									],
									"items": [
										"bone",
										"porkchop",
										"cooked_porkchop",
										"chicken",
										"cooked_chicken",
										"beef",
										"cooked_beef",
										"rotten_flesh",
										"muttonraw",
										"muttoncooked",
										"rabbit",
										"cooked_rabbit"
									]
								},
								"minecraft:behavior.hurt_by_target": {
									"priority": 3
								},
								"minecraft:physics": {},
								"minecraft:pushable": {
									"is_pushable": true,
									"is_pushable_by_piston": true
								},
								"minecraft:conditional_bandwidth_optimization": {},
								"minecraft:underwater_movement": {
									"value": 0.2
								}
							},
							"events": {
								"minecraft:on_tame": {
									"remove": {
										"component_groups": [
											"minecraft:wolf_wild"
										]
									},
									"add": {
										"component_groups": [
											"minecraft:wolf_tame"
										]
									},
									"run_command": {
										"command": [
											"tp @s @p"
										]
									}
								},
								"minecraft:become_angry": {
									"remove": {
										"component_groups": [
											"minecraft:wolf_wild"
										]
									},
									"add": {
										"component_groups": [
											"minecraft:wolf_angry"
										]
									}
								},
								"minecraft:on_calm": {
									"remove": {
										"component_groups": [
											"minecraft:wolf_angry"
										]
									},
									"add": {
										"component_groups": [
											"minecraft:wolf_wild"
										]
									}
								}
							}
						},
						"key": "component_groups",
						"children": [
							{
								"key": "minecraft:wolf_adult",
								"is_minified": true,
								"children": {
									"minecraft:experience_reward": {
										"on_bred": "Math.Random(1,7)",
										"on_death": "query.last_hit_by_player ? Math.Random(1,3) : 0"
									},
									"minecraft:breedable": {
										"require_tame": true,
										"require_full_health": true,
										"breeds_with": {
											"mate_type": "minecraft:wolf",
											"baby_type": "minecraft:wolf",
											"breed_event": {
												"event": "minecraft:entity_born",
												"target": "baby"
											}
										},
										"breed_items": [
											"chicken",
											"cooked_chicken",
											"beef",
											"cooked_beef",
											"muttonRaw",
											"muttonCooked",
											"porkchop",
											"cooked_porkchop",
											"rabbit",
											"cooked_rabbit",
											"rotten_flesh"
										]
									}
								}
							},
							{
								"key": "minecraft:wolf_angry",
								"is_minified": true,
								"children": {
									"minecraft:angry": {
										"duration": 25,
										"broadcast_anger": true,
										"broadcast_range": 20,
										"calm_event": {
											"event": "minecraft:on_calm",
											"target": "self"
										}
									},
									"minecraft:on_target_acquired": {},
									"minecraft:rideable": {
										"seat_count": 1,
										"family_types": [
											"zombie"
										],
										"seats": {
											"position": [
												0,
												0.675,
												-0.1
											]
										}
									}
								}
							},
							{
								"key": "minecraft:wolf_wild",
								"is_minified": true,
								"children": {
									"minecraft:behavior.avoid_mob_type": {
										"priority": 3,
										"entity_types": [
											{
												"filters": {
													"test": "is_family",
													"subject": "other",
													"value": "llama"
												},
												"max_dist": 24,
												"walk_speed_multiplier": 1.5,
												"sprint_speed_multiplier": 1.5
											}
										],
										"probability_per_strength": 0.14
									},
									"minecraft:tameable": {
										"probability": 0.33,
										"tame_items": "bone",
										"tame_event": {
											"event": "minecraft:on_tame",
											"target": "self"
										}
									},
									"minecraft:behavior.nearest_attackable_target": {
										"priority": 4,
										"reselect_targets": true,
										"must_see": true,
										"entity_types": [
											{
												"filters": {
													"any_of": [
														{
															"test": "is_family",
															"subject": "other",
															"value": "skeleton"
														},
														{
															"test": "is_family",
															"subject": "other",
															"value": "sheep"
														},
														{
															"test": "is_family",
															"subject": "other",
															"value": "rabbit"
														},
														{
															"test": "is_family",
															"subject": "other",
															"value": "fox"
														}
													]
												},
												"max_dist": 16
											},
											{
												"filters": {
													"all_of": [
														{
															"test": "is_family",
															"subject": "other",
															"value": "baby_turtle"
														},
														{
															"test": "in_water",
															"subject": "other",
															"operator": "!=",
															"value": true
														}
													]
												},
												"max_dist": 16
											},
											{
												"filters": {
													"all_of": [
														{
															"test": "is_family",
															"subject": "other",
															"value": "skeleton"
														},
														{
															"test": "is_underwater",
															"subject": "other",
															"operator": "!=",
															"value": true
														}
													]
												},
												"max_dist": 16
											}
										]
									},
									"minecraft:on_target_acquired": {
										"event": "minecraft:become_angry",
										"target": "self"
									},
									"minecraft:rideable": {
										"seat_count": 1,
										"family_types": [
											"zombie"
										],
										"seats": {
											"position": [
												0,
												0.675,
												-0.1
											]
										}
									}
								}
							},
							{
								"open": {
									"minecraft:wolf_adult": {
										"minecraft:experience_reward": {
											"on_bred": "Math.Random(1,7)",
											"on_death": "query.last_hit_by_player ? Math.Random(1,3) : 0"
										},
										"minecraft:breedable": {
											"require_tame": true,
											"require_full_health": true,
											"breeds_with": {
												"mate_type": "minecraft:wolf",
												"baby_type": "minecraft:wolf",
												"breed_event": {
													"event": "minecraft:entity_born",
													"target": "baby"
												}
											},
											"breed_items": [
												"chicken",
												"cooked_chicken",
												"beef",
												"cooked_beef",
												"muttonRaw",
												"muttonCooked",
												"porkchop",
												"cooked_porkchop",
												"rabbit",
												"cooked_rabbit",
												"rotten_flesh"
											]
										}
									},
									"minecraft:wolf_angry": {
										"minecraft:angry": {
											"duration": 25,
											"broadcast_anger": true,
											"broadcast_range": 20,
											"calm_event": {
												"event": "minecraft:on_calm",
												"target": "self"
											}
										},
										"minecraft:on_target_acquired": {},
										"minecraft:rideable": {
											"seat_count": 1,
											"family_types": [
												"zombie"
											],
											"seats": {
												"position": [
													0,
													0.675,
													-0.1
												]
											}
										}
									},
									"minecraft:wolf_wild": {
										"minecraft:behavior.avoid_mob_type": {
											"priority": 3,
											"entity_types": [
												{
													"filters": {
														"test": "is_family",
														"subject": "other",
														"value": "llama"
													},
													"max_dist": 24,
													"walk_speed_multiplier": 1.5,
													"sprint_speed_multiplier": 1.5
												}
											],
											"probability_per_strength": 0.14
										},
										"minecraft:tameable": {
											"probability": 0.33,
											"tame_items": "bone",
											"tame_event": {
												"event": "minecraft:on_tame",
												"target": "self"
											}
										},
										"minecraft:behavior.nearest_attackable_target": {
											"priority": 4,
											"reselect_targets": true,
											"must_see": true,
											"entity_types": [
												{
													"filters": {
														"any_of": [
															{
																"test": "is_family",
																"subject": "other",
																"value": "skeleton"
															},
															{
																"test": "is_family",
																"subject": "other",
																"value": "sheep"
															},
															{
																"test": "is_family",
																"subject": "other",
																"value": "rabbit"
															},
															{
																"test": "is_family",
																"subject": "other",
																"value": "fox"
															}
														]
													},
													"max_dist": 16
												},
												{
													"filters": {
														"all_of": [
															{
																"test": "is_family",
																"subject": "other",
																"value": "baby_turtle"
															},
															{
																"test": "in_water",
																"subject": "other",
																"operator": "!=",
																"value": true
															}
														]
													},
													"max_dist": 16
												},
												{
													"filters": {
														"all_of": [
															{
																"test": "is_family",
																"subject": "other",
																"value": "skeleton"
															},
															{
																"test": "is_underwater",
																"subject": "other",
																"operator": "!=",
																"value": true
															}
														]
													},
													"max_dist": 16
												}
											]
										},
										"minecraft:on_target_acquired": {
											"event": "minecraft:become_angry",
											"target": "self"
										},
										"minecraft:rideable": {
											"seat_count": 1,
											"family_types": [
												"zombie"
											],
											"seats": {
												"position": [
													0,
													0.675,
													-0.1
												]
											}
										}
									},
									"minecraft:wolf_tame": {
										"minecraft:is_tamed": {},
										"minecraft:health": {
											"value": 20,
											"max": 20
										},
										"minecraft:color": {
											"value": 1
										},
										"minecraft:behavior.follow_owner": {
											"priority": 6,
											"speed_multiplier": 1,
											"start_distance": 10,
											"stop_distance": 2
										},
										"minecraft:attack": {
											"damage": 6
										},
										"minecraft:behavior.owner_hurt_by_target": {
											"priority": 1
										},
										"minecraft:behavior.owner_hurt_target": {
											"priority": 2
										},
										"minecraft:behavior.nearest_attackable_target": {
											"priority": 5,
											"must_see": true,
											"entity_types": [
												{
													"filters": {
														"test": "is_family",
														"subject": "other",
														"value": "skeleton"
													},
													"max_dist": 16
												}
											]
										},
										"minecraft:sittable": {},
										"minecraft:is_dyeable": {
											"interact_text": "action.interact.dye"
										},
										"minecraft:leashable": {
											"soft_distance": 4,
											"hard_distance": 6,
											"max_distance": 10,
											"on_leash": {
												"event": "minecraft:on_leash",
												"target": "self"
											},
											"on_unleash": {
												"event": "minecraft:on_unleash",
												"target": "self"
											}
										},
										"minecraft:loot": {
											"table": "loot_tables/entities/skeleton_wolf.json"
										},
										"minecraft:damage_sensor": {
											"triggers": [
												{
													"cause": "all",
													"damage_multiplier": 0.75
												}
											]
										},
										"minecraft:healable": {
											"items": [
												{
													"item": "porkchop",
													"heal_amount": 3
												},
												{
													"item": "cooked_porkchop",
													"heal_amount": 8
												},
												{
													"item": "fish",
													"heal_amount": 2
												},
												{
													"item": "salmon",
													"heal_amount": 2
												},
												{
													"item": "clownfish",
													"heal_amount": 1
												},
												{
													"item": "pufferfish",
													"heal_amount": 1
												},
												{
													"item": "cooked_fish",
													"heal_amount": 5
												},
												{
													"item": "cooked_salmon",
													"heal_amount": 6
												},
												{
													"item": "beef",
													"heal_amount": 3
												},
												{
													"item": "cooked_beef",
													"heal_amount": 8
												},
												{
													"item": "chicken",
													"heal_amount": 2
												},
												{
													"item": "cooked_chicken",
													"heal_amount": 6
												},
												{
													"item": "muttonRaw",
													"heal_amount": 2
												},
												{
													"item": "muttonCooked",
													"heal_amount": 6
												},
												{
													"item": "rotten_flesh",
													"heal_amount": 4
												},
												{
													"item": "rabbit",
													"heal_amount": 3
												},
												{
													"item": "cooked_rabbit",
													"heal_amount": 5
												},
												{
													"item": "rabbit_stew",
													"heal_amount": 10
												},
												{
													"item": "bone",
													"heal_amount": 4
												}
											]
										}
									}
								},
								"key": "minecraft:wolf_tame",
								"children": [
									{
										"key": "minecraft:is_tamed",
										"is_minified": true,
										"children": {}
									},
									{
										"key": "minecraft:health",
										"is_minified": true,
										"children": {
											"value": 20,
											"max": 20
										}
									},
									{
										"key": "minecraft:color",
										"is_minified": true,
										"children": {
											"value": 1
										}
									},
									{
										"key": "minecraft:behavior.follow_owner",
										"is_minified": true,
										"children": {
											"priority": 6,
											"speed_multiplier": 1,
											"start_distance": 10,
											"stop_distance": 2
										}
									},
									{
										"key": "minecraft:attack",
										"is_minified": true,
										"children": {
											"damage": 6
										}
									},
									{
										"key": "minecraft:behavior.owner_hurt_by_target",
										"is_minified": true,
										"children": {
											"priority": 1
										}
									},
									{
										"key": "minecraft:behavior.owner_hurt_target",
										"is_minified": true,
										"children": {
											"priority": 2
										}
									},
									{
										"key": "minecraft:behavior.nearest_attackable_target",
										"is_minified": true,
										"children": {
											"priority": 5,
											"must_see": true,
											"entity_types": [
												{
													"filters": {
														"test": "is_family",
														"subject": "other",
														"value": "skeleton"
													},
													"max_dist": 16
												}
											]
										}
									},
									{
										"key": "minecraft:sittable",
										"is_minified": true,
										"children": {}
									},
									{
										"key": "minecraft:is_dyeable",
										"is_minified": true,
										"children": {
											"interact_text": "action.interact.dye"
										}
									},
									{
										"key": "minecraft:leashable",
										"is_minified": true,
										"children": {
											"soft_distance": 4,
											"hard_distance": 6,
											"max_distance": 10,
											"on_leash": {
												"event": "minecraft:on_leash",
												"target": "self"
											},
											"on_unleash": {
												"event": "minecraft:on_unleash",
												"target": "self"
											}
										}
									},
									{
										"open": {
											"minecraft:is_tamed": {},
											"minecraft:health": {
												"value": 20,
												"max": 20
											},
											"minecraft:color": {
												"value": 1
											},
											"minecraft:behavior.follow_owner": {
												"priority": 6,
												"speed_multiplier": 1,
												"start_distance": 10,
												"stop_distance": 2
											},
											"minecraft:attack": {
												"damage": 6
											},
											"minecraft:behavior.owner_hurt_by_target": {
												"priority": 1
											},
											"minecraft:behavior.owner_hurt_target": {
												"priority": 2
											},
											"minecraft:behavior.nearest_attackable_target": {
												"priority": 5,
												"must_see": true,
												"entity_types": [
													{
														"filters": {
															"test": "is_family",
															"subject": "other",
															"value": "skeleton"
														},
														"max_dist": 16
													}
												]
											},
											"minecraft:sittable": {},
											"minecraft:is_dyeable": {
												"interact_text": "action.interact.dye"
											},
											"minecraft:leashable": {
												"soft_distance": 4,
												"hard_distance": 6,
												"max_distance": 10,
												"on_leash": {
													"event": "minecraft:on_leash",
													"target": "self"
												},
												"on_unleash": {
													"event": "minecraft:on_unleash",
													"target": "self"
												}
											},
											"minecraft:loot": {
												"table": "loot_tables/entities/skeleton_wolf.json"
											},
											"minecraft:damage_sensor": {
												"triggers": [
													{
														"cause": "all",
														"damage_multiplier": 0.75
													}
												]
											},
											"minecraft:healable": {
												"items": [
													{
														"item": "porkchop",
														"heal_amount": 3
													},
													{
														"item": "cooked_porkchop",
														"heal_amount": 8
													},
													{
														"item": "fish",
														"heal_amount": 2
													},
													{
														"item": "salmon",
														"heal_amount": 2
													},
													{
														"item": "clownfish",
														"heal_amount": 1
													},
													{
														"item": "pufferfish",
														"heal_amount": 1
													},
													{
														"item": "cooked_fish",
														"heal_amount": 5
													},
													{
														"item": "cooked_salmon",
														"heal_amount": 6
													},
													{
														"item": "beef",
														"heal_amount": 3
													},
													{
														"item": "cooked_beef",
														"heal_amount": 8
													},
													{
														"item": "chicken",
														"heal_amount": 2
													},
													{
														"item": "cooked_chicken",
														"heal_amount": 6
													},
													{
														"item": "muttonRaw",
														"heal_amount": 2
													},
													{
														"item": "muttonCooked",
														"heal_amount": 6
													},
													{
														"item": "rotten_flesh",
														"heal_amount": 4
													},
													{
														"item": "rabbit",
														"heal_amount": 3
													},
													{
														"item": "cooked_rabbit",
														"heal_amount": 5
													},
													{
														"item": "rabbit_stew",
														"heal_amount": 10
													},
													{
														"item": "bone",
														"heal_amount": 4
													}
												]
											}
										},
										"key": "minecraft:loot",
										"is_minified": true,
										"children": {
											"table": "loot_tables/entities/skeleton_wolf.json"
										}
									},
									{
										"key": "minecraft:damage_sensor",
										"children": [
											{
												"open": {
													"triggers": [
														{
															"cause": "all",
															"damage_multiplier": 0.75
														}
													]
												},
												"key": "triggers",
												"children": [
													{
														"open": [
															{
																"cause": "all",
																"damage_multiplier": 0.75
															}
														],
														"is_minified": true,
														"children": {
															"cause": "all",
															"damage_multiplier": 0.75
														}
													}
												]
											}
										]
									},
									{
										"key": "minecraft:healable",
										"children": [
											{
												"open": {
													"items": [
														{
															"item": "porkchop",
															"heal_amount": 3
														},
														{
															"item": "cooked_porkchop",
															"heal_amount": 8
														},
														{
															"item": "fish",
															"heal_amount": 2
														},
														{
															"item": "salmon",
															"heal_amount": 2
														},
														{
															"item": "clownfish",
															"heal_amount": 1
														},
														{
															"item": "pufferfish",
															"heal_amount": 1
														},
														{
															"item": "cooked_fish",
															"heal_amount": 5
														},
														{
															"item": "cooked_salmon",
															"heal_amount": 6
														},
														{
															"item": "beef",
															"heal_amount": 3
														},
														{
															"item": "cooked_beef",
															"heal_amount": 8
														},
														{
															"item": "chicken",
															"heal_amount": 2
														},
														{
															"item": "cooked_chicken",
															"heal_amount": 6
														},
														{
															"item": "muttonRaw",
															"heal_amount": 2
														},
														{
															"item": "muttonCooked",
															"heal_amount": 6
														},
														{
															"item": "rotten_flesh",
															"heal_amount": 4
														},
														{
															"item": "rabbit",
															"heal_amount": 3
														},
														{
															"item": "cooked_rabbit",
															"heal_amount": 5
														},
														{
															"item": "rabbit_stew",
															"heal_amount": 10
														},
														{
															"item": "bone",
															"heal_amount": 4
														}
													]
												},
												"key": "items",
												"is_minified": true,
												"children": [
													{
														"item": "porkchop",
														"heal_amount": 3
													},
													{
														"item": "cooked_porkchop",
														"heal_amount": 8
													},
													{
														"item": "fish",
														"heal_amount": 2
													},
													{
														"item": "salmon",
														"heal_amount": 2
													},
													{
														"item": "clownfish",
														"heal_amount": 1
													},
													{
														"item": "pufferfish",
														"heal_amount": 1
													},
													{
														"item": "cooked_fish",
														"heal_amount": 5
													},
													{
														"item": "cooked_salmon",
														"heal_amount": 6
													},
													{
														"item": "beef",
														"heal_amount": 3
													},
													{
														"item": "cooked_beef",
														"heal_amount": 8
													},
													{
														"item": "chicken",
														"heal_amount": 2
													},
													{
														"item": "cooked_chicken",
														"heal_amount": 6
													},
													{
														"item": "muttonRaw",
														"heal_amount": 2
													},
													{
														"item": "muttonCooked",
														"heal_amount": 6
													},
													{
														"item": "rotten_flesh",
														"heal_amount": 4
													},
													{
														"item": "rabbit",
														"heal_amount": 3
													},
													{
														"item": "cooked_rabbit",
														"heal_amount": 5
													},
													{
														"item": "rabbit_stew",
														"heal_amount": 10
													},
													{
														"item": "bone",
														"heal_amount": 4
													}
												]
											}
										]
									}
								]
							}
						]
					},
					{
						"open": {
							"description": {
								"identifier": "boi:skeleton_wolf",
								"is_spawnable": false,
								"is_summonable": true,
								"is_experimental": false,
								"runtime_identifier": "minecraft:wolf"
							},
							"component_groups": {
								"minecraft:wolf_adult": {
									"minecraft:experience_reward": {
										"on_bred": "Math.Random(1,7)",
										"on_death": "query.last_hit_by_player ? Math.Random(1,3) : 0"
									},
									"minecraft:breedable": {
										"require_tame": true,
										"require_full_health": true,
										"breeds_with": {
											"mate_type": "minecraft:wolf",
											"baby_type": "minecraft:wolf",
											"breed_event": {
												"event": "minecraft:entity_born",
												"target": "baby"
											}
										},
										"breed_items": [
											"chicken",
											"cooked_chicken",
											"beef",
											"cooked_beef",
											"muttonRaw",
											"muttonCooked",
											"porkchop",
											"cooked_porkchop",
											"rabbit",
											"cooked_rabbit",
											"rotten_flesh"
										]
									}
								},
								"minecraft:wolf_angry": {
									"minecraft:angry": {
										"duration": 25,
										"broadcast_anger": true,
										"broadcast_range": 20,
										"calm_event": {
											"event": "minecraft:on_calm",
											"target": "self"
										}
									},
									"minecraft:on_target_acquired": {},
									"minecraft:rideable": {
										"seat_count": 1,
										"family_types": [
											"zombie"
										],
										"seats": {
											"position": [
												0,
												0.675,
												-0.1
											]
										}
									}
								},
								"minecraft:wolf_wild": {
									"minecraft:behavior.avoid_mob_type": {
										"priority": 3,
										"entity_types": [
											{
												"filters": {
													"test": "is_family",
													"subject": "other",
													"value": "llama"
												},
												"max_dist": 24,
												"walk_speed_multiplier": 1.5,
												"sprint_speed_multiplier": 1.5
											}
										],
										"probability_per_strength": 0.14
									},
									"minecraft:tameable": {
										"probability": 0.33,
										"tame_items": "bone",
										"tame_event": {
											"event": "minecraft:on_tame",
											"target": "self"
										}
									},
									"minecraft:behavior.nearest_attackable_target": {
										"priority": 4,
										"reselect_targets": true,
										"must_see": true,
										"entity_types": [
											{
												"filters": {
													"any_of": [
														{
															"test": "is_family",
															"subject": "other",
															"value": "skeleton"
														},
														{
															"test": "is_family",
															"subject": "other",
															"value": "sheep"
														},
														{
															"test": "is_family",
															"subject": "other",
															"value": "rabbit"
														},
														{
															"test": "is_family",
															"subject": "other",
															"value": "fox"
														}
													]
												},
												"max_dist": 16
											},
											{
												"filters": {
													"all_of": [
														{
															"test": "is_family",
															"subject": "other",
															"value": "baby_turtle"
														},
														{
															"test": "in_water",
															"subject": "other",
															"operator": "!=",
															"value": true
														}
													]
												},
												"max_dist": 16
											},
											{
												"filters": {
													"all_of": [
														{
															"test": "is_family",
															"subject": "other",
															"value": "skeleton"
														},
														{
															"test": "is_underwater",
															"subject": "other",
															"operator": "!=",
															"value": true
														}
													]
												},
												"max_dist": 16
											}
										]
									},
									"minecraft:on_target_acquired": {
										"event": "minecraft:become_angry",
										"target": "self"
									},
									"minecraft:rideable": {
										"seat_count": 1,
										"family_types": [
											"zombie"
										],
										"seats": {
											"position": [
												0,
												0.675,
												-0.1
											]
										}
									}
								},
								"minecraft:wolf_tame": {
									"minecraft:is_tamed": {},
									"minecraft:health": {
										"value": 20,
										"max": 20
									},
									"minecraft:color": {
										"value": 1
									},
									"minecraft:behavior.follow_owner": {
										"priority": 6,
										"speed_multiplier": 1,
										"start_distance": 10,
										"stop_distance": 2
									},
									"minecraft:attack": {
										"damage": 6
									},
									"minecraft:behavior.owner_hurt_by_target": {
										"priority": 1
									},
									"minecraft:behavior.owner_hurt_target": {
										"priority": 2
									},
									"minecraft:behavior.nearest_attackable_target": {
										"priority": 5,
										"must_see": true,
										"entity_types": [
											{
												"filters": {
													"test": "is_family",
													"subject": "other",
													"value": "skeleton"
												},
												"max_dist": 16
											}
										]
									},
									"minecraft:sittable": {},
									"minecraft:is_dyeable": {
										"interact_text": "action.interact.dye"
									},
									"minecraft:leashable": {
										"soft_distance": 4,
										"hard_distance": 6,
										"max_distance": 10,
										"on_leash": {
											"event": "minecraft:on_leash",
											"target": "self"
										},
										"on_unleash": {
											"event": "minecraft:on_unleash",
											"target": "self"
										}
									},
									"minecraft:loot": {
										"table": "loot_tables/entities/skeleton_wolf.json"
									},
									"minecraft:damage_sensor": {
										"triggers": [
											{
												"cause": "all",
												"damage_multiplier": 0.75
											}
										]
									},
									"minecraft:healable": {
										"items": [
											{
												"item": "porkchop",
												"heal_amount": 3
											},
											{
												"item": "cooked_porkchop",
												"heal_amount": 8
											},
											{
												"item": "fish",
												"heal_amount": 2
											},
											{
												"item": "salmon",
												"heal_amount": 2
											},
											{
												"item": "clownfish",
												"heal_amount": 1
											},
											{
												"item": "pufferfish",
												"heal_amount": 1
											},
											{
												"item": "cooked_fish",
												"heal_amount": 5
											},
											{
												"item": "cooked_salmon",
												"heal_amount": 6
											},
											{
												"item": "beef",
												"heal_amount": 3
											},
											{
												"item": "cooked_beef",
												"heal_amount": 8
											},
											{
												"item": "chicken",
												"heal_amount": 2
											},
											{
												"item": "cooked_chicken",
												"heal_amount": 6
											},
											{
												"item": "muttonRaw",
												"heal_amount": 2
											},
											{
												"item": "muttonCooked",
												"heal_amount": 6
											},
											{
												"item": "rotten_flesh",
												"heal_amount": 4
											},
											{
												"item": "rabbit",
												"heal_amount": 3
											},
											{
												"item": "cooked_rabbit",
												"heal_amount": 5
											},
											{
												"item": "rabbit_stew",
												"heal_amount": 10
											},
											{
												"item": "bone",
												"heal_amount": 4
											}
										]
									}
								}
							},
							"components": {
								"minecraft:nameable": {},
								"minecraft:type_family": {
									"family": [
										"wolf",
										"mob"
									]
								},
								"minecraft:breathable": {
									"total_supply": 15,
									"suffocate_time": 0,
									"breathes_water": true,
									"breathes_lava": true,
									"breathes_air": true
								},
								"minecraft:collision_box": {
									"width": 0.6,
									"height": 0.8
								},
								"minecraft:health": {
									"value": 8,
									"max": 8
								},
								"minecraft:hurt_on_condition": {
									"damage_conditions": [
										{
											"filters": {
												"test": "in_lava",
												"subject": "self",
												"operator": "==",
												"value": true
											},
											"cause": "lava",
											"damage_per_tick": 4
										}
									]
								},
								"minecraft:movement": {
									"value": 0.3
								},
								"minecraft:navigation.walk": {
									"can_path_over_water": true,
									"avoid_damage_blocks": true
								},
								"minecraft:movement.basic": {},
								"minecraft:jump.static": {},
								"minecraft:can_climb": {},
								"minecraft:attack": {
									"damage": 3
								},
								"minecraft:healable": {
									"items": [
										{
											"item": "porkchop",
											"heal_amount": 3
										},
										{
											"item": "cooked_porkchop",
											"heal_amount": 8
										},
										{
											"item": "fish",
											"heal_amount": 2
										},
										{
											"item": "salmon",
											"heal_amount": 2
										},
										{
											"item": "clownfish",
											"heal_amount": 1
										},
										{
											"item": "pufferfish",
											"heal_amount": 1
										},
										{
											"item": "cooked_fish",
											"heal_amount": 5
										},
										{
											"item": "cooked_salmon",
											"heal_amount": 6
										},
										{
											"item": "beef",
											"heal_amount": 3
										},
										{
											"item": "cooked_beef",
											"heal_amount": 8
										},
										{
											"item": "chicken",
											"heal_amount": 2
										},
										{
											"item": "cooked_chicken",
											"heal_amount": 6
										},
										{
											"item": "muttonRaw",
											"heal_amount": 2
										},
										{
											"item": "muttonCooked",
											"heal_amount": 6
										},
										{
											"item": "rotten_flesh",
											"heal_amount": 4
										},
										{
											"item": "rabbit",
											"heal_amount": 3
										},
										{
											"item": "cooked_rabbit",
											"heal_amount": 5
										},
										{
											"item": "rabbit_stew",
											"heal_amount": 10
										}
									]
								},
								"minecraft:despawn": {
									"despawn_from_distance": {}
								},
								"minecraft:behavior.mount_pathing": {
									"priority": 1,
									"speed_multiplier": 1.25,
									"target_dist": 0,
									"track_target": true
								},
								"minecraft:behavior.stay_while_sitting": {
									"priority": 3
								},
								"minecraft:behavior.leap_at_target": {
									"priority": 4,
									"target_dist": 0.4
								},
								"minecraft:behavior.melee_attack": {
									"priority": 5
								},
								"minecraft:behavior.random_stroll": {
									"priority": 8,
									"speed_multiplier": 1
								},
								"minecraft:behavior.look_at_player": {
									"priority": 6,
									"target_distance": 6,
									"probability": 0.02
								},
								"minecraft:behavior.beg": {
									"priority": 9,
									"look_distance": 8,
									"look_time": [
										2,
										4
									],
									"items": [
										"bone",
										"porkchop",
										"cooked_porkchop",
										"chicken",
										"cooked_chicken",
										"beef",
										"cooked_beef",
										"rotten_flesh",
										"muttonraw",
										"muttoncooked",
										"rabbit",
										"cooked_rabbit"
									]
								},
								"minecraft:behavior.hurt_by_target": {
									"priority": 3
								},
								"minecraft:physics": {},
								"minecraft:pushable": {
									"is_pushable": true,
									"is_pushable_by_piston": true
								},
								"minecraft:conditional_bandwidth_optimization": {},
								"minecraft:underwater_movement": {
									"value": 0.2
								}
							},
							"events": {
								"minecraft:on_tame": {
									"remove": {
										"component_groups": [
											"minecraft:wolf_wild"
										]
									},
									"add": {
										"component_groups": [
											"minecraft:wolf_tame"
										]
									},
									"run_command": {
										"command": [
											"tp @s @p"
										]
									}
								},
								"minecraft:become_angry": {
									"remove": {
										"component_groups": [
											"minecraft:wolf_wild"
										]
									},
									"add": {
										"component_groups": [
											"minecraft:wolf_angry"
										]
									}
								},
								"minecraft:on_calm": {
									"remove": {
										"component_groups": [
											"minecraft:wolf_angry"
										]
									},
									"add": {
										"component_groups": [
											"minecraft:wolf_wild"
										]
									}
								}
							}
						},
						"key": "components",
						"children": [
							{
								"key": "minecraft:nameable",
								"is_minified": true,
								"children": {}
							},
							{
								"key": "minecraft:type_family",
								"is_minified": true,
								"children": {
									"family": [
										"wolf",
										"mob"
									]
								}
							},
							{
								"key": "minecraft:breathable",
								"is_minified": true,
								"children": {
									"total_supply": 15,
									"suffocate_time": 0,
									"breathes_water": true,
									"breathes_lava": true,
									"breathes_air": true
								}
							},
							{
								"key": "minecraft:collision_box",
								"is_minified": true,
								"children": {
									"width": 0.6,
									"height": 0.8
								}
							},
							{
								"key": "minecraft:health",
								"is_minified": true,
								"children": {
									"value": 8,
									"max": 8
								}
							},
							{
								"key": "minecraft:hurt_on_condition",
								"is_minified": true,
								"children": {
									"damage_conditions": [
										{
											"filters": {
												"test": "in_lava",
												"subject": "self",
												"operator": "==",
												"value": true
											},
											"cause": "lava",
											"damage_per_tick": 4
										}
									]
								}
							},
							{
								"key": "minecraft:movement",
								"is_minified": true,
								"children": {
									"value": 0.3
								}
							},
							{
								"key": "minecraft:navigation.walk",
								"is_minified": true,
								"children": {
									"can_path_over_water": true,
									"avoid_damage_blocks": true
								}
							},
							{
								"key": "minecraft:movement.basic",
								"is_minified": true,
								"children": {}
							},
							{
								"key": "minecraft:jump.static",
								"is_minified": true,
								"children": {}
							},
							{
								"key": "minecraft:can_climb",
								"is_minified": true,
								"children": {}
							},
							{
								"key": "minecraft:attack",
								"is_minified": true,
								"children": {
									"damage": 3
								}
							},
							{
								"key": "minecraft:healable",
								"is_minified": true,
								"children": {
									"items": [
										{
											"item": "porkchop",
											"heal_amount": 3
										},
										{
											"item": "cooked_porkchop",
											"heal_amount": 8
										},
										{
											"item": "fish",
											"heal_amount": 2
										},
										{
											"item": "salmon",
											"heal_amount": 2
										},
										{
											"item": "clownfish",
											"heal_amount": 1
										},
										{
											"item": "pufferfish",
											"heal_amount": 1
										},
										{
											"item": "cooked_fish",
											"heal_amount": 5
										},
										{
											"item": "cooked_salmon",
											"heal_amount": 6
										},
										{
											"item": "beef",
											"heal_amount": 3
										},
										{
											"item": "cooked_beef",
											"heal_amount": 8
										},
										{
											"item": "chicken",
											"heal_amount": 2
										},
										{
											"item": "cooked_chicken",
											"heal_amount": 6
										},
										{
											"item": "muttonRaw",
											"heal_amount": 2
										},
										{
											"item": "muttonCooked",
											"heal_amount": 6
										},
										{
											"item": "rotten_flesh",
											"heal_amount": 4
										},
										{
											"item": "rabbit",
											"heal_amount": 3
										},
										{
											"item": "cooked_rabbit",
											"heal_amount": 5
										},
										{
											"item": "rabbit_stew",
											"heal_amount": 10
										}
									]
								}
							},
							{
								"key": "minecraft:despawn",
								"is_minified": true,
								"children": {
									"despawn_from_distance": {}
								}
							},
							{
								"key": "minecraft:behavior.mount_pathing",
								"is_minified": true,
								"children": {
									"priority": 1,
									"speed_multiplier": 1.25,
									"target_dist": 0,
									"track_target": true
								}
							},
							{
								"key": "minecraft:behavior.stay_while_sitting",
								"is_minified": true,
								"children": {
									"priority": 3
								}
							},
							{
								"key": "minecraft:behavior.leap_at_target",
								"is_minified": true,
								"children": {
									"priority": 4,
									"target_dist": 0.4
								}
							},
							{
								"key": "minecraft:behavior.melee_attack",
								"is_minified": true,
								"children": {
									"priority": 5
								}
							},
							{
								"key": "minecraft:behavior.random_stroll",
								"is_minified": true,
								"children": {
									"priority": 8,
									"speed_multiplier": 1
								}
							},
							{
								"key": "minecraft:behavior.look_at_player",
								"is_minified": true,
								"children": {
									"priority": 6,
									"target_distance": 6,
									"probability": 0.02
								}
							},
							{
								"key": "minecraft:behavior.beg",
								"is_minified": true,
								"children": {
									"priority": 9,
									"look_distance": 8,
									"look_time": [
										2,
										4
									],
									"items": [
										"bone",
										"porkchop",
										"cooked_porkchop",
										"chicken",
										"cooked_chicken",
										"beef",
										"cooked_beef",
										"rotten_flesh",
										"muttonraw",
										"muttoncooked",
										"rabbit",
										"cooked_rabbit"
									]
								}
							},
							{
								"key": "minecraft:behavior.hurt_by_target",
								"is_minified": true,
								"children": {
									"priority": 3
								}
							},
							{
								"key": "minecraft:physics",
								"is_minified": true,
								"children": {}
							},
							{
								"key": "minecraft:pushable",
								"is_minified": true,
								"children": {
									"is_pushable": true,
									"is_pushable_by_piston": true
								}
							},
							{
								"key": "minecraft:conditional_bandwidth_optimization",
								"is_minified": true,
								"children": {}
							},
							{
								"open": {
									"minecraft:nameable": {},
									"minecraft:type_family": {
										"family": [
											"wolf",
											"mob"
										]
									},
									"minecraft:breathable": {
										"total_supply": 15,
										"suffocate_time": 0,
										"breathes_water": true,
										"breathes_lava": true,
										"breathes_air": true
									},
									"minecraft:collision_box": {
										"width": 0.6,
										"height": 0.8
									},
									"minecraft:health": {
										"value": 8,
										"max": 8
									},
									"minecraft:hurt_on_condition": {
										"damage_conditions": [
											{
												"filters": {
													"test": "in_lava",
													"subject": "self",
													"operator": "==",
													"value": true
												},
												"cause": "lava",
												"damage_per_tick": 4
											}
										]
									},
									"minecraft:movement": {
										"value": 0.3
									},
									"minecraft:navigation.walk": {
										"can_path_over_water": true,
										"avoid_damage_blocks": true
									},
									"minecraft:movement.basic": {},
									"minecraft:jump.static": {},
									"minecraft:can_climb": {},
									"minecraft:attack": {
										"damage": 3
									},
									"minecraft:healable": {
										"items": [
											{
												"item": "porkchop",
												"heal_amount": 3
											},
											{
												"item": "cooked_porkchop",
												"heal_amount": 8
											},
											{
												"item": "fish",
												"heal_amount": 2
											},
											{
												"item": "salmon",
												"heal_amount": 2
											},
											{
												"item": "clownfish",
												"heal_amount": 1
											},
											{
												"item": "pufferfish",
												"heal_amount": 1
											},
											{
												"item": "cooked_fish",
												"heal_amount": 5
											},
											{
												"item": "cooked_salmon",
												"heal_amount": 6
											},
											{
												"item": "beef",
												"heal_amount": 3
											},
											{
												"item": "cooked_beef",
												"heal_amount": 8
											},
											{
												"item": "chicken",
												"heal_amount": 2
											},
											{
												"item": "cooked_chicken",
												"heal_amount": 6
											},
											{
												"item": "muttonRaw",
												"heal_amount": 2
											},
											{
												"item": "muttonCooked",
												"heal_amount": 6
											},
											{
												"item": "rotten_flesh",
												"heal_amount": 4
											},
											{
												"item": "rabbit",
												"heal_amount": 3
											},
											{
												"item": "cooked_rabbit",
												"heal_amount": 5
											},
											{
												"item": "rabbit_stew",
												"heal_amount": 10
											}
										]
									},
									"minecraft:despawn": {
										"despawn_from_distance": {}
									},
									"minecraft:behavior.mount_pathing": {
										"priority": 1,
										"speed_multiplier": 1.25,
										"target_dist": 0,
										"track_target": true
									},
									"minecraft:behavior.stay_while_sitting": {
										"priority": 3
									},
									"minecraft:behavior.leap_at_target": {
										"priority": 4,
										"target_dist": 0.4
									},
									"minecraft:behavior.melee_attack": {
										"priority": 5
									},
									"minecraft:behavior.random_stroll": {
										"priority": 8,
										"speed_multiplier": 1
									},
									"minecraft:behavior.look_at_player": {
										"priority": 6,
										"target_distance": 6,
										"probability": 0.02
									},
									"minecraft:behavior.beg": {
										"priority": 9,
										"look_distance": 8,
										"look_time": [
											2,
											4
										],
										"items": [
											"bone",
											"porkchop",
											"cooked_porkchop",
											"chicken",
											"cooked_chicken",
											"beef",
											"cooked_beef",
											"rotten_flesh",
											"muttonraw",
											"muttoncooked",
											"rabbit",
											"cooked_rabbit"
										]
									},
									"minecraft:behavior.hurt_by_target": {
										"priority": 3
									},
									"minecraft:physics": {},
									"minecraft:pushable": {
										"is_pushable": true,
										"is_pushable_by_piston": true
									},
									"minecraft:conditional_bandwidth_optimization": {},
									"minecraft:underwater_movement": {
										"value": 0.2
									}
								},
								"key": "minecraft:underwater_movement",
								"is_minified": true,
								"children": {
									"value": 0.2
								}
							}
						]
					},
					{
						"key": "events",
						"children": [
							{
								"key": "minecraft:on_tame",
								"children": [
									{
										"key": "remove",
										"children": [
											{
												"open": {
													"component_groups": [
														"minecraft:wolf_wild"
													]
												},
												"key": "component_groups",
												"is_minified": true,
												"children": [
													"minecraft:wolf_wild"
												]
											}
										]
									},
									{
										"key": "add",
										"children": [
											{
												"open": {
													"component_groups": [
														"minecraft:wolf_tame"
													]
												},
												"key": "component_groups",
												"is_minified": true,
												"children": [
													"minecraft:wolf_tame"
												]
											}
										]
									},
									{
										"key": "run_command",
										"children": [
											{
												"open": {
													"command": [
														"tp @s @p"
													]
												},
												"key": "command",
												"is_minified": true,
												"children": [
													"tp @s @p"
												]
											}
										]
									}
								]
							},
							{
								"key": "minecraft:become_angry",
								"is_minified": true,
								"children": {
									"remove": {
										"component_groups": [
											"minecraft:wolf_wild"
										]
									},
									"add": {
										"component_groups": [
											"minecraft:wolf_angry"
										]
									}
								}
							},
							{
								"key": "minecraft:on_calm",
								"is_minified": true,
								"children": {
									"remove": {
										"component_groups": [
											"minecraft:wolf_angry"
										]
									},
									"add": {
										"component_groups": [
											"minecraft:wolf_wild"
										]
									}
								}
							}
						]
					}
				]
			}
		]
	}
}