{
	"format_version": "1.8.0",
	"animations": {
		"animation.ic_inkdemon.jumpscare1": {
			"animation_length": 5,
			"anim_time_update": "query.anim_time + query.delta_time * 1.0",
			"bones": {
				"waist": {
					"rotation": [0, 0, 0]
				},
				"body": {
					"rotation": {
						"0.0": [0, 0, 0],
						"0.5": {
							"pre": [0, 0, 0],
							"post": [0, 0, 0],
							"lerp_mode": "catmullrom"
						},
						"2.5": {
							"post": [-1.06664, 11.80079, -5.06443],
							"lerp_mode": "catmullrom"
						},
						"4.0833": {
							"post": [-1.06664, 11.80079, -5.06443],
							"lerp_mode": "catmullrom"
						},
						"4.25": {
							"post": [13.93, 11.8, -5.06],
							"lerp_mode": "catmullrom"
						},
						"4.5": {
							"post": [23.93, 11.8, -5.06],
							"lerp_mode": "catmullrom"
						},
						"4.75": {
							"post": [-1.06664, 11.80079, -5.06443],
							"lerp_mode": "catmullrom"
						},
						"5.0": {
							"post": [-1.07, 11.8, -5.06],
							"lerp_mode": "catmullrom"
						}
					},
					"position": {
						"0.5": {
							"pre": [0, 0, 0],
							"post": [0, 0, 0],
							"lerp_mode": "catmullrom"
						},
						"2.5": {
							"post": [-1, 0, 0],
							"lerp_mode": "catmullrom"
						},
						"4.0833": {
							"post": [-1, 0, 0],
							"lerp_mode": "catmullrom"
						},
						"4.25": {
							"post": [-1, -2, -1],
							"lerp_mode": "catmullrom"
						},
						"4.5": {
							"post": [-1, -2, -1],
							"lerp_mode": "catmullrom"
						},
						"4.75": {
							"post": [-1, 0, 0],
							"lerp_mode": "catmullrom"
						},
						"5.0": {
							"post": [-1, 0, 0],
							"lerp_mode": "catmullrom"
						}
					}
				},
				"leftArm": {
					"rotation": {
						"0.0": [0, 0, 0],
						"0.2083": [-46.44119, -37.67036, -24.90758],
						"0.375": [-52.5, -90, -45],
						"3.75": [-142.5, -77.5, 45]
					},
					"position": {
						"0.0": [0, 0, 0],
						"0.375": [2, 3, 0]
					}
				},
				"leftArm2": {
					"rotation": {
						"0.0": [0, 0, 0],
						"0.2083": [61.17831, -16.63049, -5.52628],
						"0.375": [108.65802, 0, 0]
					}
				},
				"leftHand": {
					"rotation": {
						"0.0": [0, 0, 0],
						"0.375": [15, 0, 0]
					}
				},
				"head": {
					"rotation": {
						"0.0": [0, 0, 0],
						"0.5": [0, 0, 0],
						"1.0": [0, 9.44, 0],
						"1.4583": [32.5, 0, 0],
						"1.5": [30, 0, 0],
						"1.5417": [32.5, 0, 0],
						"1.5833": [30, 0, 0],
						"1.625": [32.5, 0, 0],
						"1.6667": [30, 0, 0],
						"1.7083": [32.5, 0, 0],
						"1.75": [30, 0, 0],
						"1.7917": [32.5, 0, 0],
						"1.8333": [30, 0, 0],
						"1.875": [32.5, 0, 0],
						"1.9167": [32.5, 0, 0],
						"1.9583": [30, 0, 0],
						"2.0": [32.5, 0, 0],
						"2.0417": [30, 0, 0],
						"2.0833": [32.5, 0, 0],
						"2.125": [30, 0, 0],
						"2.1667": [32.5, 0, 0],
						"2.2083": [30, 0, 0],
						"2.25": [32.5, 0, 0],
						"2.2917": [30, 0, 0],
						"2.3333": [32.5, 0, 0],
						"2.375": [32.5, 0, 0],
						"2.4167": [30, 0, 0],
						"2.4583": [32.5, 0, 0],
						"2.5": [30, 0, 0],
						"2.5417": [32.5, 0, 0],
						"2.5833": [30, 0, 0],
						"2.625": [32.5, 0, 0],
						"2.6667": {
							"pre": [30, 0, 0],
							"post": [30, 0, 0],
							"lerp_mode": "catmullrom"
						},
						"3.0": {
							"post": [30, 0, 0],
							"lerp_mode": "catmullrom"
						},
						"3.5": [0, 9.44, 0],
						"4.0": [0, 9.44, 0],
						"4.25": [-3.43519, 3.6276, -8.19426],
						"4.5": [-3.43519, 3.6276, -8.19426],
						"4.75": [0, 9.44, 0]
					},
					"position": {
						"4.0": [0, 0, 0],
						"4.25": [0, -3, -1],
						"4.5": [0, -3, -1],
						"4.75": [0, 0, 0]
					},
					"scale": {
						"4.0": [1, 1, 1],
						"4.25": [1.4, 1.4, 1.4],
						"4.5": [1.4, 1.4, 1.4],
						"4.75": [1, 1, 1]
					}
				},
				"head2": {
					"rotation": {
						"0.0": [0, 0, 0],
						"1.0": [0, 0, 0],
						"1.4583": [-32.5, 0, 0],
						"1.5": [-30, 0, 0],
						"1.5417": [-32.5, 0, 0],
						"1.5833": [-30, 0, 0],
						"1.625": [-32.5, 0, 0],
						"1.6667": [-30, 0, 0],
						"1.7083": [-32.5, 0, 0],
						"1.75": [-30, 0, 0],
						"1.7917": [-32.5, 0, 0],
						"1.8333": [-30, 0, 0],
						"1.875": [-32.5, 0, 0],
						"1.9167": [-32.5, 0, 0],
						"1.9583": [-30, 0, 0],
						"2.0": [-32.5, 0, 0],
						"2.0417": [-30, 0, 0],
						"2.0833": [-32.5, 0, 0],
						"2.125": [-30, 0, 0],
						"2.1667": [-32.5, 0, 0],
						"2.2083": [-30, 0, 0],
						"2.25": [-32.5, 0, 0],
						"2.2917": [-30, 0, 0],
						"2.3333": [-32.5, 0, 0],
						"2.375": [-32.5, 0, 0],
						"2.4167": [-30, 0, 0],
						"2.4583": [-32.5, 0, 0],
						"2.5": [-30, 0, 0],
						"2.5417": [-32.5, 0, 0],
						"2.5833": [-30, 0, 0],
						"2.625": [-32.5, 0, 0],
						"2.6667": {
							"pre": [-30, 0, 0],
							"post": [-30, 0, 0],
							"lerp_mode": "catmullrom"
						},
						"3.0": {
							"post": [-30, 0, 0],
							"lerp_mode": "catmullrom"
						},
						"3.5": [0, 0, 0],
						"4.0": [0, 0, 0],
						"4.25": [-32.5, 0, 0],
						"4.5": [-32.5, 0, 0],
						"4.75": [0, 0, 0]
					}
				},
				"rightArm": {
					"rotation": {
						"0.0": [0, 0, 0],
						"0.2083": [-46.44119, 37.67036, 24.90758],
						"0.375": [-40, 77.5, 55],
						"3.75": [-96.96981, 72.77596, -3.57773]
					},
					"position": {
						"0.0": [0, 0, 0],
						"0.375": [-2, 3, 0]
					}
				},
				"rightArm2": {
					"rotation": {
						"0.0": [0, 0, 0],
						"0.2083": [61.17831, 16.63049, 5.52628],
						"0.375": [108.65802, 0, 0]
					}
				},
				"rightHand": {
					"rotation": {
						"0.0": [0, 0, 0],
						"0.375": [15, 0, 0]
					}
				},
				"tie": {
					"rotation": [0, 0, 0]
				}
			}
		},
		"animation.ic_inkdemon.jumpscare2": {
			"animation_length": 5,
			"anim_time_update": "query.anim_time + query.delta_time * 1.0",
			"bones": {
				"waist": {
					"rotation": [0, 0, 0]
				},
				"body": {
					"rotation": {
						"0.0": [0, 0, 0],
						"0.5": {
							"pre": [0, 0, 0],
							"post": [0, 0, 0],
							"lerp_mode": "catmullrom"
						},
						"2.5": {
							"post": [-1.06664, -11.80079, 5.06443],
							"lerp_mode": "catmullrom"
						},
						"4.0833": {
							"post": [-1.06664, -11.80079, 5.06443],
							"lerp_mode": "catmullrom"
						},
						"4.25": {
							"post": [1.70995, -13.36893, -7.64811],
							"lerp_mode": "catmullrom"
						},
						"4.75": {
							"post": [-1.06664, -11.80079, 5.06443],
							"lerp_mode": "catmullrom"
						},
						"5.0": {
							"post": [-1.07, -11.8, 5.06],
							"lerp_mode": "catmullrom"
						}
					},
					"position": {
						"0.5": {
							"pre": [0, 0, 0],
							"post": [0, 0, 0],
							"lerp_mode": "catmullrom"
						},
						"2.5": {
							"post": [1, 0, 0],
							"lerp_mode": "catmullrom"
						},
						"4.0833": {
							"post": [1, 0, 0],
							"lerp_mode": "catmullrom"
						},
						"4.25": {
							"post": [1, -2, -1],
							"lerp_mode": "catmullrom"
						},
						"4.5": {
							"post": [1, -2, -1],
							"lerp_mode": "catmullrom"
						},
						"4.75": {
							"post": [1, 0, 0],
							"lerp_mode": "catmullrom"
						},
						"5.0": {
							"post": [1, 0, 0],
							"lerp_mode": "catmullrom"
						}
					}
				},
				"leftArm": {
					"rotation": {
						"0.0": [0, 0, 0],
						"0.2083": [-46.44119, -37.67036, -24.90758],
						"0.375": [-52.5, -90, -45],
						"3.75": [-142.5, -77.5, 45]
					},
					"position": {
						"0.0": [0, 0, 0],
						"0.375": [2, 3, 0]
					}
				},
				"leftArm2": {
					"rotation": {
						"0.0": [0, 0, 0],
						"0.2083": [61.17831, -16.63049, -5.52628],
						"0.375": [108.65802, 0, 0]
					}
				},
				"leftHand": {
					"rotation": {
						"0.0": [0, 0, 0],
						"0.375": [15, 0, 0]
					}
				},
				"head": {
					"rotation": {
						"0.0": [0, 0, 0],
						"0.5": [0, 0, 0],
						"1.0": [0, -9.44, 0],
						"1.4583": [32.5, 0, 0],
						"1.75": [32.5, 0, 0],
						"2.25": [30.39244, -9.08661, 26.06663],
						"3.0": [30.39, -9.09, 26.07],
						"3.5": [32.48196, 0.85068, -2.34643]
					}
				},
				"head2": {
					"rotation": {
						"0.0": [0, 0, 0],
						"1.0": [0, 0, 0],
						"1.4583": [-32.5, 0, 0]
					}
				},
				"rightArm": {
					"rotation": {
						"0.5": [0, 0, 0],
						"2.0": [-50.88713, -42.59336, 124.05742],
						"4.0": [-50.89, -42.59, 124.06],
						"4.25": [-132.55119, -51.11626, 105.8991]
					},
					"position": {
						"0.5": [0, 0, 0],
						"2.0": [-2, 0, 0],
						"4.0": [-2, 0, 0]
					}
				},
				"rightArm2": {
					"rotation": {
						"0.5": [0, 0, 0],
						"2.0": [-63.44256, 17.47999, -174.58311],
						"2.125": [-62.66589, 18.15044, -172.05023],
						"2.25": [-64.1796, 16.77781, -177.09076],
						"2.375": [-62.66589, 18.15044, -172.05023],
						"2.5": [-64.1796, 16.77781, -177.09076],
						"2.625": [-62.66589, 18.15044, -172.05023],
						"2.75": [-64.1796, 16.77781, -177.09076],
						"2.875": [-62.66589, 18.15044, -172.05023],
						"3.0": [-64.1796, 16.77781, -177.09076],
						"3.125": [-62.66589, 18.15044, -172.05023],
						"3.25": [-64.1796, 16.77781, -177.09076],
						"3.375": [-62.66589, 18.15044, -172.05023],
						"3.5": [-64.1796, 16.77781, -177.09076],
						"3.625": [-62.66589, 18.15044, -172.05023],
						"3.75": [-64.1796, 16.77781, -177.09076],
						"3.875": [-62.66589, 18.15044, -172.05023],
						"4.0": [-64.1796, 16.77781, -177.09076],
						"4.25": [-96.68, 16.78, -177.09]
					}
				},
				"rightHand": {
					"rotation": {
						"0.5": [0, 0, 0],
						"2.0": [0, 0, 0]
					}
				},
				"tie": {
					"rotation": [0, 0, 0]
				}
			}
		}
	}
}