{
	"format_version": "1.8.0",
	"animations": {
		"animation.entity.look_at_target.default": {
			"loop": true,
			"bones": {
				"head": {
					"rotation": ["query.target_x_rotation * 0.8", 0.0, "query.target_y_rotation"]
				},
				"waist": {
					"relative_to": {
						"rotation": "entity"
					},
					"rotation": ["query.target_x_rotation * 0.2", 0, "query.target_y_rotation * 0.125"]
				}
			}
		},
		"animation.ink_demon.idle": {
			"loop": true,
			"animation_length": 4,
			"bones": {
				"rightArm": {
					"rotation": {
						"0.0": {
							"post": [0, 0, 7.5],
							"lerp_mode": "catmullrom"
						},
						"1.0": {
							"post": [0, 0, 5],
							"lerp_mode": "catmullrom"
						},
						"2.0": {
							"post": [0, 0, 7.5],
							"lerp_mode": "catmullrom"
						},
						"3.0": {
							"post": [0, 0, 5],
							"lerp_mode": "catmullrom"
						},
						"4.0": {
							"post": [0, 0, 7.5],
							"lerp_mode": "catmullrom"
						}
					},
					"position": {
						"0.0": {
							"post": [0, 0, 0],
							"lerp_mode": "catmullrom"
						},
						"1.0": {
							"post": [0, -0.37, 0],
							"lerp_mode": "catmullrom"
						},
						"2.0": {
							"post": [0, 0, 0],
							"lerp_mode": "catmullrom"
						},
						"3.0": {
							"post": [0, -0.37, 0],
							"lerp_mode": "catmullrom"
						},
						"4.0": {
							"post": [0, 0, 0],
							"lerp_mode": "catmullrom"
						}
					}
				},
				"leftArm": {
					"rotation": {
						"0.0": {
							"post": [0, 0, -10],
							"lerp_mode": "catmullrom"
						},
						"1.0": {
							"post": [0, 0, -5],
							"lerp_mode": "catmullrom"
						},
						"2.0": {
							"post": [0, 0, -10],
							"lerp_mode": "catmullrom"
						},
						"3.0": {
							"post": [0, 0, -5],
							"lerp_mode": "catmullrom"
						},
						"4.0": {
							"post": [0, 0, -10],
							"lerp_mode": "catmullrom"
						}
					},
					"position": {
						"0.0": {
							"post": [0, 0, 0],
							"lerp_mode": "catmullrom"
						},
						"1.0": {
							"post": [0, -0.37, 0],
							"lerp_mode": "catmullrom"
						},
						"2.0": {
							"post": [0, 0, 0],
							"lerp_mode": "catmullrom"
						},
						"3.0": {
							"post": [0, -0.37, 0],
							"lerp_mode": "catmullrom"
						},
						"4.0": {
							"post": [0, 0, 0],
							"lerp_mode": "catmullrom"
						}
					}
				},
				"waist": {
					"rotation": {
						"0.0": {
							"post": [-2.49762, 0.10901, 2.49762],
							"lerp_mode": "catmullrom"
						},
						"1.0": {
							"post": [2.49762, 0.10901, -2.49762],
							"lerp_mode": "catmullrom"
						},
						"2.0": {
							"post": [-2.49762, -0.10901, -2.49762],
							"lerp_mode": "catmullrom"
						},
						"3.0": {
							"post": [2.49762, 0.10901, -2.49762],
							"lerp_mode": "catmullrom"
						},
						"4.0": {
							"post": [-2.49762, 0.10901, 2.49762],
							"lerp_mode": "catmullrom"
						}
					}
				},
				"hat": {
					"position": {
						"0.0": {
							"post": [0.2, 0, 0],
							"lerp_mode": "catmullrom"
						},
						"1.0": {
							"post": [-0.2, 0, 0],
							"lerp_mode": "catmullrom"
						},
						"2.0": {
							"post": [0.2, 0, 0],
							"lerp_mode": "catmullrom"
						},
						"3.0": {
							"post": [-0.2, 0, 0],
							"lerp_mode": "catmullrom"
						},
						"4.0": {
							"post": [0.2, 0, 0],
							"lerp_mode": "catmullrom"
						}
					}
				},
				"leftSleeve": {
					"rotation": {
						"0.0": {
							"post": [0, 0, -1],
							"lerp_mode": "catmullrom"
						},
						"1.0": {
							"post": [0, 0, 1],
							"lerp_mode": "catmullrom"
						},
						"2.0": {
							"post": [0, 0, -1],
							"lerp_mode": "catmullrom"
						},
						"3.0": {
							"post": [0, 0, 1],
							"lerp_mode": "catmullrom"
						},
						"4.0": {
							"post": [0, 0, -1],
							"lerp_mode": "catmullrom"
						}
					}
				},
				"rightSleeve": {
					"rotation": {
						"0.0": {
							"post": [0, 0, 1],
							"lerp_mode": "catmullrom"
						},
						"1.0": {
							"post": [0, 0, -1],
							"lerp_mode": "catmullrom"
						},
						"2.0": {
							"post": [0, 0, 1],
							"lerp_mode": "catmullrom"
						},
						"3.0": {
							"post": [0, 0, -1],
							"lerp_mode": "catmullrom"
						},
						"4.0": {
							"post": [0, 0, 1],
							"lerp_mode": "catmullrom"
						}
					}
				}
			}
		}
	}
}