{
	"format_version": "1.8.0",
	"animations": {
	"animation.ink_demon.dialogue1": {
			"animation_length": 10.0,
			"anim_time_update": "query.anim_time + query.delta_time*0.5",
			"sound_effects" : {
			       "4.5" : {
			       "effect" : "dialogue1"
			        }
			    }
			},
			"animation.ink_demon.dialogue2": {
			"animation_length": 10.0,
			"anim_time_update": "query.anim_time + query.delta_time*0.5",
			"sound_effects" : {
			       "5.5" : {
			       "effect" : "dialogue2"
			        }
			    }
			},
			"animation.ink_demon.dialogue3": {
			"animation_length": 10.0,
			"anim_time_update": "query.anim_time + query.delta_time*0.5",
			"sound_effects" : {
			       "7.5" : {
			       "effect" : "dialogue3"
			        }
			    }
			},
			"animation.ink_demon.growl": {
			"loop": false,
			"animation_length": 0.1,
			"sound_effects" : {
			       "0.05" : {
			       "effect" : "growl"
			        }
			    }
			},
		"animation.ink_demon.move.arms": {
			"loop": true,
			"animation_length": 1.5,
			"anim_time_update": "query.anim_time + query.delta_time*(query.ground_speed / 2.5)",
			"blend_weight": "1.3",
			"bones": {
				"leftArm": {
					"rotation": {
						"0.0": [-29.68995, 2.58334, -5.12738],
						"0.375": [0, 0, 0],
						"0.75": [5, 0, 0],
						"1.125": [0, 0, 0],
						"1.5": [-29.68995, 2.58334, -5.12738]
					},
					"position": {
						"0.0": [0, -1, 0],
						"0.75": [0, 0, 0],
						"1.125": [0, 0, -2],
						"1.5": [0, -1, 0]
					}
				},
				"leftArm2": {
					"rotation": {
						"0.0": [25, 0, 0],
						"0.375": [5, 0, 0],
						"0.75": [-12.5, 0, 0],
						"1.125": [5, 0, 0],
						"1.5": [25, 0, 0]
					}
				},
				"leftHand": {
					"rotation": {
						"0.0": [-7.5, 0, 0],
						"0.375": [-17.5, 0, 0],
						"0.75": [17.5, 0, 0],
						"1.125": [35, 0, 0],
						"1.5": [-7.5, 0, 0]
					}
				},
				"head": {
					"rotation": [0, 0, 0]
				},
				"head2": {
					"rotation": [0, 0, 0]
				},
				"rightArm": {
					"rotation": {
						"0.0": [5, 0, 0],
						"0.375": [0, 0, 0],
						"0.75": [-29.68995, 2.58334, -5.12738],
						"1.125": [0, 0, 0],
						"1.5": [5, 0, 0]
					},
					"position": {
						"0.0": [0, 0, 0],
						"0.375": [0, 0, -2],
						"0.75": [0, -1, 0],
						"1.5": [0, 0, 0]
					}
				},
				"rightArm2": {
					"rotation": {
						"0.0": [-12.5, 0, 0],
						"0.375": [5, 0, 0],
						"0.75": [25, 0, 0],
						"1.125": [5, 0, 0],
						"1.5": [-12.5, 0, 0]
					}
				},
				"rightHand": {
					"rotation": {
						"0.0": [17.5, 0, 0],
						"0.375": [35, 0, 0],
						"0.75": [-7.5, 0, 0],
						"1.125": [-17.5, 0, 0],
						"1.5": [17.5, 0, 0]
					}
				},
				"tie": {
					"rotation": {
						"0.0": [-5, 0, 0],
						"0.125": [0, 0, 0],
						"0.5": [7.5, 0, 0],
						"0.75": [-5, 0, 0],
						"0.875": [0, 0, 0],
						"1.25": [7.5, 0, 0],
						"1.5": [-5, 0, 0]
					   }
					}
				}
			},
            "animation.ink_demon.move.legs": {
			"loop": true,
			"animation_length": 1.5,
			"anim_time_update": "query.anim_time + query.delta_time*(query.ground_speed / 2.5)",
			"blend_weight": "1.3",
			"bones": {
				"root": {
					"position": {
						"0.0": [0, 0, 0],
						"0.5": [0, 2, 0],
						"0.75": [0, 0, 0],
						"1.25": [0, 2, 0],
						"1.5": [0, 0, 0]
					}
				},
				"waist": {
					"rotation": {
						"0.0": [0, 12.5, 5],
						"0.5": [0, 0, 0],
						"0.75": [0, -12.5, -5],
						"1.25": [0, 0, 0],
						"1.5": [0, 12.5, 5]
					},
					"position": {
						"0.0": [-1, -1, 0],
						"0.5": [0, 0, 0],
						"0.75": [1, -1, 0],
						"1.25": [0, 0, 0],
						"1.5": [-1, -1, 0]
					}
				},
				"body": {
					"rotation": {
						"0.0": [5, 0, 0],
						"0.375": [-7.5, 0, 0],
						"0.75": [5, 0, 0],
						"1.125": [-7.5, 0, 0],
						"1.5": [5, 0, 0]
					}
				},
				"leftLeg": {
					"rotation": {
						"0.0": [25, 0, 0],
						"0.375": [12.5, 0, 0],
						"0.75": [0, 0, 0],
						"1.125": [10, 0, 0],
						"1.5": [25, 0, 0]
					},
					"position": {
						"0.0": [0, 0, 2],
						"0.375": [0, 1, -2],
						"0.75": [0, 0, -1],
						"1.125": [0, 0, 1],
						"1.5": [0, 0, 2]
					}
				},
				"leftLeg2": {
					"rotation": {
						"0.0": [10, 0, 0],
						"0.375": [0, 0, 0],
						"0.75": [0, 0, 0],
						"1.125": [7.5, 0, 0],
						"1.5": [10, 0, 0]
					}
				},
				"leftLeg3": {
					"rotation": {
						"0.0": [-15, 0, 0],
						"0.375": [-35, 0, 0],
						"0.75": [0, 0, 0],
						"1.125": [0, 0, 0],
						"1.5": [-15, 0, 0]
					}
				},
				"rightLeg": {
					"rotation": {
						"0.0": [0, 0, 0],
						"0.375": [10, 0, 0],
						"0.75": [25, 0, 0],
						"1.125": [12.5, 0, 0],
						"1.5": [0, 0, 0]
					},
					"position": {
						"0.0": [0, 0, -1],
						"0.375": [0, 0, 1],
						"0.75": [0, 0, 2],
						"1.125": [0, 1, -2],
						"1.5": [0, 0, -1]
					}
				},
				"rightLeg2": {
					"rotation": {
						"0.0": [0, 0, 0],
						"0.375": [7.5, 0, 0],
						"0.75": [10, 0, 0],
						"1.125": [0, 0, 0],
						"1.5": [0, 0, 0]
					}
				},
				"rightLeg3": {
					"rotation": {
						"0.0": [0, 0, 0],
						"0.375": [0, 0, 0],
						"0.75": [-15, 0, 0],
						"1.125": [-35, 0, 0],
						"1.5": [0, 0, 0]
					}
				}
			}
		}
	}
}