{
	"file_path": "C:\\Users\\fiddy\\AppData\\Local\\Packages\\Microsoft.MinecraftUWP_8wekyb3d8bbwe\\LocalState\\games\\com.mojang\\development_behavior_packs\\Seasonal_decor_BP\\entities\\broomstick.json",
	"file_type": "entity",
	"format_version": 1,
	"file_uuid": "c5c319c3_f573_4686_8cac_37a57a1adb43",
	"file_version": 157,
	"cache_content": {
		"children": [
			{
				"data": "1.17.0",
				"key": "format_version"
			},
			{
				"open": {
					"format_version": "1.17.0",
					"minecraft:entity": {
						"description": {
							"identifier": "boi:broomstick",
							"is_spawnable": false,
							"is_summonable": true,
							"is_experimental": false,
							"runtime_identifier": "minecraft:chicken",
							"properties": {
								"boi:head_angle": {
									"values": {
										"min": -360,
										"max": 360
									}
								}
							}
						},
						"component_groups": {
							"minecraft:skeleton_horse_r5_upgrade": {
								"minecraft:rideable": {}
							},
							"minecraft:skeleton_horse_adult": {
								"minecraft:experience_reward": {
									"on_death": "query.last_hit_by_player ? Math.Random(1,3) : 0"
								},
								"minecraft:loot": {
									"table": "loot_tables/items/broomstick.json"
								},
								"minecraft:collision_box": {
									"width": 0.5,
									"height": 1
								},
								"minecraft:rideable": {
									"seat_count": 1,
									"family_types": [
										"player",
										"skeleton",
										"zombie"
									],
									"interact_text": "action.interact.ride.horse",
									"seats": {
										"position": [
											0,
											0.63,
											0
										]
									}
								}
							},
							"transfrorm": {
								"minecraft:transformation": {
									"into": "boi:season_loot<broomstick>"
								}
							}
						},
						"components": {
							"minecraft:health": {
								"value": 20,
								"max": 20
							},
							"minecraft:underwater_movement": {
								"value": 0.08
							},
							"minecraft:navigation.walk": {
								"is_amphibious": true,
								"avoid_water": true
							},
							"minecraft:movement.basic": {},
							"minecraft:jump.static": {},
							"minecraft:horse.jump_strength": {
								"value": {
									"range_min": 0.4,
									"range_max": 1
								}
							},
							"minecraft:leashable": {
								"soft_distance": 4,
								"hard_distance": 6,
								"max_distance": 10
							},
							"minecraft:rideable": {
								"seat_count": 1,
								"family_types": [
									"player",
									"skeleton",
									"zombie"
								],
								"interact_text": "action.interact.ride.horse",
								"seats": {
									"position": [
										0,
										0.65,
										0
									]
								}
							},
							"minecraft:behavior.mount_pathing": {
								"priority": 2,
								"speed_multiplier": 1,
								"target_dist": 4,
								"track_target": true
							},
							"minecraft:behavior.player_ride_tamed": {},
							"minecraft:input_ground_controlled": {},
							"minecraft:can_power_jump": {},
							"minecraft:balloonable": {},
							"minecraft:is_tamed": {},
							"minecraft:physics": {},
							"minecraft:pushable": {
								"is_pushable": true,
								"is_pushable_by_piston": true
							},
							"minecraft:conditional_bandwidth_optimization": {},
							"minecraft:breathable": {
								"total_supply": 15,
								"suffocate_time": 0,
								"breathes_water": true
							},
							"minecraft:damage_sensor": {
								"triggers": [
									{
										"cause": "fall",
										"deals_damage": false
									},
									{
										"on_damage": {
											"event": "transform",
											"filters": {
												"test": "has_damage",
												"value": "entity_attack",
												"operator": "equals"
											}
										},
										"deals_damage": false
									}
								]
							},
							"minecraft:movement": {
								"value": 0.2
							},
							"minecraft:timer": {
								"looping": true,
								"time": 0.5,
								"time_down_event": {
									"event": "fly_command"
								}
							}
						},
						"events": {
							"minecraft:entity_spawned": {
								"add": {
									"component_groups": [
										"minecraft:skeleton_horse_adult"
									]
								}
							},
							"fly_command": {
								"sequence": [
									{
										"run_command": {
											"command": [
												"execute @p[rxm=-90,rx=-15] ~~~ effect @e[type=boi:broomstick,r=1] levitation 1 5 true",
												"execute @p[rxm=-15,rx=-10] ~~~ effect @e[type=boi:broomstick,r=1] levitation 1 2 true",
												"execute @p[rxm=-10,rx=-5] ~~~ effect @e[type=boi:broomstick,r=1] levitation 1 1 true",
												"execute @p[rxm=-5,rx=20] ~~~ effect @e[type=boi:broomstick,r=1] slow_falling 1 1 true",
												"execute @p[rxm=90,rx=90] ~~~ event entity @e[type=boi:broomstick,r=1,c=1] transform"
											]
										},
										"filters": {
											"all_of": [
												{
													"test": "is_altitude",
													"value": 320,
													"operator": "<="
												}
											]
										}
									},
									{
										"run_command": {
											"command": [
												"effect @s speed 1 15 true",
												"playsound boi.broom.wind @p[r=2] ~~~ 0.02"
											]
										},
										"filters": {
											"test": "on_ground",
											"value": false
										}
									},
									{
										"run_command": {
											"command": [
												"effect @s clear"
											]
										},
										"filters": {
											"test": "on_ground",
											"value": true
										}
									}
								]
							},
							"speed_command": {
								"trigger": "fly_command",
								"run_command": {
									"command": [
										"effect @s speed 1 15 true"
									]
								}
							},
							"transform": {
								"add": {
									"component_groups": [
										"transfrorm"
									]
								}
							},
							"flying_sound": {
								"run_command": {
									"command": [
										"playsound boi.broom.wind @p[r=2] ~~~ 0.02",
										"say test"
									]
								}
							}
						},
						"permutations": [
							{
								"condition": "query.is_on_ground==0",
								"components": {
									"minecraft:timer": {
										"looping": true,
										"time": 1,
										"time_down_event": {
											"event": "flying_sound"
										}
									},
									"minecraft:environment_sensor": {
										"triggers": {
											"event": "speed_command",
											"filters": {
												"test": "on_ground",
												"value": false
											}
										}
									}
								}
							},
							{
								"condition": "query.is_on_ground==1",
								"components": {
									"minecraft:movement": {
										"value": 0.2
									},
									"minecraft:timer": {
										"looping": true,
										"time": 1,
										"time_down_event": {
											"event": "flying_sound"
										}
									}
								}
							}
						]
					}
				},
				"key": "minecraft:entity",
				"children": [
					{
						"open": {
							"description": {
								"identifier": "boi:broomstick",
								"is_spawnable": false,
								"is_summonable": true,
								"is_experimental": false,
								"runtime_identifier": "minecraft:chicken",
								"properties": {
									"boi:head_angle": {
										"values": {
											"min": -360,
											"max": 360
										}
									}
								}
							},
							"component_groups": {
								"minecraft:skeleton_horse_r5_upgrade": {
									"minecraft:rideable": {}
								},
								"minecraft:skeleton_horse_adult": {
									"minecraft:experience_reward": {
										"on_death": "query.last_hit_by_player ? Math.Random(1,3) : 0"
									},
									"minecraft:loot": {
										"table": "loot_tables/items/broomstick.json"
									},
									"minecraft:collision_box": {
										"width": 0.5,
										"height": 1
									},
									"minecraft:rideable": {
										"seat_count": 1,
										"family_types": [
											"player",
											"skeleton",
											"zombie"
										],
										"interact_text": "action.interact.ride.horse",
										"seats": {
											"position": [
												0,
												0.63,
												0
											]
										}
									}
								},
								"transfrorm": {
									"minecraft:transformation": {
										"into": "boi:season_loot<broomstick>"
									}
								}
							},
							"components": {
								"minecraft:health": {
									"value": 20,
									"max": 20
								},
								"minecraft:underwater_movement": {
									"value": 0.08
								},
								"minecraft:navigation.walk": {
									"is_amphibious": true,
									"avoid_water": true
								},
								"minecraft:movement.basic": {},
								"minecraft:jump.static": {},
								"minecraft:horse.jump_strength": {
									"value": {
										"range_min": 0.4,
										"range_max": 1
									}
								},
								"minecraft:leashable": {
									"soft_distance": 4,
									"hard_distance": 6,
									"max_distance": 10
								},
								"minecraft:rideable": {
									"seat_count": 1,
									"family_types": [
										"player",
										"skeleton",
										"zombie"
									],
									"interact_text": "action.interact.ride.horse",
									"seats": {
										"position": [
											0,
											0.65,
											0
										]
									}
								},
								"minecraft:behavior.mount_pathing": {
									"priority": 2,
									"speed_multiplier": 1,
									"target_dist": 4,
									"track_target": true
								},
								"minecraft:behavior.player_ride_tamed": {},
								"minecraft:input_ground_controlled": {},
								"minecraft:can_power_jump": {},
								"minecraft:balloonable": {},
								"minecraft:is_tamed": {},
								"minecraft:physics": {},
								"minecraft:pushable": {
									"is_pushable": true,
									"is_pushable_by_piston": true
								},
								"minecraft:conditional_bandwidth_optimization": {},
								"minecraft:breathable": {
									"total_supply": 15,
									"suffocate_time": 0,
									"breathes_water": true
								},
								"minecraft:damage_sensor": {
									"triggers": [
										{
											"cause": "fall",
											"deals_damage": false
										},
										{
											"on_damage": {
												"event": "transform",
												"filters": {
													"test": "has_damage",
													"value": "entity_attack",
													"operator": "equals"
												}
											},
											"deals_damage": false
										}
									]
								},
								"minecraft:movement": {
									"value": 0.2
								},
								"minecraft:timer": {
									"looping": true,
									"time": 0.5,
									"time_down_event": {
										"event": "fly_command"
									}
								}
							},
							"events": {
								"minecraft:entity_spawned": {
									"add": {
										"component_groups": [
											"minecraft:skeleton_horse_adult"
										]
									}
								},
								"fly_command": {
									"sequence": [
										{
											"run_command": {
												"command": [
													"execute @p[rxm=-90,rx=-15] ~~~ effect @e[type=boi:broomstick,r=1] levitation 1 5 true",
													"execute @p[rxm=-15,rx=-10] ~~~ effect @e[type=boi:broomstick,r=1] levitation 1 2 true",
													"execute @p[rxm=-10,rx=-5] ~~~ effect @e[type=boi:broomstick,r=1] levitation 1 1 true",
													"execute @p[rxm=-5,rx=20] ~~~ effect @e[type=boi:broomstick,r=1] slow_falling 1 1 true",
													"execute @p[rxm=90,rx=90] ~~~ event entity @e[type=boi:broomstick,r=1,c=1] transform"
												]
											},
											"filters": {
												"all_of": [
													{
														"test": "is_altitude",
														"value": 320,
														"operator": "<="
													}
												]
											}
										},
										{
											"run_command": {
												"command": [
													"effect @s speed 1 15 true",
													"playsound boi.broom.wind @p[r=2] ~~~ 0.02"
												]
											},
											"filters": {
												"test": "on_ground",
												"value": false
											}
										},
										{
											"run_command": {
												"command": [
													"effect @s clear"
												]
											},
											"filters": {
												"test": "on_ground",
												"value": true
											}
										}
									]
								},
								"speed_command": {
									"trigger": "fly_command",
									"run_command": {
										"command": [
											"effect @s speed 1 15 true"
										]
									}
								},
								"transform": {
									"add": {
										"component_groups": [
											"transfrorm"
										]
									}
								},
								"flying_sound": {
									"run_command": {
										"command": [
											"playsound boi.broom.wind @p[r=2] ~~~ 0.02",
											"say test"
										]
									}
								}
							},
							"permutations": [
								{
									"condition": "query.is_on_ground==0",
									"components": {
										"minecraft:timer": {
											"looping": true,
											"time": 1,
											"time_down_event": {
												"event": "flying_sound"
											}
										},
										"minecraft:environment_sensor": {
											"triggers": {
												"event": "speed_command",
												"filters": {
													"test": "on_ground",
													"value": false
												}
											}
										}
									}
								},
								{
									"condition": "query.is_on_ground==1",
									"components": {
										"minecraft:movement": {
											"value": 0.2
										},
										"minecraft:timer": {
											"looping": true,
											"time": 1,
											"time_down_event": {
												"event": "flying_sound"
											}
										}
									}
								}
							]
						},
						"key": "description",
						"children": [
							{
								"data": "boi:broomstick",
								"key": "identifier"
							},
							{
								"data": "false",
								"key": "is_spawnable"
							},
							{
								"data": "true",
								"key": "is_summonable"
							},
							{
								"data": "false",
								"key": "is_experimental"
							},
							{
								"data": "minecraft:chicken",
								"key": "runtime_identifier"
							},
							{
								"open": {
									"identifier": "boi:broomstick",
									"is_spawnable": false,
									"is_summonable": true,
									"is_experimental": false,
									"runtime_identifier": "minecraft:chicken",
									"properties": {
										"boi:head_angle": {
											"values": {
												"min": -360,
												"max": 360
											}
										}
									}
								},
								"key": "properties",
								"children": [
									{
										"open": {
											"boi:head_angle": {
												"values": {
													"min": -360,
													"max": 360
												}
											}
										},
										"key": "boi:head_angle",
										"children": [
											{
												"open": {
													"values": {
														"min": -360,
														"max": 360
													}
												},
												"key": "values",
												"is_minified": true,
												"children": {
													"min": -360,
													"max": 360
												}
											}
										]
									}
								]
							}
						]
					},
					{
						"key": "component_groups",
						"is_minified": true,
						"children": {
							"minecraft:skeleton_horse_r5_upgrade": {
								"minecraft:rideable": {}
							},
							"minecraft:skeleton_horse_adult": {
								"minecraft:experience_reward": {
									"on_death": "query.last_hit_by_player ? Math.Random(1,3) : 0"
								},
								"minecraft:loot": {
									"table": "loot_tables/items/broomstick.json"
								},
								"minecraft:collision_box": {
									"width": 0.5,
									"height": 1
								},
								"minecraft:rideable": {
									"seat_count": 1,
									"family_types": [
										"player",
										"skeleton",
										"zombie"
									],
									"interact_text": "action.interact.ride.horse",
									"seats": {
										"position": [
											0,
											0.63,
											0
										]
									}
								}
							},
							"transfrorm": {
								"minecraft:transformation": {
									"into": "boi:season_loot<broomstick>"
								}
							}
						}
					},
					{
						"open": {
							"description": {
								"identifier": "boi:broomstick",
								"is_spawnable": false,
								"is_summonable": true,
								"is_experimental": false,
								"runtime_identifier": "minecraft:chicken",
								"properties": {
									"boi:head_angle": {
										"values": {
											"min": -360,
											"max": 360
										}
									}
								}
							},
							"component_groups": {
								"minecraft:skeleton_horse_r5_upgrade": {
									"minecraft:rideable": {}
								},
								"minecraft:skeleton_horse_adult": {
									"minecraft:experience_reward": {
										"on_death": "query.last_hit_by_player ? Math.Random(1,3) : 0"
									},
									"minecraft:loot": {
										"table": "loot_tables/items/broomstick.json"
									},
									"minecraft:collision_box": {
										"width": 0.5,
										"height": 1
									},
									"minecraft:rideable": {
										"seat_count": 1,
										"family_types": [
											"player",
											"skeleton",
											"zombie"
										],
										"interact_text": "action.interact.ride.horse",
										"seats": {
											"position": [
												0,
												0.63,
												0
											]
										}
									}
								},
								"transfrorm": {
									"minecraft:transformation": {
										"into": "boi:season_loot<broomstick>"
									}
								}
							},
							"components": {
								"minecraft:health": {
									"value": 20,
									"max": 20
								},
								"minecraft:underwater_movement": {
									"value": 0.08
								},
								"minecraft:navigation.walk": {
									"is_amphibious": true,
									"avoid_water": true
								},
								"minecraft:movement.basic": {},
								"minecraft:jump.static": {},
								"minecraft:horse.jump_strength": {
									"value": {
										"range_min": 0.4,
										"range_max": 1
									}
								},
								"minecraft:leashable": {
									"soft_distance": 4,
									"hard_distance": 6,
									"max_distance": 10
								},
								"minecraft:rideable": {
									"seat_count": 1,
									"family_types": [
										"player",
										"skeleton",
										"zombie"
									],
									"interact_text": "action.interact.ride.horse",
									"seats": {
										"position": [
											0,
											0.65,
											0
										]
									}
								},
								"minecraft:behavior.mount_pathing": {
									"priority": 2,
									"speed_multiplier": 1,
									"target_dist": 4,
									"track_target": true
								},
								"minecraft:behavior.player_ride_tamed": {},
								"minecraft:input_ground_controlled": {},
								"minecraft:can_power_jump": {},
								"minecraft:balloonable": {},
								"minecraft:is_tamed": {},
								"minecraft:physics": {},
								"minecraft:pushable": {
									"is_pushable": true,
									"is_pushable_by_piston": true
								},
								"minecraft:conditional_bandwidth_optimization": {},
								"minecraft:breathable": {
									"total_supply": 15,
									"suffocate_time": 0,
									"breathes_water": true
								},
								"minecraft:damage_sensor": {
									"triggers": [
										{
											"cause": "fall",
											"deals_damage": false
										},
										{
											"on_damage": {
												"event": "transform",
												"filters": {
													"test": "has_damage",
													"value": "entity_attack",
													"operator": "equals"
												}
											},
											"deals_damage": false
										}
									]
								},
								"minecraft:movement": {
									"value": 0.2
								},
								"minecraft:timer": {
									"looping": true,
									"time": 0.5,
									"time_down_event": {
										"event": "fly_command"
									}
								}
							},
							"events": {
								"minecraft:entity_spawned": {
									"add": {
										"component_groups": [
											"minecraft:skeleton_horse_adult"
										]
									}
								},
								"fly_command": {
									"sequence": [
										{
											"run_command": {
												"command": [
													"execute @p[rxm=-90,rx=-15] ~~~ effect @e[type=boi:broomstick,r=1] levitation 1 5 true",
													"execute @p[rxm=-15,rx=-10] ~~~ effect @e[type=boi:broomstick,r=1] levitation 1 2 true",
													"execute @p[rxm=-10,rx=-5] ~~~ effect @e[type=boi:broomstick,r=1] levitation 1 1 true",
													"execute @p[rxm=-5,rx=20] ~~~ effect @e[type=boi:broomstick,r=1] slow_falling 1 1 true",
													"execute @p[rxm=90,rx=90] ~~~ event entity @e[type=boi:broomstick,r=1,c=1] transform"
												]
											},
											"filters": {
												"all_of": [
													{
														"test": "is_altitude",
														"value": 320,
														"operator": "<="
													}
												]
											}
										},
										{
											"run_command": {
												"command": [
													"effect @s speed 1 15 true",
													"playsound boi.broom.wind @p[r=2] ~~~ 0.02"
												]
											},
											"filters": {
												"test": "on_ground",
												"value": false
											}
										},
										{
											"run_command": {
												"command": [
													"effect @s clear"
												]
											},
											"filters": {
												"test": "on_ground",
												"value": true
											}
										}
									]
								},
								"speed_command": {
									"trigger": "fly_command",
									"run_command": {
										"command": [
											"effect @s speed 1 15 true"
										]
									}
								},
								"transform": {
									"add": {
										"component_groups": [
											"transfrorm"
										]
									}
								},
								"flying_sound": {
									"run_command": {
										"command": [
											"playsound boi.broom.wind @p[r=2] ~~~ 0.02",
											"say test"
										]
									}
								}
							},
							"permutations": [
								{
									"condition": "query.is_on_ground==0",
									"components": {
										"minecraft:timer": {
											"looping": true,
											"time": 1,
											"time_down_event": {
												"event": "flying_sound"
											}
										},
										"minecraft:environment_sensor": {
											"triggers": {
												"event": "speed_command",
												"filters": {
													"test": "on_ground",
													"value": false
												}
											}
										}
									}
								},
								{
									"condition": "query.is_on_ground==1",
									"components": {
										"minecraft:movement": {
											"value": 0.2
										},
										"minecraft:timer": {
											"looping": true,
											"time": 1,
											"time_down_event": {
												"event": "flying_sound"
											}
										}
									}
								}
							]
						},
						"key": "components",
						"children": [
							{
								"key": "minecraft:health",
								"is_minified": true,
								"children": {
									"value": 20,
									"max": 20
								}
							},
							{
								"key": "minecraft:underwater_movement",
								"is_minified": true,
								"children": {
									"value": 0.08
								}
							},
							{
								"key": "minecraft:navigation.walk",
								"is_minified": true,
								"children": {
									"is_amphibious": true,
									"avoid_water": true
								}
							},
							{
								"key": "minecraft:movement.basic",
								"is_minified": true,
								"children": {}
							},
							{
								"key": "minecraft:jump.static",
								"is_minified": true,
								"children": {}
							},
							{
								"key": "minecraft:horse.jump_strength",
								"is_minified": true,
								"children": {
									"value": {
										"range_min": 0.4,
										"range_max": 1
									}
								}
							},
							{
								"key": "minecraft:leashable",
								"is_minified": true,
								"children": {
									"soft_distance": 4,
									"hard_distance": 6,
									"max_distance": 10
								}
							},
							{
								"key": "minecraft:rideable",
								"is_minified": true,
								"children": {
									"seat_count": 1,
									"family_types": [
										"player",
										"skeleton",
										"zombie"
									],
									"interact_text": "action.interact.ride.horse",
									"seats": {
										"position": [
											0,
											0.65,
											0
										]
									}
								}
							},
							{
								"key": "minecraft:behavior.mount_pathing",
								"is_minified": true,
								"children": {
									"priority": 2,
									"speed_multiplier": 1,
									"target_dist": 4,
									"track_target": true
								}
							},
							{
								"key": "minecraft:behavior.player_ride_tamed",
								"is_minified": true,
								"children": {}
							},
							{
								"key": "minecraft:input_ground_controlled",
								"is_minified": true,
								"children": {}
							},
							{
								"key": "minecraft:can_power_jump",
								"is_minified": true,
								"children": {}
							},
							{
								"key": "minecraft:balloonable",
								"is_minified": true,
								"children": {}
							},
							{
								"key": "minecraft:is_tamed",
								"is_minified": true,
								"children": {}
							},
							{
								"key": "minecraft:physics",
								"is_minified": true,
								"children": {}
							},
							{
								"key": "minecraft:pushable",
								"is_minified": true,
								"children": {
									"is_pushable": true,
									"is_pushable_by_piston": true
								}
							},
							{
								"key": "minecraft:conditional_bandwidth_optimization",
								"is_minified": true,
								"children": {}
							},
							{
								"key": "minecraft:breathable",
								"is_minified": true,
								"children": {
									"total_supply": 15,
									"suffocate_time": 0,
									"breathes_water": true
								}
							},
							{
								"key": "minecraft:damage_sensor",
								"is_minified": true,
								"children": {
									"triggers": [
										{
											"cause": "fall",
											"deals_damage": false
										},
										{
											"on_damage": {
												"event": "transform",
												"filters": {
													"test": "has_damage",
													"value": "entity_attack",
													"operator": "equals"
												}
											},
											"deals_damage": false
										}
									]
								}
							},
							{
								"key": "minecraft:movement",
								"is_minified": true,
								"children": {
									"value": 0.2
								}
							},
							{
								"open": {
									"minecraft:health": {
										"value": 20,
										"max": 20
									},
									"minecraft:underwater_movement": {
										"value": 0.08
									},
									"minecraft:navigation.walk": {
										"is_amphibious": true,
										"avoid_water": true
									},
									"minecraft:movement.basic": {},
									"minecraft:jump.static": {},
									"minecraft:horse.jump_strength": {
										"value": {
											"range_min": 0.4,
											"range_max": 1
										}
									},
									"minecraft:leashable": {
										"soft_distance": 4,
										"hard_distance": 6,
										"max_distance": 10
									},
									"minecraft:rideable": {
										"seat_count": 1,
										"family_types": [
											"player",
											"skeleton",
											"zombie"
										],
										"interact_text": "action.interact.ride.horse",
										"seats": {
											"position": [
												0,
												0.65,
												0
											]
										}
									},
									"minecraft:behavior.mount_pathing": {
										"priority": 2,
										"speed_multiplier": 1,
										"target_dist": 4,
										"track_target": true
									},
									"minecraft:behavior.player_ride_tamed": {},
									"minecraft:input_ground_controlled": {},
									"minecraft:can_power_jump": {},
									"minecraft:balloonable": {},
									"minecraft:is_tamed": {},
									"minecraft:physics": {},
									"minecraft:pushable": {
										"is_pushable": true,
										"is_pushable_by_piston": true
									},
									"minecraft:conditional_bandwidth_optimization": {},
									"minecraft:breathable": {
										"total_supply": 15,
										"suffocate_time": 0,
										"breathes_water": true
									},
									"minecraft:damage_sensor": {
										"triggers": [
											{
												"cause": "fall",
												"deals_damage": false
											},
											{
												"on_damage": {
													"event": "transform",
													"filters": {
														"test": "has_damage",
														"value": "entity_attack",
														"operator": "equals"
													}
												},
												"deals_damage": false
											}
										]
									},
									"minecraft:movement": {
										"value": 0.2
									},
									"minecraft:timer": {
										"looping": true,
										"time": 0.5,
										"time_down_event": {
											"event": "fly_command"
										}
									}
								},
								"key": "minecraft:timer",
								"children": [
									{
										"data": "true",
										"key": "looping"
									},
									{
										"open": {
											"looping": true,
											"time": 0.5,
											"time_down_event": {
												"event": "fly_command"
											}
										},
										"data": ".5",
										"key": "time"
									},
									{
										"open": {
											"looping": true,
											"time": 0.5,
											"time_down_event": {
												"event": "fly_command"
											}
										},
										"key": "time_down_event",
										"is_minified": true,
										"children": {
											"event": "fly_command"
										}
									}
								]
							}
						]
					},
					{
						"open": {
							"description": {
								"identifier": "boi:broomstick",
								"is_spawnable": false,
								"is_summonable": true,
								"is_experimental": false,
								"runtime_identifier": "minecraft:chicken",
								"properties": {
									"boi:head_angle": {
										"values": {
											"min": -360,
											"max": 360
										}
									}
								}
							},
							"component_groups": {
								"minecraft:skeleton_horse_r5_upgrade": {
									"minecraft:rideable": {}
								},
								"minecraft:skeleton_horse_adult": {
									"minecraft:experience_reward": {
										"on_death": "query.last_hit_by_player ? Math.Random(1,3) : 0"
									},
									"minecraft:loot": {
										"table": "loot_tables/items/broomstick.json"
									},
									"minecraft:collision_box": {
										"width": 0.5,
										"height": 1
									},
									"minecraft:rideable": {
										"seat_count": 1,
										"family_types": [
											"player",
											"skeleton",
											"zombie"
										],
										"interact_text": "action.interact.ride.horse",
										"seats": {
											"position": [
												0,
												0.63,
												0
											]
										}
									}
								},
								"transfrorm": {
									"minecraft:transformation": {
										"into": "boi:season_loot<broomstick>"
									}
								}
							},
							"components": {
								"minecraft:health": {
									"value": 20,
									"max": 20
								},
								"minecraft:underwater_movement": {
									"value": 0.08
								},
								"minecraft:navigation.walk": {
									"is_amphibious": true,
									"avoid_water": true
								},
								"minecraft:movement.basic": {},
								"minecraft:jump.static": {},
								"minecraft:horse.jump_strength": {
									"value": {
										"range_min": 0.4,
										"range_max": 1
									}
								},
								"minecraft:leashable": {
									"soft_distance": 4,
									"hard_distance": 6,
									"max_distance": 10
								},
								"minecraft:rideable": {
									"seat_count": 1,
									"family_types": [
										"player",
										"skeleton",
										"zombie"
									],
									"interact_text": "action.interact.ride.horse",
									"seats": {
										"position": [
											0,
											0.65,
											0
										]
									}
								},
								"minecraft:behavior.mount_pathing": {
									"priority": 2,
									"speed_multiplier": 1,
									"target_dist": 4,
									"track_target": true
								},
								"minecraft:behavior.player_ride_tamed": {},
								"minecraft:input_ground_controlled": {},
								"minecraft:can_power_jump": {},
								"minecraft:balloonable": {},
								"minecraft:is_tamed": {},
								"minecraft:physics": {},
								"minecraft:pushable": {
									"is_pushable": true,
									"is_pushable_by_piston": true
								},
								"minecraft:conditional_bandwidth_optimization": {},
								"minecraft:breathable": {
									"total_supply": 15,
									"suffocate_time": 0,
									"breathes_water": true
								},
								"minecraft:damage_sensor": {
									"triggers": [
										{
											"cause": "fall",
											"deals_damage": false
										},
										{
											"on_damage": {
												"event": "transform",
												"filters": {
													"test": "has_damage",
													"value": "entity_attack",
													"operator": "equals"
												}
											},
											"deals_damage": false
										}
									]
								},
								"minecraft:movement": {
									"value": 0.2
								},
								"minecraft:timer": {
									"looping": true,
									"time": 0.5,
									"time_down_event": {
										"event": "fly_command"
									}
								}
							},
							"events": {
								"minecraft:entity_spawned": {
									"add": {
										"component_groups": [
											"minecraft:skeleton_horse_adult"
										]
									}
								},
								"fly_command": {
									"sequence": [
										{
											"run_command": {
												"command": [
													"execute @p[rxm=-90,rx=-15] ~~~ effect @e[type=boi:broomstick,r=1] levitation 1 5 true",
													"execute @p[rxm=-15,rx=-10] ~~~ effect @e[type=boi:broomstick,r=1] levitation 1 2 true",
													"execute @p[rxm=-10,rx=-5] ~~~ effect @e[type=boi:broomstick,r=1] levitation 1 1 true",
													"execute @p[rxm=-5,rx=20] ~~~ effect @e[type=boi:broomstick,r=1] slow_falling 1 1 true",
													"execute @p[rxm=90,rx=90] ~~~ event entity @e[type=boi:broomstick,r=1,c=1] transform"
												]
											},
											"filters": {
												"all_of": [
													{
														"test": "is_altitude",
														"value": 320,
														"operator": "<="
													}
												]
											}
										},
										{
											"run_command": {
												"command": [
													"effect @s speed 1 15 true",
													"playsound boi.broom.wind @p[r=2] ~~~ 0.02"
												]
											},
											"filters": {
												"test": "on_ground",
												"value": false
											}
										},
										{
											"run_command": {
												"command": [
													"effect @s clear"
												]
											},
											"filters": {
												"test": "on_ground",
												"value": true
											}
										}
									]
								},
								"speed_command": {
									"trigger": "fly_command",
									"run_command": {
										"command": [
											"effect @s speed 1 15 true"
										]
									}
								},
								"transform": {
									"add": {
										"component_groups": [
											"transfrorm"
										]
									}
								},
								"flying_sound": {
									"run_command": {
										"command": [
											"playsound boi.broom.wind @p[r=2] ~~~ 0.02",
											"say test"
										]
									}
								}
							},
							"permutations": [
								{
									"condition": "query.is_on_ground==0",
									"components": {
										"minecraft:timer": {
											"looping": true,
											"time": 1,
											"time_down_event": {
												"event": "flying_sound"
											}
										},
										"minecraft:environment_sensor": {
											"triggers": {
												"event": "speed_command",
												"filters": {
													"test": "on_ground",
													"value": false
												}
											}
										}
									}
								},
								{
									"condition": "query.is_on_ground==1",
									"components": {
										"minecraft:movement": {
											"value": 0.2
										},
										"minecraft:timer": {
											"looping": true,
											"time": 1,
											"time_down_event": {
												"event": "flying_sound"
											}
										}
									}
								}
							]
						},
						"key": "events",
						"children": [
							{
								"key": "minecraft:entity_spawned",
								"is_minified": true,
								"children": {
									"add": {
										"component_groups": [
											"minecraft:skeleton_horse_adult"
										]
									}
								}
							},
							{
								"open": {
									"minecraft:entity_spawned": {
										"add": {
											"component_groups": [
												"minecraft:skeleton_horse_adult"
											]
										}
									},
									"fly_command": {
										"sequence": [
											{
												"run_command": {
													"command": [
														"execute @p[rxm=-90,rx=-15] ~~~ effect @e[type=boi:broomstick,r=1] levitation 1 5 true",
														"execute @p[rxm=-15,rx=-10] ~~~ effect @e[type=boi:broomstick,r=1] levitation 1 2 true",
														"execute @p[rxm=-10,rx=-5] ~~~ effect @e[type=boi:broomstick,r=1] levitation 1 1 true",
														"execute @p[rxm=-5,rx=20] ~~~ effect @e[type=boi:broomstick,r=1] slow_falling 1 1 true",
														"execute @p[rxm=90,rx=90] ~~~ event entity @e[type=boi:broomstick,r=1,c=1] transform"
													]
												},
												"filters": {
													"all_of": [
														{
															"test": "is_altitude",
															"value": 320,
															"operator": "<="
														}
													]
												}
											},
											{
												"run_command": {
													"command": [
														"effect @s speed 1 15 true",
														"playsound boi.broom.wind @p[r=2] ~~~ 0.02"
													]
												},
												"filters": {
													"test": "on_ground",
													"value": false
												}
											},
											{
												"run_command": {
													"command": [
														"effect @s clear"
													]
												},
												"filters": {
													"test": "on_ground",
													"value": true
												}
											}
										]
									},
									"speed_command": {
										"trigger": "fly_command",
										"run_command": {
											"command": [
												"effect @s speed 1 15 true"
											]
										}
									},
									"transform": {
										"add": {
											"component_groups": [
												"transfrorm"
											]
										}
									},
									"flying_sound": {
										"run_command": {
											"command": [
												"playsound boi.broom.wind @p[r=2] ~~~ 0.02",
												"say test"
											]
										}
									}
								},
								"key": "fly_command",
								"children": [
									{
										"open": {
											"sequence": [
												{
													"run_command": {
														"command": [
															"execute @p[rxm=-90,rx=-15] ~~~ effect @e[type=boi:broomstick,r=1] levitation 1 5 true",
															"execute @p[rxm=-15,rx=-10] ~~~ effect @e[type=boi:broomstick,r=1] levitation 1 2 true",
															"execute @p[rxm=-10,rx=-5] ~~~ effect @e[type=boi:broomstick,r=1] levitation 1 1 true",
															"execute @p[rxm=-5,rx=20] ~~~ effect @e[type=boi:broomstick,r=1] slow_falling 1 1 true",
															"execute @p[rxm=90,rx=90] ~~~ event entity @e[type=boi:broomstick,r=1,c=1] transform"
														]
													},
													"filters": {
														"all_of": [
															{
																"test": "is_altitude",
																"value": 320,
																"operator": "<="
															}
														]
													}
												},
												{
													"run_command": {
														"command": [
															"effect @s speed 1 15 true",
															"playsound boi.broom.wind @p[r=2] ~~~ 0.02"
														]
													},
													"filters": {
														"test": "on_ground",
														"value": false
													}
												},
												{
													"run_command": {
														"command": [
															"effect @s clear"
														]
													},
													"filters": {
														"test": "on_ground",
														"value": true
													}
												}
											]
										},
										"key": "sequence",
										"children": [
											{
												"open": [
													{
														"run_command": {
															"command": [
																"execute @p[rxm=-90,rx=-15] ~~~ effect @e[type=boi:broomstick,r=1] levitation 1 5 true",
																"execute @p[rxm=-15,rx=-10] ~~~ effect @e[type=boi:broomstick,r=1] levitation 1 2 true",
																"execute @p[rxm=-10,rx=-5] ~~~ effect @e[type=boi:broomstick,r=1] levitation 1 1 true",
																"execute @p[rxm=-5,rx=20] ~~~ effect @e[type=boi:broomstick,r=1] slow_falling 1 1 true",
																"execute @p[rxm=90,rx=90] ~~~ event entity @e[type=boi:broomstick,r=1,c=1] transform"
															]
														},
														"filters": {
															"all_of": [
																{
																	"test": "is_altitude",
																	"value": 320,
																	"operator": "<="
																}
															]
														}
													},
													{
														"run_command": {
															"command": [
																"effect @s speed 1 15 true",
																"playsound boi.broom.wind @p[r=2] ~~~ 0.02"
															]
														},
														"filters": {
															"test": "on_ground",
															"value": false
														}
													},
													{
														"run_command": {
															"command": [
																"effect @s clear"
															]
														},
														"filters": {
															"test": "on_ground",
															"value": true
														}
													}
												],
												"children": [
													{
														"key": "run_command",
														"children": [
															{
																"open": {
																	"command": [
																		"execute @p[rxm=-90,rx=-15] ~~~ effect @e[type=boi:broomstick,r=1] levitation 1 5 true",
																		"execute @p[rxm=-15,rx=-10] ~~~ effect @e[type=boi:broomstick,r=1] levitation 1 2 true",
																		"execute @p[rxm=-10,rx=-5] ~~~ effect @e[type=boi:broomstick,r=1] levitation 1 1 true",
																		"execute @p[rxm=-5,rx=20] ~~~ effect @e[type=boi:broomstick,r=1] slow_falling 1 1 true",
																		"execute @p[rxm=90,rx=90] ~~~ event entity @e[type=boi:broomstick,r=1,c=1] transform"
																	]
																},
																"key": "command",
																"is_minified": true,
																"children": [
																	"execute @p[rxm=-90,rx=-15] ~~~ effect @e[type=boi:broomstick,r=1] levitation 1 5 true",
																	"execute @p[rxm=-15,rx=-10] ~~~ effect @e[type=boi:broomstick,r=1] levitation 1 2 true",
																	"execute @p[rxm=-10,rx=-5] ~~~ effect @e[type=boi:broomstick,r=1] levitation 1 1 true",
																	"execute @p[rxm=-5,rx=20] ~~~ effect @e[type=boi:broomstick,r=1] slow_falling 1 1 true",
																	"execute @p[rxm=90,rx=90] ~~~ event entity @e[type=boi:broomstick,r=1,c=1] transform"
																]
															}
														]
													},
													{
														"key": "filters",
														"children": [
															{
																"open": {
																	"all_of": [
																		{
																			"test": "is_altitude",
																			"value": 320,
																			"operator": "<="
																		}
																	]
																},
																"key": "all_of",
																"children": [
																	{
																		"open": [
																			{
																				"test": "is_altitude",
																				"value": 320,
																				"operator": "<="
																			}
																		],
																		"is_minified": true,
																		"children": {
																			"test": "is_altitude",
																			"value": 320,
																			"operator": "<="
																		}
																	}
																]
															}
														]
													}
												]
											},
											{
												"children": [
													{
														"key": "run_command",
														"children": [
															{
																"open": {
																	"command": [
																		"effect @s speed 1 15 true",
																		"playsound boi.broom.wind @p[r=2] ~~~ 0.02"
																	]
																},
																"key": "command",
																"is_minified": true,
																"children": [
																	"effect @s speed 1 15 true",
																	"playsound boi.broom.wind @p[r=2] ~~~ 0.02"
																]
															}
														]
													},
													{
														"open": {
															"run_command": {
																"command": [
																	"effect @s speed 1 15 true",
																	"playsound boi.broom.wind @p[r=2] ~~~ 0.02"
																]
															},
															"filters": {
																"test": "on_ground",
																"value": false
															}
														},
														"key": "filters",
														"is_minified": true,
														"children": {
															"test": "on_ground",
															"value": false
														}
													}
												]
											},
											{
												"open": [
													{
														"run_command": {
															"command": [
																"execute @p[rxm=-90,rx=-15] ~~~ effect @e[type=boi:broomstick,r=1] levitation 1 5 true",
																"execute @p[rxm=-15,rx=-10] ~~~ effect @e[type=boi:broomstick,r=1] levitation 1 2 true",
																"execute @p[rxm=-10,rx=-5] ~~~ effect @e[type=boi:broomstick,r=1] levitation 1 1 true",
																"execute @p[rxm=-5,rx=20] ~~~ effect @e[type=boi:broomstick,r=1] slow_falling 1 1 true",
																"execute @p[rxm=90,rx=90] ~~~ event entity @e[type=boi:broomstick,r=1,c=1] transform"
															]
														},
														"filters": {
															"all_of": [
																{
																	"test": "is_altitude",
																	"value": 320,
																	"operator": "<="
																}
															]
														}
													},
													{
														"run_command": {
															"command": [
																"effect @s speed 1 15 true",
																"playsound boi.broom.wind @p[r=2] ~~~ 0.02"
															]
														},
														"filters": {
															"test": "on_ground",
															"value": false
														}
													},
													{
														"run_command": {
															"command": [
																"effect @s clear"
															]
														},
														"filters": {
															"test": "on_ground",
															"value": true
														}
													}
												],
												"children": [
													{
														"open": {
															"run_command": {
																"command": [
																	"effect @s clear"
																]
															},
															"filters": {
																"test": "on_ground",
																"value": true
															}
														},
														"key": "run_command",
														"children": [
															{
																"open": {
																	"command": [
																		"effect @s clear"
																	]
																},
																"key": "command",
																"is_minified": true,
																"children": [
																	"effect @s clear"
																]
															}
														]
													},
													{
														"open": {
															"run_command": {
																"command": [
																	"effect @s clear"
																]
															},
															"filters": {
																"test": "on_ground",
																"value": true
															}
														},
														"key": "filters",
														"is_minified": true,
														"children": {
															"test": "on_ground",
															"value": true
														}
													}
												]
											}
										]
									}
								]
							},
							{
								"open": {
									"minecraft:entity_spawned": {
										"add": {
											"component_groups": [
												"minecraft:skeleton_horse_adult"
											]
										}
									},
									"fly_command": {
										"sequence": [
											{
												"run_command": {
													"command": [
														"execute @p[rxm=-90,rx=-15] ~~~ effect @e[type=boi:broomstick,r=1] levitation 1 5 true",
														"execute @p[rxm=-15,rx=-10] ~~~ effect @e[type=boi:broomstick,r=1] levitation 1 2 true",
														"execute @p[rxm=-10,rx=-5] ~~~ effect @e[type=boi:broomstick,r=1] levitation 1 1 true",
														"execute @p[rxm=-5,rx=20] ~~~ effect @e[type=boi:broomstick,r=1] slow_falling 1 1 true",
														"execute @p[rxm=90,rx=90] ~~~ event entity @e[type=boi:broomstick,r=1,c=1] transform"
													]
												},
												"filters": {
													"all_of": [
														{
															"test": "is_altitude",
															"value": 320,
															"operator": "<="
														}
													]
												}
											},
											{
												"run_command": {
													"command": [
														"effect @s speed 1 15 true",
														"playsound boi.broom.wind @p[r=2] ~~~ 0.02"
													]
												},
												"filters": {
													"test": "on_ground",
													"value": false
												}
											},
											{
												"run_command": {
													"command": [
														"effect @s clear"
													]
												},
												"filters": {
													"test": "on_ground",
													"value": true
												}
											}
										]
									},
									"speed_command": {
										"trigger": "fly_command",
										"run_command": {
											"command": [
												"effect @s speed 1 15 true"
											]
										}
									},
									"transform": {
										"add": {
											"component_groups": [
												"transfrorm"
											]
										}
									},
									"flying_sound": {
										"run_command": {
											"command": [
												"playsound boi.broom.wind @p[r=2] ~~~ 0.02",
												"say test"
											]
										}
									}
								},
								"key": "speed_command",
								"is_minified": true,
								"children": {
									"trigger": "fly_command",
									"run_command": {
										"command": [
											"effect @s speed 1 15 true"
										]
									}
								}
							},
							{
								"key": "transform",
								"is_minified": true,
								"children": {
									"add": {
										"component_groups": [
											"transfrorm"
										]
									}
								}
							},
							{
								"open": {
									"minecraft:entity_spawned": {
										"add": {
											"component_groups": [
												"minecraft:skeleton_horse_adult"
											]
										}
									},
									"fly_command": {
										"sequence": [
											{
												"run_command": {
													"command": [
														"execute @p[rxm=-90,rx=-15] ~~~ effect @e[type=boi:broomstick,r=1] levitation 1 5 true",
														"execute @p[rxm=-15,rx=-10] ~~~ effect @e[type=boi:broomstick,r=1] levitation 1 2 true",
														"execute @p[rxm=-10,rx=-5] ~~~ effect @e[type=boi:broomstick,r=1] levitation 1 1 true",
														"execute @p[rxm=-5,rx=20] ~~~ effect @e[type=boi:broomstick,r=1] slow_falling 1 1 true",
														"execute @p[rxm=90,rx=90] ~~~ event entity @e[type=boi:broomstick,r=1,c=1] transform"
													]
												},
												"filters": {
													"all_of": [
														{
															"test": "is_altitude",
															"value": 320,
															"operator": "<="
														}
													]
												}
											},
											{
												"run_command": {
													"command": [
														"effect @s speed 1 15 true",
														"playsound boi.broom.wind @p[r=2] ~~~ 0.02"
													]
												},
												"filters": {
													"test": "on_ground",
													"value": false
												}
											},
											{
												"run_command": {
													"command": [
														"effect @s clear"
													]
												},
												"filters": {
													"test": "on_ground",
													"value": true
												}
											}
										]
									},
									"speed_command": {
										"trigger": "fly_command",
										"run_command": {
											"command": [
												"effect @s speed 1 15 true"
											]
										}
									},
									"transform": {
										"add": {
											"component_groups": [
												"transfrorm"
											]
										}
									},
									"flying_sound": {
										"run_command": {
											"command": [
												"playsound boi.broom.wind @p[r=2] ~~~ 0.02",
												"say test"
											]
										}
									}
								},
								"key": "flying_sound",
								"children": [
									{
										"open": {
											"run_command": {
												"command": [
													"playsound boi.broom.wind @p[r=2] ~~~ 0.02",
													"say test"
												]
											}
										},
										"key": "run_command",
										"children": [
											{
												"open": {
													"command": [
														"playsound boi.broom.wind @p[r=2] ~~~ 0.02",
														"say test"
													]
												},
												"key": "command",
												"is_minified": true,
												"children": [
													"playsound boi.broom.wind @p[r=2] ~~~ 0.02",
													"say test"
												]
											}
										]
									}
								]
							}
						]
					},
					{
						"open": {
							"description": {
								"identifier": "boi:broomstick",
								"is_spawnable": false,
								"is_summonable": true,
								"is_experimental": false,
								"runtime_identifier": "minecraft:chicken",
								"properties": {
									"boi:head_angle": {
										"values": {
											"min": -360,
											"max": 360
										}
									}
								}
							},
							"component_groups": {
								"minecraft:skeleton_horse_r5_upgrade": {
									"minecraft:rideable": {}
								},
								"minecraft:skeleton_horse_adult": {
									"minecraft:experience_reward": {
										"on_death": "query.last_hit_by_player ? Math.Random(1,3) : 0"
									},
									"minecraft:loot": {
										"table": "loot_tables/items/broomstick.json"
									},
									"minecraft:collision_box": {
										"width": 0.5,
										"height": 1
									},
									"minecraft:rideable": {
										"seat_count": 1,
										"family_types": [
											"player",
											"skeleton",
											"zombie"
										],
										"interact_text": "action.interact.ride.horse",
										"seats": {
											"position": [
												0,
												0.63,
												0
											]
										}
									}
								},
								"transfrorm": {
									"minecraft:transformation": {
										"into": "boi:season_loot<broomstick>"
									}
								}
							},
							"components": {
								"minecraft:health": {
									"value": 20,
									"max": 20
								},
								"minecraft:underwater_movement": {
									"value": 0.08
								},
								"minecraft:navigation.walk": {
									"is_amphibious": true,
									"avoid_water": true
								},
								"minecraft:movement.basic": {},
								"minecraft:jump.static": {},
								"minecraft:horse.jump_strength": {
									"value": {
										"range_min": 0.4,
										"range_max": 1
									}
								},
								"minecraft:leashable": {
									"soft_distance": 4,
									"hard_distance": 6,
									"max_distance": 10
								},
								"minecraft:rideable": {
									"seat_count": 1,
									"family_types": [
										"player",
										"skeleton",
										"zombie"
									],
									"interact_text": "action.interact.ride.horse",
									"seats": {
										"position": [
											0,
											0.65,
											0
										]
									}
								},
								"minecraft:behavior.mount_pathing": {
									"priority": 2,
									"speed_multiplier": 1,
									"target_dist": 4,
									"track_target": true
								},
								"minecraft:behavior.player_ride_tamed": {},
								"minecraft:input_ground_controlled": {},
								"minecraft:can_power_jump": {},
								"minecraft:balloonable": {},
								"minecraft:is_tamed": {},
								"minecraft:physics": {},
								"minecraft:pushable": {
									"is_pushable": true,
									"is_pushable_by_piston": true
								},
								"minecraft:conditional_bandwidth_optimization": {},
								"minecraft:breathable": {
									"total_supply": 15,
									"suffocate_time": 0,
									"breathes_water": true
								},
								"minecraft:damage_sensor": {
									"triggers": [
										{
											"cause": "fall",
											"deals_damage": false
										},
										{
											"on_damage": {
												"event": "transform",
												"filters": {
													"test": "has_damage",
													"value": "entity_attack",
													"operator": "equals"
												}
											},
											"deals_damage": false
										}
									]
								},
								"minecraft:movement": {
									"value": 0.2
								},
								"minecraft:timer": {
									"looping": true,
									"time": 0.5,
									"time_down_event": {
										"event": "fly_command"
									}
								}
							},
							"events": {
								"minecraft:entity_spawned": {
									"add": {
										"component_groups": [
											"minecraft:skeleton_horse_adult"
										]
									}
								},
								"fly_command": {
									"sequence": [
										{
											"run_command": {
												"command": [
													"execute @p[rxm=-90,rx=-15] ~~~ effect @e[type=boi:broomstick,r=1] levitation 1 5 true",
													"execute @p[rxm=-15,rx=-10] ~~~ effect @e[type=boi:broomstick,r=1] levitation 1 2 true",
													"execute @p[rxm=-10,rx=-5] ~~~ effect @e[type=boi:broomstick,r=1] levitation 1 1 true",
													"execute @p[rxm=-5,rx=20] ~~~ effect @e[type=boi:broomstick,r=1] slow_falling 1 1 true",
													"execute @p[rxm=90,rx=90] ~~~ event entity @e[type=boi:broomstick,r=1,c=1] transform"
												]
											},
											"filters": {
												"all_of": [
													{
														"test": "is_altitude",
														"value": 320,
														"operator": "<="
													}
												]
											}
										},
										{
											"run_command": {
												"command": [
													"effect @s speed 1 15 true",
													"playsound boi.broom.wind @p[r=2] ~~~ 0.02"
												]
											},
											"filters": {
												"test": "on_ground",
												"value": false
											}
										},
										{
											"run_command": {
												"command": [
													"effect @s clear"
												]
											},
											"filters": {
												"test": "on_ground",
												"value": true
											}
										}
									]
								},
								"speed_command": {
									"trigger": "fly_command",
									"run_command": {
										"command": [
											"effect @s speed 1 15 true"
										]
									}
								},
								"transform": {
									"add": {
										"component_groups": [
											"transfrorm"
										]
									}
								},
								"flying_sound": {
									"run_command": {
										"command": [
											"playsound boi.broom.wind @p[r=2] ~~~ 0.02",
											"say test"
										]
									}
								}
							},
							"permutations": [
								{
									"condition": "query.is_on_ground==0",
									"components": {
										"minecraft:timer": {
											"looping": true,
											"time": 1,
											"time_down_event": {
												"event": "flying_sound"
											}
										},
										"minecraft:environment_sensor": {
											"triggers": {
												"event": "speed_command",
												"filters": {
													"test": "on_ground",
													"value": false
												}
											}
										}
									}
								},
								{
									"condition": "query.is_on_ground==1",
									"components": {
										"minecraft:movement": {
											"value": 0.2
										},
										"minecraft:timer": {
											"looping": true,
											"time": 1,
											"time_down_event": {
												"event": "flying_sound"
											}
										}
									}
								}
							]
						},
						"key": "permutations",
						"children": [
							{
								"open": [
									{
										"condition": "query.is_on_ground==0",
										"components": {
											"minecraft:timer": {
												"looping": true,
												"time": 1,
												"time_down_event": {
													"event": "flying_sound"
												}
											},
											"minecraft:environment_sensor": {
												"triggers": {
													"event": "speed_command",
													"filters": {
														"test": "on_ground",
														"value": false
													}
												}
											}
										}
									},
									{
										"condition": "query.is_on_ground==1",
										"components": {
											"minecraft:movement": {
												"value": 0.2
											},
											"minecraft:timer": {
												"looping": true,
												"time": 1,
												"time_down_event": {
													"event": "flying_sound"
												}
											}
										}
									}
								],
								"children": [
									{
										"data": "query.is_on_ground==0",
										"key": "condition"
									},
									{
										"open": {
											"condition": "query.is_on_ground==0",
											"components": {
												"minecraft:timer": {
													"looping": true,
													"time": 1,
													"time_down_event": {
														"event": "flying_sound"
													}
												},
												"minecraft:environment_sensor": {
													"triggers": {
														"event": "speed_command",
														"filters": {
															"test": "on_ground",
															"value": false
														}
													}
												}
											}
										},
										"key": "components",
										"children": [
											{
												"key": "minecraft:timer",
												"children": [
													{
														"data": "true",
														"key": "looping"
													},
													{
														"data": "1",
														"key": "time"
													},
													{
														"open": {
															"looping": true,
															"time": 1,
															"time_down_event": {
																"event": "flying_sound"
															}
														},
														"key": "time_down_event",
														"is_minified": true,
														"children": {
															"event": "flying_sound"
														}
													}
												]
											},
											{
												"key": "minecraft:environment_sensor",
												"children": [
													{
														"open": {
															"triggers": {
																"event": "speed_command",
																"filters": {
																	"test": "on_ground",
																	"value": false
																}
															}
														},
														"key": "triggers",
														"is_minified": true,
														"children": {
															"event": "speed_command",
															"filters": {
																"test": "on_ground",
																"value": false
															}
														}
													}
												]
											}
										]
									}
								]
							},
							{
								"open": [
									{
										"condition": "query.is_on_ground==0",
										"components": {
											"minecraft:timer": {
												"looping": true,
												"time": 1,
												"time_down_event": {
													"event": "flying_sound"
												}
											},
											"minecraft:environment_sensor": {
												"triggers": {
													"event": "speed_command",
													"filters": {
														"test": "on_ground",
														"value": false
													}
												}
											}
										}
									},
									{
										"condition": "query.is_on_ground==1",
										"components": {
											"minecraft:movement": {
												"value": 0.2
											},
											"minecraft:timer": {
												"looping": true,
												"time": 1,
												"time_down_event": {
													"event": "flying_sound"
												}
											}
										}
									}
								],
								"children": [
									{
										"data": "query.is_on_ground==1",
										"key": "condition"
									},
									{
										"open": {
											"condition": "query.is_on_ground==1",
											"components": {
												"minecraft:movement": {
													"value": 0.2
												},
												"minecraft:timer": {
													"looping": true,
													"time": 1,
													"time_down_event": {
														"event": "flying_sound"
													}
												}
											}
										},
										"key": "components",
										"children": [
											{
												"open": {
													"minecraft:movement": {
														"value": 0.2
													},
													"minecraft:timer": {
														"looping": true,
														"time": 1,
														"time_down_event": {
															"event": "flying_sound"
														}
													}
												},
												"key": "minecraft:movement",
												"is_minified": true,
												"children": {
													"value": 0.2
												}
											},
											{
												"key": "minecraft:timer",
												"is_minified": true,
												"children": {
													"looping": true,
													"time": 1,
													"time_down_event": {
														"event": "flying_sound"
													}
												}
											}
										]
									}
								]
							}
						]
					}
				]
			}
		]
	}
}