{
  "format_version": "1.16.100",
  "minecraft:block": {
    "description": {
      "identifier": "op_asa:baribari_block1"
    },

    "components": {
      "minecraft:display_name": "op_asa:baribari_block1",
      "minecraft:loot": "",
      "minecraft:map_color": "#ffffff",
      "minecraft:unit_cube":{},
      "minecraft:material_instances": {
        "*": {
          "texture": "baribari_block",
          "render_method": "blend"
        }
      },
      "minecraft:entity_collision":true,
      "minecraft:pick_collision":true,
      "minecraft:block_light_absorption": 0,
      "minecraft:breathability":"air",
      "minecraft:block_light_emission": 0,
      "minecraft:destroy_time": 1000,
      "minecraft:explosion_resistance":1200,
      "minecraft:friction": 0.6,
      "minecraft:flammable":{
        "flame_odds":0,
        "burn_odds":0
      },
      "minecraft:ticking":{
        "on_tick":{
          "event":"op_asa:event1"
        },
        "range":[0, 0],
        "looping":true
      }
    },

    "events": {
      "op_asa:event1":{
        "run_command":{
          "command":"function block/baribari_block1"
        }
      }
    }
  }
}
        