{
  "format_version": "1.16.100",
  "minecraft:block": {
    "description": {
      "identifier": "op_asa:merchant_block1"
    },

    "components": {
      "minecraft:display_name": "op_asa:merchant_block1",
      "minecraft:loot": "",
      "minecraft:map_color": "#ffffff",
      "minecraft:unit_cube":{},
      "minecraft:material_instances": {
        "*": {
          "texture": "merchant_block",
          "render_method": "blend"
        }
      },
      "minecraft:entity_collision":true,
      "minecraft:pick_collision":true,
      "minecraft:block_light_absorption": 13,
      "minecraft:breathability":"solid",
      "minecraft:block_light_emission": 0,
      "minecraft:destroy_time": 1000,
      "minecraft:explosion_resistance": 1000,
      "minecraft:friction": 0.6,
      "minecraft:flammable":{
        "flame_odds":0,
        "burn_odds":0
      },
      "minecraft:on_interact":{
        "event":"op_asa:event1"
      }
    },

    "events": {
      "op_asa:event1":{
        "run_command":{
          "command":["summon op_asa:merchant1 ~~-1~1","fill ~~~ ~~~ air"]
        }
      }
    }
  }
}  