{
  "format_version": "1.16.100",
  "minecraft:block": {
    "description": {
      "identifier": "op_asa:mochimochi_block2"
    },

    "components": {
      "minecraft:display_name": "op_asa:mochimochi_block2",
      "minecraft:loot": "",
      "minecraft:map_color": "#fbfcf0",
      "minecraft:unit_cube":{},
      "minecraft:material_instances": {
        "*": {
          "texture": "mochimochi_block",
          "render_method": "blend"
        }
      },
      "minecraft:entity_collision":true,
      "minecraft:pick_collision":true,
      "minecraft:block_light_absorption": 13,
      "minecraft:breathability":"solid",
      "minecraft:block_light_emission": 0,
      "minecraft:destroy_time": 1,
      "minecraft:explosion_resistance": 0.4,
      "minecraft:friction": 0.6,
      "minecraft:flammable":{
        "flame_odds":200,
        "burn_odds":30
      },
      "minecraft:ticking":{
        "on_tick":{
          "event":"op_asa:event1"
        },
        "range":[0, 0],
        "looping":false
      }
    },

    "events": {
      "op_asa:event1":{
        "run_command":{
          "command":"function block/mochimochi_block2"
        }
      }
    }
  }
}
        