{
	"format_version": "1.12.0",
	"minecraft:geometry": [
		{
			"description": {
				"identifier": "geometry.costume.vampire_cape",
				"texture_width": 64,
				"texture_height": 64,
				"visible_bounds_width": 245,
				"visible_bounds_height": 191,
				"visible_bounds_offset": [0, 94.5, 0]
			},
			"bones": [
				{
					"name": "waist",
					"pivot": [0, 12, 0]
				},
				{
					"name": "body",
					"parent": "waist",
					"pivot": [0, 24, 0]
				},
				{
					"name": "head",
					"parent": "body",
					"pivot": [0, 24, 0],
					"cubes": [
						{
							"origin": [-6.5, 22.5, -1.5],
							"size": [13, 7, 6],
							"inflate": 0.1,
							"uv": {
								"north": {"uv": [0, 0], "uv_size": [0, 0]},
								"east": {"uv": [31, 57], "uv_size": [6, 7]},
								"south": {"uv": [18, 57], "uv_size": [13, 7]},
								"west": {"uv": [37, 57], "uv_size": [-6, 7]},
								"up": {"uv": [0, 0], "uv_size": [0, 0]},
								"down": {"uv": [31, 57], "uv_size": [-13, 7]}
							}
						},
						{
							"origin": [-6.5, 22.5, -1.5],
							"size": [13, 7, 6],
							"inflate": -0.1,
							"uv": {
								"north": {"uv": [0, 0], "uv_size": [0, 0]},
								"east": {"uv": [4, 38], "uv_size": [6, 7]},
								"south": {"uv": [4, 38], "uv_size": [13, 7]},
								"west": {"uv": [10, 38], "uv_size": [-6, 7]},
								"up": {"uv": [0, 0], "uv_size": [0, 0]},
								"down": {"uv": [17, 38], "uv_size": [-13, 7]}
							}
						}
					]
				},
				{
					"name": "hat",
					"parent": "head",
					"pivot": [0, 24, 0]
				},
				{
					"name": "rightArm",
					"parent": "body",
					"pivot": [-5, 22, 0]
				},
				{
					"name": "rightItem",
					"parent": "rightArm",
					"pivot": [-6, 15, 1]
				},
				{
					"name": "leftArm",
					"parent": "body",
					"pivot": [5, 22, 0]
				},
				{
					"name": "rightLeg",
					"parent": "body",
					"pivot": [-1.9, 12, 0]
				},
				{
					"name": "leftLeg",
					"parent": "body",
					"pivot": [1.9, 12, 0]
				},
				{
					"name": "v_cape",
					"parent": "body",
					"pivot": [0, 23, 2],
					"cubes": [
						{
							"origin": [-8, 3.5, -2],
							"size": [16, 20, 4],
							"inflate": 1,
							"uv": {
								"north": {"uv": [0, 0], "uv_size": [1, 1]},
								"east": {"uv": [39, 42], "uv_size": [-4, 19]},
								"south": {"uv": [40, 45], "uv_size": [15, 19]},
								"west": {"uv": [35, 42], "uv_size": [4, 19]},
								"up": {"uv": [31, 61], "uv_size": [-13, -4]},
								"down": {"uv": [1, 1], "uv_size": [-1, -1]}
							}
						},
						{
							"origin": [-8, 3.5, -2],
							"size": [16, 20, 4],
							"inflate": 0.8,
							"uv": {
								"north": {"uv": [0, 0], "uv_size": [1, 1]},
								"east": {"uv": [34, 36], "uv_size": [-4, 19]},
								"south": {"uv": [2, 45], "uv_size": [15, 19]},
								"west": {"uv": [30, 36], "uv_size": [4, 19]},
								"up": {"uv": [17, 42], "uv_size": [-13, -4]},
								"down": {"uv": [1, 1], "uv_size": [-1, -1]}
							}
						}
					]
				}
			]
		}
	]
}