{
	"format_version": "1.12.0",
	"minecraft:geometry": [
		{
			"description": {
				"identifier": "geometry.costume.devil_horns",
				"texture_width": 64,
				"texture_height": 64,
				"visible_bounds_width": 245,
				"visible_bounds_height": 190,
				"visible_bounds_offset": [0, 95, 0]
			},
			"bones": [
				{
					"name": "waist",
					"pivot": [0, 12, 0]
				},
				{
					"name": "body",
					"parent": "waist",
					"pivot": [0, 24, 0]
				},
				{
					"name": "head",
					"parent": "body",
					"pivot": [0, 24, 0],
					"cubes": [
						{
							"origin": [-4, 24, -4],
							"size": [8, 8, 8],
							"inflate": 0.2,
							"uv": {
								"north": {"uv": [0, 7], "uv_size": [9, 9]},
								"east": {"uv": [18, 7], "uv_size": [-9, 9]},
								"south": {"uv": [16, 8], "uv_size": [8, 8]},
								"west": {"uv": [9, 7], "uv_size": [9, 9]},
								"up": {"uv": [0, 8], "uv_size": [8, 8]},
								"down": {"uv": [0, 0], "uv_size": [0, 0]}
							}
						},
						{
							"origin": [-6, 29, -2.5],
							"size": [2, 4, 3],
							"uv": {
								"north": {"uv": [27, 33], "uv_size": [2, 4]},
								"east": {"uv": [27, 33], "uv_size": [3, 4]},
								"south": {"uv": [27, 33], "uv_size": [2, 4]},
								"west": {"uv": [27, 33], "uv_size": [3, 4]},
								"up": {"uv": [28, 33], "uv_size": [2, 3]},
								"down": {"uv": [28, 33], "uv_size": [2, 3]}
							}
						},
						{
							"origin": [4, 29, -2.5],
							"size": [2, 4, 3],
							"uv": {
								"north": {"uv": [27, 33], "uv_size": [2, 4]},
								"east": {"uv": [27, 33], "uv_size": [3, 4]},
								"south": {"uv": [27, 33], "uv_size": [2, 4]},
								"west": {"uv": [27, 33], "uv_size": [3, 4]},
								"up": {"uv": [28, 33], "uv_size": [2, 3]},
								"down": {"uv": [28, 33], "uv_size": [2, 3]}
							}
						},
						{
							"origin": [-8, 29.5, -2],
							"size": [2, 3, 2],
							"uv": {
								"north": {"uv": [28, 34], "uv_size": [2, 3]},
								"east": {"uv": [28, 34], "uv_size": [2, 3]},
								"south": {"uv": [28, 34], "uv_size": [2, 3]},
								"west": {"uv": [28, 34], "uv_size": [2, 3]},
								"up": {"uv": [28, 33], "uv_size": [2, 2]},
								"down": {"uv": [28, 33], "uv_size": [2, 2]}
							}
						},
						{
							"origin": [6, 29.5, -2],
							"size": [2, 3, 2],
							"uv": {
								"north": {"uv": [28, 34], "uv_size": [2, 3]},
								"east": {"uv": [28, 34], "uv_size": [2, 3]},
								"south": {"uv": [28, 34], "uv_size": [2, 3]},
								"west": {"uv": [28, 34], "uv_size": [2, 3]},
								"up": {"uv": [28, 33], "uv_size": [2, 2]},
								"down": {"uv": [28, 33], "uv_size": [2, 2]}
							}
						},
						{
							"origin": [-9, 27.5, -2],
							"size": [2, 3, 2],
							"uv": {
								"north": {"uv": [28, 34], "uv_size": [2, 3]},
								"east": {"uv": [28, 34], "uv_size": [2, 3]},
								"south": {"uv": [28, 34], "uv_size": [2, 3]},
								"west": {"uv": [28, 34], "uv_size": [2, 3]},
								"up": {"uv": [28, 33], "uv_size": [2, 2]},
								"down": {"uv": [28, 33], "uv_size": [2, 2]}
							}
						},
						{
							"origin": [7, 27.5, -2],
							"size": [2, 3, 2],
							"uv": {
								"north": {"uv": [28, 34], "uv_size": [2, 3]},
								"east": {"uv": [28, 34], "uv_size": [2, 3]},
								"south": {"uv": [28, 34], "uv_size": [2, 3]},
								"west": {"uv": [28, 34], "uv_size": [2, 3]},
								"up": {"uv": [28, 33], "uv_size": [2, 2]},
								"down": {"uv": [28, 33], "uv_size": [2, 2]}
							}
						},
						{
							"origin": [-8, 26.5, -2],
							"size": [2, 1, 2],
							"uv": {
								"north": {"uv": [28, 33], "uv_size": [2, 1]},
								"east": {"uv": [28, 33], "uv_size": [2, 1]},
								"south": {"uv": [28, 33], "uv_size": [2, 1]},
								"west": {"uv": [28, 33], "uv_size": [2, 1]},
								"up": {"uv": [28, 33], "uv_size": [2, 2]},
								"down": {"uv": [28, 33], "uv_size": [2, 2]}
							}
						},
						{
							"origin": [6, 26.5, -2],
							"size": [2, 1, 2],
							"uv": {
								"north": {"uv": [28, 33], "uv_size": [2, 1]},
								"east": {"uv": [28, 33], "uv_size": [2, 1]},
								"south": {"uv": [28, 33], "uv_size": [2, 1]},
								"west": {"uv": [28, 33], "uv_size": [2, 1]},
								"up": {"uv": [28, 33], "uv_size": [2, 2]},
								"down": {"uv": [28, 33], "uv_size": [2, 2]}
							}
						},
						{
							"origin": [-4.5, 23.5, -4.5],
							"size": [9, 9, 9],
							"inflate": 0.3,
							"uv": {
								"north": {"uv": [0, 29], "uv_size": [9, 9]},
								"east": {"uv": [18, 29], "uv_size": [-9, 9]},
								"south": {"uv": [18, 29], "uv_size": [9, 9]},
								"west": {"uv": [9, 29], "uv_size": [9, 9]},
								"up": {"uv": [17, 38], "uv_size": [9, 9]},
								"down": {"uv": [0, 0], "uv_size": [0, 0]}
							}
						}
					]
				},
				{
					"name": "hat",
					"parent": "head",
					"pivot": [0, 24, 0]
				},
				{
					"name": "rightArm",
					"parent": "body",
					"pivot": [-5, 22, 0]
				},
				{
					"name": "rightItem",
					"parent": "rightArm",
					"pivot": [-6, 15, 1]
				},
				{
					"name": "leftArm",
					"parent": "body",
					"pivot": [5, 22, 0]
				},
				{
					"name": "rightLeg",
					"parent": "body",
					"pivot": [-1.9, 12, 0]
				},
				{
					"name": "leftLeg",
					"parent": "body",
					"pivot": [1.9, 12, 0]
				}
			]
		}
	]
}