{
  "format_version": "1.10.0",
  "minecraft:client_entity": {
    "description": {
      "identifier": "zm:ink_demon_death",
      "textures": {
        "default": "textures/entity/ink_demon"
      },
      "materials": {
        "default": "skeleton"
      },
      "geometry": {
        "default": "geometry.ink_demon"
      },
      "render_controllers": [
        "controller.render.default"
      ],
      "animations": {
        "death": "animation.ink_demon.death"
      },
      "scripts": {
        "animate": [
          "death"
        ]
      }
    }
  }
}