{
  "format_version": "1.10.0",
  "minecraft:client_entity": {
    "description": {
      "identifier": "zm:ink_demon",
      "textures": {
        "default": "textures/entity/ink_demon"
      },
      "materials": {
        "default": "skeleton"
      },
      "geometry": {
        "default": "geometry.ink_demon"
      },
      "render_controllers": [
        "controller.render.default"
      ],
      "animations": {
        "walk": "animation.ink_demon.walk",
        "spawn": "animation.ink_demon.spawn",
        "look_at_target": "animation.common.look_at_target",
        "idle": "animation.ink_demon.idle",
        "move": "controller.animation.ink_demon.move",
        "general": "controller.animation.ink_demon.general",
        "attack": "animation.ink_demon.attack"
      },
      "scripts": {
        "animate": [
          "move",
          "general",
          "look_at_target",
          "spawn"
        ],
        "pre_animation": [
          "variable.random = math.round(math.random(0,3));",
          "variable.random1 = math.round(math.random(0,2));",
          "variable.attack = Math.sin(variable.attack_time * 30.0);"
        ]
      },
      "spawn_egg": {
        "texture": "ink_demon_spawn_egg",
        "texture_index": 0
      }
    }
  }
}