{
	"file_path": "C:\\Users\\fiddy\\AppData\\Local\\Packages\\Microsoft.MinecraftUWP_8wekyb3d8bbwe\\LocalState\\games\\com.mojang\\development_behavior_packs\\H_DecorB\\blocks\\decoration_blocks\\brain_jar.json",
	"file_type": "block",
	"format_version": 1,
	"file_uuid": "001a879a_5de8_4335_b1a1_02c0c1356b40",
	"file_version": 82,
	"cache_content": {
		"children": [
			{
				"data": "1.17.0",
				"key": "format_version"
			},
			{
				"open": {
					"format_version": "1.17.0",
					"minecraft:block": {
						"description": {
							"identifier": "boi:brain_jar",
							"properties": {
								"boi:direction": [
									0,
									1,
									2,
									3
								]
							}
						},
						"components": {
							"minecraft:destroy_time": 0.3,
							"minecraft:on_player_placing": {
								"event": "on_placed"
							},
							"minecraft:geometry": "geometry.brain.jar",
							"minecraft:block_light_absorption": 0,
							"minecraft:breathability": "air",
							"minecraft:pick_collision": {
								"origin": [
									-6,
									0,
									-6
								],
								"size": [
									12,
									14,
									12
								]
							},
							"minecraft:entity_collision": {
								"origin": [
									-6,
									0,
									-6
								],
								"size": [
									12,
									14,
									12
								]
							},
							"minecraft:placement_filter": {
								"conditions": [
									{
										"allowed_faces": [
											"up",
											"side"
										]
									}
								]
							},
							"minecraft:material_instances": {
								"*": {
									"texture": "misc0",
									"ambient_occlusion": false,
									"face_dimming": true,
									"render_method": "blend"
								}
							},
							"minecraft:block_light_emission": 0.4,
							"minecraft:ticking": {
								"looping": true,
								"range": [
									0.2,
									10
								],
								"on_tick": {
									"event": "bubble"
								}
							}
						},
						"permutations": [
							{
								"condition": "q.block_property('boi:direction') == 0",
								"components": {
									"minecraft:rotation": [
										0,
										0,
										0
									]
								}
							},
							{
								"condition": "q.block_property('boi:direction') == 1",
								"components": {
									"minecraft:rotation": [
										0,
										180,
										0
									]
								}
							},
							{
								"condition": "q.block_property('boi:direction') == 2",
								"components": {
									"minecraft:rotation": [
										0,
										90,
										0
									]
								}
							},
							{
								"condition": "q.block_property('boi:direction') == 3",
								"components": {
									"minecraft:rotation": [
										0,
										270,
										0
									]
								}
							}
						],
						"events": {
							"on_placed": {
								"sequence": [
									{
										"set_block_property": {
											"boi:direction": "query.cardinal_facing_2d - 2"
										}
									}
								]
							},
							"bubble": {
								"sequence": [
									{
										"randomize": [
											{
												"weight": 100,
												"run_command": {
													"command": [
														"playsound liquid.lava @a ~~~ 0.3 2.5"
													]
												}
											},
											{
												"weight": 100
											}
										]
									},
									{
										"randomize": [
											{
												"weight": 100,
												"run_command": {
													"command": [
														"particle boi:brain_bubble ~0.27~-0.4~0.27"
													]
												}
											},
											{
												"weight": 100,
												"run_command": {
													"command": [
														"particle boi:brain_bubble ~-0.27~-0.4~-0.1"
													]
												}
											},
											{
												"weight": 100,
												"run_command": {
													"command": [
														"particle boi:brain_bubble ~0.23~-0.4~-0.28"
													]
												}
											},
											{
												"weight": 100,
												"run_command": {
													"command": [
														"particle boi:brain_bubble ~-0.27~-0.4~0.21"
													]
												}
											}
										]
									}
								]
							}
						}
					}
				},
				"key": "minecraft:block",
				"children": [
					{
						"open": {
							"description": {
								"identifier": "boi:brain_jar",
								"properties": {
									"boi:direction": [
										0,
										1,
										2,
										3
									]
								}
							},
							"components": {
								"minecraft:destroy_time": 0.3,
								"minecraft:on_player_placing": {
									"event": "on_placed"
								},
								"minecraft:geometry": "geometry.brain.jar",
								"minecraft:block_light_absorption": 0,
								"minecraft:breathability": "air",
								"minecraft:pick_collision": {
									"origin": [
										-6,
										0,
										-6
									],
									"size": [
										12,
										14,
										12
									]
								},
								"minecraft:entity_collision": {
									"origin": [
										-6,
										0,
										-6
									],
									"size": [
										12,
										14,
										12
									]
								},
								"minecraft:placement_filter": {
									"conditions": [
										{
											"allowed_faces": [
												"up",
												"side"
											]
										}
									]
								},
								"minecraft:material_instances": {
									"*": {
										"texture": "misc0",
										"ambient_occlusion": false,
										"face_dimming": true,
										"render_method": "blend"
									}
								},
								"minecraft:block_light_emission": 0.4,
								"minecraft:ticking": {
									"looping": true,
									"range": [
										0.2,
										10
									],
									"on_tick": {
										"event": "bubble"
									}
								}
							},
							"permutations": [
								{
									"condition": "q.block_property('boi:direction') == 0",
									"components": {
										"minecraft:rotation": [
											0,
											0,
											0
										]
									}
								},
								{
									"condition": "q.block_property('boi:direction') == 1",
									"components": {
										"minecraft:rotation": [
											0,
											180,
											0
										]
									}
								},
								{
									"condition": "q.block_property('boi:direction') == 2",
									"components": {
										"minecraft:rotation": [
											0,
											90,
											0
										]
									}
								},
								{
									"condition": "q.block_property('boi:direction') == 3",
									"components": {
										"minecraft:rotation": [
											0,
											270,
											0
										]
									}
								}
							],
							"events": {
								"on_placed": {
									"sequence": [
										{
											"set_block_property": {
												"boi:direction": "query.cardinal_facing_2d - 2"
											}
										}
									]
								},
								"bubble": {
									"sequence": [
										{
											"randomize": [
												{
													"weight": 100,
													"run_command": {
														"command": [
															"playsound liquid.lava @a ~~~ 0.3 2.5"
														]
													}
												},
												{
													"weight": 100
												}
											]
										},
										{
											"randomize": [
												{
													"weight": 100,
													"run_command": {
														"command": [
															"particle boi:brain_bubble ~0.27~-0.4~0.27"
														]
													}
												},
												{
													"weight": 100,
													"run_command": {
														"command": [
															"particle boi:brain_bubble ~-0.27~-0.4~-0.1"
														]
													}
												},
												{
													"weight": 100,
													"run_command": {
														"command": [
															"particle boi:brain_bubble ~0.23~-0.4~-0.28"
														]
													}
												},
												{
													"weight": 100,
													"run_command": {
														"command": [
															"particle boi:brain_bubble ~-0.27~-0.4~0.21"
														]
													}
												}
											]
										}
									]
								}
							}
						},
						"key": "description",
						"children": [
							{
								"data": "boi:brain_jar",
								"key": "identifier"
							},
							{
								"open": {
									"identifier": "boi:brain_jar",
									"properties": {
										"boi:direction": [
											0,
											1,
											2,
											3
										]
									}
								},
								"key": "properties",
								"is_minified": true,
								"children": {
									"boi:direction": [
										0,
										1,
										2,
										3
									]
								}
							}
						]
					},
					{
						"open": {
							"description": {
								"identifier": "boi:brain_jar",
								"properties": {
									"boi:direction": [
										0,
										1,
										2,
										3
									]
								}
							},
							"components": {
								"minecraft:destroy_time": 0.3,
								"minecraft:on_player_placing": {
									"event": "on_placed"
								},
								"minecraft:geometry": "geometry.brain.jar",
								"minecraft:block_light_absorption": 0,
								"minecraft:breathability": "air",
								"minecraft:pick_collision": {
									"origin": [
										-6,
										0,
										-6
									],
									"size": [
										12,
										14,
										12
									]
								},
								"minecraft:entity_collision": {
									"origin": [
										-6,
										0,
										-6
									],
									"size": [
										12,
										14,
										12
									]
								},
								"minecraft:placement_filter": {
									"conditions": [
										{
											"allowed_faces": [
												"up",
												"side"
											]
										}
									]
								},
								"minecraft:material_instances": {
									"*": {
										"texture": "misc0",
										"ambient_occlusion": false,
										"face_dimming": true,
										"render_method": "blend"
									}
								},
								"minecraft:block_light_emission": 0.4,
								"minecraft:ticking": {
									"looping": true,
									"range": [
										0.2,
										10
									],
									"on_tick": {
										"event": "bubble"
									}
								}
							},
							"permutations": [
								{
									"condition": "q.block_property('boi:direction') == 0",
									"components": {
										"minecraft:rotation": [
											0,
											0,
											0
										]
									}
								},
								{
									"condition": "q.block_property('boi:direction') == 1",
									"components": {
										"minecraft:rotation": [
											0,
											180,
											0
										]
									}
								},
								{
									"condition": "q.block_property('boi:direction') == 2",
									"components": {
										"minecraft:rotation": [
											0,
											90,
											0
										]
									}
								},
								{
									"condition": "q.block_property('boi:direction') == 3",
									"components": {
										"minecraft:rotation": [
											0,
											270,
											0
										]
									}
								}
							],
							"events": {
								"on_placed": {
									"sequence": [
										{
											"set_block_property": {
												"boi:direction": "query.cardinal_facing_2d - 2"
											}
										}
									]
								},
								"bubble": {
									"sequence": [
										{
											"randomize": [
												{
													"weight": 100,
													"run_command": {
														"command": [
															"playsound liquid.lava @a ~~~ 0.3 2.5"
														]
													}
												},
												{
													"weight": 100
												}
											]
										},
										{
											"randomize": [
												{
													"weight": 100,
													"run_command": {
														"command": [
															"particle boi:brain_bubble ~0.27~-0.4~0.27"
														]
													}
												},
												{
													"weight": 100,
													"run_command": {
														"command": [
															"particle boi:brain_bubble ~-0.27~-0.4~-0.1"
														]
													}
												},
												{
													"weight": 100,
													"run_command": {
														"command": [
															"particle boi:brain_bubble ~0.23~-0.4~-0.28"
														]
													}
												},
												{
													"weight": 100,
													"run_command": {
														"command": [
															"particle boi:brain_bubble ~-0.27~-0.4~0.21"
														]
													}
												}
											]
										}
									]
								}
							}
						},
						"key": "components",
						"children": [
							{
								"data": "0.3",
								"key": "minecraft:destroy_time"
							},
							{
								"key": "minecraft:on_player_placing",
								"is_minified": true,
								"children": {
									"event": "on_placed"
								}
							},
							{
								"data": "geometry.brain.jar",
								"key": "minecraft:geometry"
							},
							{
								"data": "0",
								"key": "minecraft:block_light_absorption"
							},
							{
								"data": "air",
								"key": "minecraft:breathability"
							},
							{
								"key": "minecraft:pick_collision",
								"children": [
									{
										"key": "origin",
										"is_minified": true,
										"children": [
											-6,
											0,
											-6
										]
									},
									{
										"open": {
											"origin": [
												-6,
												0,
												-6
											],
											"size": [
												12,
												14,
												12
											]
										},
										"key": "size",
										"is_minified": true,
										"children": [
											12,
											14,
											12
										]
									}
								]
							},
							{
								"key": "minecraft:entity_collision",
								"children": [
									{
										"key": "origin",
										"is_minified": true,
										"children": [
											-6,
											0,
											-6
										]
									},
									{
										"open": {
											"origin": [
												-6,
												0,
												-6
											],
											"size": [
												12,
												14,
												12
											]
										},
										"key": "size",
										"is_minified": true,
										"children": [
											12,
											14,
											12
										]
									}
								]
							},
							{
								"key": "minecraft:placement_filter",
								"is_minified": true,
								"children": {
									"conditions": [
										{
											"allowed_faces": [
												"up",
												"side"
											]
										}
									]
								}
							},
							{
								"key": "minecraft:material_instances",
								"children": [
									{
										"open": {
											"*": {
												"texture": "misc0",
												"ambient_occlusion": false,
												"face_dimming": true,
												"render_method": "blend"
											}
										},
										"key": "*",
										"is_minified": true,
										"children": {
											"texture": "misc0",
											"ambient_occlusion": false,
											"face_dimming": true,
											"render_method": "blend"
										}
									}
								]
							},
							{
								"data": "0.4",
								"key": "minecraft:block_light_emission"
							},
							{
								"key": "minecraft:ticking",
								"children": [
									{
										"data": "true",
										"key": "looping"
									},
									{
										"open": {
											"looping": true,
											"range": [
												0.2,
												10
											],
											"on_tick": {
												"event": "bubble"
											}
										},
										"key": "range",
										"is_minified": true,
										"children": [
											0.2,
											10
										]
									},
									{
										"key": "on_tick",
										"is_minified": true,
										"children": {
											"event": "bubble"
										}
									}
								]
							}
						]
					},
					{
						"open": {
							"description": {
								"identifier": "boi:brain_jar",
								"properties": {
									"boi:direction": [
										0,
										1,
										2,
										3
									]
								}
							},
							"components": {
								"minecraft:destroy_time": 0.3,
								"minecraft:on_player_placing": {
									"event": "on_placed"
								},
								"minecraft:geometry": "geometry.brain.jar",
								"minecraft:block_light_absorption": 0,
								"minecraft:breathability": "air",
								"minecraft:pick_collision": {
									"origin": [
										-6,
										0,
										-6
									],
									"size": [
										12,
										14,
										12
									]
								},
								"minecraft:entity_collision": {
									"origin": [
										-6,
										0,
										-6
									],
									"size": [
										12,
										14,
										12
									]
								},
								"minecraft:placement_filter": {
									"conditions": [
										{
											"allowed_faces": [
												"up",
												"side"
											]
										}
									]
								},
								"minecraft:material_instances": {
									"*": {
										"texture": "misc0",
										"ambient_occlusion": false,
										"face_dimming": true,
										"render_method": "blend"
									}
								},
								"minecraft:block_light_emission": 0.4,
								"minecraft:ticking": {
									"looping": true,
									"range": [
										0.2,
										10
									],
									"on_tick": {
										"event": "bubble"
									}
								}
							},
							"permutations": [
								{
									"condition": "q.block_property('boi:direction') == 0",
									"components": {
										"minecraft:rotation": [
											0,
											0,
											0
										]
									}
								},
								{
									"condition": "q.block_property('boi:direction') == 1",
									"components": {
										"minecraft:rotation": [
											0,
											180,
											0
										]
									}
								},
								{
									"condition": "q.block_property('boi:direction') == 2",
									"components": {
										"minecraft:rotation": [
											0,
											90,
											0
										]
									}
								},
								{
									"condition": "q.block_property('boi:direction') == 3",
									"components": {
										"minecraft:rotation": [
											0,
											270,
											0
										]
									}
								}
							],
							"events": {
								"on_placed": {
									"sequence": [
										{
											"set_block_property": {
												"boi:direction": "query.cardinal_facing_2d - 2"
											}
										}
									]
								},
								"bubble": {
									"sequence": [
										{
											"randomize": [
												{
													"weight": 100,
													"run_command": {
														"command": [
															"playsound liquid.lava @a ~~~ 0.3 2.5"
														]
													}
												},
												{
													"weight": 100
												}
											]
										},
										{
											"randomize": [
												{
													"weight": 100,
													"run_command": {
														"command": [
															"particle boi:brain_bubble ~0.27~-0.4~0.27"
														]
													}
												},
												{
													"weight": 100,
													"run_command": {
														"command": [
															"particle boi:brain_bubble ~-0.27~-0.4~-0.1"
														]
													}
												},
												{
													"weight": 100,
													"run_command": {
														"command": [
															"particle boi:brain_bubble ~0.23~-0.4~-0.28"
														]
													}
												},
												{
													"weight": 100,
													"run_command": {
														"command": [
															"particle boi:brain_bubble ~-0.27~-0.4~0.21"
														]
													}
												}
											]
										}
									]
								}
							}
						},
						"key": "permutations",
						"children": [
							{
								"open": [
									{
										"condition": "q.block_property('boi:direction') == 0",
										"components": {
											"minecraft:rotation": [
												0,
												0,
												0
											]
										}
									},
									{
										"condition": "q.block_property('boi:direction') == 1",
										"components": {
											"minecraft:rotation": [
												0,
												180,
												0
											]
										}
									},
									{
										"condition": "q.block_property('boi:direction') == 2",
										"components": {
											"minecraft:rotation": [
												0,
												90,
												0
											]
										}
									},
									{
										"condition": "q.block_property('boi:direction') == 3",
										"components": {
											"minecraft:rotation": [
												0,
												270,
												0
											]
										}
									}
								],
								"is_minified": true,
								"children": {
									"condition": "q.block_property('boi:direction') == 0",
									"components": {
										"minecraft:rotation": [
											0,
											0,
											0
										]
									}
								}
							},
							{
								"open": [
									{
										"condition": "q.block_property('boi:direction') == 0",
										"components": {
											"minecraft:rotation": [
												0,
												0,
												0
											]
										}
									},
									{
										"condition": "q.block_property('boi:direction') == 1",
										"components": {
											"minecraft:rotation": [
												0,
												180,
												0
											]
										}
									},
									{
										"condition": "q.block_property('boi:direction') == 2",
										"components": {
											"minecraft:rotation": [
												0,
												90,
												0
											]
										}
									},
									{
										"condition": "q.block_property('boi:direction') == 3",
										"components": {
											"minecraft:rotation": [
												0,
												270,
												0
											]
										}
									}
								],
								"is_minified": true,
								"children": {
									"condition": "q.block_property('boi:direction') == 1",
									"components": {
										"minecraft:rotation": [
											0,
											180,
											0
										]
									}
								}
							},
							{
								"open": [
									{
										"condition": "q.block_property('boi:direction') == 0",
										"components": {
											"minecraft:rotation": [
												0,
												0,
												0
											]
										}
									},
									{
										"condition": "q.block_property('boi:direction') == 1",
										"components": {
											"minecraft:rotation": [
												0,
												180,
												0
											]
										}
									},
									{
										"condition": "q.block_property('boi:direction') == 2",
										"components": {
											"minecraft:rotation": [
												0,
												90,
												0
											]
										}
									},
									{
										"condition": "q.block_property('boi:direction') == 3",
										"components": {
											"minecraft:rotation": [
												0,
												270,
												0
											]
										}
									}
								],
								"is_minified": true,
								"children": {
									"condition": "q.block_property('boi:direction') == 2",
									"components": {
										"minecraft:rotation": [
											0,
											90,
											0
										]
									}
								}
							},
							{
								"open": [
									{
										"condition": "q.block_property('boi:direction') == 0",
										"components": {
											"minecraft:rotation": [
												0,
												0,
												0
											]
										}
									},
									{
										"condition": "q.block_property('boi:direction') == 1",
										"components": {
											"minecraft:rotation": [
												0,
												180,
												0
											]
										}
									},
									{
										"condition": "q.block_property('boi:direction') == 2",
										"components": {
											"minecraft:rotation": [
												0,
												90,
												0
											]
										}
									},
									{
										"condition": "q.block_property('boi:direction') == 3",
										"components": {
											"minecraft:rotation": [
												0,
												270,
												0
											]
										}
									}
								],
								"is_minified": true,
								"children": {
									"condition": "q.block_property('boi:direction') == 3",
									"components": {
										"minecraft:rotation": [
											0,
											270,
											0
										]
									}
								}
							}
						]
					},
					{
						"open": {
							"description": {
								"identifier": "boi:brain_jar",
								"properties": {
									"boi:direction": [
										0,
										1,
										2,
										3
									]
								}
							},
							"components": {
								"minecraft:destroy_time": 0.3,
								"minecraft:on_player_placing": {
									"event": "on_placed"
								},
								"minecraft:geometry": "geometry.brain.jar",
								"minecraft:block_light_absorption": 0,
								"minecraft:breathability": "air",
								"minecraft:pick_collision": {
									"origin": [
										-6,
										0,
										-6
									],
									"size": [
										12,
										14,
										12
									]
								},
								"minecraft:entity_collision": {
									"origin": [
										-6,
										0,
										-6
									],
									"size": [
										12,
										14,
										12
									]
								},
								"minecraft:placement_filter": {
									"conditions": [
										{
											"allowed_faces": [
												"up",
												"side"
											]
										}
									]
								},
								"minecraft:material_instances": {
									"*": {
										"texture": "misc0",
										"ambient_occlusion": false,
										"face_dimming": true,
										"render_method": "blend"
									}
								},
								"minecraft:block_light_emission": 0.4,
								"minecraft:ticking": {
									"looping": true,
									"range": [
										0.2,
										10
									],
									"on_tick": {
										"event": "bubble"
									}
								}
							},
							"permutations": [
								{
									"condition": "q.block_property('boi:direction') == 0",
									"components": {
										"minecraft:rotation": [
											0,
											0,
											0
										]
									}
								},
								{
									"condition": "q.block_property('boi:direction') == 1",
									"components": {
										"minecraft:rotation": [
											0,
											180,
											0
										]
									}
								},
								{
									"condition": "q.block_property('boi:direction') == 2",
									"components": {
										"minecraft:rotation": [
											0,
											90,
											0
										]
									}
								},
								{
									"condition": "q.block_property('boi:direction') == 3",
									"components": {
										"minecraft:rotation": [
											0,
											270,
											0
										]
									}
								}
							],
							"events": {
								"on_placed": {
									"sequence": [
										{
											"set_block_property": {
												"boi:direction": "query.cardinal_facing_2d - 2"
											}
										}
									]
								},
								"bubble": {
									"sequence": [
										{
											"randomize": [
												{
													"weight": 100,
													"run_command": {
														"command": [
															"playsound liquid.lava @a ~~~ 0.3 2.5"
														]
													}
												},
												{
													"weight": 100
												}
											]
										},
										{
											"randomize": [
												{
													"weight": 100,
													"run_command": {
														"command": [
															"particle boi:brain_bubble ~0.27~-0.4~0.27"
														]
													}
												},
												{
													"weight": 100,
													"run_command": {
														"command": [
															"particle boi:brain_bubble ~-0.27~-0.4~-0.1"
														]
													}
												},
												{
													"weight": 100,
													"run_command": {
														"command": [
															"particle boi:brain_bubble ~0.23~-0.4~-0.28"
														]
													}
												},
												{
													"weight": 100,
													"run_command": {
														"command": [
															"particle boi:brain_bubble ~-0.27~-0.4~0.21"
														]
													}
												}
											]
										}
									]
								}
							}
						},
						"key": "events",
						"children": [
							{
								"open": {
									"on_placed": {
										"sequence": [
											{
												"set_block_property": {
													"boi:direction": "query.cardinal_facing_2d - 2"
												}
											}
										]
									},
									"bubble": {
										"sequence": [
											{
												"randomize": [
													{
														"weight": 100,
														"run_command": {
															"command": [
																"playsound liquid.lava @a ~~~ 0.3 2.5"
															]
														}
													},
													{
														"weight": 100
													}
												]
											},
											{
												"randomize": [
													{
														"weight": 100,
														"run_command": {
															"command": [
																"particle boi:brain_bubble ~0.27~-0.4~0.27"
															]
														}
													},
													{
														"weight": 100,
														"run_command": {
															"command": [
																"particle boi:brain_bubble ~-0.27~-0.4~-0.1"
															]
														}
													},
													{
														"weight": 100,
														"run_command": {
															"command": [
																"particle boi:brain_bubble ~0.23~-0.4~-0.28"
															]
														}
													},
													{
														"weight": 100,
														"run_command": {
															"command": [
																"particle boi:brain_bubble ~-0.27~-0.4~0.21"
															]
														}
													}
												]
											}
										]
									}
								},
								"key": "on_placed",
								"children": [
									{
										"open": {
											"sequence": [
												{
													"set_block_property": {
														"boi:direction": "query.cardinal_facing_2d - 2"
													}
												}
											]
										},
										"key": "sequence",
										"children": [
											{
												"open": [
													{
														"set_block_property": {
															"boi:direction": "query.cardinal_facing_2d - 2"
														}
													}
												],
												"children": [
													{
														"open": {
															"set_block_property": {
																"boi:direction": "query.cardinal_facing_2d - 2"
															}
														},
														"key": "set_block_property",
														"is_minified": true,
														"children": {
															"boi:direction": "query.cardinal_facing_2d - 2"
														}
													}
												]
											}
										]
									}
								]
							},
							{
								"key": "bubble",
								"children": [
									{
										"open": {
											"sequence": [
												{
													"randomize": [
														{
															"weight": 100,
															"run_command": {
																"command": [
																	"playsound liquid.lava @a ~~~ 0.3 2.5"
																]
															}
														},
														{
															"weight": 100
														}
													]
												},
												{
													"randomize": [
														{
															"weight": 100,
															"run_command": {
																"command": [
																	"particle boi:brain_bubble ~0.27~-0.4~0.27"
																]
															}
														},
														{
															"weight": 100,
															"run_command": {
																"command": [
																	"particle boi:brain_bubble ~-0.27~-0.4~-0.1"
																]
															}
														},
														{
															"weight": 100,
															"run_command": {
																"command": [
																	"particle boi:brain_bubble ~0.23~-0.4~-0.28"
																]
															}
														},
														{
															"weight": 100,
															"run_command": {
																"command": [
																	"particle boi:brain_bubble ~-0.27~-0.4~0.21"
																]
															}
														}
													]
												}
											]
										},
										"key": "sequence",
										"children": [
											{
												"open": [
													{
														"randomize": [
															{
																"weight": 100,
																"run_command": {
																	"command": [
																		"playsound liquid.lava @a ~~~ 0.3 2.5"
																	]
																}
															},
															{
																"weight": 100
															}
														]
													},
													{
														"randomize": [
															{
																"weight": 100,
																"run_command": {
																	"command": [
																		"particle boi:brain_bubble ~0.27~-0.4~0.27"
																	]
																}
															},
															{
																"weight": 100,
																"run_command": {
																	"command": [
																		"particle boi:brain_bubble ~-0.27~-0.4~-0.1"
																	]
																}
															},
															{
																"weight": 100,
																"run_command": {
																	"command": [
																		"particle boi:brain_bubble ~0.23~-0.4~-0.28"
																	]
																}
															},
															{
																"weight": 100,
																"run_command": {
																	"command": [
																		"particle boi:brain_bubble ~-0.27~-0.4~0.21"
																	]
																}
															}
														]
													}
												],
												"children": [
													{
														"open": {
															"randomize": [
																{
																	"weight": 100,
																	"run_command": {
																		"command": [
																			"playsound liquid.lava @a ~~~ 0.3 2.5"
																		]
																	}
																},
																{
																	"weight": 100
																}
															]
														},
														"key": "randomize",
														"children": [
															{
																"open": [
																	{
																		"weight": 100,
																		"run_command": {
																			"command": [
																				"playsound liquid.lava @a ~~~ 0.3 2.5"
																			]
																		}
																	},
																	{
																		"weight": 100
																	}
																],
																"children": [
																	{
																		"data": "100",
																		"key": "weight"
																	},
																	{
																		"open": {
																			"weight": 100,
																			"run_command": {
																				"command": [
																					"playsound liquid.lava @a ~~~ 0.3 2.5"
																				]
																			}
																		},
																		"key": "run_command",
																		"children": [
																			{
																				"open": {
																					"command": [
																						"playsound liquid.lava @a ~~~ 0.3 2.5"
																					]
																				},
																				"key": "command",
																				"is_minified": true,
																				"children": [
																					"playsound liquid.lava @a ~~~ 0.3 2.5"
																				]
																			}
																		]
																	}
																]
															},
															{
																"open": [
																	{
																		"weight": 100,
																		"run_command": {
																			"command": [
																				"playsound liquid.lava @a ~~~ 0.3 2.5"
																			]
																		}
																	},
																	{
																		"weight": 100
																	}
																],
																"is_minified": true,
																"children": {
																	"weight": 100
																}
															}
														]
													}
												]
											},
											{
												"open": [
													{
														"randomize": [
															{
																"weight": 100,
																"run_command": {
																	"command": [
																		"playsound liquid.lava @a ~~~ 0.3 2.5"
																	]
																}
															},
															{
																"weight": 100
															}
														]
													},
													{
														"randomize": [
															{
																"weight": 100,
																"run_command": {
																	"command": [
																		"particle boi:brain_bubble ~0.27~-0.4~0.27"
																	]
																}
															},
															{
																"weight": 100,
																"run_command": {
																	"command": [
																		"particle boi:brain_bubble ~-0.27~-0.4~-0.1"
																	]
																}
															},
															{
																"weight": 100,
																"run_command": {
																	"command": [
																		"particle boi:brain_bubble ~0.23~-0.4~-0.28"
																	]
																}
															},
															{
																"weight": 100,
																"run_command": {
																	"command": [
																		"particle boi:brain_bubble ~-0.27~-0.4~0.21"
																	]
																}
															}
														]
													}
												],
												"children": [
													{
														"open": {
															"randomize": [
																{
																	"weight": 100,
																	"run_command": {
																		"command": [
																			"particle boi:brain_bubble ~0.27~-0.4~0.27"
																		]
																	}
																},
																{
																	"weight": 100,
																	"run_command": {
																		"command": [
																			"particle boi:brain_bubble ~-0.27~-0.4~-0.1"
																		]
																	}
																},
																{
																	"weight": 100,
																	"run_command": {
																		"command": [
																			"particle boi:brain_bubble ~0.23~-0.4~-0.28"
																		]
																	}
																},
																{
																	"weight": 100,
																	"run_command": {
																		"command": [
																			"particle boi:brain_bubble ~-0.27~-0.4~0.21"
																		]
																	}
																}
															]
														},
														"key": "randomize",
														"children": [
															{
																"open": [
																	{
																		"weight": 100,
																		"run_command": {
																			"command": [
																				"particle boi:brain_bubble ~0.27~-0.4~0.27"
																			]
																		}
																	},
																	{
																		"weight": 100,
																		"run_command": {
																			"command": [
																				"particle boi:brain_bubble ~-0.27~-0.4~-0.1"
																			]
																		}
																	},
																	{
																		"weight": 100,
																		"run_command": {
																			"command": [
																				"particle boi:brain_bubble ~0.23~-0.4~-0.28"
																			]
																		}
																	},
																	{
																		"weight": 100,
																		"run_command": {
																			"command": [
																				"particle boi:brain_bubble ~-0.27~-0.4~0.21"
																			]
																		}
																	}
																],
																"children": [
																	{
																		"open": {
																			"weight": 100,
																			"run_command": {
																				"command": [
																					"particle boi:brain_bubble ~0.27~-0.4~0.27"
																				]
																			}
																		},
																		"data": "100",
																		"key": "weight"
																	},
																	{
																		"open": {
																			"weight": 100,
																			"run_command": {
																				"command": [
																					"particle boi:brain_bubble ~0.27~-0.4~0.27"
																				]
																			}
																		},
																		"key": "run_command",
																		"children": [
																			{
																				"open": {
																					"command": [
																						"particle boi:brain_bubble ~0.27~-0.4~0.27"
																					]
																				},
																				"key": "command",
																				"is_minified": true,
																				"children": [
																					"particle boi:brain_bubble ~0.27~-0.4~0.27"
																				]
																			}
																		]
																	}
																]
															},
															{
																"open": [
																	{
																		"weight": 100,
																		"run_command": {
																			"command": [
																				"particle boi:brain_bubble ~0.27~-0.4~0.27"
																			]
																		}
																	},
																	{
																		"weight": 100,
																		"run_command": {
																			"command": [
																				"particle boi:brain_bubble ~-0.27~-0.4~-0.1"
																			]
																		}
																	},
																	{
																		"weight": 100,
																		"run_command": {
																			"command": [
																				"particle boi:brain_bubble ~0.23~-0.4~-0.28"
																			]
																		}
																	},
																	{
																		"weight": 100,
																		"run_command": {
																			"command": [
																				"particle boi:brain_bubble ~-0.27~-0.4~0.21"
																			]
																		}
																	}
																],
																"children": [
																	{
																		"open": {
																			"weight": 100,
																			"run_command": {
																				"command": [
																					"particle boi:brain_bubble ~-0.27~-0.4~-0.1"
																				]
																			}
																		},
																		"data": "100",
																		"key": "weight"
																	},
																	{
																		"open": {
																			"weight": 100,
																			"run_command": {
																				"command": [
																					"particle boi:brain_bubble ~-0.27~-0.4~-0.1"
																				]
																			}
																		},
																		"key": "run_command",
																		"children": [
																			{
																				"open": {
																					"command": [
																						"particle boi:brain_bubble ~-0.27~-0.4~-0.1"
																					]
																				},
																				"key": "command",
																				"is_minified": true,
																				"children": [
																					"particle boi:brain_bubble ~-0.27~-0.4~-0.1"
																				]
																			}
																		]
																	}
																]
															},
															{
																"open": [
																	{
																		"weight": 100,
																		"run_command": {
																			"command": [
																				"particle boi:brain_bubble ~0.27~-0.4~0.27"
																			]
																		}
																	},
																	{
																		"weight": 100,
																		"run_command": {
																			"command": [
																				"particle boi:brain_bubble ~-0.27~-0.4~-0.1"
																			]
																		}
																	},
																	{
																		"weight": 100,
																		"run_command": {
																			"command": [
																				"particle boi:brain_bubble ~0.23~-0.4~-0.28"
																			]
																		}
																	},
																	{
																		"weight": 100,
																		"run_command": {
																			"command": [
																				"particle boi:brain_bubble ~-0.27~-0.4~0.21"
																			]
																		}
																	}
																],
																"children": [
																	{
																		"open": {
																			"weight": 100,
																			"run_command": {
																				"command": [
																					"particle boi:brain_bubble ~0.23~-0.4~-0.28"
																				]
																			}
																		},
																		"data": "100",
																		"key": "weight"
																	},
																	{
																		"open": {
																			"weight": 100,
																			"run_command": {
																				"command": [
																					"particle boi:brain_bubble ~0.23~-0.4~-0.28"
																				]
																			}
																		},
																		"key": "run_command",
																		"children": [
																			{
																				"open": {
																					"command": [
																						"particle boi:brain_bubble ~0.23~-0.4~-0.28"
																					]
																				},
																				"key": "command",
																				"is_minified": true,
																				"children": [
																					"particle boi:brain_bubble ~0.23~-0.4~-0.28"
																				]
																			}
																		]
																	}
																]
															},
															{
																"open": [
																	{
																		"weight": 100,
																		"run_command": {
																			"command": [
																				"particle boi:brain_bubble ~0.27~-0.4~0.27"
																			]
																		}
																	},
																	{
																		"weight": 100,
																		"run_command": {
																			"command": [
																				"particle boi:brain_bubble ~-0.27~-0.4~-0.1"
																			]
																		}
																	},
																	{
																		"weight": 100,
																		"run_command": {
																			"command": [
																				"particle boi:brain_bubble ~0.23~-0.4~-0.28"
																			]
																		}
																	},
																	{
																		"weight": 100,
																		"run_command": {
																			"command": [
																				"particle boi:brain_bubble ~-0.27~-0.4~0.21"
																			]
																		}
																	}
																],
																"children": [
																	{
																		"open": {
																			"weight": 100,
																			"run_command": {
																				"command": [
																					"particle boi:brain_bubble ~-0.27~-0.4~0.21"
																				]
																			}
																		},
																		"data": "100",
																		"key": "weight"
																	},
																	{
																		"open": {
																			"weight": 100,
																			"run_command": {
																				"command": [
																					"particle boi:brain_bubble ~-0.27~-0.4~0.21"
																				]
																			}
																		},
																		"key": "run_command",
																		"children": [
																			{
																				"open": {
																					"command": [
																						"particle boi:brain_bubble ~-0.27~-0.4~0.21"
																					]
																				},
																				"key": "command",
																				"is_minified": true,
																				"children": [
																					"particle boi:brain_bubble ~-0.27~-0.4~0.21"
																				]
																			}
																		]
																	}
																]
															}
														]
													}
												]
											}
										]
									}
								]
							}
						]
					}
				]
			}
		]
	}
}