{
	"file_path": "C:\\Users\\fiddy\\AppData\\Local\\Packages\\Microsoft.MinecraftUWP_8wekyb3d8bbwe\\LocalState\\games\\com.mojang\\development_behavior_packs\\H_DecorB\\blocks\\decoration_blocks\\candelabra.json",
	"file_type": "block",
	"format_version": 1,
	"file_uuid": "64e30505_c402_464a_8516_28168e6d7665",
	"file_version": 146,
	"cache_content": {
		"children": [
			{
				"data": "1.17.0",
				"key": "format_version"
			},
			{
				"open": {
					"format_version": "1.17.0",
					"minecraft:block": {
						"description": {
							"identifier": "boi:candelabra"
						},
						"components": {
							"minecraft:destroy_time": 0.3,
							"minecraft:explosion_resistance": 1,
							"minecraft:map_color": "#3A3D47",
							"minecraft:entity_collision": {
								"origin": [
									-6,
									0,
									-6
								],
								"size": [
									12,
									16,
									12
								]
							},
							"minecraft:pick_collision": {
								"origin": [
									-6,
									0,
									-6
								],
								"size": [
									12,
									16,
									12
								]
							},
							"minecraft:block_light_absorption": 0,
							"minecraft:block_light_emission": 0.8,
							"minecraft:material_instances": {
								"*": {
									"texture": "candelabra",
									"render_method": "alpha_test",
									"ambient_occlusion": false,
									"face_dimming": true
								}
							},
							"minecraft:geometry": "geometry.candelabra",
							"minecraft:ticking": {
								"looping": true,
								"range": [
									2,
									2
								],
								"on_tick": {
									"event": "flame"
								}
							},
							"minecraft:on_player_placing": {
								"event": "flame"
							},
							"minecraft:placement_filter": {
								"conditions": [
									{
										"allowed_faces": [
											"up"
										]
									}
								]
							},
							"minecraft:on_placed": {
								"event": "flame"
							}
						},
						"events": {
							"flame": {
								"run_command": {
									"command": [
										"particle boi:candelabra_fire ~~1.52~",
										"particle boi:candelabra_fire ~0.3~1.35~0.3",
										"particle boi:candelabra_fire ~-0.3~1.35~-0.3",
										"particle boi:candelabra_fire ~0.3~1.35~-0.3",
										"particle boi:candelabra_fire ~-0.3~1.35~0.3"
									]
								}
							}
						}
					}
				},
				"key": "minecraft:block",
				"children": [
					{
						"key": "description",
						"is_minified": true,
						"children": {
							"identifier": "boi:candelabra"
						}
					},
					{
						"open": {
							"description": {
								"identifier": "boi:candelabra"
							},
							"components": {
								"minecraft:destroy_time": 0.3,
								"minecraft:explosion_resistance": 1,
								"minecraft:map_color": "#3A3D47",
								"minecraft:entity_collision": {
									"origin": [
										-6,
										0,
										-6
									],
									"size": [
										12,
										16,
										12
									]
								},
								"minecraft:pick_collision": {
									"origin": [
										-6,
										0,
										-6
									],
									"size": [
										12,
										16,
										12
									]
								},
								"minecraft:block_light_absorption": 0,
								"minecraft:block_light_emission": 0.8,
								"minecraft:material_instances": {
									"*": {
										"texture": "candelabra",
										"render_method": "alpha_test",
										"ambient_occlusion": false,
										"face_dimming": true
									}
								},
								"minecraft:geometry": "geometry.candelabra",
								"minecraft:ticking": {
									"looping": true,
									"range": [
										2,
										2
									],
									"on_tick": {
										"event": "flame"
									}
								},
								"minecraft:on_player_placing": {
									"event": "flame"
								},
								"minecraft:placement_filter": {
									"conditions": [
										{
											"allowed_faces": [
												"up"
											]
										}
									]
								},
								"minecraft:on_placed": {
									"event": "flame"
								}
							},
							"events": {
								"flame": {
									"run_command": {
										"command": [
											"particle boi:candelabra_fire ~~1.52~",
											"particle boi:candelabra_fire ~0.3~1.35~0.3",
											"particle boi:candelabra_fire ~-0.3~1.35~-0.3",
											"particle boi:candelabra_fire ~0.3~1.35~-0.3",
											"particle boi:candelabra_fire ~-0.3~1.35~0.3"
										]
									}
								}
							}
						},
						"key": "components",
						"children": [
							{
								"data": "0.3",
								"key": "minecraft:destroy_time"
							},
							{
								"data": "1",
								"key": "minecraft:explosion_resistance"
							},
							{
								"data": "#3A3D47",
								"key": "minecraft:map_color"
							},
							{
								"key": "minecraft:entity_collision",
								"children": [
									{
										"key": "origin",
										"is_minified": true,
										"children": [
											-6,
											0,
											-6
										]
									},
									{
										"open": {
											"origin": [
												-6,
												0,
												-6
											],
											"size": [
												12,
												16,
												12
											]
										},
										"key": "size",
										"is_minified": true,
										"children": [
											12,
											16,
											12
										]
									}
								]
							},
							{
								"key": "minecraft:pick_collision",
								"children": [
									{
										"key": "origin",
										"is_minified": true,
										"children": [
											-6,
											0,
											-6
										]
									},
									{
										"open": {
											"origin": [
												-6,
												0,
												-6
											],
											"size": [
												12,
												16,
												12
											]
										},
										"key": "size",
										"is_minified": true,
										"children": [
											12,
											16,
											12
										]
									}
								]
							},
							{
								"data": "0.0",
								"key": "minecraft:block_light_absorption"
							},
							{
								"data": "0.8",
								"key": "minecraft:block_light_emission"
							},
							{
								"key": "minecraft:material_instances",
								"children": [
									{
										"open": {
											"*": {
												"texture": "candelabra",
												"render_method": "alpha_test",
												"ambient_occlusion": false,
												"face_dimming": true
											}
										},
										"key": "*",
										"is_minified": true,
										"children": {
											"texture": "candelabra",
											"render_method": "alpha_test",
											"ambient_occlusion": false,
											"face_dimming": true
										}
									}
								]
							},
							{
								"data": "geometry.candelabra",
								"key": "minecraft:geometry"
							},
							{
								"key": "minecraft:ticking",
								"children": [
									{
										"data": "true",
										"key": "looping"
									},
									{
										"open": {
											"looping": true,
											"range": [
												2,
												2
											],
											"on_tick": {
												"event": "flame"
											}
										},
										"key": "range",
										"is_minified": true,
										"children": [
											2,
											2
										]
									},
									{
										"open": {
											"looping": true,
											"range": [
												2,
												2
											],
											"on_tick": {
												"event": "flame"
											}
										},
										"key": "on_tick",
										"is_minified": true,
										"children": {
											"event": "flame"
										}
									}
								]
							},
							{
								"key": "minecraft:on_player_placing",
								"is_minified": true,
								"children": {
									"event": "flame"
								}
							},
							{
								"key": "minecraft:placement_filter",
								"children": [
									{
										"key": "conditions",
										"children": [
											{
												"open": [
													{
														"allowed_faces": [
															"up"
														]
													}
												],
												"children": [
													{
														"open": {
															"allowed_faces": [
																"up"
															]
														},
														"key": "allowed_faces",
														"is_minified": true,
														"children": [
															"up"
														]
													}
												]
											}
										]
									}
								]
							},
							{
								"open": {
									"minecraft:destroy_time": 0.3,
									"minecraft:explosion_resistance": 1,
									"minecraft:map_color": "#3A3D47",
									"minecraft:entity_collision": {
										"origin": [
											-6,
											0,
											-6
										],
										"size": [
											12,
											16,
											12
										]
									},
									"minecraft:pick_collision": {
										"origin": [
											-6,
											0,
											-6
										],
										"size": [
											12,
											16,
											12
										]
									},
									"minecraft:block_light_absorption": 0,
									"minecraft:block_light_emission": 0.8,
									"minecraft:material_instances": {
										"*": {
											"texture": "candelabra",
											"render_method": "alpha_test",
											"ambient_occlusion": false,
											"face_dimming": true
										}
									},
									"minecraft:geometry": "geometry.candelabra",
									"minecraft:ticking": {
										"looping": true,
										"range": [
											2,
											2
										],
										"on_tick": {
											"event": "flame"
										}
									},
									"minecraft:on_player_placing": {
										"event": "flame"
									},
									"minecraft:placement_filter": {
										"conditions": [
											{
												"allowed_faces": [
													"up"
												]
											}
										]
									},
									"minecraft:on_placed": {
										"event": "flame"
									}
								},
								"key": "minecraft:on_placed",
								"is_minified": true,
								"children": {
									"event": "flame"
								}
							}
						]
					},
					{
						"open": {
							"description": {
								"identifier": "boi:candelabra"
							},
							"components": {
								"minecraft:destroy_time": 0.3,
								"minecraft:explosion_resistance": 1,
								"minecraft:map_color": "#3A3D47",
								"minecraft:entity_collision": {
									"origin": [
										-6,
										0,
										-6
									],
									"size": [
										12,
										16,
										12
									]
								},
								"minecraft:pick_collision": {
									"origin": [
										-6,
										0,
										-6
									],
									"size": [
										12,
										16,
										12
									]
								},
								"minecraft:block_light_absorption": 0,
								"minecraft:block_light_emission": 0.8,
								"minecraft:material_instances": {
									"*": {
										"texture": "candelabra",
										"render_method": "alpha_test",
										"ambient_occlusion": false,
										"face_dimming": true
									}
								},
								"minecraft:geometry": "geometry.candelabra",
								"minecraft:ticking": {
									"looping": true,
									"range": [
										2,
										2
									],
									"on_tick": {
										"event": "flame"
									}
								},
								"minecraft:on_player_placing": {
									"event": "flame"
								},
								"minecraft:placement_filter": {
									"conditions": [
										{
											"allowed_faces": [
												"up"
											]
										}
									]
								},
								"minecraft:on_placed": {
									"event": "flame"
								}
							},
							"events": {
								"flame": {
									"run_command": {
										"command": [
											"particle boi:candelabra_fire ~~1.52~",
											"particle boi:candelabra_fire ~0.3~1.35~0.3",
											"particle boi:candelabra_fire ~-0.3~1.35~-0.3",
											"particle boi:candelabra_fire ~0.3~1.35~-0.3",
											"particle boi:candelabra_fire ~-0.3~1.35~0.3"
										]
									}
								}
							}
						},
						"key": "events",
						"children": [
							{
								"open": {
									"flame": {
										"run_command": {
											"command": [
												"particle boi:candelabra_fire ~~1.52~",
												"particle boi:candelabra_fire ~0.3~1.35~0.3",
												"particle boi:candelabra_fire ~-0.3~1.35~-0.3",
												"particle boi:candelabra_fire ~0.3~1.35~-0.3",
												"particle boi:candelabra_fire ~-0.3~1.35~0.3"
											]
										}
									}
								},
								"key": "flame",
								"children": [
									{
										"open": {
											"run_command": {
												"command": [
													"particle boi:candelabra_fire ~~1.52~",
													"particle boi:candelabra_fire ~0.3~1.35~0.3",
													"particle boi:candelabra_fire ~-0.3~1.35~-0.3",
													"particle boi:candelabra_fire ~0.3~1.35~-0.3",
													"particle boi:candelabra_fire ~-0.3~1.35~0.3"
												]
											}
										},
										"key": "run_command",
										"children": [
											{
												"open": {
													"command": [
														"particle boi:candelabra_fire ~~1.52~",
														"particle boi:candelabra_fire ~0.3~1.35~0.3",
														"particle boi:candelabra_fire ~-0.3~1.35~-0.3",
														"particle boi:candelabra_fire ~0.3~1.35~-0.3",
														"particle boi:candelabra_fire ~-0.3~1.35~0.3"
													]
												},
												"key": "command",
												"is_minified": true,
												"children": [
													"particle boi:candelabra_fire ~~1.52~",
													"particle boi:candelabra_fire ~0.3~1.35~0.3",
													"particle boi:candelabra_fire ~-0.3~1.35~-0.3",
													"particle boi:candelabra_fire ~0.3~1.35~-0.3",
													"particle boi:candelabra_fire ~-0.3~1.35~0.3"
												]
											}
										]
									}
								]
							}
						]
					}
				]
			}
		]
	}
}