{
	"file_path": "C:\\Users\\fiddy\\AppData\\Local\\Packages\\Microsoft.MinecraftUWP_8wekyb3d8bbwe\\LocalState\\games\\com.mojang\\development_behavior_packs\\H_DecorB\\blocks\\decoration_blocks\\coffin.json",
	"file_type": "block",
	"format_version": 1,
	"file_uuid": "c442ca0b_9947_4479_ba28_c1ba4eef8c9c",
	"file_version": 64,
	"cache_content": {
		"children": [
			{
				"data": "1.17.0",
				"key": "format_version"
			},
			{
				"open": {
					"format_version": "1.17.0",
					"minecraft:block": {
						"description": {
							"identifier": "boi:coffin",
							"properties": {
								"boi:inversion": [
									0,
									1
								],
								"boi:direction": [
									0,
									1,
									2,
									3
								]
							}
						},
						"components": {
							"minecraft:destroy_time": 0.3,
							"minecraft:on_player_placing": {
								"event": "on_placed"
							},
							"minecraft:block_light_absorption": 0,
							"minecraft:breathability": "air",
							"minecraft:material_instances": {
								"*": {
									"texture": "coffin"
								}
							},
							"minecraft:pick_collision": {
								"origin": [
									-8,
									0,
									-8
								],
								"size": [
									16,
									9,
									16
								]
							},
							"minecraft:entity_collision": {
								"origin": [
									-8,
									0,
									-8
								],
								"size": [
									16,
									9,
									16
								]
							}
						},
						"permutations": [
							{
								"condition": "q.block_property('boi:direction') == 0",
								"components": {
									"minecraft:rotation": [
										0,
										0,
										0
									]
								}
							},
							{
								"condition": "q.block_property('boi:direction') == 1",
								"components": {
									"minecraft:rotation": [
										0,
										180,
										0
									]
								}
							},
							{
								"condition": "q.block_property('boi:direction') == 2",
								"components": {
									"minecraft:rotation": [
										0,
										90,
										0
									]
								}
							},
							{
								"condition": "q.block_property('boi:direction') == 3",
								"components": {
									"minecraft:rotation": [
										0,
										270,
										0
									]
								}
							},
							{
								"condition": "q.block_property('boi:inversion') == 0",
								"components": {
									"minecraft:geometry": "geometry.coffin"
								}
							},
							{
								"condition": "q.block_property('boi:inversion') == 1",
								"components": {
									"minecraft:geometry": "geometry.coffin1",
									"minecraft:pick_collision": {
										"origin": [
											-8,
											0,
											-8
										],
										"size": [
											16,
											16,
											9
										]
									},
									"minecraft:entity_collision": {
										"origin": [
											-8,
											0,
											-8
										],
										"size": [
											16,
											16,
											9
										]
									}
								}
							}
						],
						"events": {
							"on_placed": {
								"sequence": [
									{
										"set_block_property": {
											"boi:direction": "query.cardinal_facing_2d - 2"
										}
									},
									{
										"set_block_property": {
											"boi:inversion": 1
										},
										"condition": "query.block_face != 1 && query.block_face != 0"
									}
								]
							}
						}
					}
				},
				"key": "minecraft:block",
				"children": [
					{
						"open": {
							"description": {
								"identifier": "boi:coffin",
								"properties": {
									"boi:inversion": [
										0,
										1
									],
									"boi:direction": [
										0,
										1,
										2,
										3
									]
								}
							},
							"components": {
								"minecraft:destroy_time": 0.3,
								"minecraft:on_player_placing": {
									"event": "on_placed"
								},
								"minecraft:block_light_absorption": 0,
								"minecraft:breathability": "air",
								"minecraft:material_instances": {
									"*": {
										"texture": "coffin"
									}
								},
								"minecraft:pick_collision": {
									"origin": [
										-8,
										0,
										-8
									],
									"size": [
										16,
										9,
										16
									]
								},
								"minecraft:entity_collision": {
									"origin": [
										-8,
										0,
										-8
									],
									"size": [
										16,
										9,
										16
									]
								}
							},
							"permutations": [
								{
									"condition": "q.block_property('boi:direction') == 0",
									"components": {
										"minecraft:rotation": [
											0,
											0,
											0
										]
									}
								},
								{
									"condition": "q.block_property('boi:direction') == 1",
									"components": {
										"minecraft:rotation": [
											0,
											180,
											0
										]
									}
								},
								{
									"condition": "q.block_property('boi:direction') == 2",
									"components": {
										"minecraft:rotation": [
											0,
											90,
											0
										]
									}
								},
								{
									"condition": "q.block_property('boi:direction') == 3",
									"components": {
										"minecraft:rotation": [
											0,
											270,
											0
										]
									}
								},
								{
									"condition": "q.block_property('boi:inversion') == 0",
									"components": {
										"minecraft:geometry": "geometry.coffin"
									}
								},
								{
									"condition": "q.block_property('boi:inversion') == 1",
									"components": {
										"minecraft:geometry": "geometry.coffin1",
										"minecraft:pick_collision": {
											"origin": [
												-8,
												0,
												-8
											],
											"size": [
												16,
												16,
												9
											]
										},
										"minecraft:entity_collision": {
											"origin": [
												-8,
												0,
												-8
											],
											"size": [
												16,
												16,
												9
											]
										}
									}
								}
							],
							"events": {
								"on_placed": {
									"sequence": [
										{
											"set_block_property": {
												"boi:direction": "query.cardinal_facing_2d - 2"
											}
										},
										{
											"set_block_property": {
												"boi:inversion": 1
											},
											"condition": "query.block_face != 1 && query.block_face != 0"
										}
									]
								}
							}
						},
						"key": "description",
						"children": [
							{
								"data": "boi:coffin",
								"key": "identifier"
							},
							{
								"open": {
									"identifier": "boi:coffin",
									"properties": {
										"boi:inversion": [
											0,
											1
										],
										"boi:direction": [
											0,
											1,
											2,
											3
										]
									}
								},
								"key": "properties",
								"children": [
									{
										"key": "boi:inversion",
										"is_minified": true,
										"children": [
											0,
											1
										]
									},
									{
										"open": {
											"boi:inversion": [
												0,
												1
											],
											"boi:direction": [
												0,
												1,
												2,
												3
											]
										},
										"key": "boi:direction",
										"is_minified": true,
										"children": [
											0,
											1,
											2,
											3
										]
									}
								]
							}
						]
					},
					{
						"open": {
							"description": {
								"identifier": "boi:coffin",
								"properties": {
									"boi:inversion": [
										0,
										1
									],
									"boi:direction": [
										0,
										1,
										2,
										3
									]
								}
							},
							"components": {
								"minecraft:destroy_time": 0.3,
								"minecraft:on_player_placing": {
									"event": "on_placed"
								},
								"minecraft:block_light_absorption": 0,
								"minecraft:breathability": "air",
								"minecraft:material_instances": {
									"*": {
										"texture": "coffin"
									}
								},
								"minecraft:pick_collision": {
									"origin": [
										-8,
										0,
										-8
									],
									"size": [
										16,
										9,
										16
									]
								},
								"minecraft:entity_collision": {
									"origin": [
										-8,
										0,
										-8
									],
									"size": [
										16,
										9,
										16
									]
								}
							},
							"permutations": [
								{
									"condition": "q.block_property('boi:direction') == 0",
									"components": {
										"minecraft:rotation": [
											0,
											0,
											0
										]
									}
								},
								{
									"condition": "q.block_property('boi:direction') == 1",
									"components": {
										"minecraft:rotation": [
											0,
											180,
											0
										]
									}
								},
								{
									"condition": "q.block_property('boi:direction') == 2",
									"components": {
										"minecraft:rotation": [
											0,
											90,
											0
										]
									}
								},
								{
									"condition": "q.block_property('boi:direction') == 3",
									"components": {
										"minecraft:rotation": [
											0,
											270,
											0
										]
									}
								},
								{
									"condition": "q.block_property('boi:inversion') == 0",
									"components": {
										"minecraft:geometry": "geometry.coffin"
									}
								},
								{
									"condition": "q.block_property('boi:inversion') == 1",
									"components": {
										"minecraft:geometry": "geometry.coffin1",
										"minecraft:pick_collision": {
											"origin": [
												-8,
												0,
												-8
											],
											"size": [
												16,
												16,
												9
											]
										},
										"minecraft:entity_collision": {
											"origin": [
												-8,
												0,
												-8
											],
											"size": [
												16,
												16,
												9
											]
										}
									}
								}
							],
							"events": {
								"on_placed": {
									"sequence": [
										{
											"set_block_property": {
												"boi:direction": "query.cardinal_facing_2d - 2"
											}
										},
										{
											"set_block_property": {
												"boi:inversion": 1
											},
											"condition": "query.block_face != 1 && query.block_face != 0"
										}
									]
								}
							}
						},
						"key": "components",
						"children": [
							{
								"data": "0.3",
								"key": "minecraft:destroy_time"
							},
							{
								"key": "minecraft:on_player_placing",
								"is_minified": true,
								"children": {
									"event": "on_placed"
								}
							},
							{
								"data": "0",
								"key": "minecraft:block_light_absorption"
							},
							{
								"data": "air",
								"key": "minecraft:breathability"
							},
							{
								"key": "minecraft:material_instances",
								"children": [
									{
										"open": {
											"*": {
												"texture": "coffin"
											}
										},
										"key": "*",
										"is_minified": true,
										"children": {
											"texture": "coffin"
										}
									}
								]
							},
							{
								"key": "minecraft:pick_collision",
								"is_minified": true,
								"children": {
									"origin": [
										-8,
										0,
										-8
									],
									"size": [
										16,
										9,
										16
									]
								}
							},
							{
								"key": "minecraft:entity_collision",
								"is_minified": true,
								"children": {
									"origin": [
										-8,
										0,
										-8
									],
									"size": [
										16,
										9,
										16
									]
								}
							}
						]
					},
					{
						"key": "permutations",
						"children": [
							{
								"children": [
									{
										"open": {
											"condition": "q.block_property('boi:direction') == 0",
											"components": {
												"minecraft:rotation": [
													0,
													0,
													0
												]
											}
										},
										"data": "q.block_property('boi:direction') == 0",
										"key": "condition"
									},
									{
										"open": {
											"condition": "q.block_property('boi:direction') == 0",
											"components": {
												"minecraft:rotation": [
													0,
													0,
													0
												]
											}
										},
										"key": "components",
										"children": [
											{
												"open": {
													"minecraft:rotation": [
														0,
														0,
														0
													]
												},
												"key": "minecraft:rotation",
												"is_minified": true,
												"children": [
													0,
													0,
													0
												]
											}
										]
									}
								]
							},
							{
								"children": [
									{
										"open": {
											"condition": "q.block_property('boi:direction') == 1",
											"components": {
												"minecraft:rotation": [
													0,
													180,
													0
												]
											}
										},
										"data": "q.block_property('boi:direction') == 1",
										"key": "condition"
									},
									{
										"open": {
											"condition": "q.block_property('boi:direction') == 1",
											"components": {
												"minecraft:rotation": [
													0,
													180,
													0
												]
											}
										},
										"key": "components",
										"children": [
											{
												"open": {
													"minecraft:rotation": [
														0,
														180,
														0
													]
												},
												"key": "minecraft:rotation",
												"is_minified": true,
												"children": [
													0,
													180,
													0
												]
											}
										]
									}
								]
							},
							{
								"children": [
									{
										"open": {
											"condition": "q.block_property('boi:direction') == 2",
											"components": {
												"minecraft:rotation": [
													0,
													90,
													0
												]
											}
										},
										"data": "q.block_property('boi:direction') == 2",
										"key": "condition"
									},
									{
										"open": {
											"condition": "q.block_property('boi:direction') == 2",
											"components": {
												"minecraft:rotation": [
													0,
													90,
													0
												]
											}
										},
										"key": "components",
										"children": [
											{
												"open": {
													"minecraft:rotation": [
														0,
														90,
														0
													]
												},
												"key": "minecraft:rotation",
												"is_minified": true,
												"children": [
													0,
													90,
													0
												]
											}
										]
									}
								]
							},
							{
								"children": [
									{
										"open": {
											"condition": "q.block_property('boi:direction') == 3",
											"components": {
												"minecraft:rotation": [
													0,
													270,
													0
												]
											}
										},
										"data": "q.block_property('boi:direction') == 3",
										"key": "condition"
									},
									{
										"open": {
											"condition": "q.block_property('boi:direction') == 3",
											"components": {
												"minecraft:rotation": [
													0,
													270,
													0
												]
											}
										},
										"key": "components",
										"children": [
											{
												"open": {
													"minecraft:rotation": [
														0,
														270,
														0
													]
												},
												"key": "minecraft:rotation",
												"is_minified": true,
												"children": [
													0,
													270,
													0
												]
											}
										]
									}
								]
							},
							{
								"children": [
									{
										"data": "q.block_property('boi:inversion') == 0",
										"key": "condition"
									},
									{
										"open": {
											"condition": "q.block_property('boi:inversion') == 0",
											"components": {
												"minecraft:geometry": "geometry.coffin"
											}
										},
										"key": "components",
										"is_minified": true,
										"children": {
											"minecraft:geometry": "geometry.coffin"
										}
									}
								]
							},
							{
								"children": [
									{
										"data": "q.block_property('boi:inversion') == 1",
										"key": "condition"
									},
									{
										"open": {
											"condition": "q.block_property('boi:inversion') == 1",
											"components": {
												"minecraft:geometry": "geometry.coffin1",
												"minecraft:pick_collision": {
													"origin": [
														-8,
														0,
														-8
													],
													"size": [
														16,
														16,
														9
													]
												},
												"minecraft:entity_collision": {
													"origin": [
														-8,
														0,
														-8
													],
													"size": [
														16,
														16,
														9
													]
												}
											}
										},
										"key": "components",
										"children": [
											{
												"data": "geometry.coffin1",
												"key": "minecraft:geometry"
											},
											{
												"open": {
													"minecraft:geometry": "geometry.coffin1",
													"minecraft:pick_collision": {
														"origin": [
															-8,
															0,
															-8
														],
														"size": [
															16,
															16,
															9
														]
													},
													"minecraft:entity_collision": {
														"origin": [
															-8,
															0,
															-8
														],
														"size": [
															16,
															16,
															9
														]
													}
												},
												"key": "minecraft:pick_collision",
												"is_minified": true,
												"children": {
													"origin": [
														-8,
														0,
														-8
													],
													"size": [
														16,
														16,
														9
													]
												}
											},
											{
												"open": {
													"minecraft:geometry": "geometry.coffin1",
													"minecraft:pick_collision": {
														"origin": [
															-8,
															0,
															-8
														],
														"size": [
															16,
															16,
															9
														]
													},
													"minecraft:entity_collision": {
														"origin": [
															-8,
															0,
															-8
														],
														"size": [
															16,
															16,
															9
														]
													}
												},
												"key": "minecraft:entity_collision",
												"is_minified": true,
												"children": {
													"origin": [
														-8,
														0,
														-8
													],
													"size": [
														16,
														16,
														9
													]
												}
											}
										]
									}
								]
							}
						]
					},
					{
						"open": {
							"description": {
								"identifier": "boi:coffin",
								"properties": {
									"boi:inversion": [
										0,
										1
									],
									"boi:direction": [
										0,
										1,
										2,
										3
									]
								}
							},
							"components": {
								"minecraft:destroy_time": 0.3,
								"minecraft:on_player_placing": {
									"event": "on_placed"
								},
								"minecraft:block_light_absorption": 0,
								"minecraft:breathability": "air",
								"minecraft:material_instances": {
									"*": {
										"texture": "coffin"
									}
								},
								"minecraft:pick_collision": {
									"origin": [
										-8,
										0,
										-8
									],
									"size": [
										16,
										9,
										16
									]
								},
								"minecraft:entity_collision": {
									"origin": [
										-8,
										0,
										-8
									],
									"size": [
										16,
										9,
										16
									]
								}
							},
							"permutations": [
								{
									"condition": "q.block_property('boi:direction') == 0",
									"components": {
										"minecraft:rotation": [
											0,
											0,
											0
										]
									}
								},
								{
									"condition": "q.block_property('boi:direction') == 1",
									"components": {
										"minecraft:rotation": [
											0,
											180,
											0
										]
									}
								},
								{
									"condition": "q.block_property('boi:direction') == 2",
									"components": {
										"minecraft:rotation": [
											0,
											90,
											0
										]
									}
								},
								{
									"condition": "q.block_property('boi:direction') == 3",
									"components": {
										"minecraft:rotation": [
											0,
											270,
											0
										]
									}
								},
								{
									"condition": "q.block_property('boi:inversion') == 0",
									"components": {
										"minecraft:geometry": "geometry.coffin"
									}
								},
								{
									"condition": "q.block_property('boi:inversion') == 1",
									"components": {
										"minecraft:geometry": "geometry.coffin1",
										"minecraft:pick_collision": {
											"origin": [
												-8,
												0,
												-8
											],
											"size": [
												16,
												16,
												9
											]
										},
										"minecraft:entity_collision": {
											"origin": [
												-8,
												0,
												-8
											],
											"size": [
												16,
												16,
												9
											]
										}
									}
								}
							],
							"events": {
								"on_placed": {
									"sequence": [
										{
											"set_block_property": {
												"boi:direction": "query.cardinal_facing_2d - 2"
											}
										},
										{
											"set_block_property": {
												"boi:inversion": 1
											},
											"condition": "query.block_face != 1 && query.block_face != 0"
										}
									]
								}
							}
						},
						"key": "events",
						"children": [
							{
								"open": {
									"on_placed": {
										"sequence": [
											{
												"set_block_property": {
													"boi:direction": "query.cardinal_facing_2d - 2"
												}
											},
											{
												"set_block_property": {
													"boi:inversion": 1
												},
												"condition": "query.block_face != 1 && query.block_face != 0"
											}
										]
									}
								},
								"key": "on_placed",
								"children": [
									{
										"open": {
											"sequence": [
												{
													"set_block_property": {
														"boi:direction": "query.cardinal_facing_2d - 2"
													}
												},
												{
													"set_block_property": {
														"boi:inversion": 1
													},
													"condition": "query.block_face != 1 && query.block_face != 0"
												}
											]
										},
										"key": "sequence",
										"children": [
											{
												"open": [
													{
														"set_block_property": {
															"boi:direction": "query.cardinal_facing_2d - 2"
														}
													},
													{
														"set_block_property": {
															"boi:inversion": 1
														},
														"condition": "query.block_face != 1 && query.block_face != 0"
													}
												],
												"children": [
													{
														"open": {
															"set_block_property": {
																"boi:direction": "query.cardinal_facing_2d - 2"
															}
														},
														"key": "set_block_property",
														"is_minified": true,
														"children": {
															"boi:direction": "query.cardinal_facing_2d - 2"
														}
													}
												]
											},
											{
												"children": [
													{
														"open": {
															"set_block_property": {
																"boi:inversion": 1
															},
															"condition": "query.block_face != 1 && query.block_face != 0"
														},
														"key": "set_block_property",
														"is_minified": true,
														"children": {
															"boi:inversion": 1
														}
													},
													{
														"open": {
															"set_block_property": {
																"boi:inversion": 1
															},
															"condition": "query.block_face != 1 && query.block_face != 0"
														},
														"data": "query.block_face != 1 && query.block_face != 0",
														"key": "condition"
													}
												]
											}
										]
									}
								]
							}
						]
					}
				]
			}
		]
	}
}