{
	"file_path": "C:\\Users\\fiddy\\AppData\\Local\\Packages\\Microsoft.MinecraftUWP_8wekyb3d8bbwe\\LocalState\\games\\com.mojang\\development_behavior_packs\\H_DecorB\\blocks\\decoration_blocks\\disguised_zombie.json",
	"file_type": "block",
	"format_version": 1,
	"file_uuid": "5ee02298_7e48_4fdd_a70e_3bb16823c004",
	"file_version": 35,
	"cache_content": {
		"children": [
			{
				"data": "1.17.0",
				"key": "format_version"
			},
			{
				"open": {
					"format_version": "1.17.0",
					"minecraft:block": {
						"description": {
							"identifier": "boi:disguised_zombie",
							"properties": {
								"boi:pose": [
									0,
									1,
									2,
									3
								],
								"boi:direction": [
									0,
									1,
									2,
									3
								]
							}
						},
						"components": {
							"minecraft:destroy_time": 0.3,
							"minecraft:material_instances": {
								"*": {
									"texture": "zombie_block",
									"ambient_occlusion": false,
									"face_dimming": true,
									"render_method": "alpha_test"
								}
							},
							"minecraft:placement_filter": {
								"conditions": [
									{
										"allowed_faces": [
											"up",
											"side"
										]
									}
								]
							},
							"minecraft:on_player_placing": {
								"event": "on_placed"
							},
							"minecraft:geometry": "geometry.zombie.block0",
							"minecraft:entity_collision": false,
							"minecraft:block_light_absorption": 0,
							"minecraft:breathability": "air",
							"minecraft:pick_collision": {
								"origin": [
									-6,
									0,
									-6
								],
								"size": [
									12,
									16,
									12
								]
							}
						},
						"permutations": [
							{
								"condition": "q.block_property('boi:direction') == 0",
								"components": {
									"minecraft:rotation": [
										0,
										0,
										0
									]
								}
							},
							{
								"condition": "q.block_property('boi:direction') == 1",
								"components": {
									"minecraft:rotation": [
										0,
										180,
										0
									]
								}
							},
							{
								"condition": "q.block_property('boi:direction') == 2",
								"components": {
									"minecraft:rotation": [
										0,
										90,
										0
									]
								}
							},
							{
								"condition": "q.block_property('boi:direction') == 3",
								"components": {
									"minecraft:rotation": [
										0,
										270,
										0
									]
								}
							},
							{
								"condition": "q.block_property('boi:pose') == 0",
								"components": {
									"minecraft:geometry": "geometry.zombie.block0"
								}
							},
							{
								"condition": "q.block_property('boi:pose') == 1",
								"components": {
									"minecraft:geometry": "geometry.zombie.block1"
								}
							},
							{
								"condition": "q.block_property('boi:pose') == 2",
								"components": {
									"minecraft:geometry": "geometry.zombie.block2"
								}
							},
							{
								"condition": "q.block_property('boi:pose') == 3",
								"components": {
									"minecraft:geometry": "geometry.zombie.block3"
								}
							}
						],
						"events": {
							"on_placed": {
								"sequence": [
									{
										"set_block_property": {
											"boi:direction": "query.cardinal_facing_2d - 2"
										}
									},
									{
										"randomize": [
											{
												"weight": 100,
												"set_block_property": {
													"boi:pose": 1
												}
											},
											{
												"weight": 100,
												"set_block_property": {
													"boi:pose": 2
												}
											},
											{
												"weight": 100,
												"set_block_property": {
													"boi:pose": 3
												}
											}
										]
									}
								]
							}
						}
					}
				},
				"key": "minecraft:block",
				"children": [
					{
						"open": {
							"description": {
								"identifier": "boi:disguised_zombie",
								"properties": {
									"boi:pose": [
										0,
										1,
										2,
										3
									],
									"boi:direction": [
										0,
										1,
										2,
										3
									]
								}
							},
							"components": {
								"minecraft:destroy_time": 0.3,
								"minecraft:material_instances": {
									"*": {
										"texture": "zombie_block",
										"ambient_occlusion": false,
										"face_dimming": true,
										"render_method": "alpha_test"
									}
								},
								"minecraft:placement_filter": {
									"conditions": [
										{
											"allowed_faces": [
												"up",
												"side"
											]
										}
									]
								},
								"minecraft:on_player_placing": {
									"event": "on_placed"
								},
								"minecraft:geometry": "geometry.zombie.block0",
								"minecraft:entity_collision": false,
								"minecraft:block_light_absorption": 0,
								"minecraft:breathability": "air",
								"minecraft:pick_collision": {
									"origin": [
										-6,
										0,
										-6
									],
									"size": [
										12,
										16,
										12
									]
								}
							},
							"permutations": [
								{
									"condition": "q.block_property('boi:direction') == 0",
									"components": {
										"minecraft:rotation": [
											0,
											0,
											0
										]
									}
								},
								{
									"condition": "q.block_property('boi:direction') == 1",
									"components": {
										"minecraft:rotation": [
											0,
											180,
											0
										]
									}
								},
								{
									"condition": "q.block_property('boi:direction') == 2",
									"components": {
										"minecraft:rotation": [
											0,
											90,
											0
										]
									}
								},
								{
									"condition": "q.block_property('boi:direction') == 3",
									"components": {
										"minecraft:rotation": [
											0,
											270,
											0
										]
									}
								},
								{
									"condition": "q.block_property('boi:pose') == 0",
									"components": {
										"minecraft:geometry": "geometry.zombie.block0"
									}
								},
								{
									"condition": "q.block_property('boi:pose') == 1",
									"components": {
										"minecraft:geometry": "geometry.zombie.block1"
									}
								},
								{
									"condition": "q.block_property('boi:pose') == 2",
									"components": {
										"minecraft:geometry": "geometry.zombie.block2"
									}
								},
								{
									"condition": "q.block_property('boi:pose') == 3",
									"components": {
										"minecraft:geometry": "geometry.zombie.block3"
									}
								}
							],
							"events": {
								"on_placed": {
									"sequence": [
										{
											"set_block_property": {
												"boi:direction": "query.cardinal_facing_2d - 2"
											}
										},
										{
											"randomize": [
												{
													"weight": 100,
													"set_block_property": {
														"boi:pose": 1
													}
												},
												{
													"weight": 100,
													"set_block_property": {
														"boi:pose": 2
													}
												},
												{
													"weight": 100,
													"set_block_property": {
														"boi:pose": 3
													}
												}
											]
										}
									]
								}
							}
						},
						"key": "description",
						"is_minified": true,
						"children": {
							"identifier": "boi:disguised_zombie",
							"properties": {
								"boi:pose": [
									0,
									1,
									2,
									3
								],
								"boi:direction": [
									0,
									1,
									2,
									3
								]
							}
						}
					},
					{
						"open": {
							"description": {
								"identifier": "boi:disguised_zombie",
								"properties": {
									"boi:pose": [
										0,
										1,
										2,
										3
									],
									"boi:direction": [
										0,
										1,
										2,
										3
									]
								}
							},
							"components": {
								"minecraft:destroy_time": 0.3,
								"minecraft:material_instances": {
									"*": {
										"texture": "zombie_block",
										"ambient_occlusion": false,
										"face_dimming": true,
										"render_method": "alpha_test"
									}
								},
								"minecraft:placement_filter": {
									"conditions": [
										{
											"allowed_faces": [
												"up",
												"side"
											]
										}
									]
								},
								"minecraft:on_player_placing": {
									"event": "on_placed"
								},
								"minecraft:geometry": "geometry.zombie.block0",
								"minecraft:entity_collision": false,
								"minecraft:block_light_absorption": 0,
								"minecraft:breathability": "air",
								"minecraft:pick_collision": {
									"origin": [
										-6,
										0,
										-6
									],
									"size": [
										12,
										16,
										12
									]
								}
							},
							"permutations": [
								{
									"condition": "q.block_property('boi:direction') == 0",
									"components": {
										"minecraft:rotation": [
											0,
											0,
											0
										]
									}
								},
								{
									"condition": "q.block_property('boi:direction') == 1",
									"components": {
										"minecraft:rotation": [
											0,
											180,
											0
										]
									}
								},
								{
									"condition": "q.block_property('boi:direction') == 2",
									"components": {
										"minecraft:rotation": [
											0,
											90,
											0
										]
									}
								},
								{
									"condition": "q.block_property('boi:direction') == 3",
									"components": {
										"minecraft:rotation": [
											0,
											270,
											0
										]
									}
								},
								{
									"condition": "q.block_property('boi:pose') == 0",
									"components": {
										"minecraft:geometry": "geometry.zombie.block0"
									}
								},
								{
									"condition": "q.block_property('boi:pose') == 1",
									"components": {
										"minecraft:geometry": "geometry.zombie.block1"
									}
								},
								{
									"condition": "q.block_property('boi:pose') == 2",
									"components": {
										"minecraft:geometry": "geometry.zombie.block2"
									}
								},
								{
									"condition": "q.block_property('boi:pose') == 3",
									"components": {
										"minecraft:geometry": "geometry.zombie.block3"
									}
								}
							],
							"events": {
								"on_placed": {
									"sequence": [
										{
											"set_block_property": {
												"boi:direction": "query.cardinal_facing_2d - 2"
											}
										},
										{
											"randomize": [
												{
													"weight": 100,
													"set_block_property": {
														"boi:pose": 1
													}
												},
												{
													"weight": 100,
													"set_block_property": {
														"boi:pose": 2
													}
												},
												{
													"weight": 100,
													"set_block_property": {
														"boi:pose": 3
													}
												}
											]
										}
									]
								}
							}
						},
						"key": "components",
						"is_minified": true,
						"children": {
							"minecraft:destroy_time": 0.3,
							"minecraft:material_instances": {
								"*": {
									"texture": "zombie_block",
									"ambient_occlusion": false,
									"face_dimming": true,
									"render_method": "alpha_test"
								}
							},
							"minecraft:placement_filter": {
								"conditions": [
									{
										"allowed_faces": [
											"up",
											"side"
										]
									}
								]
							},
							"minecraft:on_player_placing": {
								"event": "on_placed"
							},
							"minecraft:geometry": "geometry.zombie.block0",
							"minecraft:entity_collision": false,
							"minecraft:block_light_absorption": 0,
							"minecraft:breathability": "air",
							"minecraft:pick_collision": {
								"origin": [
									-6,
									0,
									-6
								],
								"size": [
									12,
									16,
									12
								]
							}
						}
					},
					{
						"key": "permutations",
						"children": [
							{
								"children": [
									{
										"open": {
											"condition": "q.block_property('boi:direction') == 0",
											"components": {
												"minecraft:rotation": [
													0,
													0,
													0
												]
											}
										},
										"data": "q.block_property('boi:direction') == 0",
										"key": "condition"
									},
									{
										"open": {
											"condition": "q.block_property('boi:direction') == 0",
											"components": {
												"minecraft:rotation": [
													0,
													0,
													0
												]
											}
										},
										"key": "components",
										"children": [
											{
												"open": {
													"minecraft:rotation": [
														0,
														0,
														0
													]
												},
												"key": "minecraft:rotation",
												"is_minified": true,
												"children": [
													0,
													0,
													0
												]
											}
										]
									}
								]
							},
							{
								"children": [
									{
										"open": {
											"condition": "q.block_property('boi:direction') == 1",
											"components": {
												"minecraft:rotation": [
													0,
													180,
													0
												]
											}
										},
										"data": "q.block_property('boi:direction') == 1",
										"key": "condition"
									},
									{
										"open": {
											"condition": "q.block_property('boi:direction') == 1",
											"components": {
												"minecraft:rotation": [
													0,
													180,
													0
												]
											}
										},
										"key": "components",
										"children": [
											{
												"open": {
													"minecraft:rotation": [
														0,
														180,
														0
													]
												},
												"key": "minecraft:rotation",
												"is_minified": true,
												"children": [
													0,
													180,
													0
												]
											}
										]
									}
								]
							},
							{
								"children": [
									{
										"open": {
											"condition": "q.block_property('boi:direction') == 2",
											"components": {
												"minecraft:rotation": [
													0,
													90,
													0
												]
											}
										},
										"data": "q.block_property('boi:direction') == 2",
										"key": "condition"
									},
									{
										"open": {
											"condition": "q.block_property('boi:direction') == 2",
											"components": {
												"minecraft:rotation": [
													0,
													90,
													0
												]
											}
										},
										"key": "components",
										"children": [
											{
												"open": {
													"minecraft:rotation": [
														0,
														90,
														0
													]
												},
												"key": "minecraft:rotation",
												"is_minified": true,
												"children": [
													0,
													90,
													0
												]
											}
										]
									}
								]
							},
							{
								"children": [
									{
										"open": {
											"condition": "q.block_property('boi:direction') == 3",
											"components": {
												"minecraft:rotation": [
													0,
													270,
													0
												]
											}
										},
										"data": "q.block_property('boi:direction') == 3",
										"key": "condition"
									},
									{
										"open": {
											"condition": "q.block_property('boi:direction') == 3",
											"components": {
												"minecraft:rotation": [
													0,
													270,
													0
												]
											}
										},
										"key": "components",
										"children": [
											{
												"open": {
													"minecraft:rotation": [
														0,
														270,
														0
													]
												},
												"key": "minecraft:rotation",
												"is_minified": true,
												"children": [
													0,
													270,
													0
												]
											}
										]
									}
								]
							},
							{
								"is_minified": true,
								"children": {
									"condition": "q.block_property('boi:pose') == 0",
									"components": {
										"minecraft:geometry": "geometry.zombie.block0"
									}
								}
							},
							{
								"is_minified": true,
								"children": {
									"condition": "q.block_property('boi:pose') == 1",
									"components": {
										"minecraft:geometry": "geometry.zombie.block1"
									}
								}
							},
							{
								"is_minified": true,
								"children": {
									"condition": "q.block_property('boi:pose') == 2",
									"components": {
										"minecraft:geometry": "geometry.zombie.block2"
									}
								}
							},
							{
								"is_minified": true,
								"children": {
									"condition": "q.block_property('boi:pose') == 3",
									"components": {
										"minecraft:geometry": "geometry.zombie.block3"
									}
								}
							}
						]
					},
					{
						"key": "events",
						"children": [
							{
								"key": "on_placed",
								"children": [
									{
										"open": {
											"sequence": [
												{
													"set_block_property": {
														"boi:direction": "query.cardinal_facing_2d - 2"
													}
												},
												{
													"randomize": [
														{
															"weight": 100,
															"set_block_property": {
																"boi:pose": 1
															}
														},
														{
															"weight": 100,
															"set_block_property": {
																"boi:pose": 2
															}
														},
														{
															"weight": 100,
															"set_block_property": {
																"boi:pose": 3
															}
														}
													]
												}
											]
										},
										"key": "sequence",
										"children": [
											{
												"open": [
													{
														"set_block_property": {
															"boi:direction": "query.cardinal_facing_2d - 2"
														}
													},
													{
														"randomize": [
															{
																"weight": 100,
																"set_block_property": {
																	"boi:pose": 1
																}
															},
															{
																"weight": 100,
																"set_block_property": {
																	"boi:pose": 2
																}
															},
															{
																"weight": 100,
																"set_block_property": {
																	"boi:pose": 3
																}
															}
														]
													}
												],
												"children": [
													{
														"open": {
															"set_block_property": {
																"boi:direction": "query.cardinal_facing_2d - 2"
															}
														},
														"key": "set_block_property",
														"is_minified": true,
														"children": {
															"boi:direction": "query.cardinal_facing_2d - 2"
														}
													}
												]
											},
											{
												"open": [
													{
														"set_block_property": {
															"boi:direction": "query.cardinal_facing_2d - 2"
														}
													},
													{
														"randomize": [
															{
																"weight": 100,
																"set_block_property": {
																	"boi:pose": 1
																}
															},
															{
																"weight": 100,
																"set_block_property": {
																	"boi:pose": 2
																}
															},
															{
																"weight": 100,
																"set_block_property": {
																	"boi:pose": 3
																}
															}
														]
													}
												],
												"children": [
													{
														"open": {
															"randomize": [
																{
																	"weight": 100,
																	"set_block_property": {
																		"boi:pose": 1
																	}
																},
																{
																	"weight": 100,
																	"set_block_property": {
																		"boi:pose": 2
																	}
																},
																{
																	"weight": 100,
																	"set_block_property": {
																		"boi:pose": 3
																	}
																}
															]
														},
														"key": "randomize",
														"children": [
															{
																"open": [
																	{
																		"weight": 100,
																		"set_block_property": {
																			"boi:pose": 1
																		}
																	},
																	{
																		"weight": 100,
																		"set_block_property": {
																			"boi:pose": 2
																		}
																	},
																	{
																		"weight": 100,
																		"set_block_property": {
																			"boi:pose": 3
																		}
																	}
																],
																"children": [
																	{
																		"open": {
																			"weight": 100,
																			"set_block_property": {
																				"boi:pose": 1
																			}
																		},
																		"data": "100",
																		"key": "weight"
																	},
																	{
																		"open": {
																			"weight": 100,
																			"set_block_property": {
																				"boi:pose": 1
																			}
																		},
																		"key": "set_block_property",
																		"is_minified": true,
																		"children": {
																			"boi:pose": 1
																		}
																	}
																]
															},
															{
																"open": [
																	{
																		"weight": 100,
																		"set_block_property": {
																			"boi:pose": 1
																		}
																	},
																	{
																		"weight": 100,
																		"set_block_property": {
																			"boi:pose": 2
																		}
																	},
																	{
																		"weight": 100,
																		"set_block_property": {
																			"boi:pose": 3
																		}
																	}
																],
																"children": [
																	{
																		"open": {
																			"weight": 100,
																			"set_block_property": {
																				"boi:pose": 2
																			}
																		},
																		"data": "100",
																		"key": "weight"
																	},
																	{
																		"open": {
																			"weight": 100,
																			"set_block_property": {
																				"boi:pose": 2
																			}
																		},
																		"key": "set_block_property",
																		"is_minified": true,
																		"children": {
																			"boi:pose": 2
																		}
																	}
																]
															},
															{
																"open": [
																	{
																		"weight": 100,
																		"set_block_property": {
																			"boi:pose": 1
																		}
																	},
																	{
																		"weight": 100,
																		"set_block_property": {
																			"boi:pose": 2
																		}
																	},
																	{
																		"weight": 100,
																		"set_block_property": {
																			"boi:pose": 3
																		}
																	}
																],
																"children": [
																	{
																		"open": {
																			"weight": 100,
																			"set_block_property": {
																				"boi:pose": 3
																			}
																		},
																		"data": "100",
																		"key": "weight"
																	},
																	{
																		"open": {
																			"weight": 100,
																			"set_block_property": {
																				"boi:pose": 3
																			}
																		},
																		"key": "set_block_property",
																		"is_minified": true,
																		"children": {
																			"boi:pose": 3
																		}
																	}
																]
															}
														]
													}
												]
											}
										]
									}
								]
							}
						]
					}
				]
			}
		]
	}
}