{
	"file_path": "C:\\Users\\fiddy\\AppData\\Local\\Packages\\Microsoft.MinecraftUWP_8wekyb3d8bbwe\\LocalState\\games\\com.mojang\\development_behavior_packs\\H_DecorB\\blocks\\decoration_blocks\\ghost.json",
	"file_type": "block",
	"format_version": 1,
	"file_uuid": "00ee0991_f0c1_47ad_a119_bb23cf47cf31",
	"file_version": 48,
	"cache_content": {
		"children": [
			{
				"data": "1.17.0",
				"key": "format_version"
			},
			{
				"open": {
					"format_version": "1.17.0",
					"minecraft:block": {
						"description": {
							"identifier": "boi:decoration_ghost",
							"properties": {
								"boi:pose": [
									0,
									1,
									2,
									3
								],
								"boi:inversion": [
									0,
									1
								],
								"boi:direction": [
									0,
									1,
									2,
									3
								]
							}
						},
						"components": {
							"minecraft:destroy_time": 0.3,
							"minecraft:on_player_placing": {
								"event": "on_placed"
							},
							"minecraft:geometry": "geometry.ghost.block0",
							"minecraft:entity_collision": false,
							"minecraft:block_light_absorption": 0,
							"minecraft:breathability": "air",
							"minecraft:pick_collision": {
								"origin": [
									-6,
									0,
									-6
								],
								"size": [
									12,
									16,
									12
								]
							}
						},
						"permutations": [
							{
								"condition": "q.block_property('boi:direction') == 0",
								"components": {
									"minecraft:rotation": [
										0,
										0,
										0
									]
								}
							},
							{
								"condition": "q.block_property('boi:direction') == 1",
								"components": {
									"minecraft:rotation": [
										0,
										180,
										0
									]
								}
							},
							{
								"condition": "q.block_property('boi:direction') == 2",
								"components": {
									"minecraft:rotation": [
										0,
										90,
										0
									]
								}
							},
							{
								"condition": "q.block_property('boi:direction') == 3",
								"components": {
									"minecraft:rotation": [
										0,
										270,
										0
									]
								}
							},
							{
								"condition": "q.block_property('boi:pose') == 0",
								"components": {
									"minecraft:material_instances": {
										"*": {
											"texture": "ghost_block_held",
											"ambient_occlusion": false,
											"face_dimming": true,
											"render_method": "blend"
										}
									}
								}
							},
							{
								"condition": "q.block_property('boi:pose') == 1",
								"components": {
									"minecraft:material_instances": {
										"*": {
											"texture": "ghost_block0",
											"ambient_occlusion": false,
											"face_dimming": true,
											"render_method": "blend"
										}
									}
								}
							},
							{
								"condition": "q.block_property('boi:pose') == 2",
								"components": {
									"minecraft:material_instances": {
										"*": {
											"texture": "ghost_block1",
											"ambient_occlusion": false,
											"face_dimming": true,
											"render_method": "blend"
										}
									}
								}
							},
							{
								"condition": "q.block_property('boi:pose') == 3",
								"components": {
									"minecraft:material_instances": {
										"*": {
											"texture": "ghost_block2",
											"ambient_occlusion": false,
											"face_dimming": true,
											"render_method": "blend"
										}
									}
								}
							},
							{
								"condition": "q.block_property('boi:inversion') == 0",
								"components": {
									"minecraft:geometry": "geometry.ghost.block0"
								}
							},
							{
								"condition": "q.block_property('boi:inversion') == 1",
								"components": {
									"minecraft:geometry": "geometry.ghost.block1"
								}
							}
						],
						"events": {
							"on_placed": {
								"sequence": [
									{
										"set_block_property": {
											"boi:direction": "query.cardinal_facing_2d - 2"
										}
									},
									{
										"randomize": [
											{
												"weight": 100,
												"set_block_property": {
													"boi:pose": 1
												}
											},
											{
												"weight": 100,
												"set_block_property": {
													"boi:pose": 2
												}
											},
											{
												"weight": 100,
												"set_block_property": {
													"boi:pose": 3
												}
											}
										]
									},
									{
										"set_block_property": {
											"boi:inversion": "query.cardinal_player_facing == 1 || query.block_face == 0"
										}
									}
								]
							}
						}
					}
				},
				"key": "minecraft:block",
				"children": [
					{
						"open": {
							"description": {
								"identifier": "boi:decoration_ghost",
								"properties": {
									"boi:pose": [
										0,
										1,
										2,
										3
									],
									"boi:inversion": [
										0,
										1
									],
									"boi:direction": [
										0,
										1,
										2,
										3
									]
								}
							},
							"components": {
								"minecraft:destroy_time": 0.3,
								"minecraft:on_player_placing": {
									"event": "on_placed"
								},
								"minecraft:geometry": "geometry.ghost.block0",
								"minecraft:entity_collision": false,
								"minecraft:block_light_absorption": 0,
								"minecraft:breathability": "air",
								"minecraft:pick_collision": {
									"origin": [
										-6,
										0,
										-6
									],
									"size": [
										12,
										16,
										12
									]
								}
							},
							"permutations": [
								{
									"condition": "q.block_property('boi:direction') == 0",
									"components": {
										"minecraft:rotation": [
											0,
											0,
											0
										]
									}
								},
								{
									"condition": "q.block_property('boi:direction') == 1",
									"components": {
										"minecraft:rotation": [
											0,
											180,
											0
										]
									}
								},
								{
									"condition": "q.block_property('boi:direction') == 2",
									"components": {
										"minecraft:rotation": [
											0,
											90,
											0
										]
									}
								},
								{
									"condition": "q.block_property('boi:direction') == 3",
									"components": {
										"minecraft:rotation": [
											0,
											270,
											0
										]
									}
								},
								{
									"condition": "q.block_property('boi:pose') == 0",
									"components": {
										"minecraft:material_instances": {
											"*": {
												"texture": "ghost_block_held",
												"ambient_occlusion": false,
												"face_dimming": true,
												"render_method": "blend"
											}
										}
									}
								},
								{
									"condition": "q.block_property('boi:pose') == 1",
									"components": {
										"minecraft:material_instances": {
											"*": {
												"texture": "ghost_block0",
												"ambient_occlusion": false,
												"face_dimming": true,
												"render_method": "blend"
											}
										}
									}
								},
								{
									"condition": "q.block_property('boi:pose') == 2",
									"components": {
										"minecraft:material_instances": {
											"*": {
												"texture": "ghost_block1",
												"ambient_occlusion": false,
												"face_dimming": true,
												"render_method": "blend"
											}
										}
									}
								},
								{
									"condition": "q.block_property('boi:pose') == 3",
									"components": {
										"minecraft:material_instances": {
											"*": {
												"texture": "ghost_block2",
												"ambient_occlusion": false,
												"face_dimming": true,
												"render_method": "blend"
											}
										}
									}
								},
								{
									"condition": "q.block_property('boi:inversion') == 0",
									"components": {
										"minecraft:geometry": "geometry.ghost.block0"
									}
								},
								{
									"condition": "q.block_property('boi:inversion') == 1",
									"components": {
										"minecraft:geometry": "geometry.ghost.block1"
									}
								}
							],
							"events": {
								"on_placed": {
									"sequence": [
										{
											"set_block_property": {
												"boi:direction": "query.cardinal_facing_2d - 2"
											}
										},
										{
											"randomize": [
												{
													"weight": 100,
													"set_block_property": {
														"boi:pose": 1
													}
												},
												{
													"weight": 100,
													"set_block_property": {
														"boi:pose": 2
													}
												},
												{
													"weight": 100,
													"set_block_property": {
														"boi:pose": 3
													}
												}
											]
										},
										{
											"set_block_property": {
												"boi:inversion": "query.cardinal_player_facing == 1 || query.block_face == 0"
											}
										}
									]
								}
							}
						},
						"key": "description",
						"children": [
							{
								"data": "boi:decoration_ghost",
								"key": "identifier"
							},
							{
								"open": {
									"identifier": "boi:decoration_ghost",
									"properties": {
										"boi:pose": [
											0,
											1,
											2,
											3
										],
										"boi:inversion": [
											0,
											1
										],
										"boi:direction": [
											0,
											1,
											2,
											3
										]
									}
								},
								"key": "properties",
								"is_minified": true,
								"children": {
									"boi:pose": [
										0,
										1,
										2,
										3
									],
									"boi:inversion": [
										0,
										1
									],
									"boi:direction": [
										0,
										1,
										2,
										3
									]
								}
							}
						]
					},
					{
						"key": "components",
						"is_minified": true,
						"children": {
							"minecraft:destroy_time": 0.3,
							"minecraft:on_player_placing": {
								"event": "on_placed"
							},
							"minecraft:geometry": "geometry.ghost.block0",
							"minecraft:entity_collision": false,
							"minecraft:block_light_absorption": 0,
							"minecraft:breathability": "air",
							"minecraft:pick_collision": {
								"origin": [
									-6,
									0,
									-6
								],
								"size": [
									12,
									16,
									12
								]
							}
						}
					},
					{
						"open": {
							"description": {
								"identifier": "boi:decoration_ghost",
								"properties": {
									"boi:pose": [
										0,
										1,
										2,
										3
									],
									"boi:inversion": [
										0,
										1
									],
									"boi:direction": [
										0,
										1,
										2,
										3
									]
								}
							},
							"components": {
								"minecraft:destroy_time": 0.3,
								"minecraft:on_player_placing": {
									"event": "on_placed"
								},
								"minecraft:geometry": "geometry.ghost.block0",
								"minecraft:entity_collision": false,
								"minecraft:block_light_absorption": 0,
								"minecraft:breathability": "air",
								"minecraft:pick_collision": {
									"origin": [
										-6,
										0,
										-6
									],
									"size": [
										12,
										16,
										12
									]
								}
							},
							"permutations": [
								{
									"condition": "q.block_property('boi:direction') == 0",
									"components": {
										"minecraft:rotation": [
											0,
											0,
											0
										]
									}
								},
								{
									"condition": "q.block_property('boi:direction') == 1",
									"components": {
										"minecraft:rotation": [
											0,
											180,
											0
										]
									}
								},
								{
									"condition": "q.block_property('boi:direction') == 2",
									"components": {
										"minecraft:rotation": [
											0,
											90,
											0
										]
									}
								},
								{
									"condition": "q.block_property('boi:direction') == 3",
									"components": {
										"minecraft:rotation": [
											0,
											270,
											0
										]
									}
								},
								{
									"condition": "q.block_property('boi:pose') == 0",
									"components": {
										"minecraft:material_instances": {
											"*": {
												"texture": "ghost_block_held",
												"ambient_occlusion": false,
												"face_dimming": true,
												"render_method": "blend"
											}
										}
									}
								},
								{
									"condition": "q.block_property('boi:pose') == 1",
									"components": {
										"minecraft:material_instances": {
											"*": {
												"texture": "ghost_block0",
												"ambient_occlusion": false,
												"face_dimming": true,
												"render_method": "blend"
											}
										}
									}
								},
								{
									"condition": "q.block_property('boi:pose') == 2",
									"components": {
										"minecraft:material_instances": {
											"*": {
												"texture": "ghost_block1",
												"ambient_occlusion": false,
												"face_dimming": true,
												"render_method": "blend"
											}
										}
									}
								},
								{
									"condition": "q.block_property('boi:pose') == 3",
									"components": {
										"minecraft:material_instances": {
											"*": {
												"texture": "ghost_block2",
												"ambient_occlusion": false,
												"face_dimming": true,
												"render_method": "blend"
											}
										}
									}
								},
								{
									"condition": "q.block_property('boi:inversion') == 0",
									"components": {
										"minecraft:geometry": "geometry.ghost.block0"
									}
								},
								{
									"condition": "q.block_property('boi:inversion') == 1",
									"components": {
										"minecraft:geometry": "geometry.ghost.block1"
									}
								}
							],
							"events": {
								"on_placed": {
									"sequence": [
										{
											"set_block_property": {
												"boi:direction": "query.cardinal_facing_2d - 2"
											}
										},
										{
											"randomize": [
												{
													"weight": 100,
													"set_block_property": {
														"boi:pose": 1
													}
												},
												{
													"weight": 100,
													"set_block_property": {
														"boi:pose": 2
													}
												},
												{
													"weight": 100,
													"set_block_property": {
														"boi:pose": 3
													}
												}
											]
										},
										{
											"set_block_property": {
												"boi:inversion": "query.cardinal_player_facing == 1 || query.block_face == 0"
											}
										}
									]
								}
							}
						},
						"key": "permutations",
						"children": [
							{
								"open": [
									{
										"condition": "q.block_property('boi:direction') == 0",
										"components": {
											"minecraft:rotation": [
												0,
												0,
												0
											]
										}
									},
									{
										"condition": "q.block_property('boi:direction') == 1",
										"components": {
											"minecraft:rotation": [
												0,
												180,
												0
											]
										}
									},
									{
										"condition": "q.block_property('boi:direction') == 2",
										"components": {
											"minecraft:rotation": [
												0,
												90,
												0
											]
										}
									},
									{
										"condition": "q.block_property('boi:direction') == 3",
										"components": {
											"minecraft:rotation": [
												0,
												270,
												0
											]
										}
									},
									{
										"condition": "q.block_property('boi:pose') == 0",
										"components": {
											"minecraft:material_instances": {
												"*": {
													"texture": "ghost_block_held",
													"ambient_occlusion": false,
													"face_dimming": true,
													"render_method": "blend"
												}
											}
										}
									},
									{
										"condition": "q.block_property('boi:pose') == 1",
										"components": {
											"minecraft:material_instances": {
												"*": {
													"texture": "ghost_block0",
													"ambient_occlusion": false,
													"face_dimming": true,
													"render_method": "blend"
												}
											}
										}
									},
									{
										"condition": "q.block_property('boi:pose') == 2",
										"components": {
											"minecraft:material_instances": {
												"*": {
													"texture": "ghost_block1",
													"ambient_occlusion": false,
													"face_dimming": true,
													"render_method": "blend"
												}
											}
										}
									},
									{
										"condition": "q.block_property('boi:pose') == 3",
										"components": {
											"minecraft:material_instances": {
												"*": {
													"texture": "ghost_block2",
													"ambient_occlusion": false,
													"face_dimming": true,
													"render_method": "blend"
												}
											}
										}
									},
									{
										"condition": "q.block_property('boi:inversion') == 0",
										"components": {
											"minecraft:geometry": "geometry.ghost.block0"
										}
									},
									{
										"condition": "q.block_property('boi:inversion') == 1",
										"components": {
											"minecraft:geometry": "geometry.ghost.block1"
										}
									}
								],
								"children": [
									{
										"open": {
											"condition": "q.block_property('boi:direction') == 0",
											"components": {
												"minecraft:rotation": [
													0,
													0,
													0
												]
											}
										},
										"data": "q.block_property('boi:direction') == 0",
										"key": "condition"
									},
									{
										"open": {
											"condition": "q.block_property('boi:direction') == 0",
											"components": {
												"minecraft:rotation": [
													0,
													0,
													0
												]
											}
										},
										"key": "components",
										"children": [
											{
												"open": {
													"minecraft:rotation": [
														0,
														0,
														0
													]
												},
												"key": "minecraft:rotation",
												"is_minified": true,
												"children": [
													0,
													0,
													0
												]
											}
										]
									}
								]
							},
							{
								"open": [
									{
										"condition": "q.block_property('boi:direction') == 0",
										"components": {
											"minecraft:rotation": [
												0,
												0,
												0
											]
										}
									},
									{
										"condition": "q.block_property('boi:direction') == 1",
										"components": {
											"minecraft:rotation": [
												0,
												180,
												0
											]
										}
									},
									{
										"condition": "q.block_property('boi:direction') == 2",
										"components": {
											"minecraft:rotation": [
												0,
												90,
												0
											]
										}
									},
									{
										"condition": "q.block_property('boi:direction') == 3",
										"components": {
											"minecraft:rotation": [
												0,
												270,
												0
											]
										}
									},
									{
										"condition": "q.block_property('boi:pose') == 0",
										"components": {
											"minecraft:material_instances": {
												"*": {
													"texture": "ghost_block_held",
													"ambient_occlusion": false,
													"face_dimming": true,
													"render_method": "blend"
												}
											}
										}
									},
									{
										"condition": "q.block_property('boi:pose') == 1",
										"components": {
											"minecraft:material_instances": {
												"*": {
													"texture": "ghost_block0",
													"ambient_occlusion": false,
													"face_dimming": true,
													"render_method": "blend"
												}
											}
										}
									},
									{
										"condition": "q.block_property('boi:pose') == 2",
										"components": {
											"minecraft:material_instances": {
												"*": {
													"texture": "ghost_block1",
													"ambient_occlusion": false,
													"face_dimming": true,
													"render_method": "blend"
												}
											}
										}
									},
									{
										"condition": "q.block_property('boi:pose') == 3",
										"components": {
											"minecraft:material_instances": {
												"*": {
													"texture": "ghost_block2",
													"ambient_occlusion": false,
													"face_dimming": true,
													"render_method": "blend"
												}
											}
										}
									},
									{
										"condition": "q.block_property('boi:inversion') == 0",
										"components": {
											"minecraft:geometry": "geometry.ghost.block0"
										}
									},
									{
										"condition": "q.block_property('boi:inversion') == 1",
										"components": {
											"minecraft:geometry": "geometry.ghost.block1"
										}
									}
								],
								"children": [
									{
										"open": {
											"condition": "q.block_property('boi:direction') == 1",
											"components": {
												"minecraft:rotation": [
													0,
													180,
													0
												]
											}
										},
										"data": "q.block_property('boi:direction') == 1",
										"key": "condition"
									},
									{
										"open": {
											"condition": "q.block_property('boi:direction') == 1",
											"components": {
												"minecraft:rotation": [
													0,
													180,
													0
												]
											}
										},
										"key": "components",
										"children": [
											{
												"open": {
													"minecraft:rotation": [
														0,
														180,
														0
													]
												},
												"key": "minecraft:rotation",
												"is_minified": true,
												"children": [
													0,
													180,
													0
												]
											}
										]
									}
								]
							},
							{
								"open": [
									{
										"condition": "q.block_property('boi:direction') == 0",
										"components": {
											"minecraft:rotation": [
												0,
												0,
												0
											]
										}
									},
									{
										"condition": "q.block_property('boi:direction') == 1",
										"components": {
											"minecraft:rotation": [
												0,
												180,
												0
											]
										}
									},
									{
										"condition": "q.block_property('boi:direction') == 2",
										"components": {
											"minecraft:rotation": [
												0,
												90,
												0
											]
										}
									},
									{
										"condition": "q.block_property('boi:direction') == 3",
										"components": {
											"minecraft:rotation": [
												0,
												270,
												0
											]
										}
									},
									{
										"condition": "q.block_property('boi:pose') == 0",
										"components": {
											"minecraft:material_instances": {
												"*": {
													"texture": "ghost_block_held",
													"ambient_occlusion": false,
													"face_dimming": true,
													"render_method": "blend"
												}
											}
										}
									},
									{
										"condition": "q.block_property('boi:pose') == 1",
										"components": {
											"minecraft:material_instances": {
												"*": {
													"texture": "ghost_block0",
													"ambient_occlusion": false,
													"face_dimming": true,
													"render_method": "blend"
												}
											}
										}
									},
									{
										"condition": "q.block_property('boi:pose') == 2",
										"components": {
											"minecraft:material_instances": {
												"*": {
													"texture": "ghost_block1",
													"ambient_occlusion": false,
													"face_dimming": true,
													"render_method": "blend"
												}
											}
										}
									},
									{
										"condition": "q.block_property('boi:pose') == 3",
										"components": {
											"minecraft:material_instances": {
												"*": {
													"texture": "ghost_block2",
													"ambient_occlusion": false,
													"face_dimming": true,
													"render_method": "blend"
												}
											}
										}
									},
									{
										"condition": "q.block_property('boi:inversion') == 0",
										"components": {
											"minecraft:geometry": "geometry.ghost.block0"
										}
									},
									{
										"condition": "q.block_property('boi:inversion') == 1",
										"components": {
											"minecraft:geometry": "geometry.ghost.block1"
										}
									}
								],
								"children": [
									{
										"open": {
											"condition": "q.block_property('boi:direction') == 2",
											"components": {
												"minecraft:rotation": [
													0,
													90,
													0
												]
											}
										},
										"data": "q.block_property('boi:direction') == 2",
										"key": "condition"
									},
									{
										"open": {
											"condition": "q.block_property('boi:direction') == 2",
											"components": {
												"minecraft:rotation": [
													0,
													90,
													0
												]
											}
										},
										"key": "components",
										"children": [
											{
												"open": {
													"minecraft:rotation": [
														0,
														90,
														0
													]
												},
												"key": "minecraft:rotation",
												"is_minified": true,
												"children": [
													0,
													90,
													0
												]
											}
										]
									}
								]
							},
							{
								"open": [
									{
										"condition": "q.block_property('boi:direction') == 0",
										"components": {
											"minecraft:rotation": [
												0,
												0,
												0
											]
										}
									},
									{
										"condition": "q.block_property('boi:direction') == 1",
										"components": {
											"minecraft:rotation": [
												0,
												180,
												0
											]
										}
									},
									{
										"condition": "q.block_property('boi:direction') == 2",
										"components": {
											"minecraft:rotation": [
												0,
												90,
												0
											]
										}
									},
									{
										"condition": "q.block_property('boi:direction') == 3",
										"components": {
											"minecraft:rotation": [
												0,
												270,
												0
											]
										}
									},
									{
										"condition": "q.block_property('boi:pose') == 0",
										"components": {
											"minecraft:material_instances": {
												"*": {
													"texture": "ghost_block_held",
													"ambient_occlusion": false,
													"face_dimming": true,
													"render_method": "blend"
												}
											}
										}
									},
									{
										"condition": "q.block_property('boi:pose') == 1",
										"components": {
											"minecraft:material_instances": {
												"*": {
													"texture": "ghost_block0",
													"ambient_occlusion": false,
													"face_dimming": true,
													"render_method": "blend"
												}
											}
										}
									},
									{
										"condition": "q.block_property('boi:pose') == 2",
										"components": {
											"minecraft:material_instances": {
												"*": {
													"texture": "ghost_block1",
													"ambient_occlusion": false,
													"face_dimming": true,
													"render_method": "blend"
												}
											}
										}
									},
									{
										"condition": "q.block_property('boi:pose') == 3",
										"components": {
											"minecraft:material_instances": {
												"*": {
													"texture": "ghost_block2",
													"ambient_occlusion": false,
													"face_dimming": true,
													"render_method": "blend"
												}
											}
										}
									},
									{
										"condition": "q.block_property('boi:inversion') == 0",
										"components": {
											"minecraft:geometry": "geometry.ghost.block0"
										}
									},
									{
										"condition": "q.block_property('boi:inversion') == 1",
										"components": {
											"minecraft:geometry": "geometry.ghost.block1"
										}
									}
								],
								"children": [
									{
										"open": {
											"condition": "q.block_property('boi:direction') == 3",
											"components": {
												"minecraft:rotation": [
													0,
													270,
													0
												]
											}
										},
										"data": "q.block_property('boi:direction') == 3",
										"key": "condition"
									},
									{
										"open": {
											"condition": "q.block_property('boi:direction') == 3",
											"components": {
												"minecraft:rotation": [
													0,
													270,
													0
												]
											}
										},
										"key": "components",
										"children": [
											{
												"open": {
													"minecraft:rotation": [
														0,
														270,
														0
													]
												},
												"key": "minecraft:rotation",
												"is_minified": true,
												"children": [
													0,
													270,
													0
												]
											}
										]
									}
								]
							},
							{
								"is_minified": true,
								"children": {
									"condition": "q.block_property('boi:pose') == 0",
									"components": {
										"minecraft:material_instances": {
											"*": {
												"texture": "ghost_block_held",
												"ambient_occlusion": false,
												"face_dimming": true,
												"render_method": "blend"
											}
										}
									}
								}
							},
							{
								"is_minified": true,
								"children": {
									"condition": "q.block_property('boi:pose') == 1",
									"components": {
										"minecraft:material_instances": {
											"*": {
												"texture": "ghost_block0",
												"ambient_occlusion": false,
												"face_dimming": true,
												"render_method": "blend"
											}
										}
									}
								}
							},
							{
								"is_minified": true,
								"children": {
									"condition": "q.block_property('boi:pose') == 2",
									"components": {
										"minecraft:material_instances": {
											"*": {
												"texture": "ghost_block1",
												"ambient_occlusion": false,
												"face_dimming": true,
												"render_method": "blend"
											}
										}
									}
								}
							},
							{
								"is_minified": true,
								"children": {
									"condition": "q.block_property('boi:pose') == 3",
									"components": {
										"minecraft:material_instances": {
											"*": {
												"texture": "ghost_block2",
												"ambient_occlusion": false,
												"face_dimming": true,
												"render_method": "blend"
											}
										}
									}
								}
							},
							{
								"is_minified": true,
								"children": {
									"condition": "q.block_property('boi:inversion') == 0",
									"components": {
										"minecraft:geometry": "geometry.ghost.block0"
									}
								}
							},
							{
								"is_minified": true,
								"children": {
									"condition": "q.block_property('boi:inversion') == 1",
									"components": {
										"minecraft:geometry": "geometry.ghost.block1"
									}
								}
							}
						]
					},
					{
						"key": "events",
						"children": [
							{
								"open": {
									"on_placed": {
										"sequence": [
											{
												"set_block_property": {
													"boi:direction": "query.cardinal_facing_2d - 2"
												}
											},
											{
												"randomize": [
													{
														"weight": 100,
														"set_block_property": {
															"boi:pose": 1
														}
													},
													{
														"weight": 100,
														"set_block_property": {
															"boi:pose": 2
														}
													},
													{
														"weight": 100,
														"set_block_property": {
															"boi:pose": 3
														}
													}
												]
											},
											{
												"set_block_property": {
													"boi:inversion": "query.cardinal_player_facing == 1 || query.block_face == 0"
												}
											}
										]
									}
								},
								"key": "on_placed",
								"children": [
									{
										"open": {
											"sequence": [
												{
													"set_block_property": {
														"boi:direction": "query.cardinal_facing_2d - 2"
													}
												},
												{
													"randomize": [
														{
															"weight": 100,
															"set_block_property": {
																"boi:pose": 1
															}
														},
														{
															"weight": 100,
															"set_block_property": {
																"boi:pose": 2
															}
														},
														{
															"weight": 100,
															"set_block_property": {
																"boi:pose": 3
															}
														}
													]
												},
												{
													"set_block_property": {
														"boi:inversion": "query.cardinal_player_facing == 1 || query.block_face == 0"
													}
												}
											]
										},
										"key": "sequence",
										"children": [
											{
												"open": [
													{
														"set_block_property": {
															"boi:direction": "query.cardinal_facing_2d - 2"
														}
													},
													{
														"randomize": [
															{
																"weight": 100,
																"set_block_property": {
																	"boi:pose": 1
																}
															},
															{
																"weight": 100,
																"set_block_property": {
																	"boi:pose": 2
																}
															},
															{
																"weight": 100,
																"set_block_property": {
																	"boi:pose": 3
																}
															}
														]
													},
													{
														"set_block_property": {
															"boi:inversion": "query.cardinal_player_facing == 1 || query.block_face == 0"
														}
													}
												],
												"children": [
													{
														"open": {
															"set_block_property": {
																"boi:direction": "query.cardinal_facing_2d - 2"
															}
														},
														"key": "set_block_property",
														"is_minified": true,
														"children": {
															"boi:direction": "query.cardinal_facing_2d - 2"
														}
													}
												]
											},
											{
												"is_minified": true,
												"children": {
													"randomize": [
														{
															"weight": 100,
															"set_block_property": {
																"boi:pose": 1
															}
														},
														{
															"weight": 100,
															"set_block_property": {
																"boi:pose": 2
															}
														},
														{
															"weight": 100,
															"set_block_property": {
																"boi:pose": 3
															}
														}
													]
												}
											},
											{
												"is_minified": true,
												"children": {
													"set_block_property": {
														"boi:inversion": "query.cardinal_player_facing == 1 || query.block_face == 0"
													}
												}
											}
										]
									}
								]
							}
						]
					}
				]
			}
		]
	}
}