{
	"file_path": "C:\\Users\\fiddy\\AppData\\Local\\Packages\\Microsoft.MinecraftUWP_8wekyb3d8bbwe\\LocalState\\games\\com.mojang\\development_behavior_packs\\H_DecorB\\blocks\\decoration_blocks\\lantern_ghost.json",
	"file_type": "block",
	"format_version": 1,
	"file_uuid": "6396134d_4699_4c38_8da9_cf4ac5766b55",
	"file_version": 60,
	"cache_content": {
		"children": [
			{
				"data": "1.17.0",
				"key": "format_version"
			},
			{
				"open": {
					"format_version": "1.17.0",
					"minecraft:block": {
						"description": {
							"identifier": "boi:lantern_ghost",
							"properties": {
								"boi:inversion": [
									0,
									1
								],
								"boi:direction": [
									0,
									1,
									2,
									3
								]
							}
						},
						"components": {
							"minecraft:destroy_time": 0.3,
							"minecraft:on_player_placing": {
								"event": "on_placed"
							},
							"minecraft:geometry": "geometry.lantern.ghost",
							"minecraft:entity_collision": false,
							"minecraft:block_light_absorption": 0,
							"minecraft:breathability": "air",
							"minecraft:pick_collision": {
								"origin": [
									-6,
									0,
									-6
								],
								"size": [
									12,
									16,
									12
								]
							},
							"minecraft:block_light_emission": 1,
							"minecraft:material_instances": {
								"*": {
									"texture": "lantern_ghost",
									"render_method": "alpha_test",
									"ambient_occlusion": false,
									"face_dimming": false
								}
							},
							"minecraft:placement_filter": {
								"conditions": [
									{
										"allowed_faces": [
											"up",
											"down"
										]
									}
								]
							}
						},
						"permutations": [
							{
								"condition": "q.block_property('boi:direction') == 0",
								"components": {
									"minecraft:rotation": [
										0,
										0,
										0
									]
								}
							},
							{
								"condition": "q.block_property('boi:direction') == 1",
								"components": {
									"minecraft:rotation": [
										0,
										180,
										0
									]
								}
							},
							{
								"condition": "q.block_property('boi:direction') == 2",
								"components": {
									"minecraft:rotation": [
										0,
										90,
										0
									]
								}
							},
							{
								"condition": "q.block_property('boi:direction') == 3",
								"components": {
									"minecraft:rotation": [
										0,
										270,
										0
									]
								}
							},
							{
								"condition": "q.block_property('boi:inversion') == 0",
								"components": {
									"minecraft:geometry": "geometry.lantern.ghost_ground",
									"minecraft:pick_collision": {
										"origin": [
											-3,
											0,
											-3
										],
										"size": [
											6,
											9,
											6
										]
									},
									"minecraft:entity_collision": {
										"origin": [
											-3,
											0,
											-3
										],
										"size": [
											6,
											9,
											6
										]
									}
								}
							},
							{
								"condition": "q.block_property('boi:inversion') == 1",
								"components": {
									"minecraft:geometry": "geometry.lantern.ghost",
									"minecraft:entity_collision": {
										"origin": [
											-3,
											2,
											-3
										],
										"size": [
											6,
											9,
											6
										]
									},
									"minecraft:pick_collision": {
										"origin": [
											-3,
											2,
											-3
										],
										"size": [
											6,
											9,
											6
										]
									}
								}
							}
						],
						"events": {
							"on_placed": {
								"sequence": [
									{
										"set_block_property": {
											"boi:direction": "query.cardinal_facing_2d - 2"
										}
									},
									{
										"set_block_property": {
											"boi:inversion": "query.cardinal_player_facing == 1 || query.block_face == 0"
										}
									}
								]
							}
						}
					}
				},
				"key": "minecraft:block",
				"children": [
					{
						"open": {
							"description": {
								"identifier": "boi:lantern_ghost",
								"properties": {
									"boi:inversion": [
										0,
										1
									],
									"boi:direction": [
										0,
										1,
										2,
										3
									]
								}
							},
							"components": {
								"minecraft:destroy_time": 0.3,
								"minecraft:on_player_placing": {
									"event": "on_placed"
								},
								"minecraft:geometry": "geometry.lantern.ghost",
								"minecraft:entity_collision": false,
								"minecraft:block_light_absorption": 0,
								"minecraft:breathability": "air",
								"minecraft:pick_collision": {
									"origin": [
										-6,
										0,
										-6
									],
									"size": [
										12,
										16,
										12
									]
								},
								"minecraft:block_light_emission": 1,
								"minecraft:material_instances": {
									"*": {
										"texture": "lantern_ghost",
										"render_method": "alpha_test",
										"ambient_occlusion": false,
										"face_dimming": false
									}
								},
								"minecraft:placement_filter": {
									"conditions": [
										{
											"allowed_faces": [
												"up",
												"down"
											]
										}
									]
								}
							},
							"permutations": [
								{
									"condition": "q.block_property('boi:direction') == 0",
									"components": {
										"minecraft:rotation": [
											0,
											0,
											0
										]
									}
								},
								{
									"condition": "q.block_property('boi:direction') == 1",
									"components": {
										"minecraft:rotation": [
											0,
											180,
											0
										]
									}
								},
								{
									"condition": "q.block_property('boi:direction') == 2",
									"components": {
										"minecraft:rotation": [
											0,
											90,
											0
										]
									}
								},
								{
									"condition": "q.block_property('boi:direction') == 3",
									"components": {
										"minecraft:rotation": [
											0,
											270,
											0
										]
									}
								},
								{
									"condition": "q.block_property('boi:inversion') == 0",
									"components": {
										"minecraft:geometry": "geometry.lantern.ghost_ground",
										"minecraft:pick_collision": {
											"origin": [
												-3,
												0,
												-3
											],
											"size": [
												6,
												9,
												6
											]
										},
										"minecraft:entity_collision": {
											"origin": [
												-3,
												0,
												-3
											],
											"size": [
												6,
												9,
												6
											]
										}
									}
								},
								{
									"condition": "q.block_property('boi:inversion') == 1",
									"components": {
										"minecraft:geometry": "geometry.lantern.ghost",
										"minecraft:entity_collision": {
											"origin": [
												-3,
												2,
												-3
											],
											"size": [
												6,
												9,
												6
											]
										},
										"minecraft:pick_collision": {
											"origin": [
												-3,
												2,
												-3
											],
											"size": [
												6,
												9,
												6
											]
										}
									}
								}
							],
							"events": {
								"on_placed": {
									"sequence": [
										{
											"set_block_property": {
												"boi:direction": "query.cardinal_facing_2d - 2"
											}
										},
										{
											"set_block_property": {
												"boi:inversion": "query.cardinal_player_facing == 1 || query.block_face == 0"
											}
										}
									]
								}
							}
						},
						"key": "description",
						"children": [
							{
								"data": "boi:lantern_ghost",
								"key": "identifier"
							},
							{
								"open": {
									"identifier": "boi:lantern_ghost",
									"properties": {
										"boi:inversion": [
											0,
											1
										],
										"boi:direction": [
											0,
											1,
											2,
											3
										]
									}
								},
								"key": "properties",
								"is_minified": true,
								"children": {
									"boi:inversion": [
										0,
										1
									],
									"boi:direction": [
										0,
										1,
										2,
										3
									]
								}
							}
						]
					},
					{
						"open": {
							"description": {
								"identifier": "boi:lantern_ghost",
								"properties": {
									"boi:inversion": [
										0,
										1
									],
									"boi:direction": [
										0,
										1,
										2,
										3
									]
								}
							},
							"components": {
								"minecraft:destroy_time": 0.3,
								"minecraft:on_player_placing": {
									"event": "on_placed"
								},
								"minecraft:geometry": "geometry.lantern.ghost",
								"minecraft:entity_collision": false,
								"minecraft:block_light_absorption": 0,
								"minecraft:breathability": "air",
								"minecraft:pick_collision": {
									"origin": [
										-6,
										0,
										-6
									],
									"size": [
										12,
										16,
										12
									]
								},
								"minecraft:block_light_emission": 1,
								"minecraft:material_instances": {
									"*": {
										"texture": "lantern_ghost",
										"render_method": "alpha_test",
										"ambient_occlusion": false,
										"face_dimming": false
									}
								},
								"minecraft:placement_filter": {
									"conditions": [
										{
											"allowed_faces": [
												"up",
												"down"
											]
										}
									]
								}
							},
							"permutations": [
								{
									"condition": "q.block_property('boi:direction') == 0",
									"components": {
										"minecraft:rotation": [
											0,
											0,
											0
										]
									}
								},
								{
									"condition": "q.block_property('boi:direction') == 1",
									"components": {
										"minecraft:rotation": [
											0,
											180,
											0
										]
									}
								},
								{
									"condition": "q.block_property('boi:direction') == 2",
									"components": {
										"minecraft:rotation": [
											0,
											90,
											0
										]
									}
								},
								{
									"condition": "q.block_property('boi:direction') == 3",
									"components": {
										"minecraft:rotation": [
											0,
											270,
											0
										]
									}
								},
								{
									"condition": "q.block_property('boi:inversion') == 0",
									"components": {
										"minecraft:geometry": "geometry.lantern.ghost_ground",
										"minecraft:pick_collision": {
											"origin": [
												-3,
												0,
												-3
											],
											"size": [
												6,
												9,
												6
											]
										},
										"minecraft:entity_collision": {
											"origin": [
												-3,
												0,
												-3
											],
											"size": [
												6,
												9,
												6
											]
										}
									}
								},
								{
									"condition": "q.block_property('boi:inversion') == 1",
									"components": {
										"minecraft:geometry": "geometry.lantern.ghost",
										"minecraft:entity_collision": {
											"origin": [
												-3,
												2,
												-3
											],
											"size": [
												6,
												9,
												6
											]
										},
										"minecraft:pick_collision": {
											"origin": [
												-3,
												2,
												-3
											],
											"size": [
												6,
												9,
												6
											]
										}
									}
								}
							],
							"events": {
								"on_placed": {
									"sequence": [
										{
											"set_block_property": {
												"boi:direction": "query.cardinal_facing_2d - 2"
											}
										},
										{
											"set_block_property": {
												"boi:inversion": "query.cardinal_player_facing == 1 || query.block_face == 0"
											}
										}
									]
								}
							}
						},
						"key": "components",
						"children": [
							{
								"data": "0.3",
								"key": "minecraft:destroy_time"
							},
							{
								"key": "minecraft:on_player_placing",
								"is_minified": true,
								"children": {
									"event": "on_placed"
								}
							},
							{
								"data": "geometry.lantern.ghost",
								"key": "minecraft:geometry"
							},
							{
								"data": "false",
								"key": "minecraft:entity_collision"
							},
							{
								"data": "0",
								"key": "minecraft:block_light_absorption"
							},
							{
								"data": "air",
								"key": "minecraft:breathability"
							},
							{
								"key": "minecraft:pick_collision",
								"is_minified": true,
								"children": {
									"origin": [
										-6,
										0,
										-6
									],
									"size": [
										12,
										16,
										12
									]
								}
							},
							{
								"data": "1.0",
								"key": "minecraft:block_light_emission"
							},
							{
								"key": "minecraft:material_instances",
								"children": [
									{
										"open": {
											"*": {
												"texture": "lantern_ghost",
												"render_method": "alpha_test",
												"ambient_occlusion": false,
												"face_dimming": false
											}
										},
										"key": "*",
										"is_minified": true,
										"children": {
											"texture": "lantern_ghost",
											"render_method": "alpha_test",
											"ambient_occlusion": false,
											"face_dimming": false
										}
									}
								]
							},
							{
								"key": "minecraft:placement_filter",
								"children": [
									{
										"key": "conditions",
										"children": [
											{
												"open": [
													{
														"allowed_faces": [
															"up",
															"down"
														]
													}
												],
												"children": [
													{
														"open": {
															"allowed_faces": [
																"up",
																"down"
															]
														},
														"key": "allowed_faces",
														"is_minified": true,
														"children": [
															"up",
															"down"
														]
													}
												]
											}
										]
									}
								]
							}
						]
					},
					{
						"open": {
							"description": {
								"identifier": "boi:lantern_ghost",
								"properties": {
									"boi:inversion": [
										0,
										1
									],
									"boi:direction": [
										0,
										1,
										2,
										3
									]
								}
							},
							"components": {
								"minecraft:destroy_time": 0.3,
								"minecraft:on_player_placing": {
									"event": "on_placed"
								},
								"minecraft:geometry": "geometry.lantern.ghost",
								"minecraft:entity_collision": false,
								"minecraft:block_light_absorption": 0,
								"minecraft:breathability": "air",
								"minecraft:pick_collision": {
									"origin": [
										-6,
										0,
										-6
									],
									"size": [
										12,
										16,
										12
									]
								},
								"minecraft:block_light_emission": 1,
								"minecraft:material_instances": {
									"*": {
										"texture": "lantern_ghost",
										"render_method": "alpha_test",
										"ambient_occlusion": false,
										"face_dimming": false
									}
								},
								"minecraft:placement_filter": {
									"conditions": [
										{
											"allowed_faces": [
												"up",
												"down"
											]
										}
									]
								}
							},
							"permutations": [
								{
									"condition": "q.block_property('boi:direction') == 0",
									"components": {
										"minecraft:rotation": [
											0,
											0,
											0
										]
									}
								},
								{
									"condition": "q.block_property('boi:direction') == 1",
									"components": {
										"minecraft:rotation": [
											0,
											180,
											0
										]
									}
								},
								{
									"condition": "q.block_property('boi:direction') == 2",
									"components": {
										"minecraft:rotation": [
											0,
											90,
											0
										]
									}
								},
								{
									"condition": "q.block_property('boi:direction') == 3",
									"components": {
										"minecraft:rotation": [
											0,
											270,
											0
										]
									}
								},
								{
									"condition": "q.block_property('boi:inversion') == 0",
									"components": {
										"minecraft:geometry": "geometry.lantern.ghost_ground",
										"minecraft:pick_collision": {
											"origin": [
												-3,
												0,
												-3
											],
											"size": [
												6,
												9,
												6
											]
										},
										"minecraft:entity_collision": {
											"origin": [
												-3,
												0,
												-3
											],
											"size": [
												6,
												9,
												6
											]
										}
									}
								},
								{
									"condition": "q.block_property('boi:inversion') == 1",
									"components": {
										"minecraft:geometry": "geometry.lantern.ghost",
										"minecraft:entity_collision": {
											"origin": [
												-3,
												2,
												-3
											],
											"size": [
												6,
												9,
												6
											]
										},
										"minecraft:pick_collision": {
											"origin": [
												-3,
												2,
												-3
											],
											"size": [
												6,
												9,
												6
											]
										}
									}
								}
							],
							"events": {
								"on_placed": {
									"sequence": [
										{
											"set_block_property": {
												"boi:direction": "query.cardinal_facing_2d - 2"
											}
										},
										{
											"set_block_property": {
												"boi:inversion": "query.cardinal_player_facing == 1 || query.block_face == 0"
											}
										}
									]
								}
							}
						},
						"key": "permutations",
						"children": [
							{
								"open": [
									{
										"condition": "q.block_property('boi:direction') == 0",
										"components": {
											"minecraft:rotation": [
												0,
												0,
												0
											]
										}
									},
									{
										"condition": "q.block_property('boi:direction') == 1",
										"components": {
											"minecraft:rotation": [
												0,
												180,
												0
											]
										}
									},
									{
										"condition": "q.block_property('boi:direction') == 2",
										"components": {
											"minecraft:rotation": [
												0,
												90,
												0
											]
										}
									},
									{
										"condition": "q.block_property('boi:direction') == 3",
										"components": {
											"minecraft:rotation": [
												0,
												270,
												0
											]
										}
									},
									{
										"condition": "q.block_property('boi:inversion') == 0",
										"components": {
											"minecraft:geometry": "geometry.lantern.ghost_ground",
											"minecraft:pick_collision": {
												"origin": [
													-3,
													0,
													-3
												],
												"size": [
													6,
													9,
													6
												]
											},
											"minecraft:entity_collision": {
												"origin": [
													-3,
													0,
													-3
												],
												"size": [
													6,
													9,
													6
												]
											}
										}
									},
									{
										"condition": "q.block_property('boi:inversion') == 1",
										"components": {
											"minecraft:geometry": "geometry.lantern.ghost",
											"minecraft:entity_collision": {
												"origin": [
													-3,
													2,
													-3
												],
												"size": [
													6,
													9,
													6
												]
											},
											"minecraft:pick_collision": {
												"origin": [
													-3,
													2,
													-3
												],
												"size": [
													6,
													9,
													6
												]
											}
										}
									}
								],
								"children": [
									{
										"open": {
											"condition": "q.block_property('boi:direction') == 0",
											"components": {
												"minecraft:rotation": [
													0,
													0,
													0
												]
											}
										},
										"data": "q.block_property('boi:direction') == 0",
										"key": "condition"
									},
									{
										"open": {
											"condition": "q.block_property('boi:direction') == 0",
											"components": {
												"minecraft:rotation": [
													0,
													0,
													0
												]
											}
										},
										"key": "components",
										"children": [
											{
												"open": {
													"minecraft:rotation": [
														0,
														0,
														0
													]
												},
												"key": "minecraft:rotation",
												"is_minified": true,
												"children": [
													0,
													0,
													0
												]
											}
										]
									}
								]
							},
							{
								"open": [
									{
										"condition": "q.block_property('boi:direction') == 0",
										"components": {
											"minecraft:rotation": [
												0,
												0,
												0
											]
										}
									},
									{
										"condition": "q.block_property('boi:direction') == 1",
										"components": {
											"minecraft:rotation": [
												0,
												180,
												0
											]
										}
									},
									{
										"condition": "q.block_property('boi:direction') == 2",
										"components": {
											"minecraft:rotation": [
												0,
												90,
												0
											]
										}
									},
									{
										"condition": "q.block_property('boi:direction') == 3",
										"components": {
											"minecraft:rotation": [
												0,
												270,
												0
											]
										}
									},
									{
										"condition": "q.block_property('boi:inversion') == 0",
										"components": {
											"minecraft:geometry": "geometry.lantern.ghost_ground",
											"minecraft:pick_collision": {
												"origin": [
													-3,
													0,
													-3
												],
												"size": [
													6,
													9,
													6
												]
											},
											"minecraft:entity_collision": {
												"origin": [
													-3,
													0,
													-3
												],
												"size": [
													6,
													9,
													6
												]
											}
										}
									},
									{
										"condition": "q.block_property('boi:inversion') == 1",
										"components": {
											"minecraft:geometry": "geometry.lantern.ghost",
											"minecraft:entity_collision": {
												"origin": [
													-3,
													2,
													-3
												],
												"size": [
													6,
													9,
													6
												]
											},
											"minecraft:pick_collision": {
												"origin": [
													-3,
													2,
													-3
												],
												"size": [
													6,
													9,
													6
												]
											}
										}
									}
								],
								"children": [
									{
										"open": {
											"condition": "q.block_property('boi:direction') == 1",
											"components": {
												"minecraft:rotation": [
													0,
													180,
													0
												]
											}
										},
										"data": "q.block_property('boi:direction') == 1",
										"key": "condition"
									},
									{
										"open": {
											"condition": "q.block_property('boi:direction') == 1",
											"components": {
												"minecraft:rotation": [
													0,
													180,
													0
												]
											}
										},
										"key": "components",
										"children": [
											{
												"open": {
													"minecraft:rotation": [
														0,
														180,
														0
													]
												},
												"key": "minecraft:rotation",
												"is_minified": true,
												"children": [
													0,
													180,
													0
												]
											}
										]
									}
								]
							},
							{
								"open": [
									{
										"condition": "q.block_property('boi:direction') == 0",
										"components": {
											"minecraft:rotation": [
												0,
												0,
												0
											]
										}
									},
									{
										"condition": "q.block_property('boi:direction') == 1",
										"components": {
											"minecraft:rotation": [
												0,
												180,
												0
											]
										}
									},
									{
										"condition": "q.block_property('boi:direction') == 2",
										"components": {
											"minecraft:rotation": [
												0,
												90,
												0
											]
										}
									},
									{
										"condition": "q.block_property('boi:direction') == 3",
										"components": {
											"minecraft:rotation": [
												0,
												270,
												0
											]
										}
									},
									{
										"condition": "q.block_property('boi:inversion') == 0",
										"components": {
											"minecraft:geometry": "geometry.lantern.ghost_ground",
											"minecraft:pick_collision": {
												"origin": [
													-3,
													0,
													-3
												],
												"size": [
													6,
													9,
													6
												]
											},
											"minecraft:entity_collision": {
												"origin": [
													-3,
													0,
													-3
												],
												"size": [
													6,
													9,
													6
												]
											}
										}
									},
									{
										"condition": "q.block_property('boi:inversion') == 1",
										"components": {
											"minecraft:geometry": "geometry.lantern.ghost",
											"minecraft:entity_collision": {
												"origin": [
													-3,
													2,
													-3
												],
												"size": [
													6,
													9,
													6
												]
											},
											"minecraft:pick_collision": {
												"origin": [
													-3,
													2,
													-3
												],
												"size": [
													6,
													9,
													6
												]
											}
										}
									}
								],
								"children": [
									{
										"open": {
											"condition": "q.block_property('boi:direction') == 2",
											"components": {
												"minecraft:rotation": [
													0,
													90,
													0
												]
											}
										},
										"data": "q.block_property('boi:direction') == 2",
										"key": "condition"
									},
									{
										"open": {
											"condition": "q.block_property('boi:direction') == 2",
											"components": {
												"minecraft:rotation": [
													0,
													90,
													0
												]
											}
										},
										"key": "components",
										"children": [
											{
												"open": {
													"minecraft:rotation": [
														0,
														90,
														0
													]
												},
												"key": "minecraft:rotation",
												"is_minified": true,
												"children": [
													0,
													90,
													0
												]
											}
										]
									}
								]
							},
							{
								"open": [
									{
										"condition": "q.block_property('boi:direction') == 0",
										"components": {
											"minecraft:rotation": [
												0,
												0,
												0
											]
										}
									},
									{
										"condition": "q.block_property('boi:direction') == 1",
										"components": {
											"minecraft:rotation": [
												0,
												180,
												0
											]
										}
									},
									{
										"condition": "q.block_property('boi:direction') == 2",
										"components": {
											"minecraft:rotation": [
												0,
												90,
												0
											]
										}
									},
									{
										"condition": "q.block_property('boi:direction') == 3",
										"components": {
											"minecraft:rotation": [
												0,
												270,
												0
											]
										}
									},
									{
										"condition": "q.block_property('boi:inversion') == 0",
										"components": {
											"minecraft:geometry": "geometry.lantern.ghost_ground",
											"minecraft:pick_collision": {
												"origin": [
													-3,
													0,
													-3
												],
												"size": [
													6,
													9,
													6
												]
											},
											"minecraft:entity_collision": {
												"origin": [
													-3,
													0,
													-3
												],
												"size": [
													6,
													9,
													6
												]
											}
										}
									},
									{
										"condition": "q.block_property('boi:inversion') == 1",
										"components": {
											"minecraft:geometry": "geometry.lantern.ghost",
											"minecraft:entity_collision": {
												"origin": [
													-3,
													2,
													-3
												],
												"size": [
													6,
													9,
													6
												]
											},
											"minecraft:pick_collision": {
												"origin": [
													-3,
													2,
													-3
												],
												"size": [
													6,
													9,
													6
												]
											}
										}
									}
								],
								"children": [
									{
										"open": {
											"condition": "q.block_property('boi:direction') == 3",
											"components": {
												"minecraft:rotation": [
													0,
													270,
													0
												]
											}
										},
										"data": "q.block_property('boi:direction') == 3",
										"key": "condition"
									},
									{
										"open": {
											"condition": "q.block_property('boi:direction') == 3",
											"components": {
												"minecraft:rotation": [
													0,
													270,
													0
												]
											}
										},
										"key": "components",
										"children": [
											{
												"open": {
													"minecraft:rotation": [
														0,
														270,
														0
													]
												},
												"key": "minecraft:rotation",
												"is_minified": true,
												"children": [
													0,
													270,
													0
												]
											}
										]
									}
								]
							},
							{
								"children": [
									{
										"data": "q.block_property('boi:inversion') == 0",
										"key": "condition"
									},
									{
										"open": {
											"condition": "q.block_property('boi:inversion') == 0",
											"components": {
												"minecraft:geometry": "geometry.lantern.ghost_ground",
												"minecraft:pick_collision": {
													"origin": [
														-3,
														0,
														-3
													],
													"size": [
														6,
														9,
														6
													]
												},
												"minecraft:entity_collision": {
													"origin": [
														-3,
														0,
														-3
													],
													"size": [
														6,
														9,
														6
													]
												}
											}
										},
										"key": "components",
										"is_minified": true,
										"children": {
											"minecraft:geometry": "geometry.lantern.ghost_ground",
											"minecraft:pick_collision": {
												"origin": [
													-3,
													0,
													-3
												],
												"size": [
													6,
													9,
													6
												]
											},
											"minecraft:entity_collision": {
												"origin": [
													-3,
													0,
													-3
												],
												"size": [
													6,
													9,
													6
												]
											}
										}
									}
								]
							},
							{
								"children": [
									{
										"data": "q.block_property('boi:inversion') == 1",
										"key": "condition"
									},
									{
										"open": {
											"condition": "q.block_property('boi:inversion') == 1",
											"components": {
												"minecraft:geometry": "geometry.lantern.ghost",
												"minecraft:entity_collision": {
													"origin": [
														-3,
														2,
														-3
													],
													"size": [
														6,
														9,
														6
													]
												},
												"minecraft:pick_collision": {
													"origin": [
														-3,
														2,
														-3
													],
													"size": [
														6,
														9,
														6
													]
												}
											}
										},
										"key": "components",
										"children": [
											{
												"data": "geometry.lantern.ghost",
												"key": "minecraft:geometry"
											},
											{
												"open": {
													"minecraft:geometry": "geometry.lantern.ghost",
													"minecraft:entity_collision": {
														"origin": [
															-3,
															2,
															-3
														],
														"size": [
															6,
															9,
															6
														]
													},
													"minecraft:pick_collision": {
														"origin": [
															-3,
															2,
															-3
														],
														"size": [
															6,
															9,
															6
														]
													}
												},
												"key": "minecraft:entity_collision",
												"is_minified": true,
												"children": {
													"origin": [
														-3,
														2,
														-3
													],
													"size": [
														6,
														9,
														6
													]
												}
											},
											{
												"key": "minecraft:pick_collision",
												"is_minified": true,
												"children": {
													"origin": [
														-3,
														2,
														-3
													],
													"size": [
														6,
														9,
														6
													]
												}
											}
										]
									}
								]
							}
						]
					},
					{
						"open": {
							"description": {
								"identifier": "boi:lantern_ghost",
								"properties": {
									"boi:inversion": [
										0,
										1
									],
									"boi:direction": [
										0,
										1,
										2,
										3
									]
								}
							},
							"components": {
								"minecraft:destroy_time": 0.3,
								"minecraft:on_player_placing": {
									"event": "on_placed"
								},
								"minecraft:geometry": "geometry.lantern.ghost",
								"minecraft:entity_collision": false,
								"minecraft:block_light_absorption": 0,
								"minecraft:breathability": "air",
								"minecraft:pick_collision": {
									"origin": [
										-6,
										0,
										-6
									],
									"size": [
										12,
										16,
										12
									]
								},
								"minecraft:block_light_emission": 1,
								"minecraft:material_instances": {
									"*": {
										"texture": "lantern_ghost",
										"render_method": "alpha_test",
										"ambient_occlusion": false,
										"face_dimming": false
									}
								},
								"minecraft:placement_filter": {
									"conditions": [
										{
											"allowed_faces": [
												"up",
												"down"
											]
										}
									]
								}
							},
							"permutations": [
								{
									"condition": "q.block_property('boi:direction') == 0",
									"components": {
										"minecraft:rotation": [
											0,
											0,
											0
										]
									}
								},
								{
									"condition": "q.block_property('boi:direction') == 1",
									"components": {
										"minecraft:rotation": [
											0,
											180,
											0
										]
									}
								},
								{
									"condition": "q.block_property('boi:direction') == 2",
									"components": {
										"minecraft:rotation": [
											0,
											90,
											0
										]
									}
								},
								{
									"condition": "q.block_property('boi:direction') == 3",
									"components": {
										"minecraft:rotation": [
											0,
											270,
											0
										]
									}
								},
								{
									"condition": "q.block_property('boi:inversion') == 0",
									"components": {
										"minecraft:geometry": "geometry.lantern.ghost_ground",
										"minecraft:pick_collision": {
											"origin": [
												-3,
												0,
												-3
											],
											"size": [
												6,
												9,
												6
											]
										},
										"minecraft:entity_collision": {
											"origin": [
												-3,
												0,
												-3
											],
											"size": [
												6,
												9,
												6
											]
										}
									}
								},
								{
									"condition": "q.block_property('boi:inversion') == 1",
									"components": {
										"minecraft:geometry": "geometry.lantern.ghost",
										"minecraft:entity_collision": {
											"origin": [
												-3,
												2,
												-3
											],
											"size": [
												6,
												9,
												6
											]
										},
										"minecraft:pick_collision": {
											"origin": [
												-3,
												2,
												-3
											],
											"size": [
												6,
												9,
												6
											]
										}
									}
								}
							],
							"events": {
								"on_placed": {
									"sequence": [
										{
											"set_block_property": {
												"boi:direction": "query.cardinal_facing_2d - 2"
											}
										},
										{
											"set_block_property": {
												"boi:inversion": "query.cardinal_player_facing == 1 || query.block_face == 0"
											}
										}
									]
								}
							}
						},
						"key": "events",
						"children": [
							{
								"open": {
									"on_placed": {
										"sequence": [
											{
												"set_block_property": {
													"boi:direction": "query.cardinal_facing_2d - 2"
												}
											},
											{
												"set_block_property": {
													"boi:inversion": "query.cardinal_player_facing == 1 || query.block_face == 0"
												}
											}
										]
									}
								},
								"key": "on_placed",
								"children": [
									{
										"open": {
											"sequence": [
												{
													"set_block_property": {
														"boi:direction": "query.cardinal_facing_2d - 2"
													}
												},
												{
													"set_block_property": {
														"boi:inversion": "query.cardinal_player_facing == 1 || query.block_face == 0"
													}
												}
											]
										},
										"key": "sequence",
										"children": [
											{
												"open": [
													{
														"set_block_property": {
															"boi:direction": "query.cardinal_facing_2d - 2"
														}
													},
													{
														"set_block_property": {
															"boi:inversion": "query.cardinal_player_facing == 1 || query.block_face == 0"
														}
													}
												],
												"children": [
													{
														"open": {
															"set_block_property": {
																"boi:direction": "query.cardinal_facing_2d - 2"
															}
														},
														"key": "set_block_property",
														"is_minified": true,
														"children": {
															"boi:direction": "query.cardinal_facing_2d - 2"
														}
													}
												]
											},
											{
												"is_minified": true,
												"children": {
													"set_block_property": {
														"boi:inversion": "query.cardinal_player_facing == 1 || query.block_face == 0"
													}
												}
											}
										]
									}
								]
							}
						]
					}
				]
			}
		]
	}
}