{
	"file_path": "C:\\Users\\fiddy\\AppData\\Local\\Packages\\Microsoft.MinecraftUWP_8wekyb3d8bbwe\\LocalState\\games\\com.mojang\\development_behavior_packs\\H_DecorB\\blocks\\decoration_blocks\\lantern_pumpkin.json",
	"file_type": "block",
	"format_version": 1,
	"file_uuid": "c5650584_a91f_40ef_b877_65d20bed3529",
	"file_version": 66,
	"cache_content": {
		"children": [
			{
				"data": "1.17.0",
				"key": "format_version"
			},
			{
				"open": {
					"format_version": "1.17.0",
					"minecraft:block": {
						"description": {
							"identifier": "boi:lantern_pumpkin",
							"properties": {
								"minecraft:direction": {},
								"boi:inversion": [
									0,
									1
								]
							}
						},
						"components": {
							"minecraft:destroy_time": 0.3,
							"minecraft:on_player_placing": {
								"event": "on_placed"
							},
							"minecraft:geometry": "geometry.lantern.pumpkin",
							"minecraft:entity_collision": false,
							"minecraft:block_light_absorption": 0,
							"minecraft:breathability": "air",
							"minecraft:pick_collision": {
								"origin": [
									-6,
									0,
									-6
								],
								"size": [
									12,
									16,
									12
								]
							},
							"minecraft:block_light_emission": 1,
							"minecraft:material_instances": {
								"*": {
									"texture": "lantern_ghost",
									"render_method": "alpha_test",
									"ambient_occlusion": false,
									"face_dimming": false
								}
							},
							"minecraft:placement_filter": {
								"conditions": [
									{
										"allowed_faces": [
											"up",
											"down"
										]
									}
								]
							}
						},
						"permutations": [
							{
								"condition": "q.block_property('minecraft:direction') == 0",
								"components": {
									"minecraft:rotation": [
										0,
										0,
										0
									]
								}
							},
							{
								"condition": "q.block_property('minecraft:direction') == 1",
								"components": {
									"minecraft:rotation": [
										0,
										180,
										0
									]
								}
							},
							{
								"condition": "q.block_property('minecraft:direction') == 2",
								"components": {
									"minecraft:rotation": [
										0,
										90,
										0
									]
								}
							},
							{
								"condition": "q.block_property('minecraft:direction') == 3",
								"components": {
									"minecraft:rotation": [
										0,
										270,
										0
									]
								}
							},
							{
								"condition": "q.block_property('boi:inversion') == 0",
								"components": {
									"minecraft:geometry": "geometry.lantern.pumpkin_ground",
									"minecraft:pick_collision": {
										"origin": [
											-4,
											0,
											-4
										],
										"size": [
											8,
											7,
											8
										]
									},
									"minecraft:entity_collision": {
										"origin": [
											-4,
											0,
											-4
										],
										"size": [
											8,
											7,
											8
										]
									}
								}
							},
							{
								"condition": "q.block_property('boi:inversion') == 1",
								"components": {
									"minecraft:geometry": "geometry.lantern.pumpkin",
									"minecraft:pick_collision": {
										"origin": [
											-4,
											4,
											-4
										],
										"size": [
											8,
											7,
											8
										]
									},
									"minecraft:entity_collision": {
										"origin": [
											-4,
											4,
											-4
										],
										"size": [
											8,
											7,
											8
										]
									}
								}
							}
						],
						"events": {
							"on_placed": {
								"sequence": [
									{
										"set_block_property": {
											"minecraft:direction": "query.cardinal_facing_2d - 2"
										}
									},
									{
										"set_block_property": {
											"boi:inversion": "query.cardinal_player_facing == 1 || query.block_face == 0"
										}
									}
								]
							}
						}
					}
				},
				"key": "minecraft:block",
				"children": [
					{
						"key": "description",
						"is_minified": true,
						"children": {
							"identifier": "boi:lantern_pumpkin",
							"properties": {
								"minecraft:direction": {},
								"boi:inversion": [
									0,
									1
								]
							}
						}
					},
					{
						"open": {
							"description": {
								"identifier": "boi:lantern_pumpkin",
								"properties": {
									"minecraft:direction": {},
									"boi:inversion": [
										0,
										1
									]
								}
							},
							"components": {
								"minecraft:destroy_time": 0.3,
								"minecraft:on_player_placing": {
									"event": "on_placed"
								},
								"minecraft:geometry": "geometry.lantern.pumpkin",
								"minecraft:entity_collision": false,
								"minecraft:block_light_absorption": 0,
								"minecraft:breathability": "air",
								"minecraft:pick_collision": {
									"origin": [
										-6,
										0,
										-6
									],
									"size": [
										12,
										16,
										12
									]
								},
								"minecraft:block_light_emission": 1,
								"minecraft:material_instances": {
									"*": {
										"texture": "lantern_ghost",
										"render_method": "alpha_test",
										"ambient_occlusion": false,
										"face_dimming": false
									}
								},
								"minecraft:placement_filter": {
									"conditions": [
										{
											"allowed_faces": [
												"up",
												"down"
											]
										}
									]
								}
							},
							"permutations": [
								{
									"condition": "q.block_property('minecraft:direction') == 0",
									"components": {
										"minecraft:rotation": [
											0,
											0,
											0
										]
									}
								},
								{
									"condition": "q.block_property('minecraft:direction') == 1",
									"components": {
										"minecraft:rotation": [
											0,
											180,
											0
										]
									}
								},
								{
									"condition": "q.block_property('minecraft:direction') == 2",
									"components": {
										"minecraft:rotation": [
											0,
											90,
											0
										]
									}
								},
								{
									"condition": "q.block_property('minecraft:direction') == 3",
									"components": {
										"minecraft:rotation": [
											0,
											270,
											0
										]
									}
								},
								{
									"condition": "q.block_property('boi:inversion') == 0",
									"components": {
										"minecraft:geometry": "geometry.lantern.pumpkin_ground",
										"minecraft:pick_collision": {
											"origin": [
												-4,
												0,
												-4
											],
											"size": [
												8,
												7,
												8
											]
										},
										"minecraft:entity_collision": {
											"origin": [
												-4,
												0,
												-4
											],
											"size": [
												8,
												7,
												8
											]
										}
									}
								},
								{
									"condition": "q.block_property('boi:inversion') == 1",
									"components": {
										"minecraft:geometry": "geometry.lantern.pumpkin",
										"minecraft:pick_collision": {
											"origin": [
												-4,
												4,
												-4
											],
											"size": [
												8,
												7,
												8
											]
										},
										"minecraft:entity_collision": {
											"origin": [
												-4,
												4,
												-4
											],
											"size": [
												8,
												7,
												8
											]
										}
									}
								}
							],
							"events": {
								"on_placed": {
									"sequence": [
										{
											"set_block_property": {
												"minecraft:direction": "query.cardinal_facing_2d - 2"
											}
										},
										{
											"set_block_property": {
												"boi:inversion": "query.cardinal_player_facing == 1 || query.block_face == 0"
											}
										}
									]
								}
							}
						},
						"key": "components",
						"children": [
							{
								"data": "0.3",
								"key": "minecraft:destroy_time"
							},
							{
								"key": "minecraft:on_player_placing",
								"is_minified": true,
								"children": {
									"event": "on_placed"
								}
							},
							{
								"open": {
									"minecraft:destroy_time": 0.3,
									"minecraft:on_player_placing": {
										"event": "on_placed"
									},
									"minecraft:geometry": "geometry.lantern.pumpkin",
									"minecraft:entity_collision": false,
									"minecraft:block_light_absorption": 0,
									"minecraft:breathability": "air",
									"minecraft:pick_collision": {
										"origin": [
											-6,
											0,
											-6
										],
										"size": [
											12,
											16,
											12
										]
									},
									"minecraft:block_light_emission": 1,
									"minecraft:material_instances": {
										"*": {
											"texture": "lantern_ghost",
											"render_method": "alpha_test",
											"ambient_occlusion": false,
											"face_dimming": false
										}
									},
									"minecraft:placement_filter": {
										"conditions": [
											{
												"allowed_faces": [
													"up",
													"down"
												]
											}
										]
									}
								},
								"data": "geometry.lantern.pumpkin",
								"key": "minecraft:geometry"
							},
							{
								"data": "false",
								"key": "minecraft:entity_collision"
							},
							{
								"data": "0",
								"key": "minecraft:block_light_absorption"
							},
							{
								"data": "air",
								"key": "minecraft:breathability"
							},
							{
								"key": "minecraft:pick_collision",
								"is_minified": true,
								"children": {
									"origin": [
										-6,
										0,
										-6
									],
									"size": [
										12,
										16,
										12
									]
								}
							},
							{
								"data": "1.0",
								"key": "minecraft:block_light_emission"
							},
							{
								"key": "minecraft:material_instances",
								"children": [
									{
										"open": {
											"*": {
												"texture": "lantern_ghost",
												"render_method": "alpha_test",
												"ambient_occlusion": false,
												"face_dimming": false
											}
										},
										"key": "*",
										"is_minified": true,
										"children": {
											"texture": "lantern_ghost",
											"render_method": "alpha_test",
											"ambient_occlusion": false,
											"face_dimming": false
										}
									}
								]
							},
							{
								"key": "minecraft:placement_filter",
								"children": [
									{
										"key": "conditions",
										"children": [
											{
												"open": [
													{
														"allowed_faces": [
															"up",
															"down"
														]
													}
												],
												"children": [
													{
														"open": {
															"allowed_faces": [
																"up",
																"down"
															]
														},
														"key": "allowed_faces",
														"is_minified": true,
														"children": [
															"up",
															"down"
														]
													}
												]
											}
										]
									}
								]
							}
						]
					},
					{
						"open": {
							"description": {
								"identifier": "boi:lantern_pumpkin",
								"properties": {
									"minecraft:direction": {},
									"boi:inversion": [
										0,
										1
									]
								}
							},
							"components": {
								"minecraft:destroy_time": 0.3,
								"minecraft:on_player_placing": {
									"event": "on_placed"
								},
								"minecraft:geometry": "geometry.lantern.pumpkin",
								"minecraft:entity_collision": false,
								"minecraft:block_light_absorption": 0,
								"minecraft:breathability": "air",
								"minecraft:pick_collision": {
									"origin": [
										-6,
										0,
										-6
									],
									"size": [
										12,
										16,
										12
									]
								},
								"minecraft:block_light_emission": 1,
								"minecraft:material_instances": {
									"*": {
										"texture": "lantern_ghost",
										"render_method": "alpha_test",
										"ambient_occlusion": false,
										"face_dimming": false
									}
								},
								"minecraft:placement_filter": {
									"conditions": [
										{
											"allowed_faces": [
												"up",
												"down"
											]
										}
									]
								}
							},
							"permutations": [
								{
									"condition": "q.block_property('minecraft:direction') == 0",
									"components": {
										"minecraft:rotation": [
											0,
											0,
											0
										]
									}
								},
								{
									"condition": "q.block_property('minecraft:direction') == 1",
									"components": {
										"minecraft:rotation": [
											0,
											180,
											0
										]
									}
								},
								{
									"condition": "q.block_property('minecraft:direction') == 2",
									"components": {
										"minecraft:rotation": [
											0,
											90,
											0
										]
									}
								},
								{
									"condition": "q.block_property('minecraft:direction') == 3",
									"components": {
										"minecraft:rotation": [
											0,
											270,
											0
										]
									}
								},
								{
									"condition": "q.block_property('boi:inversion') == 0",
									"components": {
										"minecraft:geometry": "geometry.lantern.pumpkin_ground",
										"minecraft:pick_collision": {
											"origin": [
												-4,
												0,
												-4
											],
											"size": [
												8,
												7,
												8
											]
										},
										"minecraft:entity_collision": {
											"origin": [
												-4,
												0,
												-4
											],
											"size": [
												8,
												7,
												8
											]
										}
									}
								},
								{
									"condition": "q.block_property('boi:inversion') == 1",
									"components": {
										"minecraft:geometry": "geometry.lantern.pumpkin",
										"minecraft:pick_collision": {
											"origin": [
												-4,
												4,
												-4
											],
											"size": [
												8,
												7,
												8
											]
										},
										"minecraft:entity_collision": {
											"origin": [
												-4,
												4,
												-4
											],
											"size": [
												8,
												7,
												8
											]
										}
									}
								}
							],
							"events": {
								"on_placed": {
									"sequence": [
										{
											"set_block_property": {
												"minecraft:direction": "query.cardinal_facing_2d - 2"
											}
										},
										{
											"set_block_property": {
												"boi:inversion": "query.cardinal_player_facing == 1 || query.block_face == 0"
											}
										}
									]
								}
							}
						},
						"key": "permutations",
						"children": [
							{
								"is_minified": true,
								"children": {
									"condition": "q.block_property('minecraft:direction') == 0",
									"components": {
										"minecraft:rotation": [
											0,
											0,
											0
										]
									}
								}
							},
							{
								"is_minified": true,
								"children": {
									"condition": "q.block_property('minecraft:direction') == 1",
									"components": {
										"minecraft:rotation": [
											0,
											180,
											0
										]
									}
								}
							},
							{
								"is_minified": true,
								"children": {
									"condition": "q.block_property('minecraft:direction') == 2",
									"components": {
										"minecraft:rotation": [
											0,
											90,
											0
										]
									}
								}
							},
							{
								"is_minified": true,
								"children": {
									"condition": "q.block_property('minecraft:direction') == 3",
									"components": {
										"minecraft:rotation": [
											0,
											270,
											0
										]
									}
								}
							},
							{
								"open": [
									{
										"condition": "q.block_property('minecraft:direction') == 0",
										"components": {
											"minecraft:rotation": [
												0,
												0,
												0
											]
										}
									},
									{
										"condition": "q.block_property('minecraft:direction') == 1",
										"components": {
											"minecraft:rotation": [
												0,
												180,
												0
											]
										}
									},
									{
										"condition": "q.block_property('minecraft:direction') == 2",
										"components": {
											"minecraft:rotation": [
												0,
												90,
												0
											]
										}
									},
									{
										"condition": "q.block_property('minecraft:direction') == 3",
										"components": {
											"minecraft:rotation": [
												0,
												270,
												0
											]
										}
									},
									{
										"condition": "q.block_property('boi:inversion') == 0",
										"components": {
											"minecraft:geometry": "geometry.lantern.pumpkin_ground",
											"minecraft:pick_collision": {
												"origin": [
													-4,
													0,
													-4
												],
												"size": [
													8,
													7,
													8
												]
											},
											"minecraft:entity_collision": {
												"origin": [
													-4,
													0,
													-4
												],
												"size": [
													8,
													7,
													8
												]
											}
										}
									},
									{
										"condition": "q.block_property('boi:inversion') == 1",
										"components": {
											"minecraft:geometry": "geometry.lantern.pumpkin",
											"minecraft:pick_collision": {
												"origin": [
													-4,
													4,
													-4
												],
												"size": [
													8,
													7,
													8
												]
											},
											"minecraft:entity_collision": {
												"origin": [
													-4,
													4,
													-4
												],
												"size": [
													8,
													7,
													8
												]
											}
										}
									}
								],
								"children": [
									{
										"data": "q.block_property('boi:inversion') == 0",
										"key": "condition"
									},
									{
										"open": {
											"condition": "q.block_property('boi:inversion') == 0",
											"components": {
												"minecraft:geometry": "geometry.lantern.pumpkin_ground",
												"minecraft:pick_collision": {
													"origin": [
														-4,
														0,
														-4
													],
													"size": [
														8,
														7,
														8
													]
												},
												"minecraft:entity_collision": {
													"origin": [
														-4,
														0,
														-4
													],
													"size": [
														8,
														7,
														8
													]
												}
											}
										},
										"key": "components",
										"children": [
											{
												"open": {
													"minecraft:geometry": "geometry.lantern.pumpkin_ground",
													"minecraft:pick_collision": {
														"origin": [
															-4,
															0,
															-4
														],
														"size": [
															8,
															7,
															8
														]
													},
													"minecraft:entity_collision": {
														"origin": [
															-4,
															0,
															-4
														],
														"size": [
															8,
															7,
															8
														]
													}
												},
												"data": "geometry.lantern.pumpkin_ground",
												"key": "minecraft:geometry"
											},
											{
												"key": "minecraft:pick_collision",
												"children": [
													{
														"open": {
															"origin": [
																-4,
																0,
																-4
															],
															"size": [
																8,
																7,
																8
															]
														},
														"key": "origin",
														"is_minified": true,
														"children": [
															-4,
															0,
															-4
														]
													},
													{
														"open": {
															"origin": [
																-4,
																0,
																-4
															],
															"size": [
																8,
																7,
																8
															]
														},
														"key": "size",
														"is_minified": true,
														"children": [
															8,
															7,
															8
														]
													}
												]
											},
											{
												"key": "minecraft:entity_collision",
												"is_minified": true,
												"children": {
													"origin": [
														-4,
														0,
														-4
													],
													"size": [
														8,
														7,
														8
													]
												}
											}
										]
									}
								]
							},
							{
								"open": [
									{
										"condition": "q.block_property('minecraft:direction') == 0",
										"components": {
											"minecraft:rotation": [
												0,
												0,
												0
											]
										}
									},
									{
										"condition": "q.block_property('minecraft:direction') == 1",
										"components": {
											"minecraft:rotation": [
												0,
												180,
												0
											]
										}
									},
									{
										"condition": "q.block_property('minecraft:direction') == 2",
										"components": {
											"minecraft:rotation": [
												0,
												90,
												0
											]
										}
									},
									{
										"condition": "q.block_property('minecraft:direction') == 3",
										"components": {
											"minecraft:rotation": [
												0,
												270,
												0
											]
										}
									},
									{
										"condition": "q.block_property('boi:inversion') == 0",
										"components": {
											"minecraft:geometry": "geometry.lantern.pumpkin_ground",
											"minecraft:pick_collision": {
												"origin": [
													-4,
													0,
													-4
												],
												"size": [
													8,
													7,
													8
												]
											},
											"minecraft:entity_collision": {
												"origin": [
													-4,
													0,
													-4
												],
												"size": [
													8,
													7,
													8
												]
											}
										}
									},
									{
										"condition": "q.block_property('boi:inversion') == 1",
										"components": {
											"minecraft:geometry": "geometry.lantern.pumpkin",
											"minecraft:pick_collision": {
												"origin": [
													-4,
													4,
													-4
												],
												"size": [
													8,
													7,
													8
												]
											},
											"minecraft:entity_collision": {
												"origin": [
													-4,
													4,
													-4
												],
												"size": [
													8,
													7,
													8
												]
											}
										}
									}
								],
								"children": [
									{
										"data": "q.block_property('boi:inversion') == 1",
										"key": "condition"
									},
									{
										"open": {
											"condition": "q.block_property('boi:inversion') == 1",
											"components": {
												"minecraft:geometry": "geometry.lantern.pumpkin",
												"minecraft:pick_collision": {
													"origin": [
														-4,
														4,
														-4
													],
													"size": [
														8,
														7,
														8
													]
												},
												"minecraft:entity_collision": {
													"origin": [
														-4,
														4,
														-4
													],
													"size": [
														8,
														7,
														8
													]
												}
											}
										},
										"key": "components",
										"children": [
											{
												"data": "geometry.lantern.pumpkin",
												"key": "minecraft:geometry"
											},
											{
												"open": {
													"minecraft:geometry": "geometry.lantern.pumpkin",
													"minecraft:pick_collision": {
														"origin": [
															-4,
															4,
															-4
														],
														"size": [
															8,
															7,
															8
														]
													},
													"minecraft:entity_collision": {
														"origin": [
															-4,
															4,
															-4
														],
														"size": [
															8,
															7,
															8
														]
													}
												},
												"key": "minecraft:pick_collision",
												"children": [
													{
														"open": {
															"origin": [
																-4,
																4,
																-4
															],
															"size": [
																8,
																7,
																8
															]
														},
														"key": "origin",
														"is_minified": true,
														"children": [
															-4,
															4,
															-4
														]
													},
													{
														"key": "size",
														"is_minified": true,
														"children": [
															8,
															7,
															8
														]
													}
												]
											},
											{
												"open": {
													"minecraft:geometry": "geometry.lantern.pumpkin",
													"minecraft:pick_collision": {
														"origin": [
															-4,
															4,
															-4
														],
														"size": [
															8,
															7,
															8
														]
													},
													"minecraft:entity_collision": {
														"origin": [
															-4,
															4,
															-4
														],
														"size": [
															8,
															7,
															8
														]
													}
												},
												"key": "minecraft:entity_collision",
												"children": [
													{
														"open": {
															"origin": [
																-4,
																4,
																-4
															],
															"size": [
																8,
																7,
																8
															]
														},
														"key": "origin",
														"is_minified": true,
														"children": [
															-4,
															4,
															-4
														]
													},
													{
														"key": "size",
														"is_minified": true,
														"children": [
															8,
															7,
															8
														]
													}
												]
											}
										]
									}
								]
							}
						]
					},
					{
						"key": "events",
						"children": [
							{
								"key": "on_placed",
								"children": [
									{
										"key": "sequence",
										"children": [
											{
												"children": [
													{
														"open": {
															"set_block_property": {
																"minecraft:direction": "query.cardinal_facing_2d - 2"
															}
														},
														"key": "set_block_property",
														"is_minified": true,
														"children": {
															"minecraft:direction": "query.cardinal_facing_2d - 2"
														}
													}
												]
											},
											{
												"is_minified": true,
												"children": {
													"set_block_property": {
														"boi:inversion": "query.cardinal_player_facing == 1 || query.block_face == 0"
													}
												}
											}
										]
									}
								]
							}
						]
					}
				]
			}
		]
	}
}