{
	"file_path": "C:\\Users\\fiddy\\AppData\\Local\\Packages\\Microsoft.MinecraftUWP_8wekyb3d8bbwe\\LocalState\\games\\com.mojang\\development_behavior_packs\\H_DecorB\\blocks\\decoration_blocks\\pillory.json",
	"file_type": "block",
	"format_version": 1,
	"file_uuid": "9515327f_2d8a_4423_bfd8_37972bae1683",
	"file_version": 88,
	"cache_content": {
		"children": [
			{
				"data": "1.17.0",
				"key": "format_version"
			},
			{
				"open": {
					"format_version": "1.17.0",
					"minecraft:block": {
						"description": {
							"identifier": "boi:pillory",
							"properties": {
								"boi:direction": [
									0,
									1,
									2,
									3
								]
							}
						},
						"components": {
							"minecraft:destroy_time": 0.3,
							"minecraft:on_player_placing": {
								"event": "on_placed"
							},
							"minecraft:geometry": "geometry.pillory",
							"minecraft:material_instances": {
								"*": {
									"texture": "coffin",
									"ambient_occlusion": false,
									"face_dimming": true,
									"render_method": "alpha_test"
								}
							},
							"minecraft:block_light_absorption": 0,
							"minecraft:breathability": "air",
							"minecraft:pick_collision": {
								"origin": [
									-8,
									0,
									-8
								],
								"size": [
									16,
									16,
									16
								]
							},
							"minecraft:entity_collision": {
								"origin": [
									-6,
									0,
									-6
								],
								"size": [
									12,
									14,
									12
								]
							},
							"minecraft:placement_filter": {
								"conditions": [
									{
										"allowed_faces": [
											"up",
											"side"
										]
									}
								]
							}
						},
						"permutations": [
							{
								"condition": "q.block_property('boi:direction') == 0",
								"components": {
									"minecraft:rotation": [
										0,
										0,
										0
									]
								}
							},
							{
								"condition": "q.block_property('boi:direction') == 1",
								"components": {
									"minecraft:rotation": [
										0,
										180,
										0
									]
								}
							},
							{
								"condition": "q.block_property('boi:direction') == 2",
								"components": {
									"minecraft:rotation": [
										0,
										90,
										0
									]
								}
							},
							{
								"condition": "q.block_property('boi:direction') == 3",
								"components": {
									"minecraft:rotation": [
										0,
										270,
										0
									]
								}
							}
						],
						"events": {
							"on_placed": {
								"sequence": [
									{
										"set_block_property": {
											"boi:direction": "query.cardinal_facing_2d - 2"
										}
									}
								]
							}
						}
					}
				},
				"key": "minecraft:block",
				"children": [
					{
						"open": {
							"description": {
								"identifier": "boi:pillory",
								"properties": {
									"boi:direction": [
										0,
										1,
										2,
										3
									]
								}
							},
							"components": {
								"minecraft:destroy_time": 0.3,
								"minecraft:on_player_placing": {
									"event": "on_placed"
								},
								"minecraft:geometry": "geometry.pillory",
								"minecraft:material_instances": {
									"*": {
										"texture": "coffin",
										"ambient_occlusion": false,
										"face_dimming": true,
										"render_method": "alpha_test"
									}
								},
								"minecraft:block_light_absorption": 0,
								"minecraft:breathability": "air",
								"minecraft:pick_collision": {
									"origin": [
										-8,
										0,
										-8
									],
									"size": [
										16,
										16,
										16
									]
								},
								"minecraft:entity_collision": {
									"origin": [
										-6,
										0,
										-6
									],
									"size": [
										12,
										14,
										12
									]
								},
								"minecraft:placement_filter": {
									"conditions": [
										{
											"allowed_faces": [
												"up",
												"side"
											]
										}
									]
								}
							},
							"permutations": [
								{
									"condition": "q.block_property('boi:direction') == 0",
									"components": {
										"minecraft:rotation": [
											0,
											0,
											0
										]
									}
								},
								{
									"condition": "q.block_property('boi:direction') == 1",
									"components": {
										"minecraft:rotation": [
											0,
											180,
											0
										]
									}
								},
								{
									"condition": "q.block_property('boi:direction') == 2",
									"components": {
										"minecraft:rotation": [
											0,
											90,
											0
										]
									}
								},
								{
									"condition": "q.block_property('boi:direction') == 3",
									"components": {
										"minecraft:rotation": [
											0,
											270,
											0
										]
									}
								}
							],
							"events": {
								"on_placed": {
									"sequence": [
										{
											"set_block_property": {
												"boi:direction": "query.cardinal_facing_2d - 2"
											}
										}
									]
								}
							}
						},
						"key": "description",
						"children": [
							{
								"data": "boi:pillory",
								"key": "identifier"
							},
							{
								"open": {
									"identifier": "boi:pillory",
									"properties": {
										"boi:direction": [
											0,
											1,
											2,
											3
										]
									}
								},
								"key": "properties",
								"is_minified": true,
								"children": {
									"boi:direction": [
										0,
										1,
										2,
										3
									]
								}
							}
						]
					},
					{
						"open": {
							"description": {
								"identifier": "boi:pillory",
								"properties": {
									"boi:direction": [
										0,
										1,
										2,
										3
									]
								}
							},
							"components": {
								"minecraft:destroy_time": 0.3,
								"minecraft:on_player_placing": {
									"event": "on_placed"
								},
								"minecraft:geometry": "geometry.pillory",
								"minecraft:material_instances": {
									"*": {
										"texture": "coffin",
										"ambient_occlusion": false,
										"face_dimming": true,
										"render_method": "alpha_test"
									}
								},
								"minecraft:block_light_absorption": 0,
								"minecraft:breathability": "air",
								"minecraft:pick_collision": {
									"origin": [
										-8,
										0,
										-8
									],
									"size": [
										16,
										16,
										16
									]
								},
								"minecraft:entity_collision": {
									"origin": [
										-6,
										0,
										-6
									],
									"size": [
										12,
										14,
										12
									]
								},
								"minecraft:placement_filter": {
									"conditions": [
										{
											"allowed_faces": [
												"up",
												"side"
											]
										}
									]
								}
							},
							"permutations": [
								{
									"condition": "q.block_property('boi:direction') == 0",
									"components": {
										"minecraft:rotation": [
											0,
											0,
											0
										]
									}
								},
								{
									"condition": "q.block_property('boi:direction') == 1",
									"components": {
										"minecraft:rotation": [
											0,
											180,
											0
										]
									}
								},
								{
									"condition": "q.block_property('boi:direction') == 2",
									"components": {
										"minecraft:rotation": [
											0,
											90,
											0
										]
									}
								},
								{
									"condition": "q.block_property('boi:direction') == 3",
									"components": {
										"minecraft:rotation": [
											0,
											270,
											0
										]
									}
								}
							],
							"events": {
								"on_placed": {
									"sequence": [
										{
											"set_block_property": {
												"boi:direction": "query.cardinal_facing_2d - 2"
											}
										}
									]
								}
							}
						},
						"key": "components",
						"children": [
							{
								"data": "0.3",
								"key": "minecraft:destroy_time"
							},
							{
								"key": "minecraft:on_player_placing",
								"is_minified": true,
								"children": {
									"event": "on_placed"
								}
							},
							{
								"data": "geometry.pillory",
								"key": "minecraft:geometry"
							},
							{
								"open": {
									"minecraft:destroy_time": 0.3,
									"minecraft:on_player_placing": {
										"event": "on_placed"
									},
									"minecraft:geometry": "geometry.pillory",
									"minecraft:material_instances": {
										"*": {
											"texture": "coffin",
											"ambient_occlusion": false,
											"face_dimming": true,
											"render_method": "alpha_test"
										}
									},
									"minecraft:block_light_absorption": 0,
									"minecraft:breathability": "air",
									"minecraft:pick_collision": {
										"origin": [
											-8,
											0,
											-8
										],
										"size": [
											16,
											16,
											16
										]
									},
									"minecraft:entity_collision": {
										"origin": [
											-6,
											0,
											-6
										],
										"size": [
											12,
											14,
											12
										]
									},
									"minecraft:placement_filter": {
										"conditions": [
											{
												"allowed_faces": [
													"up",
													"side"
												]
											}
										]
									}
								},
								"key": "minecraft:material_instances",
								"children": [
									{
										"open": {
											"*": {
												"texture": "coffin",
												"ambient_occlusion": false,
												"face_dimming": true,
												"render_method": "alpha_test"
											}
										},
										"key": "*",
										"is_minified": true,
										"children": {
											"texture": "coffin",
											"ambient_occlusion": false,
											"face_dimming": true,
											"render_method": "alpha_test"
										}
									}
								]
							},
							{
								"data": "0",
								"key": "minecraft:block_light_absorption"
							},
							{
								"data": "air",
								"key": "minecraft:breathability"
							},
							{
								"key": "minecraft:pick_collision",
								"children": [
									{
										"open": {
											"origin": [
												-8,
												0,
												-8
											],
											"size": [
												16,
												16,
												16
											]
										},
										"key": "origin",
										"is_minified": true,
										"children": [
											-8,
											0,
											-8
										]
									},
									{
										"key": "size",
										"is_minified": true,
										"children": [
											16,
											16,
											16
										]
									}
								]
							},
							{
								"key": "minecraft:entity_collision",
								"children": [
									{
										"key": "origin",
										"is_minified": true,
										"children": [
											-6,
											0,
											-6
										]
									},
									{
										"open": {
											"origin": [
												-6,
												0,
												-6
											],
											"size": [
												12,
												14,
												12
											]
										},
										"key": "size",
										"is_minified": true,
										"children": [
											12,
											14,
											12
										]
									}
								]
							},
							{
								"key": "minecraft:placement_filter",
								"is_minified": true,
								"children": {
									"conditions": [
										{
											"allowed_faces": [
												"up",
												"side"
											]
										}
									]
								}
							}
						]
					},
					{
						"key": "permutations",
						"children": [
							{
								"open": [
									{
										"condition": "q.block_property('boi:direction') == 0",
										"components": {
											"minecraft:rotation": [
												0,
												0,
												0
											]
										}
									},
									{
										"condition": "q.block_property('boi:direction') == 1",
										"components": {
											"minecraft:rotation": [
												0,
												180,
												0
											]
										}
									},
									{
										"condition": "q.block_property('boi:direction') == 2",
										"components": {
											"minecraft:rotation": [
												0,
												90,
												0
											]
										}
									},
									{
										"condition": "q.block_property('boi:direction') == 3",
										"components": {
											"minecraft:rotation": [
												0,
												270,
												0
											]
										}
									}
								],
								"is_minified": true,
								"children": {
									"condition": "q.block_property('boi:direction') == 0",
									"components": {
										"minecraft:rotation": [
											0,
											0,
											0
										]
									}
								}
							},
							{
								"open": [
									{
										"condition": "q.block_property('boi:direction') == 0",
										"components": {
											"minecraft:rotation": [
												0,
												0,
												0
											]
										}
									},
									{
										"condition": "q.block_property('boi:direction') == 1",
										"components": {
											"minecraft:rotation": [
												0,
												180,
												0
											]
										}
									},
									{
										"condition": "q.block_property('boi:direction') == 2",
										"components": {
											"minecraft:rotation": [
												0,
												90,
												0
											]
										}
									},
									{
										"condition": "q.block_property('boi:direction') == 3",
										"components": {
											"minecraft:rotation": [
												0,
												270,
												0
											]
										}
									}
								],
								"is_minified": true,
								"children": {
									"condition": "q.block_property('boi:direction') == 1",
									"components": {
										"minecraft:rotation": [
											0,
											180,
											0
										]
									}
								}
							},
							{
								"open": [
									{
										"condition": "q.block_property('boi:direction') == 0",
										"components": {
											"minecraft:rotation": [
												0,
												0,
												0
											]
										}
									},
									{
										"condition": "q.block_property('boi:direction') == 1",
										"components": {
											"minecraft:rotation": [
												0,
												180,
												0
											]
										}
									},
									{
										"condition": "q.block_property('boi:direction') == 2",
										"components": {
											"minecraft:rotation": [
												0,
												90,
												0
											]
										}
									},
									{
										"condition": "q.block_property('boi:direction') == 3",
										"components": {
											"minecraft:rotation": [
												0,
												270,
												0
											]
										}
									}
								],
								"is_minified": true,
								"children": {
									"condition": "q.block_property('boi:direction') == 2",
									"components": {
										"minecraft:rotation": [
											0,
											90,
											0
										]
									}
								}
							},
							{
								"open": [
									{
										"condition": "q.block_property('boi:direction') == 0",
										"components": {
											"minecraft:rotation": [
												0,
												0,
												0
											]
										}
									},
									{
										"condition": "q.block_property('boi:direction') == 1",
										"components": {
											"minecraft:rotation": [
												0,
												180,
												0
											]
										}
									},
									{
										"condition": "q.block_property('boi:direction') == 2",
										"components": {
											"minecraft:rotation": [
												0,
												90,
												0
											]
										}
									},
									{
										"condition": "q.block_property('boi:direction') == 3",
										"components": {
											"minecraft:rotation": [
												0,
												270,
												0
											]
										}
									}
								],
								"is_minified": true,
								"children": {
									"condition": "q.block_property('boi:direction') == 3",
									"components": {
										"minecraft:rotation": [
											0,
											270,
											0
										]
									}
								}
							}
						]
					},
					{
						"open": {
							"description": {
								"identifier": "boi:pillory",
								"properties": {
									"boi:direction": [
										0,
										1,
										2,
										3
									]
								}
							},
							"components": {
								"minecraft:destroy_time": 0.3,
								"minecraft:on_player_placing": {
									"event": "on_placed"
								},
								"minecraft:geometry": "geometry.pillory",
								"minecraft:material_instances": {
									"*": {
										"texture": "coffin",
										"ambient_occlusion": false,
										"face_dimming": true,
										"render_method": "alpha_test"
									}
								},
								"minecraft:block_light_absorption": 0,
								"minecraft:breathability": "air",
								"minecraft:pick_collision": {
									"origin": [
										-8,
										0,
										-8
									],
									"size": [
										16,
										16,
										16
									]
								},
								"minecraft:entity_collision": {
									"origin": [
										-6,
										0,
										-6
									],
									"size": [
										12,
										14,
										12
									]
								},
								"minecraft:placement_filter": {
									"conditions": [
										{
											"allowed_faces": [
												"up",
												"side"
											]
										}
									]
								}
							},
							"permutations": [
								{
									"condition": "q.block_property('boi:direction') == 0",
									"components": {
										"minecraft:rotation": [
											0,
											0,
											0
										]
									}
								},
								{
									"condition": "q.block_property('boi:direction') == 1",
									"components": {
										"minecraft:rotation": [
											0,
											180,
											0
										]
									}
								},
								{
									"condition": "q.block_property('boi:direction') == 2",
									"components": {
										"minecraft:rotation": [
											0,
											90,
											0
										]
									}
								},
								{
									"condition": "q.block_property('boi:direction') == 3",
									"components": {
										"minecraft:rotation": [
											0,
											270,
											0
										]
									}
								}
							],
							"events": {
								"on_placed": {
									"sequence": [
										{
											"set_block_property": {
												"boi:direction": "query.cardinal_facing_2d - 2"
											}
										}
									]
								}
							}
						},
						"key": "events",
						"children": [
							{
								"open": {
									"on_placed": {
										"sequence": [
											{
												"set_block_property": {
													"boi:direction": "query.cardinal_facing_2d - 2"
												}
											}
										]
									}
								},
								"key": "on_placed",
								"children": [
									{
										"open": {
											"sequence": [
												{
													"set_block_property": {
														"boi:direction": "query.cardinal_facing_2d - 2"
													}
												}
											]
										},
										"key": "sequence",
										"children": [
											{
												"open": [
													{
														"set_block_property": {
															"boi:direction": "query.cardinal_facing_2d - 2"
														}
													}
												],
												"children": [
													{
														"open": {
															"set_block_property": {
																"boi:direction": "query.cardinal_facing_2d - 2"
															}
														},
														"key": "set_block_property",
														"is_minified": true,
														"children": {
															"boi:direction": "query.cardinal_facing_2d - 2"
														}
													}
												]
											}
										]
									}
								]
							}
						]
					}
				]
			}
		]
	}
}