{
	"file_path": "C:\\Users\\fiddy\\AppData\\Local\\Packages\\Microsoft.MinecraftUWP_8wekyb3d8bbwe\\LocalState\\games\\com.mojang\\development_behavior_packs\\H_DecorB\\blocks\\decoration_blocks\\thing_candle.json",
	"file_type": "block",
	"format_version": 1,
	"file_uuid": "6adce05e_9850_4282_8196_17248273004e",
	"file_version": 97,
	"cache_content": {
		"children": [
			{
				"data": "1.17.0",
				"key": "format_version"
			},
			{
				"open": {
					"format_version": "1.17.0",
					"minecraft:block": {
						"description": {
							"identifier": "boi:thing_candle"
						},
						"components": {
							"minecraft:destroy_time": 0.3,
							"minecraft:geometry": "geometry.pillory",
							"minecraft:material_instances": {
								"*": {
									"texture": "glowstone",
									"ambient_occlusion": false,
									"face_dimming": true,
									"render_method": "alpha_test"
								}
							},
							"minecraft:block_light_absorption": 0,
							"minecraft:breathability": "air",
							"minecraft:pick_collision": {
								"origin": [
									-8,
									0,
									-8
								],
								"size": [
									16,
									16,
									16
								]
							},
							"minecraft:entity_collision": {
								"origin": [
									-6,
									0,
									-6
								],
								"size": [
									12,
									14,
									12
								]
							},
							"minecraft:placement_filter": {
								"conditions": [
									{
										"allowed_faces": [
											"up",
											"side"
										]
									}
								]
							},
							"minecraft:on_placed": {
								"event": "on_placed"
							}
						},
						"events": {
							"on_placed": {
								"randomize": [
									{
										"weight": 100,
										"run_command": {
											"command": [
												"structure load mystructure:o3 ~~~"
											]
										}
									},
									{
										"weight": 100,
										"run_command": {
											"command": [
												"structure load mystructure:o4 ~~~"
											]
										}
									},
									{
										"weight": 100,
										"run_command": {
											"command": [
												"structure load mystructure:b3 ~~~"
											]
										}
									},
									{
										"weight": 100,
										"run_command": {
											"command": [
												"structure load mystructure:b4 ~~~"
											]
										}
									}
								]
							}
						}
					}
				},
				"key": "minecraft:block",
				"children": [
					{
						"open": {
							"description": {
								"identifier": "boi:thing_candle"
							},
							"components": {
								"minecraft:destroy_time": 0.3,
								"minecraft:geometry": "geometry.pillory",
								"minecraft:material_instances": {
									"*": {
										"texture": "glowstone",
										"ambient_occlusion": false,
										"face_dimming": true,
										"render_method": "alpha_test"
									}
								},
								"minecraft:block_light_absorption": 0,
								"minecraft:breathability": "air",
								"minecraft:pick_collision": {
									"origin": [
										-8,
										0,
										-8
									],
									"size": [
										16,
										16,
										16
									]
								},
								"minecraft:entity_collision": {
									"origin": [
										-6,
										0,
										-6
									],
									"size": [
										12,
										14,
										12
									]
								},
								"minecraft:placement_filter": {
									"conditions": [
										{
											"allowed_faces": [
												"up",
												"side"
											]
										}
									]
								},
								"minecraft:on_placed": {
									"event": "on_placed"
								}
							},
							"events": {
								"on_placed": {
									"randomize": [
										{
											"weight": 100,
											"run_command": {
												"command": [
													"structure load mystructure:o3 ~~~"
												]
											}
										},
										{
											"weight": 100,
											"run_command": {
												"command": [
													"structure load mystructure:o4 ~~~"
												]
											}
										},
										{
											"weight": 100,
											"run_command": {
												"command": [
													"structure load mystructure:b3 ~~~"
												]
											}
										},
										{
											"weight": 100,
											"run_command": {
												"command": [
													"structure load mystructure:b4 ~~~"
												]
											}
										}
									]
								}
							}
						},
						"key": "description",
						"is_minified": true,
						"children": {
							"identifier": "boi:thing_candle"
						}
					},
					{
						"open": {
							"description": {
								"identifier": "boi:thing_candle"
							},
							"components": {
								"minecraft:destroy_time": 0.3,
								"minecraft:geometry": "geometry.pillory",
								"minecraft:material_instances": {
									"*": {
										"texture": "glowstone",
										"ambient_occlusion": false,
										"face_dimming": true,
										"render_method": "alpha_test"
									}
								},
								"minecraft:block_light_absorption": 0,
								"minecraft:breathability": "air",
								"minecraft:pick_collision": {
									"origin": [
										-8,
										0,
										-8
									],
									"size": [
										16,
										16,
										16
									]
								},
								"minecraft:entity_collision": {
									"origin": [
										-6,
										0,
										-6
									],
									"size": [
										12,
										14,
										12
									]
								},
								"minecraft:placement_filter": {
									"conditions": [
										{
											"allowed_faces": [
												"up",
												"side"
											]
										}
									]
								},
								"minecraft:on_placed": {
									"event": "on_placed"
								}
							},
							"events": {
								"on_placed": {
									"randomize": [
										{
											"weight": 100,
											"run_command": {
												"command": [
													"structure load mystructure:o3 ~~~"
												]
											}
										},
										{
											"weight": 100,
											"run_command": {
												"command": [
													"structure load mystructure:o4 ~~~"
												]
											}
										},
										{
											"weight": 100,
											"run_command": {
												"command": [
													"structure load mystructure:b3 ~~~"
												]
											}
										},
										{
											"weight": 100,
											"run_command": {
												"command": [
													"structure load mystructure:b4 ~~~"
												]
											}
										}
									]
								}
							}
						},
						"key": "components",
						"children": [
							{
								"data": "0.3",
								"key": "minecraft:destroy_time"
							},
							{
								"data": "geometry.pillory",
								"key": "minecraft:geometry"
							},
							{
								"open": {
									"minecraft:destroy_time": 0.3,
									"minecraft:geometry": "geometry.pillory",
									"minecraft:material_instances": {
										"*": {
											"texture": "glowstone",
											"ambient_occlusion": false,
											"face_dimming": true,
											"render_method": "alpha_test"
										}
									},
									"minecraft:block_light_absorption": 0,
									"minecraft:breathability": "air",
									"minecraft:pick_collision": {
										"origin": [
											-8,
											0,
											-8
										],
										"size": [
											16,
											16,
											16
										]
									},
									"minecraft:entity_collision": {
										"origin": [
											-6,
											0,
											-6
										],
										"size": [
											12,
											14,
											12
										]
									},
									"minecraft:placement_filter": {
										"conditions": [
											{
												"allowed_faces": [
													"up",
													"side"
												]
											}
										]
									},
									"minecraft:on_placed": {
										"event": "on_placed"
									}
								},
								"key": "minecraft:material_instances",
								"children": [
									{
										"open": {
											"*": {
												"texture": "glowstone",
												"ambient_occlusion": false,
												"face_dimming": true,
												"render_method": "alpha_test"
											}
										},
										"key": "*",
										"is_minified": true,
										"children": {
											"texture": "glowstone",
											"ambient_occlusion": false,
											"face_dimming": true,
											"render_method": "alpha_test"
										}
									}
								]
							},
							{
								"data": "0",
								"key": "minecraft:block_light_absorption"
							},
							{
								"data": "air",
								"key": "minecraft:breathability"
							},
							{
								"key": "minecraft:pick_collision",
								"children": [
									{
										"open": {
											"origin": [
												-8,
												0,
												-8
											],
											"size": [
												16,
												16,
												16
											]
										},
										"key": "origin",
										"is_minified": true,
										"children": [
											-8,
											0,
											-8
										]
									},
									{
										"key": "size",
										"is_minified": true,
										"children": [
											16,
											16,
											16
										]
									}
								]
							},
							{
								"key": "minecraft:entity_collision",
								"children": [
									{
										"key": "origin",
										"is_minified": true,
										"children": [
											-6,
											0,
											-6
										]
									},
									{
										"open": {
											"origin": [
												-6,
												0,
												-6
											],
											"size": [
												12,
												14,
												12
											]
										},
										"key": "size",
										"is_minified": true,
										"children": [
											12,
											14,
											12
										]
									}
								]
							},
							{
								"key": "minecraft:placement_filter",
								"is_minified": true,
								"children": {
									"conditions": [
										{
											"allowed_faces": [
												"up",
												"side"
											]
										}
									]
								}
							},
							{
								"key": "minecraft:on_placed",
								"is_minified": true,
								"children": {
									"event": "on_placed"
								}
							}
						]
					},
					{
						"open": {
							"description": {
								"identifier": "boi:thing_candle"
							},
							"components": {
								"minecraft:destroy_time": 0.3,
								"minecraft:geometry": "geometry.pillory",
								"minecraft:material_instances": {
									"*": {
										"texture": "glowstone",
										"ambient_occlusion": false,
										"face_dimming": true,
										"render_method": "alpha_test"
									}
								},
								"minecraft:block_light_absorption": 0,
								"minecraft:breathability": "air",
								"minecraft:pick_collision": {
									"origin": [
										-8,
										0,
										-8
									],
									"size": [
										16,
										16,
										16
									]
								},
								"minecraft:entity_collision": {
									"origin": [
										-6,
										0,
										-6
									],
									"size": [
										12,
										14,
										12
									]
								},
								"minecraft:placement_filter": {
									"conditions": [
										{
											"allowed_faces": [
												"up",
												"side"
											]
										}
									]
								},
								"minecraft:on_placed": {
									"event": "on_placed"
								}
							},
							"events": {
								"on_placed": {
									"randomize": [
										{
											"weight": 100,
											"run_command": {
												"command": [
													"structure load mystructure:o3 ~~~"
												]
											}
										},
										{
											"weight": 100,
											"run_command": {
												"command": [
													"structure load mystructure:o4 ~~~"
												]
											}
										},
										{
											"weight": 100,
											"run_command": {
												"command": [
													"structure load mystructure:b3 ~~~"
												]
											}
										},
										{
											"weight": 100,
											"run_command": {
												"command": [
													"structure load mystructure:b4 ~~~"
												]
											}
										}
									]
								}
							}
						},
						"key": "events",
						"children": [
							{
								"open": {
									"on_placed": {
										"randomize": [
											{
												"weight": 100,
												"run_command": {
													"command": [
														"structure load mystructure:o3 ~~~"
													]
												}
											},
											{
												"weight": 100,
												"run_command": {
													"command": [
														"structure load mystructure:o4 ~~~"
													]
												}
											},
											{
												"weight": 100,
												"run_command": {
													"command": [
														"structure load mystructure:b3 ~~~"
													]
												}
											},
											{
												"weight": 100,
												"run_command": {
													"command": [
														"structure load mystructure:b4 ~~~"
													]
												}
											}
										]
									}
								},
								"key": "on_placed",
								"children": [
									{
										"open": {
											"randomize": [
												{
													"weight": 100,
													"run_command": {
														"command": [
															"structure load mystructure:o3 ~~~"
														]
													}
												},
												{
													"weight": 100,
													"run_command": {
														"command": [
															"structure load mystructure:o4 ~~~"
														]
													}
												},
												{
													"weight": 100,
													"run_command": {
														"command": [
															"structure load mystructure:b3 ~~~"
														]
													}
												},
												{
													"weight": 100,
													"run_command": {
														"command": [
															"structure load mystructure:b4 ~~~"
														]
													}
												}
											]
										},
										"key": "randomize",
										"children": [
											{
												"open": [
													{
														"weight": 100,
														"run_command": {
															"command": [
																"structure load mystructure:o3 ~~~"
															]
														}
													},
													{
														"weight": 100,
														"run_command": {
															"command": [
																"structure load mystructure:o4 ~~~"
															]
														}
													},
													{
														"weight": 100,
														"run_command": {
															"command": [
																"structure load mystructure:b3 ~~~"
															]
														}
													},
													{
														"weight": 100,
														"run_command": {
															"command": [
																"structure load mystructure:b4 ~~~"
															]
														}
													}
												],
												"children": [
													{
														"data": "100",
														"key": "weight"
													},
													{
														"open": {
															"weight": 100,
															"run_command": {
																"command": [
																	"structure load mystructure:o3 ~~~"
																]
															}
														},
														"key": "run_command",
														"children": [
															{
																"open": {
																	"command": [
																		"structure load mystructure:o3 ~~~"
																	]
																},
																"key": "command",
																"is_minified": true,
																"children": [
																	"structure load mystructure:o3 ~~~"
																]
															}
														]
													}
												]
											},
											{
												"open": [
													{
														"weight": 100,
														"run_command": {
															"command": [
																"structure load mystructure:o3 ~~~"
															]
														}
													},
													{
														"weight": 100,
														"run_command": {
															"command": [
																"structure load mystructure:o4 ~~~"
															]
														}
													},
													{
														"weight": 100,
														"run_command": {
															"command": [
																"structure load mystructure:b3 ~~~"
															]
														}
													},
													{
														"weight": 100,
														"run_command": {
															"command": [
																"structure load mystructure:b4 ~~~"
															]
														}
													}
												],
												"children": [
													{
														"open": {
															"weight": 100,
															"run_command": {
																"command": [
																	"structure load mystructure:o4 ~~~"
																]
															}
														},
														"data": "100",
														"key": "weight"
													},
													{
														"open": {
															"weight": 100,
															"run_command": {
																"command": [
																	"structure load mystructure:o4 ~~~"
																]
															}
														},
														"key": "run_command",
														"children": [
															{
																"open": {
																	"command": [
																		"structure load mystructure:o4 ~~~"
																	]
																},
																"key": "command",
																"is_minified": true,
																"children": [
																	"structure load mystructure:o4 ~~~"
																]
															}
														]
													}
												]
											},
											{
												"open": [
													{
														"weight": 100,
														"run_command": {
															"command": [
																"structure load mystructure:o3 ~~~"
															]
														}
													},
													{
														"weight": 100,
														"run_command": {
															"command": [
																"structure load mystructure:o4 ~~~"
															]
														}
													},
													{
														"weight": 100,
														"run_command": {
															"command": [
																"structure load mystructure:b3 ~~~"
															]
														}
													},
													{
														"weight": 100,
														"run_command": {
															"command": [
																"structure load mystructure:b4 ~~~"
															]
														}
													}
												],
												"children": [
													{
														"open": {
															"weight": 100,
															"run_command": {
																"command": [
																	"structure load mystructure:b3 ~~~"
																]
															}
														},
														"data": "100",
														"key": "weight"
													},
													{
														"open": {
															"weight": 100,
															"run_command": {
																"command": [
																	"structure load mystructure:b3 ~~~"
																]
															}
														},
														"key": "run_command",
														"children": [
															{
																"open": {
																	"command": [
																		"structure load mystructure:b3 ~~~"
																	]
																},
																"key": "command",
																"is_minified": true,
																"children": [
																	"structure load mystructure:b3 ~~~"
																]
															}
														]
													}
												]
											},
											{
												"open": [
													{
														"weight": 100,
														"run_command": {
															"command": [
																"structure load mystructure:o3 ~~~"
															]
														}
													},
													{
														"weight": 100,
														"run_command": {
															"command": [
																"structure load mystructure:o4 ~~~"
															]
														}
													},
													{
														"weight": 100,
														"run_command": {
															"command": [
																"structure load mystructure:b3 ~~~"
															]
														}
													},
													{
														"weight": 100,
														"run_command": {
															"command": [
																"structure load mystructure:b4 ~~~"
															]
														}
													}
												],
												"children": [
													{
														"open": {
															"weight": 100,
															"run_command": {
																"command": [
																	"structure load mystructure:b4 ~~~"
																]
															}
														},
														"data": "100",
														"key": "weight"
													},
													{
														"open": {
															"weight": 100,
															"run_command": {
																"command": [
																	"structure load mystructure:b4 ~~~"
																]
															}
														},
														"key": "run_command",
														"children": [
															{
																"open": {
																	"command": [
																		"structure load mystructure:b4 ~~~"
																	]
																},
																"key": "command",
																"is_minified": true,
																"children": [
																	"structure load mystructure:b4 ~~~"
																]
															}
														]
													}
												]
											}
										]
									}
								]
							}
						]
					}
				]
			}
		]
	}
}