{
	"file_path": "C:\\Users\\fiddy\\AppData\\Local\\Packages\\Microsoft.MinecraftUWP_8wekyb3d8bbwe\\LocalState\\games\\com.mojang\\development_behavior_packs\\H_DecorB\\blocks\\decoration_blocks\\tombstone_square.json",
	"file_type": "block",
	"format_version": 1,
	"file_uuid": "36b7020d_58c2_406f_81c7_d9f672f89db8",
	"file_version": 64,
	"cache_content": {
		"children": [
			{
				"data": "1.17.0",
				"key": "format_version"
			},
			{
				"open": {
					"format_version": "1.17.0",
					"minecraft:block": {
						"description": {
							"identifier": "boi:tombstone_square",
							"properties": {
								"boi:direction": [
									0,
									1,
									2,
									3
								],
								"boi:pose": [
									0,
									1,
									2,
									3
								],
								"boi:placed": [
									0,
									1
								]
							}
						},
						"components": {
							"minecraft:destroy_time": 0.3,
							"minecraft:on_player_placing": {
								"event": "on_placed"
							},
							"minecraft:block_light_absorption": 0,
							"minecraft:breathability": "air",
							"minecraft:pick_collision": {
								"origin": [
									-6,
									0,
									-6
								],
								"size": [
									12,
									16,
									12
								]
							},
							"minecraft:entity_collision": {
								"origin": [
									-6,
									0,
									-6
								],
								"size": [
									12,
									16,
									12
								]
							},
							"minecraft:placement_filter": {
								"conditions": [
									{
										"allowed_faces": [
											"up",
											"side"
										]
									}
								]
							}
						},
						"permutations": [
							{
								"condition": "q.block_property('boi:direction') == 0",
								"components": {
									"minecraft:rotation": [
										0,
										0,
										0
									]
								}
							},
							{
								"condition": "q.block_property('boi:direction') == 1",
								"components": {
									"minecraft:rotation": [
										0,
										180,
										0
									]
								}
							},
							{
								"condition": "q.block_property('boi:direction') == 2",
								"components": {
									"minecraft:rotation": [
										0,
										90,
										0
									]
								}
							},
							{
								"condition": "q.block_property('boi:direction') == 3",
								"components": {
									"minecraft:rotation": [
										0,
										270,
										0
									]
								}
							},
							{
								"condition": "q.block_property('boi:pose') == 0",
								"components": {
									"minecraft:material_instances": {
										"*": {
											"texture": "tombstone0",
											"ambient_occlusion": false,
											"face_dimming": true,
											"render_method": "opaque"
										}
									}
								}
							},
							{
								"condition": "q.block_property('boi:pose') == 1",
								"components": {
									"minecraft:material_instances": {
										"*": {
											"texture": "tombstone0",
											"ambient_occlusion": false,
											"face_dimming": true,
											"render_method": "opaque"
										}
									}
								}
							},
							{
								"condition": "q.block_property('boi:pose') == 2",
								"components": {
									"minecraft:material_instances": {
										"*": {
											"texture": "tombstone1",
											"ambient_occlusion": false,
											"face_dimming": true,
											"render_method": "opaque"
										}
									}
								}
							},
							{
								"condition": "q.block_property('boi:pose') == 3",
								"components": {
									"minecraft:material_instances": {
										"*": {
											"texture": "tombstone2",
											"ambient_occlusion": false,
											"face_dimming": true,
											"render_method": "opaque"
										}
									}
								}
							},
							{
								"condition": "q.block_property('boi:placed') == 1",
								"components": {
									"minecraft:geometry": "geometry.tombstone.square"
								}
							},
							{
								"condition": "q.block_property('boi:placed') == 0",
								"components": {
									"minecraft:geometry": "geometry.tombstone.square_held"
								}
							}
						],
						"events": {
							"on_placed": {
								"sequence": [
									{
										"set_block_property": {
											"boi:placed": 1
										}
									},
									{
										"set_block_property": {
											"boi:direction": "query.cardinal_facing_2d - 2"
										}
									},
									{
										"randomize": [
											{
												"weight": 100,
												"set_block_property": {
													"boi:pose": 1
												}
											},
											{
												"weight": 100,
												"set_block_property": {
													"boi:pose": 2
												}
											},
											{
												"weight": 100,
												"set_block_property": {
													"boi:pose": 3
												}
											}
										]
									}
								]
							}
						}
					}
				},
				"key": "minecraft:block",
				"children": [
					{
						"open": {
							"description": {
								"identifier": "boi:tombstone_square",
								"properties": {
									"boi:direction": [
										0,
										1,
										2,
										3
									],
									"boi:pose": [
										0,
										1,
										2,
										3
									],
									"boi:placed": [
										0,
										1
									]
								}
							},
							"components": {
								"minecraft:destroy_time": 0.3,
								"minecraft:on_player_placing": {
									"event": "on_placed"
								},
								"minecraft:block_light_absorption": 0,
								"minecraft:breathability": "air",
								"minecraft:pick_collision": {
									"origin": [
										-6,
										0,
										-6
									],
									"size": [
										12,
										16,
										12
									]
								},
								"minecraft:entity_collision": {
									"origin": [
										-6,
										0,
										-6
									],
									"size": [
										12,
										16,
										12
									]
								},
								"minecraft:placement_filter": {
									"conditions": [
										{
											"allowed_faces": [
												"up",
												"side"
											]
										}
									]
								}
							},
							"permutations": [
								{
									"condition": "q.block_property('boi:direction') == 0",
									"components": {
										"minecraft:rotation": [
											0,
											0,
											0
										]
									}
								},
								{
									"condition": "q.block_property('boi:direction') == 1",
									"components": {
										"minecraft:rotation": [
											0,
											180,
											0
										]
									}
								},
								{
									"condition": "q.block_property('boi:direction') == 2",
									"components": {
										"minecraft:rotation": [
											0,
											90,
											0
										]
									}
								},
								{
									"condition": "q.block_property('boi:direction') == 3",
									"components": {
										"minecraft:rotation": [
											0,
											270,
											0
										]
									}
								},
								{
									"condition": "q.block_property('boi:pose') == 0",
									"components": {
										"minecraft:material_instances": {
											"*": {
												"texture": "tombstone0",
												"ambient_occlusion": false,
												"face_dimming": true,
												"render_method": "opaque"
											}
										}
									}
								},
								{
									"condition": "q.block_property('boi:pose') == 1",
									"components": {
										"minecraft:material_instances": {
											"*": {
												"texture": "tombstone0",
												"ambient_occlusion": false,
												"face_dimming": true,
												"render_method": "opaque"
											}
										}
									}
								},
								{
									"condition": "q.block_property('boi:pose') == 2",
									"components": {
										"minecraft:material_instances": {
											"*": {
												"texture": "tombstone1",
												"ambient_occlusion": false,
												"face_dimming": true,
												"render_method": "opaque"
											}
										}
									}
								},
								{
									"condition": "q.block_property('boi:pose') == 3",
									"components": {
										"minecraft:material_instances": {
											"*": {
												"texture": "tombstone2",
												"ambient_occlusion": false,
												"face_dimming": true,
												"render_method": "opaque"
											}
										}
									}
								},
								{
									"condition": "q.block_property('boi:placed') == 1",
									"components": {
										"minecraft:geometry": "geometry.tombstone.square"
									}
								},
								{
									"condition": "q.block_property('boi:placed') == 0",
									"components": {
										"minecraft:geometry": "geometry.tombstone.square_held"
									}
								}
							],
							"events": {
								"on_placed": {
									"sequence": [
										{
											"set_block_property": {
												"boi:placed": 1
											}
										},
										{
											"set_block_property": {
												"boi:direction": "query.cardinal_facing_2d - 2"
											}
										},
										{
											"randomize": [
												{
													"weight": 100,
													"set_block_property": {
														"boi:pose": 1
													}
												},
												{
													"weight": 100,
													"set_block_property": {
														"boi:pose": 2
													}
												},
												{
													"weight": 100,
													"set_block_property": {
														"boi:pose": 3
													}
												}
											]
										}
									]
								}
							}
						},
						"key": "description",
						"children": [
							{
								"data": "boi:tombstone_square",
								"key": "identifier"
							},
							{
								"open": {
									"identifier": "boi:tombstone_square",
									"properties": {
										"boi:direction": [
											0,
											1,
											2,
											3
										],
										"boi:pose": [
											0,
											1,
											2,
											3
										],
										"boi:placed": [
											0,
											1
										]
									}
								},
								"key": "properties",
								"children": [
									{
										"key": "boi:direction",
										"is_minified": true,
										"children": [
											0,
											1,
											2,
											3
										]
									},
									{
										"key": "boi:pose",
										"is_minified": true,
										"children": [
											0,
											1,
											2,
											3
										]
									},
									{
										"open": {
											"boi:direction": [
												0,
												1,
												2,
												3
											],
											"boi:pose": [
												0,
												1,
												2,
												3
											],
											"boi:placed": [
												0,
												1
											]
										},
										"key": "boi:placed",
										"is_minified": true,
										"children": [
											0,
											1
										]
									}
								]
							}
						]
					},
					{
						"open": {
							"description": {
								"identifier": "boi:tombstone_square",
								"properties": {
									"boi:direction": [
										0,
										1,
										2,
										3
									],
									"boi:pose": [
										0,
										1,
										2,
										3
									],
									"boi:placed": [
										0,
										1
									]
								}
							},
							"components": {
								"minecraft:destroy_time": 0.3,
								"minecraft:on_player_placing": {
									"event": "on_placed"
								},
								"minecraft:block_light_absorption": 0,
								"minecraft:breathability": "air",
								"minecraft:pick_collision": {
									"origin": [
										-6,
										0,
										-6
									],
									"size": [
										12,
										16,
										12
									]
								},
								"minecraft:entity_collision": {
									"origin": [
										-6,
										0,
										-6
									],
									"size": [
										12,
										16,
										12
									]
								},
								"minecraft:placement_filter": {
									"conditions": [
										{
											"allowed_faces": [
												"up",
												"side"
											]
										}
									]
								}
							},
							"permutations": [
								{
									"condition": "q.block_property('boi:direction') == 0",
									"components": {
										"minecraft:rotation": [
											0,
											0,
											0
										]
									}
								},
								{
									"condition": "q.block_property('boi:direction') == 1",
									"components": {
										"minecraft:rotation": [
											0,
											180,
											0
										]
									}
								},
								{
									"condition": "q.block_property('boi:direction') == 2",
									"components": {
										"minecraft:rotation": [
											0,
											90,
											0
										]
									}
								},
								{
									"condition": "q.block_property('boi:direction') == 3",
									"components": {
										"minecraft:rotation": [
											0,
											270,
											0
										]
									}
								},
								{
									"condition": "q.block_property('boi:pose') == 0",
									"components": {
										"minecraft:material_instances": {
											"*": {
												"texture": "tombstone0",
												"ambient_occlusion": false,
												"face_dimming": true,
												"render_method": "opaque"
											}
										}
									}
								},
								{
									"condition": "q.block_property('boi:pose') == 1",
									"components": {
										"minecraft:material_instances": {
											"*": {
												"texture": "tombstone0",
												"ambient_occlusion": false,
												"face_dimming": true,
												"render_method": "opaque"
											}
										}
									}
								},
								{
									"condition": "q.block_property('boi:pose') == 2",
									"components": {
										"minecraft:material_instances": {
											"*": {
												"texture": "tombstone1",
												"ambient_occlusion": false,
												"face_dimming": true,
												"render_method": "opaque"
											}
										}
									}
								},
								{
									"condition": "q.block_property('boi:pose') == 3",
									"components": {
										"minecraft:material_instances": {
											"*": {
												"texture": "tombstone2",
												"ambient_occlusion": false,
												"face_dimming": true,
												"render_method": "opaque"
											}
										}
									}
								},
								{
									"condition": "q.block_property('boi:placed') == 1",
									"components": {
										"minecraft:geometry": "geometry.tombstone.square"
									}
								},
								{
									"condition": "q.block_property('boi:placed') == 0",
									"components": {
										"minecraft:geometry": "geometry.tombstone.square_held"
									}
								}
							],
							"events": {
								"on_placed": {
									"sequence": [
										{
											"set_block_property": {
												"boi:placed": 1
											}
										},
										{
											"set_block_property": {
												"boi:direction": "query.cardinal_facing_2d - 2"
											}
										},
										{
											"randomize": [
												{
													"weight": 100,
													"set_block_property": {
														"boi:pose": 1
													}
												},
												{
													"weight": 100,
													"set_block_property": {
														"boi:pose": 2
													}
												},
												{
													"weight": 100,
													"set_block_property": {
														"boi:pose": 3
													}
												}
											]
										}
									]
								}
							}
						},
						"key": "components",
						"children": [
							{
								"data": "0.3",
								"key": "minecraft:destroy_time"
							},
							{
								"key": "minecraft:on_player_placing",
								"is_minified": true,
								"children": {
									"event": "on_placed"
								}
							},
							{
								"data": "0",
								"key": "minecraft:block_light_absorption"
							},
							{
								"data": "air",
								"key": "minecraft:breathability"
							},
							{
								"key": "minecraft:pick_collision",
								"is_minified": true,
								"children": {
									"origin": [
										-6,
										0,
										-6
									],
									"size": [
										12,
										16,
										12
									]
								}
							},
							{
								"key": "minecraft:entity_collision",
								"is_minified": true,
								"children": {
									"origin": [
										-6,
										0,
										-6
									],
									"size": [
										12,
										16,
										12
									]
								}
							},
							{
								"key": "minecraft:placement_filter",
								"children": [
									{
										"open": {
											"conditions": [
												{
													"allowed_faces": [
														"up",
														"side"
													]
												}
											]
										},
										"key": "conditions",
										"children": [
											{
												"open": [
													{
														"allowed_faces": [
															"up",
															"side"
														]
													}
												],
												"is_minified": true,
												"children": {
													"allowed_faces": [
														"up",
														"side"
													]
												}
											}
										]
									}
								]
							}
						]
					},
					{
						"open": {
							"description": {
								"identifier": "boi:tombstone_square",
								"properties": {
									"boi:direction": [
										0,
										1,
										2,
										3
									],
									"boi:pose": [
										0,
										1,
										2,
										3
									],
									"boi:placed": [
										0,
										1
									]
								}
							},
							"components": {
								"minecraft:destroy_time": 0.3,
								"minecraft:on_player_placing": {
									"event": "on_placed"
								},
								"minecraft:block_light_absorption": 0,
								"minecraft:breathability": "air",
								"minecraft:pick_collision": {
									"origin": [
										-6,
										0,
										-6
									],
									"size": [
										12,
										16,
										12
									]
								},
								"minecraft:entity_collision": {
									"origin": [
										-6,
										0,
										-6
									],
									"size": [
										12,
										16,
										12
									]
								},
								"minecraft:placement_filter": {
									"conditions": [
										{
											"allowed_faces": [
												"up",
												"side"
											]
										}
									]
								}
							},
							"permutations": [
								{
									"condition": "q.block_property('boi:direction') == 0",
									"components": {
										"minecraft:rotation": [
											0,
											0,
											0
										]
									}
								},
								{
									"condition": "q.block_property('boi:direction') == 1",
									"components": {
										"minecraft:rotation": [
											0,
											180,
											0
										]
									}
								},
								{
									"condition": "q.block_property('boi:direction') == 2",
									"components": {
										"minecraft:rotation": [
											0,
											90,
											0
										]
									}
								},
								{
									"condition": "q.block_property('boi:direction') == 3",
									"components": {
										"minecraft:rotation": [
											0,
											270,
											0
										]
									}
								},
								{
									"condition": "q.block_property('boi:pose') == 0",
									"components": {
										"minecraft:material_instances": {
											"*": {
												"texture": "tombstone0",
												"ambient_occlusion": false,
												"face_dimming": true,
												"render_method": "opaque"
											}
										}
									}
								},
								{
									"condition": "q.block_property('boi:pose') == 1",
									"components": {
										"minecraft:material_instances": {
											"*": {
												"texture": "tombstone0",
												"ambient_occlusion": false,
												"face_dimming": true,
												"render_method": "opaque"
											}
										}
									}
								},
								{
									"condition": "q.block_property('boi:pose') == 2",
									"components": {
										"minecraft:material_instances": {
											"*": {
												"texture": "tombstone1",
												"ambient_occlusion": false,
												"face_dimming": true,
												"render_method": "opaque"
											}
										}
									}
								},
								{
									"condition": "q.block_property('boi:pose') == 3",
									"components": {
										"minecraft:material_instances": {
											"*": {
												"texture": "tombstone2",
												"ambient_occlusion": false,
												"face_dimming": true,
												"render_method": "opaque"
											}
										}
									}
								},
								{
									"condition": "q.block_property('boi:placed') == 1",
									"components": {
										"minecraft:geometry": "geometry.tombstone.square"
									}
								},
								{
									"condition": "q.block_property('boi:placed') == 0",
									"components": {
										"minecraft:geometry": "geometry.tombstone.square_held"
									}
								}
							],
							"events": {
								"on_placed": {
									"sequence": [
										{
											"set_block_property": {
												"boi:placed": 1
											}
										},
										{
											"set_block_property": {
												"boi:direction": "query.cardinal_facing_2d - 2"
											}
										},
										{
											"randomize": [
												{
													"weight": 100,
													"set_block_property": {
														"boi:pose": 1
													}
												},
												{
													"weight": 100,
													"set_block_property": {
														"boi:pose": 2
													}
												},
												{
													"weight": 100,
													"set_block_property": {
														"boi:pose": 3
													}
												}
											]
										}
									]
								}
							}
						},
						"key": "permutations",
						"children": [
							{
								"is_minified": true,
								"children": {
									"condition": "q.block_property('boi:direction') == 0",
									"components": {
										"minecraft:rotation": [
											0,
											0,
											0
										]
									}
								}
							},
							{
								"is_minified": true,
								"children": {
									"condition": "q.block_property('boi:direction') == 1",
									"components": {
										"minecraft:rotation": [
											0,
											180,
											0
										]
									}
								}
							},
							{
								"is_minified": true,
								"children": {
									"condition": "q.block_property('boi:direction') == 2",
									"components": {
										"minecraft:rotation": [
											0,
											90,
											0
										]
									}
								}
							},
							{
								"is_minified": true,
								"children": {
									"condition": "q.block_property('boi:direction') == 3",
									"components": {
										"minecraft:rotation": [
											0,
											270,
											0
										]
									}
								}
							},
							{
								"is_minified": true,
								"children": {
									"condition": "q.block_property('boi:pose') == 0",
									"components": {
										"minecraft:material_instances": {
											"*": {
												"texture": "tombstone0",
												"ambient_occlusion": false,
												"face_dimming": true,
												"render_method": "opaque"
											}
										}
									}
								}
							},
							{
								"is_minified": true,
								"children": {
									"condition": "q.block_property('boi:pose') == 1",
									"components": {
										"minecraft:material_instances": {
											"*": {
												"texture": "tombstone0",
												"ambient_occlusion": false,
												"face_dimming": true,
												"render_method": "opaque"
											}
										}
									}
								}
							},
							{
								"is_minified": true,
								"children": {
									"condition": "q.block_property('boi:pose') == 2",
									"components": {
										"minecraft:material_instances": {
											"*": {
												"texture": "tombstone1",
												"ambient_occlusion": false,
												"face_dimming": true,
												"render_method": "opaque"
											}
										}
									}
								}
							},
							{
								"is_minified": true,
								"children": {
									"condition": "q.block_property('boi:pose') == 3",
									"components": {
										"minecraft:material_instances": {
											"*": {
												"texture": "tombstone2",
												"ambient_occlusion": false,
												"face_dimming": true,
												"render_method": "opaque"
											}
										}
									}
								}
							},
							{
								"children": [
									{
										"data": "q.block_property('boi:placed') == 1",
										"key": "condition"
									},
									{
										"open": {
											"condition": "q.block_property('boi:placed') == 1",
											"components": {
												"minecraft:geometry": "geometry.tombstone.square"
											}
										},
										"key": "components",
										"is_minified": true,
										"children": {
											"minecraft:geometry": "geometry.tombstone.square"
										}
									}
								]
							},
							{
								"open": [
									{
										"condition": "q.block_property('boi:direction') == 0",
										"components": {
											"minecraft:rotation": [
												0,
												0,
												0
											]
										}
									},
									{
										"condition": "q.block_property('boi:direction') == 1",
										"components": {
											"minecraft:rotation": [
												0,
												180,
												0
											]
										}
									},
									{
										"condition": "q.block_property('boi:direction') == 2",
										"components": {
											"minecraft:rotation": [
												0,
												90,
												0
											]
										}
									},
									{
										"condition": "q.block_property('boi:direction') == 3",
										"components": {
											"minecraft:rotation": [
												0,
												270,
												0
											]
										}
									},
									{
										"condition": "q.block_property('boi:pose') == 0",
										"components": {
											"minecraft:material_instances": {
												"*": {
													"texture": "tombstone0",
													"ambient_occlusion": false,
													"face_dimming": true,
													"render_method": "opaque"
												}
											}
										}
									},
									{
										"condition": "q.block_property('boi:pose') == 1",
										"components": {
											"minecraft:material_instances": {
												"*": {
													"texture": "tombstone0",
													"ambient_occlusion": false,
													"face_dimming": true,
													"render_method": "opaque"
												}
											}
										}
									},
									{
										"condition": "q.block_property('boi:pose') == 2",
										"components": {
											"minecraft:material_instances": {
												"*": {
													"texture": "tombstone1",
													"ambient_occlusion": false,
													"face_dimming": true,
													"render_method": "opaque"
												}
											}
										}
									},
									{
										"condition": "q.block_property('boi:pose') == 3",
										"components": {
											"minecraft:material_instances": {
												"*": {
													"texture": "tombstone2",
													"ambient_occlusion": false,
													"face_dimming": true,
													"render_method": "opaque"
												}
											}
										}
									},
									{
										"condition": "q.block_property('boi:placed') == 1",
										"components": {
											"minecraft:geometry": "geometry.tombstone.square"
										}
									},
									{
										"condition": "q.block_property('boi:placed') == 0",
										"components": {
											"minecraft:geometry": "geometry.tombstone.square_held"
										}
									}
								],
								"children": [
									{
										"open": {
											"condition": "q.block_property('boi:placed') == 0",
											"components": {
												"minecraft:geometry": "geometry.tombstone.square_held"
											}
										},
										"data": "q.block_property('boi:placed') == 0",
										"key": "condition"
									},
									{
										"open": {
											"condition": "q.block_property('boi:placed') == 0",
											"components": {
												"minecraft:geometry": "geometry.tombstone.square_held"
											}
										},
										"key": "components",
										"is_minified": true,
										"children": {
											"minecraft:geometry": "geometry.tombstone.square_held"
										}
									}
								]
							}
						]
					},
					{
						"open": {
							"description": {
								"identifier": "boi:tombstone_square",
								"properties": {
									"boi:direction": [
										0,
										1,
										2,
										3
									],
									"boi:pose": [
										0,
										1,
										2,
										3
									],
									"boi:placed": [
										0,
										1
									]
								}
							},
							"components": {
								"minecraft:destroy_time": 0.3,
								"minecraft:on_player_placing": {
									"event": "on_placed"
								},
								"minecraft:block_light_absorption": 0,
								"minecraft:breathability": "air",
								"minecraft:pick_collision": {
									"origin": [
										-6,
										0,
										-6
									],
									"size": [
										12,
										16,
										12
									]
								},
								"minecraft:entity_collision": {
									"origin": [
										-6,
										0,
										-6
									],
									"size": [
										12,
										16,
										12
									]
								},
								"minecraft:placement_filter": {
									"conditions": [
										{
											"allowed_faces": [
												"up",
												"side"
											]
										}
									]
								}
							},
							"permutations": [
								{
									"condition": "q.block_property('boi:direction') == 0",
									"components": {
										"minecraft:rotation": [
											0,
											0,
											0
										]
									}
								},
								{
									"condition": "q.block_property('boi:direction') == 1",
									"components": {
										"minecraft:rotation": [
											0,
											180,
											0
										]
									}
								},
								{
									"condition": "q.block_property('boi:direction') == 2",
									"components": {
										"minecraft:rotation": [
											0,
											90,
											0
										]
									}
								},
								{
									"condition": "q.block_property('boi:direction') == 3",
									"components": {
										"minecraft:rotation": [
											0,
											270,
											0
										]
									}
								},
								{
									"condition": "q.block_property('boi:pose') == 0",
									"components": {
										"minecraft:material_instances": {
											"*": {
												"texture": "tombstone0",
												"ambient_occlusion": false,
												"face_dimming": true,
												"render_method": "opaque"
											}
										}
									}
								},
								{
									"condition": "q.block_property('boi:pose') == 1",
									"components": {
										"minecraft:material_instances": {
											"*": {
												"texture": "tombstone0",
												"ambient_occlusion": false,
												"face_dimming": true,
												"render_method": "opaque"
											}
										}
									}
								},
								{
									"condition": "q.block_property('boi:pose') == 2",
									"components": {
										"minecraft:material_instances": {
											"*": {
												"texture": "tombstone1",
												"ambient_occlusion": false,
												"face_dimming": true,
												"render_method": "opaque"
											}
										}
									}
								},
								{
									"condition": "q.block_property('boi:pose') == 3",
									"components": {
										"minecraft:material_instances": {
											"*": {
												"texture": "tombstone2",
												"ambient_occlusion": false,
												"face_dimming": true,
												"render_method": "opaque"
											}
										}
									}
								},
								{
									"condition": "q.block_property('boi:placed') == 1",
									"components": {
										"minecraft:geometry": "geometry.tombstone.square"
									}
								},
								{
									"condition": "q.block_property('boi:placed') == 0",
									"components": {
										"minecraft:geometry": "geometry.tombstone.square_held"
									}
								}
							],
							"events": {
								"on_placed": {
									"sequence": [
										{
											"set_block_property": {
												"boi:placed": 1
											}
										},
										{
											"set_block_property": {
												"boi:direction": "query.cardinal_facing_2d - 2"
											}
										},
										{
											"randomize": [
												{
													"weight": 100,
													"set_block_property": {
														"boi:pose": 1
													}
												},
												{
													"weight": 100,
													"set_block_property": {
														"boi:pose": 2
													}
												},
												{
													"weight": 100,
													"set_block_property": {
														"boi:pose": 3
													}
												}
											]
										}
									]
								}
							}
						},
						"key": "events",
						"children": [
							{
								"open": {
									"on_placed": {
										"sequence": [
											{
												"set_block_property": {
													"boi:placed": 1
												}
											},
											{
												"set_block_property": {
													"boi:direction": "query.cardinal_facing_2d - 2"
												}
											},
											{
												"randomize": [
													{
														"weight": 100,
														"set_block_property": {
															"boi:pose": 1
														}
													},
													{
														"weight": 100,
														"set_block_property": {
															"boi:pose": 2
														}
													},
													{
														"weight": 100,
														"set_block_property": {
															"boi:pose": 3
														}
													}
												]
											}
										]
									}
								},
								"key": "on_placed",
								"children": [
									{
										"open": {
											"sequence": [
												{
													"set_block_property": {
														"boi:placed": 1
													}
												},
												{
													"set_block_property": {
														"boi:direction": "query.cardinal_facing_2d - 2"
													}
												},
												{
													"randomize": [
														{
															"weight": 100,
															"set_block_property": {
																"boi:pose": 1
															}
														},
														{
															"weight": 100,
															"set_block_property": {
																"boi:pose": 2
															}
														},
														{
															"weight": 100,
															"set_block_property": {
																"boi:pose": 3
															}
														}
													]
												}
											]
										},
										"key": "sequence",
										"children": [
											{
												"open": [
													{
														"set_block_property": {
															"boi:placed": 1
														}
													},
													{
														"set_block_property": {
															"boi:direction": "query.cardinal_facing_2d - 2"
														}
													},
													{
														"randomize": [
															{
																"weight": 100,
																"set_block_property": {
																	"boi:pose": 1
																}
															},
															{
																"weight": 100,
																"set_block_property": {
																	"boi:pose": 2
																}
															},
															{
																"weight": 100,
																"set_block_property": {
																	"boi:pose": 3
																}
															}
														]
													}
												],
												"children": [
													{
														"open": {
															"set_block_property": {
																"boi:placed": 1
															}
														},
														"key": "set_block_property",
														"is_minified": true,
														"children": {
															"boi:placed": 1
														}
													}
												]
											},
											{
												"children": [
													{
														"open": {
															"set_block_property": {
																"boi:direction": "query.cardinal_facing_2d - 2"
															}
														},
														"key": "set_block_property",
														"is_minified": true,
														"children": {
															"boi:direction": "query.cardinal_facing_2d - 2"
														}
													}
												]
											},
											{
												"children": [
													{
														"open": {
															"randomize": [
																{
																	"weight": 100,
																	"set_block_property": {
																		"boi:pose": 1
																	}
																},
																{
																	"weight": 100,
																	"set_block_property": {
																		"boi:pose": 2
																	}
																},
																{
																	"weight": 100,
																	"set_block_property": {
																		"boi:pose": 3
																	}
																}
															]
														},
														"key": "randomize",
														"is_minified": true,
														"children": [
															{
																"weight": 100,
																"set_block_property": {
																	"boi:pose": 1
																}
															},
															{
																"weight": 100,
																"set_block_property": {
																	"boi:pose": 2
																}
															},
															{
																"weight": 100,
																"set_block_property": {
																	"boi:pose": 3
																}
															}
														]
													}
												]
											}
										]
									}
								]
							}
						]
					}
				]
			}
		]
	}
}