{
	"file_path": "C:\\Users\\fiddy\\AppData\\Local\\Packages\\Microsoft.MinecraftUWP_8wekyb3d8bbwe\\LocalState\\games\\com.mojang\\development_behavior_packs\\H_DecorB\\blocks\\building_blocks\\valve.json",
	"file_type": "block",
	"format_version": 1,
	"file_uuid": "4d1dedcd_212a_425a_a9ab_126a70829c4e",
	"file_version": 130,
	"cache_content": {
		"children": [
			{
				"data": "1.17.0",
				"key": "format_version"
			},
			{
				"open": {
					"format_version": "1.17.0",
					"minecraft:block": {
						"description": {
							"identifier": "boi:valve",
							"properties": {
								"bridge:block_rotation": [
									0,
									1,
									2,
									3,
									4,
									5,
									6
								]
							}
						},
						"components": {
							"minecraft:on_player_placing": {
								"event": "bridge:update_rotation"
							},
							"minecraft:block_light_absorption": 0,
							"minecraft:destroy_time": 0.3,
							"minecraft:explosion_resistance": 1,
							"minecraft:map_color": "#B89347",
							"minecraft:entity_collision": {
								"origin": [
									-6,
									0,
									-6
								],
								"size": [
									12,
									6,
									12
								]
							},
							"minecraft:pick_collision": {
								"origin": [
									-6,
									0,
									-6
								],
								"size": [
									12,
									6,
									12
								]
							},
							"minecraft:rotation": [
								0,
								0,
								0
							],
							"minecraft:material_instances": {
								"*": {
									"texture": "misc0",
									"render_method": "alpha_test",
									"ambient_occlusion": false,
									"face_dimming": true
								}
							},
							"minecraft:geometry": "geometry.valve"
						},
						"permutations": [
							{
								"condition": "query.block_property('bridge:block_rotation') == 0",
								"components": {
									"minecraft:rotation": [
										0,
										0,
										0
									]
								}
							},
							{
								"condition": "query.block_property('bridge:block_rotation') == 1",
								"components": {
									"minecraft:rotation": [
										0,
										0,
										180
									]
								}
							},
							{
								"condition": "query.block_property('bridge:block_rotation') == 2",
								"components": {
									"minecraft:rotation": [
										0,
										0,
										0
									]
								}
							},
							{
								"condition": "query.block_property('bridge:block_rotation') == 3",
								"components": {
									"minecraft:rotation": [
										-90,
										0,
										0
									]
								}
							},
							{
								"condition": "query.block_property('bridge:block_rotation') == 4",
								"components": {
									"minecraft:rotation": [
										90,
										0,
										0
									]
								}
							},
							{
								"condition": "query.block_property('bridge:block_rotation') == 5",
								"components": {
									"minecraft:rotation": [
										0,
										0,
										90
									]
								}
							},
							{
								"condition": "query.block_property('bridge:block_rotation') == 6",
								"components": {
									"minecraft:rotation": [
										0,
										0,
										-90
									]
								}
							}
						],
						"events": {
							"bridge:update_rotation": {
								"set_block_property": {
									"bridge:block_rotation": "query.block_face + 1"
								}
							}
						}
					}
				},
				"key": "minecraft:block",
				"children": [
					{
						"key": "description",
						"is_minified": true,
						"children": {
							"identifier": "boi:valve",
							"properties": {
								"bridge:block_rotation": [
									0,
									1,
									2,
									3,
									4,
									5,
									6
								]
							}
						}
					},
					{
						"open": {
							"description": {
								"identifier": "boi:valve",
								"properties": {
									"bridge:block_rotation": [
										0,
										1,
										2,
										3,
										4,
										5,
										6
									]
								}
							},
							"components": {
								"minecraft:on_player_placing": {
									"event": "bridge:update_rotation"
								},
								"minecraft:block_light_absorption": 0,
								"minecraft:destroy_time": 0.3,
								"minecraft:explosion_resistance": 1,
								"minecraft:map_color": "#B89347",
								"minecraft:entity_collision": {
									"origin": [
										-6,
										0,
										-6
									],
									"size": [
										12,
										6,
										12
									]
								},
								"minecraft:pick_collision": {
									"origin": [
										-6,
										0,
										-6
									],
									"size": [
										12,
										6,
										12
									]
								},
								"minecraft:rotation": [
									0,
									0,
									0
								],
								"minecraft:material_instances": {
									"*": {
										"texture": "misc0",
										"render_method": "alpha_test",
										"ambient_occlusion": false,
										"face_dimming": true
									}
								},
								"minecraft:geometry": "geometry.valve"
							},
							"permutations": [
								{
									"condition": "query.block_property('bridge:block_rotation') == 0",
									"components": {
										"minecraft:rotation": [
											0,
											0,
											0
										]
									}
								},
								{
									"condition": "query.block_property('bridge:block_rotation') == 1",
									"components": {
										"minecraft:rotation": [
											0,
											0,
											180
										]
									}
								},
								{
									"condition": "query.block_property('bridge:block_rotation') == 2",
									"components": {
										"minecraft:rotation": [
											0,
											0,
											0
										]
									}
								},
								{
									"condition": "query.block_property('bridge:block_rotation') == 3",
									"components": {
										"minecraft:rotation": [
											-90,
											0,
											0
										]
									}
								},
								{
									"condition": "query.block_property('bridge:block_rotation') == 4",
									"components": {
										"minecraft:rotation": [
											90,
											0,
											0
										]
									}
								},
								{
									"condition": "query.block_property('bridge:block_rotation') == 5",
									"components": {
										"minecraft:rotation": [
											0,
											0,
											90
										]
									}
								},
								{
									"condition": "query.block_property('bridge:block_rotation') == 6",
									"components": {
										"minecraft:rotation": [
											0,
											0,
											-90
										]
									}
								}
							],
							"events": {
								"bridge:update_rotation": {
									"set_block_property": {
										"bridge:block_rotation": "query.block_face + 1"
									}
								}
							}
						},
						"key": "components",
						"children": [
							{
								"key": "minecraft:on_player_placing",
								"is_minified": true,
								"children": {
									"event": "bridge:update_rotation"
								}
							},
							{
								"data": "0",
								"key": "minecraft:block_light_absorption"
							},
							{
								"data": "0.3",
								"key": "minecraft:destroy_time"
							},
							{
								"data": "1",
								"key": "minecraft:explosion_resistance"
							},
							{
								"data": "#B89347",
								"key": "minecraft:map_color"
							},
							{
								"open": {
									"minecraft:on_player_placing": {
										"event": "bridge:update_rotation"
									},
									"minecraft:block_light_absorption": 0,
									"minecraft:destroy_time": 0.3,
									"minecraft:explosion_resistance": 1,
									"minecraft:map_color": "#B89347",
									"minecraft:entity_collision": {
										"origin": [
											-6,
											0,
											-6
										],
										"size": [
											12,
											6,
											12
										]
									},
									"minecraft:pick_collision": {
										"origin": [
											-6,
											0,
											-6
										],
										"size": [
											12,
											6,
											12
										]
									},
									"minecraft:rotation": [
										0,
										0,
										0
									],
									"minecraft:material_instances": {
										"*": {
											"texture": "misc0",
											"render_method": "alpha_test",
											"ambient_occlusion": false,
											"face_dimming": true
										}
									},
									"minecraft:geometry": "geometry.valve"
								},
								"key": "minecraft:entity_collision",
								"is_minified": true,
								"children": {
									"origin": [
										-6,
										0,
										-6
									],
									"size": [
										12,
										6,
										12
									]
								}
							},
							{
								"open": {
									"minecraft:on_player_placing": {
										"event": "bridge:update_rotation"
									},
									"minecraft:block_light_absorption": 0,
									"minecraft:destroy_time": 0.3,
									"minecraft:explosion_resistance": 1,
									"minecraft:map_color": "#B89347",
									"minecraft:entity_collision": {
										"origin": [
											-6,
											0,
											-6
										],
										"size": [
											12,
											6,
											12
										]
									},
									"minecraft:pick_collision": {
										"origin": [
											-6,
											0,
											-6
										],
										"size": [
											12,
											6,
											12
										]
									},
									"minecraft:rotation": [
										0,
										0,
										0
									],
									"minecraft:material_instances": {
										"*": {
											"texture": "misc0",
											"render_method": "alpha_test",
											"ambient_occlusion": false,
											"face_dimming": true
										}
									},
									"minecraft:geometry": "geometry.valve"
								},
								"key": "minecraft:pick_collision",
								"is_minified": true,
								"children": {
									"origin": [
										-6,
										0,
										-6
									],
									"size": [
										12,
										6,
										12
									]
								}
							},
							{
								"key": "minecraft:rotation",
								"is_minified": true,
								"children": [
									0,
									0,
									0
								]
							},
							{
								"key": "minecraft:material_instances",
								"children": [
									{
										"open": {
											"*": {
												"texture": "misc0",
												"render_method": "alpha_test",
												"ambient_occlusion": false,
												"face_dimming": true
											}
										},
										"key": "*",
										"is_minified": true,
										"children": {
											"texture": "misc0",
											"render_method": "alpha_test",
											"ambient_occlusion": false,
											"face_dimming": true
										}
									}
								]
							},
							{
								"data": "geometry.valve",
								"key": "minecraft:geometry"
							}
						]
					},
					{
						"open": {
							"description": {
								"identifier": "boi:valve",
								"properties": {
									"bridge:block_rotation": [
										0,
										1,
										2,
										3,
										4,
										5,
										6
									]
								}
							},
							"components": {
								"minecraft:on_player_placing": {
									"event": "bridge:update_rotation"
								},
								"minecraft:block_light_absorption": 0,
								"minecraft:destroy_time": 0.3,
								"minecraft:explosion_resistance": 1,
								"minecraft:map_color": "#B89347",
								"minecraft:entity_collision": {
									"origin": [
										-6,
										0,
										-6
									],
									"size": [
										12,
										6,
										12
									]
								},
								"minecraft:pick_collision": {
									"origin": [
										-6,
										0,
										-6
									],
									"size": [
										12,
										6,
										12
									]
								},
								"minecraft:rotation": [
									0,
									0,
									0
								],
								"minecraft:material_instances": {
									"*": {
										"texture": "misc0",
										"render_method": "alpha_test",
										"ambient_occlusion": false,
										"face_dimming": true
									}
								},
								"minecraft:geometry": "geometry.valve"
							},
							"permutations": [
								{
									"condition": "query.block_property('bridge:block_rotation') == 0",
									"components": {
										"minecraft:rotation": [
											0,
											0,
											0
										]
									}
								},
								{
									"condition": "query.block_property('bridge:block_rotation') == 1",
									"components": {
										"minecraft:rotation": [
											0,
											0,
											180
										]
									}
								},
								{
									"condition": "query.block_property('bridge:block_rotation') == 2",
									"components": {
										"minecraft:rotation": [
											0,
											0,
											0
										]
									}
								},
								{
									"condition": "query.block_property('bridge:block_rotation') == 3",
									"components": {
										"minecraft:rotation": [
											-90,
											0,
											0
										]
									}
								},
								{
									"condition": "query.block_property('bridge:block_rotation') == 4",
									"components": {
										"minecraft:rotation": [
											90,
											0,
											0
										]
									}
								},
								{
									"condition": "query.block_property('bridge:block_rotation') == 5",
									"components": {
										"minecraft:rotation": [
											0,
											0,
											90
										]
									}
								},
								{
									"condition": "query.block_property('bridge:block_rotation') == 6",
									"components": {
										"minecraft:rotation": [
											0,
											0,
											-90
										]
									}
								}
							],
							"events": {
								"bridge:update_rotation": {
									"set_block_property": {
										"bridge:block_rotation": "query.block_face + 1"
									}
								}
							}
						},
						"key": "permutations",
						"children": [
							{
								"is_minified": true,
								"children": {
									"condition": "query.block_property('bridge:block_rotation') == 0",
									"components": {
										"minecraft:rotation": [
											0,
											0,
											0
										]
									}
								}
							},
							{
								"children": [
									{
										"data": "query.block_property('bridge:block_rotation') == 1",
										"key": "condition"
									},
									{
										"open": {
											"condition": "query.block_property('bridge:block_rotation') == 1",
											"components": {
												"minecraft:rotation": [
													0,
													0,
													180
												]
											}
										},
										"key": "components",
										"children": [
											{
												"open": {
													"minecraft:rotation": [
														0,
														0,
														180
													]
												},
												"key": "minecraft:rotation",
												"is_minified": true,
												"children": [
													0,
													0,
													180
												]
											}
										]
									}
								]
							},
							{
								"children": [
									{
										"data": "query.block_property('bridge:block_rotation') == 2",
										"key": "condition"
									},
									{
										"open": {
											"condition": "query.block_property('bridge:block_rotation') == 2",
											"components": {
												"minecraft:rotation": [
													0,
													0,
													0
												]
											}
										},
										"key": "components",
										"children": [
											{
												"open": {
													"minecraft:rotation": [
														0,
														0,
														0
													]
												},
												"key": "minecraft:rotation",
												"is_minified": true,
												"children": [
													0,
													0,
													0
												]
											}
										]
									}
								]
							},
							{
								"children": [
									{
										"data": "query.block_property('bridge:block_rotation') == 3",
										"key": "condition"
									},
									{
										"open": {
											"condition": "query.block_property('bridge:block_rotation') == 3",
											"components": {
												"minecraft:rotation": [
													-90,
													0,
													0
												]
											}
										},
										"key": "components",
										"children": [
											{
												"open": {
													"minecraft:rotation": [
														-90,
														0,
														0
													]
												},
												"key": "minecraft:rotation",
												"is_minified": true,
												"children": [
													-90,
													0,
													0
												]
											}
										]
									}
								]
							},
							{
								"children": [
									{
										"data": "query.block_property('bridge:block_rotation') == 4",
										"key": "condition"
									},
									{
										"open": {
											"condition": "query.block_property('bridge:block_rotation') == 4",
											"components": {
												"minecraft:rotation": [
													90,
													0,
													0
												]
											}
										},
										"key": "components",
										"children": [
											{
												"open": {
													"minecraft:rotation": [
														90,
														0,
														0
													]
												},
												"key": "minecraft:rotation",
												"is_minified": true,
												"children": [
													90,
													0,
													0
												]
											}
										]
									}
								]
							},
							{
								"open": [
									{
										"condition": "query.block_property('bridge:block_rotation') == 0",
										"components": {
											"minecraft:rotation": [
												0,
												0,
												0
											]
										}
									},
									{
										"condition": "query.block_property('bridge:block_rotation') == 1",
										"components": {
											"minecraft:rotation": [
												0,
												0,
												180
											]
										}
									},
									{
										"condition": "query.block_property('bridge:block_rotation') == 2",
										"components": {
											"minecraft:rotation": [
												0,
												0,
												0
											]
										}
									},
									{
										"condition": "query.block_property('bridge:block_rotation') == 3",
										"components": {
											"minecraft:rotation": [
												-90,
												0,
												0
											]
										}
									},
									{
										"condition": "query.block_property('bridge:block_rotation') == 4",
										"components": {
											"minecraft:rotation": [
												90,
												0,
												0
											]
										}
									},
									{
										"condition": "query.block_property('bridge:block_rotation') == 5",
										"components": {
											"minecraft:rotation": [
												0,
												0,
												90
											]
										}
									},
									{
										"condition": "query.block_property('bridge:block_rotation') == 6",
										"components": {
											"minecraft:rotation": [
												0,
												0,
												-90
											]
										}
									}
								],
								"children": [
									{
										"data": "query.block_property('bridge:block_rotation') == 5",
										"key": "condition"
									},
									{
										"open": {
											"condition": "query.block_property('bridge:block_rotation') == 5",
											"components": {
												"minecraft:rotation": [
													0,
													0,
													90
												]
											}
										},
										"key": "components",
										"children": [
											{
												"open": {
													"minecraft:rotation": [
														0,
														0,
														90
													]
												},
												"key": "minecraft:rotation",
												"is_minified": true,
												"children": [
													0,
													0,
													90
												]
											}
										]
									}
								]
							},
							{
								"children": [
									{
										"data": "query.block_property('bridge:block_rotation') == 6",
										"key": "condition"
									},
									{
										"open": {
											"condition": "query.block_property('bridge:block_rotation') == 6",
											"components": {
												"minecraft:rotation": [
													0,
													0,
													-90
												]
											}
										},
										"key": "components",
										"children": [
											{
												"open": {
													"minecraft:rotation": [
														0,
														0,
														-90
													]
												},
												"key": "minecraft:rotation",
												"is_minified": true,
												"children": [
													0,
													0,
													-90
												]
											}
										]
									}
								]
							}
						]
					},
					{
						"key": "events",
						"is_minified": true,
						"children": {
							"bridge:update_rotation": {
								"set_block_property": {
									"bridge:block_rotation": "query.block_face + 1"
								}
							}
						}
					}
				]
			}
		]
	}
}