{
    "format_version":"1.16.100",
    "animation_controllers":{
      "controller.animation.enjoumou":{
        "states":{
          "default":{
            "transitions":[
              {"1":"1.0"}
            ]
          },
          "1":{
            "transitions":[
              {"default":"1.0"}
            ],
            "on_entry":[
              "/damage @e[dx=0,dz=0,dy=3,tag=!meramera,family=!meramera,type=!item,type=!xp_orb] 4 fire entity @p[tag=meramera]",
              "/execute @e[dx=0,dz=0,dy=3,tag=!meramera,family=!meramera,type=!item,type=!xp_orb] ~~~ particle op_asa:enjoumou_particle ~~1~"
            ]
          }
        }
      }
    }
  }