{
  "format_version":"1.16.100",
  "animation_controllers":{
    "controller.animation.kyokaen":{
      "states":{
        "default":{
          "transitions":[
            {"1":"q.count(q.get_nearby_entities_except_self(2)) >=1"}
          ]
        },
        "1":{
          "transitions":[
            {"default":"1.0"}
          ],
          "on_entry":[
            "/execute @e[type=!item,type=!xp_orb,tag=!meramera,r=2,type=!op_asa:kyokaen] ~~~ event entity @e[c=1,type=op_asa:kyokaen] op_asa:stay"
          ]
        }
      }
    }
  }
}