{
  "format_version": "1.13.0",
  "minecraft:entity": {
    "description": {
      "identifier": "op_asa:rasupa-da_p",
      "is_spawnable": false,
      "is_summonable": true,
      "is_experimental": false,
      "runtime_identifier": "minecraft:snowball",
      "scripts":{
        "animate":["rasupa-da"]
      },
      "animations":{
        "rasupa-da":"controller.animation.rasupa-da"
      }
    },
    "component_groups": {
    },

    "components": {
      "minecraft:projectile": {
        "reflect_on_hurt":false,
        "on_hit": {
          "spawn_chance": {
            "first_spawn_percent_chance": 100.0,
            "first_spawn_count": 1,
            "spawn_definition": "op_asa:rasupa-da_attack"
          },
          "remove_on_hit": { },
          "mob_effect": {
            "effect": "wither",
            "durationeasy": 0,
            "durationnormal": 10,
            "durationhard": 10,
            "amplifier": 1
          },
          "impact_damage": {
            "damage": 6,
            "knockback": true,
            "semi_random_diff_damage":false,
            "destroy_on_hit": true,
            "max_critical_damage": 10,
            "min_critical_damage": 9,
            "power_multiplier": 0.97
          },
          "stick_in_ground": {
            "shake_time" : 0.35
          },
          "arrow_effect": {
          }
        },
        "power": 1.5,
        "gravity": 0.00,
        "uncertainty_base": 1,
        "uncertainty_multiplier": 0,
        "anchor": 0,
        "should_bounce": true,
        "offset": [ 0, -0.1, 0 ]
      },
      "minecraft:collision_box": {
        "width":5,
        "height":5
      },
      "minecraft:physics": {
      },
      "minecraft:transformation": {
        "into": "op_asa:despawn",
        "delay": 1
      },
      "minecraft:pushable": {
        "is_pushable": false,
        "is_pushable_by_piston": false
      },
      "minecraft:conditional_bandwidth_optimization": {
        "default_values": {
          "max_optimized_distance": 80.0,
          "max_dropped_ticks": 10,
          "use_motion_prediction_hints": true
        }
      }
    },

    "events": {
    }

  }
}