{
  "format_version": "1.13.0",
  "minecraft:entity": {    
    "description": {
      "identifier": "op_asa:rasupa-da_attack",
      "is_spawnable": false,
      "is_summonable": true,
      "is_experimental": false,
      "scripts": {
        "animate": [
          "rasupa-da_attack"
        ]
      },
      "animations": {
        "rasupa-da_attack":"controller.animation.rasupa-da_attack"
      }
    },
    "component_groups": {
    },
    "components": {
      "minecraft:type_family": {
        "family": [ "sunasuna","knockback_roar" ]
      },
      "minecraft:collision_box": {
        "width": 0.0,
        "height": 0.0
      },
      "minecraft:behavior.knockback_roar": {
        "duration": 999,
        "attack_time": 0.1,
        "knockback_damage": 14,
        "knockback_strength": 1,
        "knockback_range": 14,
        "knockback_filters": {
          "all_of":[
            {
              "test": "has_tag",
              "subject": "other",
              "operator": "!=",
              "value": "sunasuna"
            },
            {
              "test": "is_family",
              "subject": "other",
              "operator": "!=",
              "value": "sunasuna"
            }
          ]
        },
        "damage_filters": {
          "all_of":[
            {
              "test": "has_tag",
              "subject": "other",
              "operator": "!=",
              "value": "sunasuna"
            },
            {
              "test": "is_family",
              "subject": "other",
              "operator": "!=",
              "value": "sunasuna"
            }
          ]
        }
      },
      "minecraft:transformation": {
        "into": "op_asa:despawn",
        "delay": 0.5
      },
      "minecraft:physics": {
      },
      "minecraft:pushable": {
        "is_pushable": false,
        "is_pushable_by_piston": false
      },
      "minecraft:damage_sensor": {
        "triggers": {
            "on_damage": {"filters": {}},
            "deals_damage": false
        }
      }
    },
    "events": {
    }
  }
}