{
  "format_version":"1.16.100",
  "animation_controllers":{
    "controller.animation.borobreath_p":{
      "states":{
        "default":{
          "transitions":[
            {"1":"v.time = (v.time ?? 0);v.time = v.time < 10 ? v.time + 1:0;return v.time == 0;"}
          ]
        },
        "1":{
          "transitions":[
            {"2":"(1.0)"}
          ],
          "on_entry":[
            "/particle op_asa:borobreath_particle3 ~~2~",
            "/particle op_asa:borobreath_particle3 ~2~2~",
            "/particle op_asa:borobreath_particle3 ~-2~2~",
            "/particle op_asa:borobreath_particle3 ~~2~2",
            "/particle op_asa:borobreath_particle3 ~~2~-2",
            "/particle op_asa:borobreath_particle2 ~3~2~",
            "/particle op_asa:borobreath_particle2 ~-3~2~",
            "/particle op_asa:borobreath_particle2 ~~2~3",
            "/particle op_asa:borobreath_particle2 ~~2~-3",
            "/particle op_asa:borobreath_particle1 ~4~2~",
            "/particle op_asa:borobreath_particle1 ~-4~2~",
            "/particle op_asa:borobreath_particle1 ~~2~4",
            "/particle op_asa:borobreath_particle1 ~~2~-4"
          ]
        },
        "2":{
          "transitions":[
            {"1":"(1.0)"}
          ]
        }
      }
    }
  }
}