{
  "format_version":"1.16.100",
  "animation_controllers":{
    "controller.animation.goru_rider":{
      "states":{
        "default":{
          "transitions":[
            {"1":"q.has_rider?(for_each(t.r,q.get_riders,{t.v=t.r->q.variant;});return t.v!= 2735);"}
          ],
          "on_entry":[
            "/event entity @s op_asa:rideable"
          ]
        },
        "1":{
          "transitions":[
            {"default":"!q.has_rider"}
          ],
          "on_entry":[
            "/event entity @s op_asa:unrideable"
          ]
        }
      }
    }
  }
}