{
  "format_version":"1.16.100",
  "animation_controllers":{
    "controller.animation.noronorobeam_p":{
      "states":{
        "default":{
          "transitions":[
            {"1":"v.time = (v.time ?? 0);v.time = v.time < 1 ? v.time + 1:0;return v.time == 0;"}
          ]
        },
        "1":{
          "transitions":[
            {"2":"v.time = (v.time ?? 0);v.time = v.time < 2 ? v.time + 1:0;return v.time == 0;"}
          ],
          "on_entry":[
            "/particle op_asa:noronorobeam_particle1"
          ]
        },
        "2":{
          "transitions":[
            {"3":"v.time = (v.time ?? 0);v.time = v.time < 2 ? v.time + 1:0;return v.time == 0;"}
          ],
          "on_entry":[
            "/particle op_asa:noronorobeam_particle1"
          ]
        },
        "3":{
          "transitions":[
            {"4":"v.time = (v.time ?? 0);v.time = v.time < 2 ? v.time + 1:0;return v.time == 0;"}
          ],
          "on_entry":[
            "/particle op_asa:noronorobeam_particle2"
          ]
        },
        "4":{
          "transitions":[
            {"5":"v.time = (v.time ?? 0);v.time = v.time < 2 ? v.time + 1:0;return v.time == 0;"}
          ],
          "on_entry":[
            "/particle op_asa:noronorobeam_particle3"
          ]
        },
        "5":{
          "transitions":[
            {"6":"v.time = (v.time ?? 0);v.time = v.time < 2 ? v.time + 1:0;return v.time == 0;"}
          ],
          "on_entry":[
            "/particle op_asa:noronorobeam_particle4"
          ]
        },
        "6":{
          "transitions":[
            {"7":"v.time = (v.time ?? 0);v.time = v.time < 2 ? v.time + 1:0;return v.time == 0;"}
          ],
          "on_entry":[
            "/particle op_asa:noronorobeam_particle5"
          ]
        },
        "7":{
          "transitions":[
            {"6":"v.time = (v.time ?? 0);v.time = v.time < 2 ? v.time + 1:0;return v.time == 0;"}
          ],
          "on_entry":[
            "/particle op_asa:noronorobeam_particle5"
          ]
        }
      }
    }
  }
}