{
  "format_version":"1.16.100",
  "animation_controllers":{
    "controller.animation.sirohige_attack":{
      "states":{
        "default":{
          "transitions":[
            {"sirohige_attack1_1":"(1.0)"}
          ]
        },
        "sirohige_attack1_1":{
          "transitions":[
            {"default":"(1.0)"}
          ],
          "on_entry":[
            "/execute @e[type=op_asa:sirohige_attack] ~~~ particle minecraft:huge_explosion_emitter ~2~~",
            "/execute @e[type=op_asa:sirohige_attack] ~~~ particle minecraft:huge_explosion_emitter ~-2~~",
            "/execute @e[type=op_asa:sirohige_attack] ~~~ particle minecraft:huge_explosion_emitter ~~~2",
            "/execute @e[type=op_asa:sirohige_attack] ~~~ particle minecraft:huge_explosion_emitter ~~~-2"
          ]
        }
      }
    }
  }
}