{
  "format_version":"1.16.100",
  "animation_controllers":{
    "controller.animation.torikago":{
      "states":{
        "default":{
          "transitions":[
            {"30":"(1.0)"}
          ]
        },
        "64":{
          "transitions":[
            {"63":"v.time = (v.time ?? 0);v.time = v.time < 39 ? v.time + 1:0;return v.time == 0;"}
          ],
          "on_entry":[
            "/tag @s add t64"
          ],
          "on_exit":[
            "/tag @s remove t64"
          ]
        },
        "63":{
          "transitions":[
            {"62":"v.time = (v.time ?? 0);v.time = v.time < 39 ? v.time + 1:0;return v.time == 0;"}
          ],
          "on_entry":[
            "/tag @s add t63"
          ],
          "on_exit":[
            "/tag @s remove t63"
          ]
        },
        "62":{
          "transitions":[
            {"61":"v.time = (v.time ?? 0);v.time = v.time < 39 ? v.time + 1:0;return v.time == 0;"}
          ],
          "on_entry":[
            "/tag @s add t62"
          ],
          "on_exit":[
            "/tag @s remove t62"
          ]
        },
        "61":{
          "transitions":[
            {"60":"v.time = (v.time ?? 0);v.time = v.time < 39 ? v.time + 1:0;return v.time == 0;"}
          ],
          "on_entry":[
            "/tag @s add t61"
          ],
          "on_exit":[
            "/tag @s remove t61"
          ]
        },
        "60":{
          "transitions":[
            {"59":"v.time = (v.time ?? 0);v.time = v.time < 39 ? v.time + 1:0;return v.time == 0;"}
          ],
          "on_entry":[
            "/tag @s add t60"
          ],
          "on_exit":[
            "/tag @s remove t60"
          ]
        },
        "59":{
          "transitions":[
            {"58":"v.time = (v.time ?? 0);v.time = v.time < 39 ? v.time + 1:0;return v.time == 0;"}
          ],
          "on_entry":[
            "/tag @s add t59"
          ],
          "on_exit":[
            "/tag @s remove t59"
          ]
        },
        "58":{
          "transitions":[
            {"57":"v.time = (v.time ?? 0);v.time = v.time < 39 ? v.time + 1:0;return v.time == 0;"}
          ],
          "on_entry":[
            "/tag @s add t58"
          ],
          "on_exit":[
            "/tag @s remove t58"
          ]
        },
        "57":{
          "transitions":[
            {"56":"v.time = (v.time ?? 0);v.time = v.time < 39 ? v.time + 1:0;return v.time == 0;"}
          ],
          "on_entry":[
            "/tag @s add t57"
          ],
          "on_exit":[
            "/tag @s remove t57"
          ]
        },
        "56":{
          "transitions":[
            {"55":"v.time = (v.time ?? 0);v.time = v.time < 39 ? v.time + 1:0;return v.time == 0;"}
          ],
          "on_entry":[
            "/tag @s add t56"
          ],
          "on_exit":[
            "/tag @s remove t56"
          ]
        },
        "55":{
          "transitions":[
            {"54":"v.time = (v.time ?? 0);v.time = v.time < 39 ? v.time + 1:0;return v.time == 0;"}
          ],
          "on_entry":[
            "/tag @s add t55"
          ],
          "on_exit":[
            "/tag @s remove t55"
          ]
        },
        "54":{
          "transitions":[
            {"53":"v.time = (v.time ?? 0);v.time = v.time < 39 ? v.time + 1:0;return v.time == 0;"}
          ],
          "on_entry":[
            "/tag @s add t54"
          ],
          "on_exit":[
            "/tag @s remove t54"
          ]
        },
        "53":{
          "transitions":[
            {"52":"v.time = (v.time ?? 0);v.time = v.time < 39 ? v.time + 1:0;return v.time == 0;"}
          ],
          "on_entry":[
            "/tag @s add t53"
          ],
          "on_exit":[
            "/tag @s remove t53"
          ]
        },
        "52":{
          "transitions":[
            {"51":"v.time = (v.time ?? 0);v.time = v.time < 39 ? v.time + 1:0;return v.time == 0;"}
          ],
          "on_entry":[
            "/tag @s add t52"
          ],
          "on_exit":[
            "/tag @s remove t52"
          ]
        },
        "51":{
          "transitions":[
            {"50":"v.time = (v.time ?? 0);v.time = v.time < 39 ? v.time + 1:0;return v.time == 0;"}
          ],
          "on_entry":[
            "/tag @s add t51"
          ],
          "on_exit":[
            "/tag @s remove t51"
          ]
        },
        "50":{
          "transitions":[
            {"49":"v.time = (v.time ?? 0);v.time = v.time < 39 ? v.time + 1:0;return v.time == 0;"}
          ],
          "on_entry":[
            "/tag @s add t50"
          ],
          "on_exit":[
            "/tag @s remove t50"
          ]
        },
        "49":{
          "transitions":[
            {"48":"v.time = (v.time ?? 0);v.time = v.time < 39 ? v.time + 1:0;return v.time == 0;"}
          ],
          "on_entry":[
            "/tag @s add t49"
          ],
          "on_exit":[
            "/tag @s remove t49"
          ]
        },
        "48":{
          "transitions":[
            {"47":"v.time = (v.time ?? 0);v.time = v.time < 39 ? v.time + 1:0;return v.time == 0;"}
          ],
          "on_entry":[
            "/tag @s add t48"
          ],
          "on_exit":[
            "/tag @s remove t48"
          ]
        },
        "47":{
          "transitions":[
            {"46":"v.time = (v.time ?? 0);v.time = v.time < 39 ? v.time + 1:0;return v.time == 0;"}
          ],
          "on_entry":[
            "/tag @s add t47"
          ],
          "on_exit":[
            "/tag @s remove t47"
          ]
        },
        "46":{
          "transitions":[
            {"45":"v.time = (v.time ?? 0);v.time = v.time < 39 ? v.time + 1:0;return v.time == 0;"}
          ],
          "on_entry":[
            "/tag @s add t46"
          ],
          "on_exit":[
            "/tag @s remove t46"
          ]
        },
        "45":{
          "transitions":[
            {"44":"v.time = (v.time ?? 0);v.time = v.time < 39 ? v.time + 1:0;return v.time == 0;"}
          ],
          "on_entry":[
            "/tag @s add t45"
          ],
          "on_exit":[
            "/tag @s remove t45"
          ]
        },
        "44":{
          "transitions":[
            {"43":"v.time = (v.time ?? 0);v.time = v.time < 39 ? v.time + 1:0;return v.time == 0;"}
          ],
          "on_entry":[
            "/tag @s add t44"
          ],
          "on_exit":[
            "/tag @s remove t44"
          ]
        },
        "43":{
          "transitions":[
            {"42":"v.time = (v.time ?? 0);v.time = v.time < 39 ? v.time + 1:0;return v.time == 0;"}
          ],
          "on_entry":[
            "/tag @s add t43"
          ],
          "on_exit":[
            "/tag @s remove t43"
          ]
        },
        "42":{
          "transitions":[
            {"41":"v.time = (v.time ?? 0);v.time = v.time < 39 ? v.time + 1:0;return v.time == 0;"}
          ],
          "on_entry":[
            "/tag @s add t42"
          ],
          "on_exit":[
            "/tag @s remove t42"
          ]
        },
        "41":{
          "transitions":[
            {"40":"v.time = (v.time ?? 0);v.time = v.time < 39 ? v.time + 1:0;return v.time == 0;"}
          ],
          "on_entry":[
            "/tag @s add t41"
          ],
          "on_exit":[
            "/tag @s remove t41"
          ]
        },
        "40":{
          "transitions":[
            {"39":"v.time = (v.time ?? 0);v.time = v.time < 39 ? v.time + 1:0;return v.time == 0;"}
          ],
          "on_entry":[
            "/tag @s add t40"
          ],
          "on_exit":[
            "/tag @s remove t40"
          ]
        },
        "39":{
          "transitions":[
            {"38":"v.time = (v.time ?? 0);v.time = v.time < 39 ? v.time + 1:0;return v.time == 0;"}
          ],
          "on_entry":[
            "/tag @s add t39"
          ],
          "on_exit":[
            "/tag @s remove t39"
          ]
        },
        "38":{
          "transitions":[
            {"37":"v.time = (v.time ?? 0);v.time = v.time < 39 ? v.time + 1:0;return v.time == 0;"}
          ],
          "on_entry":[
            "/tag @s add t38"
          ],
          "on_exit":[
            "/tag @s remove t38"
          ]
        },
        "37":{
          "transitions":[
            {"36":"v.time = (v.time ?? 0);v.time = v.time < 39 ? v.time + 1:0;return v.time == 0;"}
          ],
          "on_entry":[
            "/tag @s add t37"
          ],
          "on_exit":[
            "/tag @s remove t37"
          ]
        },
        "36":{
          "transitions":[
            {"35":"v.time = (v.time ?? 0);v.time = v.time < 39 ? v.time + 1:0;return v.time == 0;"}
          ],
          "on_entry":[
            "/tag @s add t36"
          ],
          "on_exit":[
            "/tag @s remove t36"
          ]
        },
        "35":{
          "transitions":[
            {"34":"v.time = (v.time ?? 0);v.time = v.time < 39 ? v.time + 1:0;return v.time == 0;"}
          ],
          "on_entry":[
            "/tag @s add t35"
          ],
          "on_exit":[
            "/tag @s remove t35"
          ]
        },
        "34":{
          "transitions":[
            {"33":"v.time = (v.time ?? 0);v.time = v.time < 39 ? v.time + 1:0;return v.time == 0;"}
          ],
          "on_entry":[
            "/tag @s add t34"
          ],
          "on_exit":[
            "/tag @s remove t34"
          ]
        },
        "33":{
          "transitions":[
            {"32":"v.time = (v.time ?? 0);v.time = v.time < 39 ? v.time + 1:0;return v.time == 0;"}
          ],
          "on_entry":[
            "/tag @s add t33"
          ],
          "on_exit":[
            "/tag @s remove t33"
          ]
        },
        "32":{
          "transitions":[
            {"31":"v.time = (v.time ?? 0);v.time = v.time < 39 ? v.time + 1:0;return v.time == 0;"}
          ],
          "on_entry":[
            "/tag @s add t32"
          ],
          "on_exit":[
            "/tag @s remove t32"
          ]
        },
        "31":{
          "transitions":[
            {"30":"v.time = (v.time ?? 0);v.time = v.time < 39 ? v.time + 1:0;return v.time == 0;"}
          ],
          "on_entry":[
            "/tag @s add t31"
          ],
          "on_exit":[
            "/tag @s remove t31"
          ]
        },
        "30":{
          "transitions":[
            {"29":"v.time = (v.time ?? 0);v.time = v.time < 39 ? v.time + 1:0;return v.time == 0;"}
          ],
          "on_entry":[
            "/tag @s add t30"
          ],
          "on_exit":[
            "/tag @s remove t30"
          ]
        },
        "29":{
          "transitions":[
            {"28":"v.time = (v.time ?? 0);v.time = v.time < 39 ? v.time + 1:0;return v.time == 0;"}
          ],
          "on_entry":[
            "/tag @s add t29"
          ],
          "on_exit":[
            "/tag @s remove t29"
          ]
        },
        "28":{
          "transitions":[
            {"27":"v.time = (v.time ?? 0);v.time = v.time < 39 ? v.time + 1:0;return v.time == 0;"}
          ],
          "on_entry":[
            "/tag @s add t28"
          ],
          "on_exit":[
            "/tag @s remove t28"
          ]
        },
        "27":{
          "transitions":[
            {"26":"v.time = (v.time ?? 0);v.time = v.time < 39 ? v.time + 1:0;return v.time == 0;"}
          ],
          "on_entry":[
            "/tag @s add t27"
          ],
          "on_exit":[
            "/tag @s remove t27"
          ]
        },
        "26":{
          "transitions":[
            {"25":"v.time = (v.time ?? 0);v.time = v.time < 39 ? v.time + 1:0;return v.time == 0;"}
          ],
          "on_entry":[
            "/tag @s add t26"
          ],
          "on_exit":[
            "/tag @s remove t26"
          ]
        },
        "25":{
          "transitions":[
            {"24":"v.time = (v.time ?? 0);v.time = v.time < 39 ? v.time + 1:0;return v.time == 0;"}
          ],
          "on_entry":[
            "/tag @s add t25"
          ],
          "on_exit":[
            "/tag @s remove t25"
          ]
        },
        "24":{
          "transitions":[
            {"23":"v.time = (v.time ?? 0);v.time = v.time < 39 ? v.time + 1:0;return v.time == 0;"}
          ],
          "on_entry":[
            "/tag @s add t24"
          ],
          "on_exit":[
            "/tag @s remove t24"
          ]
        },
        "23":{
          "transitions":[
            {"22":"v.time = (v.time ?? 0);v.time = v.time < 39 ? v.time + 1:0;return v.time == 0;"}
          ],
          "on_entry":[
            "/tag @s add t23"
          ],
          "on_exit":[
            "/tag @s remove t23"
          ]
        },
        "22":{
          "transitions":[
            {"21":"v.time = (v.time ?? 0);v.time = v.time < 39 ? v.time + 1:0;return v.time == 0;"}
          ],
          "on_entry":[
            "/tag @s add t22"
          ],
          "on_exit":[
            "/tag @s remove t22"
          ]
        },
        "21":{
          "transitions":[
            {"20":"v.time = (v.time ?? 0);v.time = v.time < 39 ? v.time + 1:0;return v.time == 0;"}
          ],
          "on_entry":[
            "/tag @s add t21"
          ],
          "on_exit":[
            "/tag @s remove t21"
          ]
        },
        "20":{
          "transitions":[
            {"19":"v.time = (v.time ?? 0);v.time = v.time < 39 ? v.time + 1:0;return v.time == 0;"}
          ],
          "on_entry":[
            "/tag @s add t20"
          ],
          "on_exit":[
            "/tag @s remove t20"
          ]
        },
        "19":{
          "transitions":[
            {"18":"v.time = (v.time ?? 0);v.time = v.time < 39 ? v.time + 1:0;return v.time == 0;"}
          ],
          "on_entry":[
            "/tag @s add t19"
          ],
          "on_exit":[
            "/tag @s remove t19"
          ]
        },
        "18":{
          "transitions":[
            {"17":"v.time = (v.time ?? 0);v.time = v.time < 39 ? v.time + 1:0;return v.time == 0;"}
          ],
          "on_entry":[
            "/tag @s add t18"
          ],
          "on_exit":[
            "/tag @s remove t18"
          ]
        },
        "17":{
          "transitions":[
            {"16":"v.time = (v.time ?? 0);v.time = v.time < 39 ? v.time + 1:0;return v.time == 0;"}
          ],
          "on_entry":[
            "/tag @s add t17"
          ],
          "on_exit":[
            "/tag @s remove t17"
          ]
        },
        "16":{
          "transitions":[
            {"15":"v.time = (v.time ?? 0);v.time = v.time < 39 ? v.time + 1:0;return v.time == 0;"}
          ],
          "on_entry":[
            "/tag @s add t16"
          ],
          "on_exit":[
            "/tag @s remove t16"
          ]
        },
        "15":{
          "transitions":[
            {"14":"v.time = (v.time ?? 0);v.time = v.time < 39 ? v.time + 1:0;return v.time == 0;"}
          ],
          "on_entry":[
            "/tag @s add t15"
          ],
          "on_exit":[
            "/tag @s remove t15"
          ]
        },
        "14":{
          "transitions":[
            {"13":"v.time = (v.time ?? 0);v.time = v.time < 39 ? v.time + 1:0;return v.time == 0;"}
          ],
          "on_entry":[
            "/tag @s add t14"
          ],
          "on_exit":[
            "/tag @s remove t14"
          ]
        },
        "13":{
          "transitions":[
            {"12":"v.time = (v.time ?? 0);v.time = v.time < 39 ? v.time + 1:0;return v.time == 0;"}
          ],
          "on_entry":[
            "/tag @s add t13"
          ],
          "on_exit":[
            "/tag @s remove t13"
          ]
        },
        "12":{
          "transitions":[
            {"11":"v.time = (v.time ?? 0);v.time = v.time < 39 ? v.time + 1:0;return v.time == 0;"}
          ],
          "on_entry":[
            "/tag @s add t12"
          ],
          "on_exit":[
            "/tag @s remove t12"
          ]
        },
        "11":{
          "transitions":[
            {"10":"v.time = (v.time ?? 0);v.time = v.time < 39 ? v.time + 1:0;return v.time == 0;"}
          ],
          "on_entry":[
            "/tag @s add t11"
          ],
          "on_exit":[
            "/tag @s remove t11"
          ]
        },
        "10":{
          "transitions":[
            {"9":"v.time = (v.time ?? 0);v.time = v.time < 39 ? v.time + 1:0;return v.time == 0;"}
          ],
          "on_entry":[
            "/tag @s add t10"
          ],
          "on_exit":[
            "/tag @s remove t10"
          ]
        },
        "9":{
          "transitions":[
            {"8":"v.time = (v.time ?? 0);v.time = v.time < 39 ? v.time + 1:0;return v.time == 0;"}
          ],
          "on_entry":[
            "/tag @s add t9"
          ],
          "on_exit":[
            "/tag @s remove t9"
          ]
        },
        "8":{
          "transitions":[
            {"7":"v.time = (v.time ?? 0);v.time = v.time < 39 ? v.time + 1:0;return v.time == 0;"}
          ],
          "on_entry":[
            "/tag @s add t8"
          ],
          "on_exit":[
            "/tag @s remove t8"
          ]
        },
        "7":{
          "transitions":[
            {"6":"v.time = (v.time ?? 0);v.time = v.time < 39 ? v.time + 1:0;return v.time == 0;"}
          ],
          "on_entry":[
            "/tag @s add t7"
          ],
          "on_exit":[
            "/tag @s remove t7"
          ]
        },
        "6":{
          "transitions":[
            {"5":"v.time = (v.time ?? 0);v.time = v.time < 39 ? v.time + 1:0;return v.time == 0;"}
          ],
          "on_entry":[
            "/tag @s add t6"
          ],
          "on_exit":[
            "/tag @s remove t6"
          ]
        },
        "5":{
          "transitions":[
            {"4":"v.time = (v.time ?? 0);v.time = v.time < 39 ? v.time + 1:0;return v.time == 0;"}
          ],
          "on_entry":[
            "/tag @s add t5"
          ],
          "on_exit":[
            "/tag @s remove t5"
          ]
        },
        "4":{
          "transitions":[
            {"3":"v.time = (v.time ?? 0);v.time = v.time < 39 ? v.time + 1:0;return v.time == 0;"}
          ],
          "on_entry":[
            "/tag @s add t4"
          ],
          "on_exit":[
            "/tag @s remove t4"
          ]
        },
        "3":{
          "transitions":[
            {"2":"v.time = (v.time ?? 0);v.time = v.time < 39 ? v.time + 1:0;return v.time == 0;"}
          ],
          "on_entry":[
            "/tag @s add t3"
          ],
          "on_exit":[
            "/tag @s remove t3"
          ]
        },
        "2":{
          "transitions":[
            {"1":"v.time = (v.time ?? 0);v.time = v.time < 39 ? v.time + 1:0;return v.time == 0;"}
          ],
          "on_entry":[
            "/tag @s add t2"
          ],
          "on_exit":[
            "/tag @s remove t2"
          ]
        },
        "1":{
          "transitions":[
            {"0":"v.time = (v.time ?? 0);v.time = v.time < 39 ? v.time + 1:0;return v.time == 0;"}
          ],
          "on_entry":[
            "/tag @s add t1"
          ],
          "on_exit":[
            "/tag @s remove t1"
          ]
        },
        "0":{
          "transitions":[
            {"00":"v.time = (v.time ?? 0);v.time = v.time < 10 ? v.time + 1:0;return v.time == 0;"}
          ],
          "on_entry":[
            "/tag @s add t0"
          ]
        },
        "00":{
          "on_entry":[
            "/event entity @s op_asa:be_despawn"
          ]
        }
      }
    }
  }
}