{
  "format_version": "1.14.0",
  "sound_definitions": {
    "ink_demon.spawn": {
      "category": "neutral",
      "max_distance": 100,
      "sounds": [
        "sounds/ink_demon_spawn"
      ]
    },
    "ink_demon.hurt": {
      "category": "hostile",
      "max_distance": 64,
      "sounds": [
        "sounds/ink_demon_hurt"
      ]
    },
    "ink_demon.attack": {
      "category": "hostile",
      "max_distance": 100,
      "sounds": [
        "sounds/ink_demon_attack"
      ]
    }
  }
}