{
  "entity_sounds": {
    "entities": {
      "mr:killer_clown": {
        "volume": 1.0,
        "pitch": [
          0.8,
          1.2
        ],
        "events": {
          "ambient": "mob.villager.idle",
          "death": "mob.villager.death",
          "death.to.zombie": "mob.villager.death",
          "haggle": "mob.villager.haggle",
          "haggle.no": "mob.villager.no",
          "haggle.yes": "mob.villager.yes",
          "hurt": "mob.villager.hit"
        }
      },
      "mr:candy_demon": {
        "volume": 1.0,
        "pitch": [
          0.8,
          1.2
        ],
        "events": {
          "ambient": "copper.wax.on",
          "death": "mob.zombie_villager.death",
          "death.to.zombie": "mob.villager.death",
          "haggle": "mob.villager.haggle",
          "haggle.no": "mob.villager.no",
          "haggle.yes": "mob.villager.yes",
          "hurt": "random.eat"
        }
      },
      "mr:spooky_guardian": {
        "volume": 1.0,
        "pitch": [
          0.8,
          1.2
        ],
        "events": {
          "ambient": "mob.phantom.bite",
          "death": "ambient.weather.thunder",
          "death.to.zombie": "mob.endermen.scream",
          "haggle": "ambient.crimson_forest.additions",
          "haggle.no": "ambient.cave",
          "haggle.yes": "ambient.basalt_deltas.mood",
          "hurt": "ambient.crimson_forest.loop"
        }
      }
    }
  }
}