{
  "format_version": "1.10.0",
  "animation_controllers": {
    "controller.animation.ink_demon.general": {
      "initial_state": "default",
      "states": {
        "running": {
          "animations": [
            "walk"
          ],
          "transitions": [
            {
              "default": "query.ground_speed \u003c\u003d 3.5"
            },
            {
              "raging": "query.is_casting \u0026\u0026 variable.random \u003d\u003d 0"
            },
            {
              "raging2": "query.is_casting \u0026\u0026 variable.random \u003d\u003d 1"
            },
            {
              "killing": "query.has_rider \u0026\u0026 query.mark_variant \u003d\u003d 0"
            },
            {
              "killing2": "query.has_rider \u0026\u0026 query.mark_variant \u003d\u003d 1"
            },
            {
              "sitting": "query.is_laying_down \u0026\u0026 variable.random \u003d\u003d 0"
            },
            {
              "sitting2": "query.is_laying_down \u0026\u0026 variable.random \u003d\u003d 1"
            },
            {
              "lying": "query.is_transforming"
            },
            {
              "swimming": "query.is_in_water \u0026\u0026 query.ground_speed \u003e\u003d 3.5"
            },
            {
              "jumping": "query.is_riding ? (query.get_ride -\u003e query.owner_identifier) \u003d\u003d \u0027bd:leap\u0027"
            },
            {
              "attack1": "variable.attack_time \u003e 0 \u0026\u0026 variable.random_attack \u003d\u003d 0"
            },
            {
              "attack2": "variable.attack_time \u003e 0 \u0026\u0026 variable.random_attack \u003d\u003d 1"
            },
            {
              "attack3": "variable.attack_time \u003e 0 \u0026\u0026 variable.random_attack \u003d\u003d 2"
            },
            {
              "landing": "!query.has_target \u0026\u0026 !query.is_riding \u0026\u0026 query.is_on_ground \u0026\u0026 !query.is_in_water \u0026\u0026 query.ground_speed \u003e 23"
            }
          ],
          "blend_transition": 0.1
        },
        "attack1": {
          "animations": [
            "bitting"
          ],
          "transitions": [
            {
              "default": "query.all_animations_finished"
            },
            {
              "raging": "query.is_casting \u0026\u0026 variable.random \u003d\u003d 0"
            },
            {
              "raging2": "query.is_casting \u0026\u0026 variable.random \u003d\u003d 1"
            }
          ],
          "blend_transition": 0.1
        }
      }
    }
  }
}