{
	"format_version" : "1.10.0",
	"minecraft:client_entity" : {
		"description" : {
			"identifier" : "mobvote:rascal",
			"materials" : {
				"default" : "skeleton",
				"transparent" : "entity_custom"
			},
			"textures" : {
				"default" : "textures/entity/rascal",
				"hide_and_seek" : "textures/entity/rascal_hide_and_seek"
			},
			"geometry" : {
				"default" : "geometry.rascal"
			},
			"animations" : {
				"catching" : "animation.rascal.catch",
				"giving" : "animation.rascal.get",
				"staticking" : "animation.rascal.static",
				"moving" : "animation.rascal.move",
				"look_at_target" : "animation.common.look_at_target",
				"move" : "controller.animation.rascal.move",
				"give" : "controller.animation.rascal.give"
			},
			"scripts" : {
				"animate" : [ "give", "move" ]
			},
			"enable_attachables" : false,
			"spawn_egg" : {
				"base_color" : "#197275",
				"overlay_color" : "#2da892"
			},
			"render_controllers" : [
				{
					"controller.render.rascal" : "query.skin_id == 0"
				},
				{
					"controller.render.rascal_trans" : "query.skin_id == 1"
				}
			],
			"particle_effects" : {
				"footstep_particles" : "minecraft:footstep"
			}
		}
	}
}
