{
	"format_version" : "1.10.0",
	"minecraft:client_entity" : {
		"description" : {
			"identifier" : "mobvote:sniffer",
			"materials" : {
				"default" : "skeleton"
			},
			"textures" : {
				"default" : "textures/entity/sniffer"
			},
			"geometry" : {
				"default" : "geometry.sniffer"
			},
			"animations" : {
				"digging" : "animation.sniffer.dig",
				"sniffering" : "animation.sniffer.sniff",
				"staticking" : "animation.sniffer.static",
				"moving" : "animation.sniffer.move",
				"look_at_target" : "animation.common.look_at_target",
				"move" : "controller.animation.sniffer.move",
				"dig" : "controller.animation.sniffer.dig",
				"sniff" : "controller.animation.sniffer.sniff"
			},
			"scripts" : {
				"animate" : [ "sniff", "dig", "move" ]
			},
			"render_controllers" : [ "controller.render.cow" ],
			"enable_attachables" : false,
			"particle_effects" : {
				"digging" : "minecraft:warden_dig"
			},
			"spawn_egg" : {
				"base_color" : "#870505",
				"overlay_color" : "#0aab4d"
			}
		}
	}
}
