{
	"format_version": "1.8.0",
	"animations": {
		"animation.ft_boxy_boo.General": {
			"loop": true,
			"animation_length": 4,
			"bones": {
				"Body": {
					"position": {
						"0.0": [0, 0, 0],
						"1.0": [0, -5, 0],
						"4.0": [0, 0, 0]
					}
				},
				"RightArm": {
					"rotation": {
						"0.0": [0, 0, 2.5],
						"1.0": [0, 0, 7.5],
						"4.0": [0, 0, 2.5]
					}
				},
				"RightArm2": {
					"rotation": {
						"0.0": [0, 0, 0],
						"1.0": [0, 0, -10],
						"4.0": [0, 0, 0]
					}
				},
				"RightArm3": {
					"rotation": {
						"0.0": [0, 0, 0],
						"1.0": [0, 0, -5],
						"4.0": [0, 0, 0]
					}
				},
				"RightHand": {
					"rotation": {
						"0.0": [0, 0, 0],
						"1.0": [0, 0, -5],
						"4.0": [0, 0, 0]
					}
				},
				"LeftArm": {
					"rotation": {
						"0.0": [0, 0, 0],
						"1.0": [0, 0, -10],
						"4.0": [0, 0, 0]
					}
				},
				"LeftArm2": {
					"rotation": {
						"0.0": [0, 0, 0],
						"1.0": [0, 0, 5],
						"4.0": [0, 0, 0]
					}
				},
				"LeftArm3": {
					"rotation": {
						"0.0": [0, 0, 0],
						"1.0": [0, 0, 10],
						"4.0": [0, 0, 0]
					}
				},
				"Lefthand": {
					"rotation": {
						"0.0": [0, 0, 0],
						"1.0": [0, 0, 5],
						"4.0": [0, 0, 0]
					}
				},
				"Neck2": {
					"position": {
						"0.0": [0, 0, 0],
						"1.0": [0, -3, 0],
						"4.0": [0, 0, 0]
					}
				},
				"Head": {
					"position": {
						"0.0": [0, 0, 0],
						"2.0": [0, -2, 0],
						"4.0": [0, 0, 0]
					}
				},
				"bone2": {
					"rotation": {
						"0.0": [0, 0, 0],
						"1.0": [90, 0, 0],
						"2.0": [180, 0, 0],
						"3.0": [270, 0, 0],
						"4.0": [360, 0, 0]
					},
					"position": [0, 0, 0]
				}
			}
		},
		"animation.ft_boxy_boo.move": {
			"loop": true,
			"animation_length": 4,
			"bones": {
				"bone2": {
					"rotation": {
						"0.0": [0, 0, 0],
						"1.0": [90, 0, 0],
						"2.0": [180, 0, 0],
						"3.0": [270, 0, 0],
						"4.0": [360, 0, 0]
					},
					"position": [0, 0, 0]
				},
				"LeftLeg": {
					"rotation": {
						"0.0": [30, 0, 0],
						"0.25": [0, 0, 0],
						"0.5": [-30, 0, 0],
						"0.75": [0, 0, 0],
						"1.0": [30, 0, 0],
						"1.25": [0, 0, 0],
						"1.5": [-30, 0, 0],
						"1.75": [0, 0, 0],
						"2.0": [30, 0, 0],
						"2.25": [0, 0, 0],
						"2.5": [-30, 0, 0],
						"2.75": [0, 0, 0],
						"3.0": [30, 0, 0],
						"3.25": [0, 0, 0],
						"3.5": [-30, 0, 0],
						"3.75": [0, 0, 0],
						"4.0": [30, 0, 0]
					}
				},
				"LeftLeg2": {
					"rotation": {
						"0.0": [20, 0, 0],
						"0.25": [0, 0, 0],
						"0.5": [5, 0, 0],
						"0.75": [0, 0, 0],
						"1.0": [20, 0, 0],
						"1.25": [0, 0, 0],
						"1.5": [5, 0, 0],
						"1.75": [0, 0, 0],
						"2.0": [20, 0, 0],
						"2.25": [0, 0, 0],
						"2.5": [5, 0, 0],
						"2.75": [0, 0, 0],
						"3.0": [20, 0, 0],
						"3.25": [0, 0, 0],
						"3.5": [5, 0, 0],
						"3.75": [0, 0, 0],
						"4.0": [20, 0, 0]
					}
				},
				"LeftLeg3": {
					"rotation": {
						"0.0": [20, 0, 0],
						"0.25": [0, 0, 0],
						"0.5": [5, 0, 0],
						"0.75": [0, 0, 0],
						"1.0": [20, 0, 0],
						"1.25": [0, 0, 0],
						"1.5": [5, 0, 0],
						"1.75": [0, 0, 0],
						"2.0": [20, 0, 0],
						"2.25": [0, 0, 0],
						"2.5": [5, 0, 0],
						"2.75": [0, 0, 0],
						"3.0": [20, 0, 0],
						"3.25": [0, 0, 0],
						"3.5": [5, 0, 0],
						"3.75": [0, 0, 0],
						"4.0": [20, 0, 0]
					}
				},
				"RightLeg": {
					"rotation": {
						"0.0": [-30, 0, 0],
						"0.25": [0, 0, 0],
						"0.5": [25, 0, 0],
						"0.75": [0, 0, 0],
						"1.0": [-30, 0, 0],
						"1.25": [0, 0, 0],
						"1.5": [25, 0, 0],
						"1.75": [0, 0, 0],
						"2.0": [-30, 0, 0],
						"2.25": [0, 0, 0],
						"2.5": [25, 0, 0],
						"2.75": [0, 0, 0],
						"3.0": [-30, 0, 0],
						"3.25": [0, 0, 0],
						"3.5": [25, 0, 0],
						"3.75": [0, 0, 0],
						"4.0": [-30, 0, 0]
					}
				},
				"RightLeg2": {
					"rotation": {
						"0.0": [5, 0, 0],
						"0.25": [0, 0, 0],
						"0.5": [25, 0, 0],
						"0.75": [0, 0, 0],
						"1.0": [5, 0, 0],
						"1.25": [0, 0, 0],
						"1.5": [25, 0, 0],
						"1.75": [0, 0, 0],
						"2.0": [5, 0, 0],
						"2.25": [0, 0, 0],
						"2.5": [25, 0, 0],
						"2.75": [0, 0, 0],
						"3.0": [5, 0, 0],
						"3.25": [0, 0, 0],
						"3.5": [25, 0, 0],
						"3.75": [0, 0, 0],
						"4.0": [5, 0, 0]
					}
				},
				"RightLeg3": {
					"rotation": {
						"0.0": [5, 0, 0],
						"0.25": [-1.25, 0, 0],
						"0.5": [32.5, 0, 0],
						"0.75": [-1.25, 0, 0],
						"1.0": [5, 0, 0],
						"1.25": [-1.25, 0, 0],
						"1.5": [32.5, 0, 0],
						"1.75": [-1.25, 0, 0],
						"2.0": [5, 0, 0],
						"2.25": [-1.25, 0, 0],
						"2.5": [32.5, 0, 0],
						"2.75": [-1.25, 0, 0],
						"3.0": [5, 0, 0],
						"3.25": [-1.25, 0, 0],
						"3.5": [32.5, 0, 0],
						"3.75": [-1.25, 0, 0],
						"4.0": [5, 0, 0]
					}
				},
				"Body": {
					"position": {
						"0.0": [0, -2, 0],
						"0.25": [0, 0, 0],
						"0.5": [0, -2, 0],
						"0.75": [0, 0, 0],
						"1.0": [0, -2, 0],
						"1.25": [0, 0, 0],
						"1.5": [0, -2, 0],
						"1.75": [0, 0, 0],
						"2.0": [0, -2, 0],
						"2.25": [0, 0, 0],
						"2.5": [0, -2, 0],
						"2.75": [0, 0, 0],
						"3.0": [0, -2, 0],
						"3.25": [0, 0, 0],
						"3.5": [0, -2, 0],
						"3.75": [0, 0, 0],
						"4.0": [0, -2, 0]
					}
				},
				"RightArm": {
					"rotation": {
						"0.0": [-20, 0, 0],
						"0.25": [0, 0, 0],
						"0.5": [20, 0, 0],
						"0.75": [0, 0, 0],
						"1.0": [-20, 0, 0],
						"1.25": [0, 0, 0],
						"1.5": [20, 0, 0],
						"1.75": [0, 0, 0],
						"2.0": [-20, 0, 0],
						"2.25": [0, 0, 0],
						"2.5": [20, 0, 0],
						"2.75": [0, 0, 0],
						"3.0": [-20, 0, 0],
						"3.25": [0, 0, 0],
						"3.5": [20, 0, 0],
						"3.75": [0, 0, 0],
						"4.0": [-20, 0, 0]
					}
				},
				"RightArm2": {
					"rotation": {
						"0.0": [-10, 0, 0],
						"0.25": [0, 0, 0],
						"0.5": [0, 0, 0],
						"0.75": [0, 0, 0],
						"1.0": [-10, 0, 0],
						"1.25": [0, 0, 0],
						"1.5": [0, 0, 0],
						"1.75": [0, 0, 0],
						"2.0": [-10, 0, 0],
						"2.25": [0, 0, 0],
						"2.5": [0, 0, 0],
						"2.75": [0, 0, 0],
						"3.0": [-10, 0, 0],
						"3.25": [0, 0, 0],
						"3.5": [0, 0, 0],
						"3.75": [0, 0, 0],
						"4.0": [-10, 0, 0]
					}
				},
				"RightArm3": {
					"rotation": {
						"0.0": [-15, 0, 0],
						"0.25": [0, 0, 0],
						"0.5": [0, 0, 0],
						"0.75": [0, 0, 0],
						"1.0": [-15, 0, 0],
						"1.25": [0, 0, 0],
						"1.5": [0, 0, 0],
						"1.75": [0, 0, 0],
						"2.0": [-15, 0, 0],
						"2.25": [0, 0, 0],
						"2.5": [0, 0, 0],
						"2.75": [0, 0, 0],
						"3.0": [-15, 0, 0],
						"3.25": [0, 0, 0],
						"3.5": [0, 0, 0],
						"3.75": [0, 0, 0],
						"4.0": [-15, 0, 0]
					}
				},
				"LeftArm": {
					"rotation": {
						"0.0": [20, 0, 0],
						"0.25": [2.5, 0, 0],
						"0.5": [-17.5, 0, 0],
						"0.75": [2.5, 0, 0],
						"1.0": [20, 0, 0],
						"1.25": [2.5, 0, 0],
						"1.5": [-17.5, 0, 0],
						"1.75": [2.5, 0, 0],
						"2.0": [20, 0, 0],
						"2.25": [2.5, 0, 0],
						"2.5": [-17.5, 0, 0],
						"2.75": [2.5, 0, 0],
						"3.0": [20, 0, 0],
						"3.25": [2.5, 0, 0],
						"3.5": [-17.5, 0, 0],
						"3.75": [2.5, 0, 0],
						"4.0": [22.5, 0, 0]
					}
				},
				"LeftArm2": {
					"rotation": {
						"0.0": [0, 0, 0],
						"0.25": [0, 0, 0],
						"0.5": [-10, 0, 0],
						"0.75": [0, 0, 0],
						"1.0": [0, 0, 0],
						"1.25": [0, 0, 0],
						"1.5": [-10, 0, 0],
						"1.75": [0, 0, 0],
						"2.0": [0, 0, 0],
						"2.25": [0, 0, 0],
						"2.5": [-10, 0, 0],
						"2.75": [0, 0, 0],
						"3.0": [0, 0, 0],
						"3.25": [0, 0, 0],
						"3.5": [-10, 0, 0],
						"3.75": [0, 0, 0],
						"4.0": [0, 0, 0]
					}
				},
				"LeftArm3": {
					"rotation": {
						"0.0": [0, 0, 0],
						"0.25": [0, 0, 0],
						"0.5": [-15, 0, 0],
						"0.75": [0, 0, 0],
						"1.0": [0, 0, 0],
						"1.25": [0, 0, 0],
						"1.5": [-15, 0, 0],
						"1.75": [0, 0, 0],
						"2.0": [0, 0, 0],
						"2.25": [0, 0, 0],
						"2.5": [-15, 0, 0],
						"2.75": [0, 0, 0],
						"3.0": [0, 0, 0],
						"3.25": [0, 0, 0],
						"3.5": [-15, 0, 0],
						"3.75": [0, 0, 0],
						"4.0": [0, 0, 0]
					}
				},
				"Neck2": {
					"position": {
						"0.0": [0, 0, 0],
						"1.0": [0, -1, 0],
						"2.0": [0, 0, 0],
						"3.0": [0, -1, 0],
						"4.0": [0, 0, 0]
					}
				}
			}
		},
		"animation.ft_boxy_boo.Looking": {
			"loop": true,
			"animation_length": 4,
			"bones": {
				"bone2": {
					"rotation": {
						"0.0": [0, 0, 0],
						"1.0": [90, 0, 0],
						"2.0": [180, 0, 0],
						"3.0": [270, 0, 0],
						"4.0": [360, 0, 0]
					},
					"position": [0, 0, 0]
				}
			}
		},
		"animation.ft_boxy_boo.Attack": {
			"animation_length": 0.66667,
			"bones": {
				"Body": {
					"rotation": {
						"0.0": [0, 0, 0],
						"0.25": [-10, 0, 0],
						"0.5": [30, 0, 0],
						"0.6667": [0, 0, 0]
					}
				},
				"RightArm": {
					"rotation": {
						"0.0": [0, 0, 0],
						"0.25": [-20, 0, 0],
						"0.5": [0, 0, 0],
						"0.6667": [0, 0, 0]
					}
				},
				"RightArm2": {
					"rotation": {
						"0.0": [0, 0, 0],
						"0.25": [-10, 0, 0],
						"0.5": [-10, 0, 0],
						"0.6667": [0, 0, 0]
					}
				},
				"RightArm3": {
					"rotation": {
						"0.0": [0, 0, 0],
						"0.25": [-10, 0, 0],
						"0.5": [-10, 0, 0],
						"0.6667": [0, 0, 0]
					}
				},
				"LeftArm": {
					"rotation": {
						"0.0": [0, 0, 0],
						"0.25": [0, 0, 0],
						"0.5": [12.5, 0, 0],
						"0.6667": [0, 0, 0]
					}
				},
				"LeftArm2": {
					"rotation": {
						"0.0": [0, 0, 0],
						"0.25": [-10, 0, 0],
						"0.5": [-7.5, 0, 0],
						"0.6667": [0, 0, 0]
					}
				},
				"LeftArm3": {
					"rotation": {
						"0.0": [0, 0, 0],
						"0.25": [-20, 0, 0],
						"0.5": [-10, 0, 0],
						"0.6667": [0, 0, 0]
					}
				},
				"Neck2": {
					"rotation": {
						"0.0": [0, 0, 0],
						"0.25": [-10, 0, 0],
						"0.5": [30, 0, 0],
						"0.6667": [0, 0, 0]
					}
				},
				"Head": {
					"rotation": {
						"0.0": [0, 0, 0],
						"0.25": [-20, 0, 0],
						"0.5833": [0, 0, 0],
						"0.6667": [0, 0, 0]
					},
					"position": {
						"0.0": [0, 0, 0],
						"0.5833": [0, -16, -12],
						"0.6667": [0, 0, 0]
					},
					"scale": {
						"0.0": [1, 1, 1],
						"0.5": [1, 1, 1],
						"0.5833": [3, 2.5, 3],
						"0.6667": [1, 1, 1]
					}
				},
				"Head2": {
					"rotation": {
						"0.0": [0, 0, 0],
						"0.25": [20, 0, 0],
						"0.5": [20, 0, 0],
						"0.5833": [0, 0, 0]
					}
				},
				"bone": {
					"rotation": {
						"0.0": [0, 0, 0],
						"0.25": [-10, 0, 0],
						"0.4167": [-10, 0, 0],
						"0.5": [80, 0, 0],
						"0.6667": [0, 0, 0]
					}
				}
			}
		}
	}
}