{
	"format_version": "1.12.0",
	"minecraft:geometry": [
		{
			"description": {
				"identifier": "geometry.akainu",
				"texture_width": 256,
				"texture_height": 256,
				"visible_bounds_width": 73,
				"visible_bounds_height": 142,
				"visible_bounds_offset": [0, 55, 0]
			},
			"bones": [
				{
					"name": "Corpo",
					"pivot": [0, 39.52777, 0.40346],
					"rotation": [2.5, 0, 0],
					"cubes": [
						{
							"origin": [-5.30592, 34.44368, -2.49839],
							"size": [10.61182, 8.38744, 7.49172],
							"uv": {
								"north": {"uv": [94, 46], "uv_size": [10.625, 8.375]},
								"east": {"uv": [107, 7], "uv_size": [7.5, 8.375]},
								"south": {"uv": [94, 55], "uv_size": [10.625, 8.375]},
								"west": {"uv": [97, 108], "uv_size": [7.5, 8.375]},
								"up": {"uv": [90, 98], "uv_size": [10.625, 7.5]},
								"down": {"uv": [100, 87.5], "uv_size": [10.625, -7.5]}
							}
						},
						{
							"origin": [-5.62282, 30.98163, -1.81529],
							"size": [11.24562, 2.88475, 7.67751],
							"uv": {
								"north": {"uv": [131, 35], "uv_size": [11.25, 2.875]},
								"east": {"uv": [148, 133], "uv_size": [7.625, 2.875]},
								"south": {"uv": [132, 121], "uv_size": [11.25, 2.875]},
								"west": {"uv": [152, 29], "uv_size": [7.625, 2.875]},
								"up": {"uv": [43, 95], "uv_size": [11.25, 7.625]},
								"down": {"uv": [97, 23.625], "uv_size": [11.25, -7.625]}
							}
						},
						{
							"origin": [-1.62282, 27.98163, -1.81529],
							"size": [3.24562, 3.88475, 4.67751],
							"uv": {
								"north": {"uv": [163, 61], "uv_size": [3.25, 3.875]},
								"east": {"uv": [157, 144], "uv_size": [4.625, 3.875]},
								"south": {"uv": [163, 65], "uv_size": [3.25, 3.875]},
								"west": {"uv": [96, 158], "uv_size": [4.625, 3.875]},
								"up": {"uv": [160, 115], "uv_size": [3.25, 4.625]},
								"down": {"uv": [161, 4.625], "uv_size": [3.25, -4.625]}
							}
						},
						{
							"origin": [-1.62282, 27.98163, 1.13778],
							"size": [3.24562, 3.88475, 4.67751],
							"pivot": [0, 32, 5],
							"rotation": [-5, 0, 0],
							"uv": {
								"north": {"uv": [163, 69], "uv_size": [3.25, 3.875]},
								"east": {"uv": [158, 102], "uv_size": [4.625, 3.875]},
								"south": {"uv": [163, 73], "uv_size": [3.25, 3.875]},
								"west": {"uv": [158, 106], "uv_size": [4.625, 3.875]},
								"up": {"uv": [161, 5], "uv_size": [3.25, 4.625]},
								"down": {"uv": [161, 14.625], "uv_size": [3.25, -4.625]}
							}
						},
						{
							"origin": [-4.74036, 32.73299, -1.03684],
							"size": [9.48072, 2.88475, 6.56861],
							"uv": {
								"north": {"uv": [143, 33], "uv_size": [9.5, 2.875]},
								"east": {"uv": [153, 148], "uv_size": [6.625, 2.875]},
								"south": {"uv": [143, 59], "uv_size": [9.5, 2.875]},
								"west": {"uv": [155, 121], "uv_size": [6.625, 2.875]},
								"up": {"uv": [87, 106], "uv_size": [9.5, 6.625]},
								"down": {"uv": [107, 6.625], "uv_size": [9.5, -6.625]}
							}
						}
					]
				},
				{
					"name": "leftPerna",
					"parent": "Corpo",
					"pivot": [3.55396, 29.86408, 1.29946],
					"rotation": [-1.11485, -0.17052, -2.99526],
					"cubes": [
						{
							"origin": [0.3081, 20.92415, -1.49839],
							"size": [5.04372, 9.93994, 6.04372],
							"uv": {
								"north": {"uv": [70, 111], "uv_size": [5, 10]},
								"east": {"uv": [14, 109], "uv_size": [6, 10]},
								"south": {"uv": [117, 44], "uv_size": [5, 10]},
								"west": {"uv": [109, 30], "uv_size": [6, 10]},
								"up": {"uv": [48, 139], "uv_size": [5, 6]},
								"down": {"uv": [53, 145], "uv_size": [5, -6]}
							}
						},
						{
							"origin": [0.74255, 18.2497, -1.06395],
							"size": [4.17482, 6.40099, 5.17482],
							"uv": {
								"north": {"uv": [77, 144], "uv_size": [4.125, 6.375]},
								"east": {"uv": [39, 132], "uv_size": [5.125, 6.375]},
								"south": {"uv": [144, 100], "uv_size": [4.125, 6.375]},
								"west": {"uv": [45, 132], "uv_size": [5.125, 6.375]},
								"up": {"uv": [113, 152], "uv_size": [4.125, 5.125]},
								"down": {"uv": [0, 158.125], "uv_size": [4.125, -5.125]}
							}
						},
						{
							"origin": [1.62959, 15.74794, -1.36507],
							"size": [2.37386, 4.161, 4.77706],
							"uv": {
								"north": {"uv": [103, 166], "uv_size": [2.375, 4.125]},
								"east": {"uv": [82, 155], "uv_size": [4.75, 4.125]},
								"south": {"uv": [166, 104], "uv_size": [2.375, 4.125]},
								"west": {"uv": [87, 155], "uv_size": [4.75, 4.125]},
								"up": {"uv": [138, 164], "uv_size": [2.375, 4.75]},
								"down": {"uv": [141, 168.75], "uv_size": [2.375, -4.75]}
							}
						},
						{
							"origin": [-0.12634, 23.53084, -1.06395],
							"size": [5.91261, 6.89879, 5.17482],
							"uv": {
								"north": {"uv": [112, 120], "uv_size": [5.875, 6.875]},
								"east": {"uv": [127, 13], "uv_size": [5.125, 6.875]},
								"south": {"uv": [18, 121], "uv_size": [5.875, 6.875]},
								"west": {"uv": [112, 127], "uv_size": [5.125, 6.875]},
								"up": {"uv": [78, 138], "uv_size": [5.875, 5.125]},
								"down": {"uv": [138, 89.125], "uv_size": [5.875, -5.125]}
							}
						},
						{
							"origin": [0.74255, 22.2275, -1.93284],
							"size": [4.17482, 8.20214, 6.91261],
							"uv": {
								"north": {"uv": [73, 130], "uv_size": [4.125, 8.25]},
								"east": {"uv": [32, 111], "uv_size": [6.875, 8.25]},
								"south": {"uv": [130, 95], "uv_size": [4.125, 8.25]},
								"west": {"uv": [39, 111], "uv_size": [6.875, 8.25]},
								"up": {"uv": [0, 141], "uv_size": [4.125, 6.875]},
								"down": {"uv": [142, 142.875], "uv_size": [4.125, -6.875]}
							}
						}
					]
				},
				{
					"name": "leftPerna_down",
					"parent": "leftPerna",
					"pivot": [3.06824, 18.2497, 2.29946],
					"cubes": [
						{
							"origin": [1.625, 6.95401, 0.37051],
							"size": [2.85792, 11.13929, 3.85792],
							"uv": {
								"north": {"uv": [63, 132], "uv_size": [2.875, 11.125]},
								"east": {"uv": [14, 119], "uv_size": [3.875, 11.125]},
								"south": {"uv": [91, 133], "uv_size": [2.875, 11.125]},
								"west": {"uv": [63, 120], "uv_size": [3.875, 11.125]},
								"up": {"uv": [16, 165], "uv_size": [2.875, 3.875]},
								"down": {"uv": [28, 168.875], "uv_size": [2.875, -3.875]}
							}
						},
						{
							"origin": [2.05945, 4.11042, 0.80496],
							"size": [1.98902, 3.99053, 2.98902],
							"uv": {
								"north": {"uv": [54, 40], "uv_size": [2, 4]},
								"east": {"uv": [10, 94], "uv_size": [3, 4]},
								"south": {"uv": [95, 113], "uv_size": [2, 4]},
								"west": {"uv": [113, 163], "uv_size": [3, 4]},
								"up": {"uv": [132, 124], "uv_size": [2, 3]},
								"down": {"uv": [99, 139], "uv_size": [2, -3]}
							}
						},
						{
							"origin": [1.32825, 0.80418, 0.1544],
							"size": [3.42454, 6.31309, 4.29014],
							"uv": {
								"north": {"uv": [152, 43], "uv_size": [3.375, 6.375]},
								"east": {"uv": [143, 62], "uv_size": [4.25, 6.375]},
								"south": {"uv": [152, 50], "uv_size": [3.375, 6.375]},
								"west": {"uv": [143, 77], "uv_size": [4.25, 6.375]},
								"up": {"uv": [57, 161], "uv_size": [3.375, 4.25]},
								"down": {"uv": [74, 165.25], "uv_size": [3.375, -4.25]}
							}
						},
						{
							"origin": [3.79725, 8.25735, 2.10831],
							"size": [1.12012, 6.36034, 2.55457],
							"uv": {
								"north": {"uv": [130, 164], "uv_size": [1.125, 6.375]},
								"east": {"uv": [94, 72], "uv_size": [2.5, 6.375]},
								"south": {"uv": [6, 165], "uv_size": [1.125, 6.375]},
								"west": {"uv": [97, 80], "uv_size": [2.5, 6.375]},
								"up": {"uv": [60, 169], "uv_size": [1.125, 2.5]},
								"down": {"uv": [62, 171.5], "uv_size": [1.125, -2.5]}
							}
						},
						{
							"origin": [1.19055, 8.25735, 2.10831],
							"size": [1.12012, 6.36034, 2.55457],
							"uv": {
								"north": {"uv": [24, 167], "uv_size": [1.125, 6.375]},
								"east": {"uv": [54, 160], "uv_size": [2.5, 6.375]},
								"south": {"uv": [54, 167], "uv_size": [1.125, 6.375]},
								"west": {"uv": [82, 160], "uv_size": [2.5, 6.375]},
								"up": {"uv": [77, 169], "uv_size": [1.125, 2.5]},
								"down": {"uv": [169, 81.5], "uv_size": [1.125, -2.5]}
							}
						},
						{
							"origin": [0.7561, 10.86406, 2.9772],
							"size": [1.55457, 3.3192, 2.12012],
							"uv": {
								"north": {"uv": [75, 152], "uv_size": [1.5, 3.375]},
								"east": {"uv": [167, 60], "uv_size": [2.125, 3.375]},
								"south": {"uv": [153, 32], "uv_size": [1.5, 3.375]},
								"west": {"uv": [167, 64], "uv_size": [2.125, 3.375]},
								"up": {"uv": [152, 97], "uv_size": [1.5, 2.125]},
								"down": {"uv": [62, 158.125], "uv_size": [1.5, -2.125]}
							}
						},
						{
							"origin": [3.79725, 10.86406, 2.9772],
							"size": [1.55457, 3.3192, 2.12012],
							"uv": {
								"north": {"uv": [40, 155], "uv_size": [1.5, 3.375]},
								"east": {"uv": [167, 68], "uv_size": [2.125, 3.375]},
								"south": {"uv": [19, 168], "uv_size": [1.5, 3.375]},
								"west": {"uv": [167, 72], "uv_size": [2.125, 3.375]},
								"up": {"uv": [38, 162], "uv_size": [1.5, 2.125]},
								"down": {"uv": [162, 130.125], "uv_size": [1.5, -2.125]}
							}
						},
						{
							"origin": [1.19055, 15.643, -0.06395],
							"size": [3.72682, 2.88475, 4.72682],
							"uv": {
								"north": {"uv": [115, 13], "uv_size": [3.75, 2.875]},
								"east": {"uv": [136, 32], "uv_size": [4.75, 2.875]},
								"south": {"uv": [115, 95], "uv_size": [3.75, 2.875]},
								"west": {"uv": [160, 94], "uv_size": [4.75, 2.875]},
								"up": {"uv": [108, 158], "uv_size": [3.75, 4.75]},
								"down": {"uv": [158, 114.75], "uv_size": [3.75, -4.75]}
							}
						}
					]
				},
				{
					"name": "Pe3",
					"parent": "leftPerna_down",
					"pivot": [3.71526, 1.1434, 2.44625],
					"rotation": [2.51564, 0.75155, 2.38443],
					"cubes": [
						{
							"origin": [1.93309, 0.1411, -3.08585],
							"size": [2.11334, 1.05825, 3.07545],
							"uv": {
								"north": {"uv": [13, 86], "uv_size": [2.125, 1]},
								"east": {"uv": [111, 87], "uv_size": [3.125, 1]},
								"south": {"uv": [108, 79], "uv_size": [2.125, 1]},
								"west": {"uv": [119, 105], "uv_size": [3.125, 1]},
								"up": {"uv": [168, 10], "uv_size": [2.125, 3.125]},
								"down": {"uv": [168, 17.125], "uv_size": [2.125, -3.125]}
							}
						},
						{
							"origin": [1.84116, 0.1411, -0.11346],
							"size": [2.32784, 1.21147, 3.93346],
							"uv": {
								"north": {"uv": [140, 59], "uv_size": [2.375, 1.25]},
								"east": {"uv": [34, 144], "uv_size": [3.875, 1.25]},
								"south": {"uv": [140, 67], "uv_size": [2.375, 1.25]},
								"west": {"uv": [144, 75], "uv_size": [3.875, 1.25]},
								"up": {"uv": [166, 118], "uv_size": [2.375, 3.875]},
								"down": {"uv": [166, 125.875], "uv_size": [2.375, -3.875]}
							}
						}
					]
				},
				{
					"name": "rightPerna",
					"parent": "Corpo",
					"pivot": [-3.55396, 29.86408, 1.29946],
					"rotation": [-1.11485, 0.17052, 2.99526],
					"cubes": [
						{
							"origin": [-5.35182, 20.92415, -1.49839],
							"size": [5.04372, 9.93994, 6.04372],
							"uv": {
								"north": {"uv": [117, 54], "uv_size": [5, 10]},
								"east": {"uv": [109, 88], "uv_size": [6, 10]},
								"south": {"uv": [95, 117], "uv_size": [5, 10]},
								"west": {"uv": [20, 111], "uv_size": [6, 10]},
								"up": {"uv": [58, 139], "uv_size": [5, 6]},
								"down": {"uv": [139, 77], "uv_size": [5, -6]}
							}
						},
						{
							"origin": [-4.91737, 18.2497, -1.06395],
							"size": [4.17482, 6.40099, 5.17482],
							"uv": {
								"north": {"uv": [104, 144], "uv_size": [4.125, 6.375]},
								"east": {"uv": [51, 132], "uv_size": [5.125, 6.375]},
								"south": {"uv": [144, 107], "uv_size": [4.125, 6.375]},
								"west": {"uv": [57, 132], "uv_size": [5.125, 6.375]},
								"up": {"uv": [10, 153], "uv_size": [4.125, 5.125]},
								"down": {"uv": [42, 158.125], "uv_size": [4.125, -5.125]}
							}
						},
						{
							"origin": [-4.00345, 15.74794, -1.36507],
							"size": [2.37386, 4.161, 4.77706],
							"uv": {
								"north": {"uv": [166, 109], "uv_size": [2.375, 4.125]},
								"east": {"uv": [155, 116], "uv_size": [4.75, 4.125]},
								"south": {"uv": [118, 166], "uv_size": [2.375, 4.125]},
								"west": {"uv": [156, 0], "uv_size": [4.75, 4.125]},
								"up": {"uv": [165, 0], "uv_size": [2.375, 4.75]},
								"down": {"uv": [3, 169.75], "uv_size": [2.375, -4.75]}
							}
						},
						{
							"origin": [-5.78627, 23.53084, -1.06395],
							"size": [5.91261, 6.89879, 5.17482],
							"uv": {
								"north": {"uv": [67, 121], "uv_size": [5.875, 6.875]},
								"east": {"uv": [18, 128], "uv_size": [5.125, 6.875]},
								"south": {"uv": [85, 121], "uv_size": [5.875, 6.875]},
								"west": {"uv": [67, 128], "uv_size": [5.125, 6.875]},
								"up": {"uv": [104, 138], "uv_size": [5.875, 5.125]},
								"down": {"uv": [122, 143.125], "uv_size": [5.875, -5.125]}
							}
						},
						{
							"origin": [-4.91737, 22.2275, -1.93284],
							"size": [4.17482, 8.20214, 6.91261],
							"uv": {
								"north": {"uv": [131, 26], "uv_size": [4.125, 8.25]},
								"east": {"uv": [46, 111], "uv_size": [6.875, 8.25]},
								"south": {"uv": [0, 132], "uv_size": [4.125, 8.25]},
								"west": {"uv": [63, 111], "uv_size": [6.875, 8.25]},
								"up": {"uv": [5, 143], "uv_size": [4.125, 6.875]},
								"down": {"uv": [23, 149.875], "uv_size": [4.125, -6.875]}
							}
						}
					]
				},
				{
					"name": "rightPerna_down",
					"parent": "rightPerna",
					"pivot": [-3.06824, 18.2497, 2.29946],
					"cubes": [
						{
							"origin": [-4.48292, 6.95401, 0.37051],
							"size": [2.85792, 11.13929, 3.85792],
							"uv": {
								"north": {"uv": [66, 135], "uv_size": [2.875, 11.125]},
								"east": {"uv": [104, 120], "uv_size": [3.875, 11.125]},
								"south": {"uv": [69, 135], "uv_size": [2.875, 11.125]},
								"west": {"uv": [108, 120], "uv_size": [3.875, 11.125]},
								"up": {"uv": [165, 36], "uv_size": [2.875, 3.875]},
								"down": {"uv": [38, 168.875], "uv_size": [2.875, -3.875]}
							}
						},
						{
							"origin": [-4.04847, 4.11042, 0.80496],
							"size": [1.98902, 3.99053, 2.98902],
							"uv": {
								"north": {"uv": [85, 115], "uv_size": [2, 4]},
								"east": {"uv": [164, 23], "uv_size": [3, 4]},
								"south": {"uv": [8, 117], "uv_size": [2, 4]},
								"west": {"uv": [164, 27], "uv_size": [3, 4]},
								"up": {"uv": [137, 109], "uv_size": [2, 3]},
								"down": {"uv": [138, 93], "uv_size": [2, -3]}
							}
						},
						{
							"origin": [-4.75279, 0.80418, 0.1544],
							"size": [3.42454, 6.31309, 4.29014],
							"uv": {
								"north": {"uv": [71, 152], "uv_size": [3.375, 6.375]},
								"east": {"uv": [94, 143], "uv_size": [4.25, 6.375]},
								"south": {"uv": [152, 84], "uv_size": [3.375, 6.375]},
								"west": {"uv": [135, 143], "uv_size": [4.25, 6.375]},
								"up": {"uv": [161, 82], "uv_size": [3.375, 4.25]},
								"down": {"uv": [103, 165.25], "uv_size": [3.375, -4.25]}
							}
						},
						{
							"origin": [-4.91737, 8.25735, 2.10831],
							"size": [1.12012, 6.36034, 2.55457],
							"uv": {
								"north": {"uv": [80, 167], "uv_size": [1.125, 6.375]},
								"east": {"uv": [85, 160], "uv_size": [2.5, 6.375]},
								"south": {"uv": [82, 167], "uv_size": [1.125, 6.375]},
								"west": {"uv": [160, 87], "uv_size": [2.5, 6.375]},
								"up": {"uv": [169, 82], "uv_size": [1.125, 2.5]},
								"down": {"uv": [169, 87.5], "uv_size": [1.125, -2.5]}
							}
						},
						{
							"origin": [-2.31067, 8.25735, 2.10831],
							"size": [1.12012, 6.36034, 2.55457],
							"uv": {
								"north": {"uv": [84, 167], "uv_size": [1.125, 6.375]},
								"east": {"uv": [88, 160], "uv_size": [2.5, 6.375]},
								"south": {"uv": [86, 167], "uv_size": [1.125, 6.375]},
								"west": {"uv": [160, 148], "uv_size": [2.5, 6.375]},
								"up": {"uv": [169, 88], "uv_size": [1.125, 2.5]},
								"down": {"uv": [169, 93.5], "uv_size": [1.125, -2.5]}
							}
						},
						{
							"origin": [-2.31067, 10.86406, 2.9772],
							"size": [1.55457, 3.3192, 2.12012],
							"uv": {
								"north": {"uv": [29, 169], "uv_size": [1.5, 3.375]},
								"east": {"uv": [88, 167], "uv_size": [2.125, 3.375]},
								"south": {"uv": [169, 42], "uv_size": [1.5, 3.375]},
								"west": {"uv": [91, 167], "uv_size": [2.125, 3.375]},
								"up": {"uv": [50, 169], "uv_size": [1.5, 2.125]},
								"down": {"uv": [169, 52.125], "uv_size": [1.5, -2.125]}
							}
						},
						{
							"origin": [-5.35182, 10.86406, 2.9772],
							"size": [1.55457, 3.3192, 2.12012],
							"uv": {
								"north": {"uv": [46, 169], "uv_size": [1.5, 3.375]},
								"east": {"uv": [113, 167], "uv_size": [2.125, 3.375]},
								"south": {"uv": [48, 169], "uv_size": [1.5, 3.375]},
								"west": {"uv": [167, 148], "uv_size": [2.125, 3.375]},
								"up": {"uv": [52, 169], "uv_size": [1.5, 2.125]},
								"down": {"uv": [169, 58.125], "uv_size": [1.5, -2.125]}
							}
						},
						{
							"origin": [-4.91737, 15.643, -0.06395],
							"size": [3.72682, 2.88475, 4.72682],
							"uv": {
								"north": {"uv": [165, 44], "uv_size": [3.75, 2.875]},
								"east": {"uv": [161, 53], "uv_size": [4.75, 2.875]},
								"south": {"uv": [165, 93], "uv_size": [3.75, 2.875]},
								"west": {"uv": [14, 162], "uv_size": [4.75, 2.875]},
								"up": {"uv": [112, 158], "uv_size": [3.75, 4.75]},
								"down": {"uv": [158, 128.75], "uv_size": [3.75, -4.75]}
							}
						}
					]
				},
				{
					"name": "Pe2",
					"parent": "rightPerna_down",
					"pivot": [-3.71526, 1.1434, 2.44625],
					"rotation": [2.51564, -0.75155, -2.38443],
					"cubes": [
						{
							"origin": [-4.04643, 0.1411, -3.08585],
							"size": [2.11334, 1.05825, 3.07545],
							"uv": {
								"north": {"uv": [67, 120], "uv_size": [2.125, 1]},
								"east": {"uv": [120, 71], "uv_size": [3.125, 1]},
								"south": {"uv": [123, 105], "uv_size": [2.125, 1]},
								"west": {"uv": [122, 63], "uv_size": [3.125, 1]},
								"up": {"uv": [168, 18], "uv_size": [2.125, 3.125]},
								"down": {"uv": [168, 38.125], "uv_size": [2.125, -3.125]}
							}
						},
						{
							"origin": [-4.169, 0.1411, -0.11346],
							"size": [2.32784, 1.21147, 3.93346],
							"uv": {
								"north": {"uv": [144, 88], "uv_size": [2.375, 1.25]},
								"east": {"uv": [158, 129], "uv_size": [3.875, 1.25]},
								"south": {"uv": [96, 150], "uv_size": [2.375, 1.25]},
								"west": {"uv": [167, 162], "uv_size": [3.875, 1.25]},
								"up": {"uv": [124, 166], "uv_size": [2.375, 3.875]},
								"down": {"uv": [134, 169.875], "uv_size": [2.375, -3.875]}
							}
						}
					]
				},
				{
					"name": "Corpo_up",
					"parent": "Corpo",
					"pivot": [0, 39.40613, 0.40346],
					"rotation": [-10.06057, 0.19867, -0.73378],
					"cubes": [
						{
							"origin": [-6.43773, 41.85643, -2.24974],
							"size": [12.92921, 8.58679, 7.54641],
							"uv": {
								"north": {"uv": [32, 84], "uv_size": [12.875, 8.625]},
								"east": {"uv": [0, 104], "uv_size": [7.5, 8.625]},
								"south": {"uv": [84, 37], "uv_size": [12.875, 8.625]},
								"west": {"uv": [79, 106], "uv_size": [7.5, 8.625]},
								"up": {"uv": [84, 79], "uv_size": [12.875, 7.5]},
								"down": {"uv": [0, 93.5], "uv_size": [12.875, -7.5]}
							}
						},
						{
							"origin": [-5.54173, 44.09643, -1.80174],
							"size": [11.13721, 7.24279, 6.65041],
							"uv": {
								"north": {"uv": [97, 24], "uv_size": [11.125, 7.25]},
								"east": {"uv": [119, 20], "uv_size": [6.625, 7.25]},
								"south": {"uv": [97, 32], "uv_size": [11.125, 7.25]},
								"west": {"uv": [119, 79], "uv_size": [6.625, 7.25]},
								"up": {"uv": [105, 48], "uv_size": [11.125, 6.625]},
								"down": {"uv": [105, 61.625], "uv_size": [11.125, -6.625]}
							}
						},
						{
							"origin": [-1.61292, 41.85643, -1.10875],
							"size": [3.25271, 11.87445, 3.99998],
							"uv": {
								"north": {"uv": [91, 121], "uv_size": [3.25, 11.875]},
								"east": {"uv": [100, 117], "uv_size": [4, 11.875]},
								"south": {"uv": [10, 124], "uv_size": [3.25, 11.875]},
								"west": {"uv": [75, 118], "uv_size": [4, 11.875]},
								"up": {"uv": [94, 162], "uv_size": [3.25, 4]},
								"down": {"uv": [162, 114], "uv_size": [3.25, -4]}
							}
						},
						{
							"origin": [-3.61292, 41.85643, 0.89125],
							"size": [7.25271, 10.87445, 2.99998],
							"uv": {
								"north": {"uv": [14, 98], "uv_size": [7.25, 10.875]},
								"east": {"uv": [7, 126], "uv_size": [3, 10.875]},
								"south": {"uv": [101, 88], "uv_size": [7.25, 10.875]},
								"west": {"uv": [101, 129], "uv_size": [3, 10.875]},
								"up": {"uv": [34, 152], "uv_size": [7.25, 3]},
								"down": {"uv": [152, 43], "uv_size": [7.25, -3]}
							}
						},
						{
							"origin": [-6.49172, 38.11863, -2.26329],
							"size": [12.98342, 4.01585, 8.57351],
							"uv": {
								"north": {"uv": [115, 111], "uv_size": [13, 4]},
								"east": {"uv": [128, 109], "uv_size": [8.625, 4]},
								"south": {"uv": [116, 40], "uv_size": [13, 4]},
								"west": {"uv": [125, 128], "uv_size": [8.625, 4]},
								"up": {"uv": [84, 19], "uv_size": [13, 8.625]},
								"down": {"uv": [84, 36.625], "uv_size": [13, -8.625]}
							}
						},
						{
							"origin": [-7.83572, 41.46263, -3.15929],
							"size": [15.67142, 8.28785, 9.36551],
							"uv": {
								"north": {"uv": [78, 10], "uv_size": [15.625, 8.25]},
								"east": {"uv": [101, 99], "uv_size": [9.375, 8.25]},
								"south": {"uv": [16, 78], "uv_size": [15.625, 8.25]},
								"west": {"uv": [65, 102], "uv_size": [9.375, 8.25]},
								"up": {"uv": [0, 76], "uv_size": [15.625, 9.375]},
								"down": {"uv": [78, 9.375], "uv_size": [15.625, -9.375]}
							}
						},
						{
							"origin": [-7.83572, 17.46263, 4.84071],
							"size": [15.67142, 33.28785, 3.36551],
							"pivot": [-0.00001, 45.60656, 9.02347],
							"rotation": [12.5, 0, 0],
							"uv": {
								"north": {"uv": [0, 42], "uv_size": [15.625, 33.25]},
								"east": {"uv": [80, 19], "uv_size": [3.375, 33.25]},
								"south": {"uv": [16, 44], "uv_size": [15.625, 33.25]},
								"west": {"uv": [80, 53], "uv_size": [3.375, 33.25]},
								"up": {"uv": [115, 87], "uv_size": [15.625, 3.375]},
								"down": {"uv": [115, 94.375], "uv_size": [15.625, -3.375]}
							}
						},
						{
							"origin": [3.16428, 24.3142, 10.48539],
							"size": [7.67142, 25.28785, 3.36551],
							"pivot": [8.99999, 33.45812, 9.66815],
							"rotation": [11.93845, -3.73171, 17.10967],
							"uv": {
								"north": {"uv": [54, 14], "uv_size": [7.625, 25.25]},
								"east": {"uv": [75, 92], "uv_size": [3.375, 25.25]},
								"south": {"uv": [56, 40], "uv_size": [7.625, 25.25]},
								"west": {"uv": [10, 98], "uv_size": [3.375, 25.25]},
								"up": {"uv": [53, 145], "uv_size": [7.625, 3.375]},
								"down": {"uv": [145, 127.375], "uv_size": [7.625, -3.375]}
							}
						},
						{
							"origin": [7.30932, 23.28354, 11.45497],
							"size": [7.67142, 25.28785, 7.36551],
							"pivot": [8.14503, 38.92746, 16.13772],
							"rotation": [48.09061, 6.6782, -31.88034],
							"uv": {
								"north": {"uv": [48, 58], "uv_size": [7.625, 25.25]},
								"east": {"uv": [64, 66], "uv_size": [7.375, 25.25]},
								"south": {"uv": [62, 14], "uv_size": [7.625, 25.25]},
								"west": {"uv": [70, 14], "uv_size": [7.375, 25.25]},
								"up": {"uv": [111, 79], "uv_size": [7.625, 7.375]},
								"down": {"uv": [111, 105.375], "uv_size": [7.625, -7.375]}
							}
						},
						{
							"origin": [-14.98074, 23.28354, 11.45497],
							"size": [7.67142, 25.28785, 7.36551],
							"pivot": [-8.14503, 38.92746, 16.13772],
							"rotation": [48.09061, -6.6782, 31.88034],
							"uv": {
								"north": {"uv": [64, 40], "uv_size": [7.625, 25.25]},
								"east": {"uv": [72, 40], "uv_size": [7.375, 25.25]},
								"south": {"uv": [56, 66], "uv_size": [7.625, 25.25]},
								"west": {"uv": [72, 66], "uv_size": [7.375, 25.25]},
								"up": {"uv": [0, 113], "uv_size": [7.625, 7.375]},
								"down": {"uv": [87, 120.375], "uv_size": [7.625, -7.375]}
							}
						},
						{
							"origin": [6.30932, 21.28354, 10.45497],
							"size": [9.67142, 10.28785, 9.36551],
							"pivot": [8.14503, 38.92746, 16.13772],
							"rotation": [48.09061, 6.6782, -31.88034],
							"uv": {
								"north": {"uv": [45, 84], "uv_size": [9.625, 10.25]},
								"east": {"uv": [13, 87], "uv_size": [9.375, 10.25]},
								"south": {"uv": [84, 46], "uv_size": [9.625, 10.25]},
								"west": {"uv": [80, 87], "uv_size": [9.375, 10.25]},
								"up": {"uv": [65, 92], "uv_size": [9.625, 9.375]},
								"down": {"uv": [23, 102.375], "uv_size": [9.625, -9.375]}
							}
						},
						{
							"origin": [-15.98074, 21.28354, 10.45497],
							"size": [9.67142, 10.28785, 9.36551],
							"pivot": [-8.14503, 38.92746, 16.13772],
							"rotation": [48.09061, -6.6782, 31.88034],
							"uv": {
								"north": {"uv": [84, 57], "uv_size": [9.625, 10.25]},
								"east": {"uv": [90, 87], "uv_size": [9.375, 10.25]},
								"south": {"uv": [84, 68], "uv_size": [9.625, 10.25]},
								"west": {"uv": [55, 92], "uv_size": [9.375, 10.25]},
								"up": {"uv": [33, 93], "uv_size": [9.625, 9.375]},
								"down": {"uv": [0, 103.375], "uv_size": [9.625, -9.375]}
							}
						},
						{
							"origin": [-11.8357, 46.3142, 4.48539],
							"size": [9.67142, 4.28785, 6.36551],
							"pivot": [-8.99999, 33.45812, 9.66815],
							"rotation": [11.93845, 3.73171, -17.10967],
							"uv": {
								"north": {"uv": [120, 64], "uv_size": [9.625, 4.25]},
								"east": {"uv": [140, 143], "uv_size": [6.375, 4.25]},
								"south": {"uv": [0, 121], "uv_size": [9.625, 4.25]},
								"west": {"uv": [144, 0], "uv_size": [6.375, 4.25]},
								"up": {"uv": [108, 72], "uv_size": [9.625, 6.375]},
								"down": {"uv": [105, 114.375], "uv_size": [9.625, -6.375]}
							}
						},
						{
							"origin": [2.16428, 46.3142, 4.48539],
							"size": [9.67142, 4.28785, 6.36551],
							"pivot": [8.99999, 33.45812, 9.66815],
							"rotation": [11.93845, -3.73171, 17.10967],
							"uv": {
								"north": {"uv": [121, 28], "uv_size": [9.625, 4.25]},
								"east": {"uv": [144, 5], "uv_size": [6.375, 4.25]},
								"south": {"uv": [121, 33], "uv_size": [9.625, 4.25]},
								"west": {"uv": [144, 10], "uv_size": [6.375, 4.25]},
								"up": {"uv": [109, 16], "uv_size": [9.625, 6.375]},
								"down": {"uv": [109, 29.375], "uv_size": [9.625, -6.375]}
							}
						},
						{
							"origin": [-7.8357, 46.3142, -0.51461],
							"size": [7.67142, 5.28785, 6.36551],
							"pivot": [-8.99999, 33.45812, 9.66815],
							"rotation": [11.93845, 3.73171, -17.10967],
							"uv": {
								"north": {"uv": [23, 87], "uv_size": [7.625, 5.25]},
								"east": {"uv": [130, 63], "uv_size": [6.375, 5.25]},
								"south": {"uv": [97, 40], "uv_size": [7.625, 5.25]},
								"west": {"uv": [131, 87], "uv_size": [6.375, 5.25]},
								"up": {"uv": [117, 0], "uv_size": [7.625, 6.375]},
								"down": {"uv": [118, 78.375], "uv_size": [7.625, -6.375]}
							}
						},
						{
							"origin": [0.16428, 46.3142, -0.51461],
							"size": [7.67142, 5.28785, 6.36551],
							"pivot": [8.99999, 33.45812, 9.66815],
							"rotation": [11.93845, -3.73171, 17.10967],
							"uv": {
								"north": {"uv": [122, 44], "uv_size": [7.625, 5.25]},
								"east": {"uv": [132, 0], "uv_size": [6.375, 5.25]},
								"south": {"uv": [122, 50], "uv_size": [7.625, 5.25]},
								"west": {"uv": [32, 132], "uv_size": [6.375, 5.25]},
								"up": {"uv": [118, 115], "uv_size": [7.625, 6.375]},
								"down": {"uv": [119, 19.375], "uv_size": [7.625, -6.375]}
							}
						},
						{
							"origin": [5.99972, 49.09949, -5.35484],
							"size": [1.67142, 7.28785, 10.36551],
							"pivot": [7.83543, 54.74341, -0.17208],
							"rotation": [-3.06155, -3.73171, 17.10967],
							"uv": {
								"north": {"uv": [63, 103], "uv_size": [1.625, 7.25]},
								"east": {"uv": [22, 103], "uv_size": [10.375, 7.25]},
								"south": {"uv": [53, 111], "uv_size": [1.625, 7.25]},
								"west": {"uv": [33, 103], "uv_size": [10.375, 7.25]},
								"up": {"uv": [80, 156], "uv_size": [1.625, 10.375]},
								"down": {"uv": [19, 167.375], "uv_size": [1.625, -10.375]}
							}
						},
						{
							"origin": [8.17067, 50.38194, -5.28637],
							"size": [1.67142, 4.28785, 10.36551],
							"pivot": [9.00638, 54.02587, -0.10362],
							"rotation": [-0.47931, 4.8017, 151.98982],
							"uv": {
								"north": {"uv": [5, 132], "uv_size": [1.625, 4.25]},
								"east": {"uv": [119, 95], "uv_size": [10.375, 4.25]},
								"south": {"uv": [82, 144], "uv_size": [1.625, 4.25]},
								"west": {"uv": [119, 100], "uv_size": [10.375, 4.25]},
								"up": {"uv": [116, 158], "uv_size": [1.625, 10.375]},
								"down": {"uv": [44, 169.375], "uv_size": [1.625, -10.375]}
							}
						},
						{
							"origin": [-9.84209, 50.38194, -5.28637],
							"size": [1.67142, 4.28785, 10.36551],
							"pivot": [-9.00638, 54.02587, -0.10362],
							"rotation": [-0.47931, -4.8017, -151.98982],
							"uv": {
								"north": {"uv": [167, 152], "uv_size": [1.625, 4.25]},
								"east": {"uv": [32, 120], "uv_size": [10.375, 4.25]},
								"south": {"uv": [167, 157], "uv_size": [1.625, 4.25]},
								"west": {"uv": [43, 120], "uv_size": [10.375, 4.25]},
								"up": {"uv": [132, 159], "uv_size": [1.625, 10.375]},
								"down": {"uv": [8, 170.375], "uv_size": [1.625, -10.375]}
							}
						},
						{
							"origin": [-1.00233, 49.48255, -1.31168],
							"size": [1.67142, 7.28785, 12.36551],
							"pivot": [-0.16662, 53.12647, 4.87108],
							"rotation": [-87.59012, 85.95165, -86.98826],
							"uv": {
								"north": {"uv": [73, 121], "uv_size": [1.625, 7.25]},
								"east": {"uv": [94, 0], "uv_size": [12.375, 7.25]},
								"south": {"uv": [26, 161], "uv_size": [1.625, 7.25]},
								"west": {"uv": [94, 8], "uv_size": [12.375, 7.25]},
								"up": {"uv": [8, 104], "uv_size": [1.625, 12.375]},
								"down": {"uv": [24, 133.375], "uv_size": [1.625, -12.375]}
							}
						},
						{
							"origin": [-0.99771, 50.4813, 0.70271],
							"size": [1.67142, 4.28785, 12.36551],
							"pivot": [-0.162, 54.12522, 6.88546],
							"rotation": [-89.66934, -59.04436, -89.6757],
							"uv": {
								"north": {"uv": [168, 0], "uv_size": [1.625, 4.25]},
								"east": {"uv": [105, 115], "uv_size": [12.375, 4.25]},
								"south": {"uv": [168, 5], "uv_size": [1.625, 4.25]},
								"west": {"uv": [115, 106], "uv_size": [12.375, 4.25]},
								"up": {"uv": [130, 151], "uv_size": [1.625, 12.375]},
								"down": {"uv": [21, 164.375], "uv_size": [1.625, -12.375]}
							}
						},
						{
							"origin": [-7.67114, 49.09949, -5.35484],
							"size": [1.67142, 7.28785, 10.36551],
							"pivot": [-7.83543, 54.74341, -0.17208],
							"rotation": [-3.06155, 3.73171, -17.10967],
							"uv": {
								"north": {"uv": [78, 161], "uv_size": [1.625, 7.25]},
								"east": {"uv": [44, 103], "uv_size": [10.375, 7.25]},
								"south": {"uv": [128, 161], "uv_size": [1.625, 7.25]},
								"west": {"uv": [105, 40], "uv_size": [10.375, 7.25]},
								"up": {"uv": [122, 157], "uv_size": [1.625, 10.375]},
								"down": {"uv": [101, 168.375], "uv_size": [1.625, -10.375]}
							}
						},
						{
							"origin": [-7.95513, 45.19879, 3.6089],
							"size": [5.83028, 4.01877, 4.83779],
							"pivot": [-6.83999, 25.42817, 7.34779],
							"rotation": [11.93845, 3.73171, -17.10967],
							"uv": {
								"north": {"uv": [148, 67], "uv_size": [5.875, 4]},
								"east": {"uv": [5, 156], "uv_size": [4.875, 4]},
								"south": {"uv": [148, 80], "uv_size": [5.875, 4]},
								"west": {"uv": [156, 5], "uv_size": [4.875, 4]},
								"up": {"uv": [140, 95], "uv_size": [5.875, 4.875]},
								"down": {"uv": [17, 146.875], "uv_size": [5.875, -4.875]}
							}
						},
						{
							"origin": [2.12485, 45.19879, 3.6089],
							"size": [5.83028, 4.01877, 4.83779],
							"pivot": [6.83999, 25.42817, 7.34779],
							"rotation": [11.93845, -3.73171, 17.10967],
							"uv": {
								"north": {"uv": [149, 36], "uv_size": [5.875, 4]},
								"east": {"uv": [156, 9], "uv_size": [4.875, 4]},
								"south": {"uv": [150, 15], "uv_size": [5.875, 4]},
								"west": {"uv": [156, 13], "uv_size": [4.875, 4]},
								"up": {"uv": [116, 142], "uv_size": [5.875, 4.875]},
								"down": {"uv": [142, 135.875], "uv_size": [5.875, -4.875]}
							}
						},
						{
							"origin": [-10.8357, 24.3142, 10.48539],
							"size": [7.67142, 25.28785, 2.36551],
							"pivot": [-8.99999, 33.45812, 9.66815],
							"rotation": [11.93845, 3.73171, -17.10967],
							"uv": {
								"north": {"uv": [32, 58], "uv_size": [7.625, 25.25]},
								"east": {"uv": [26, 111], "uv_size": [2.375, 25.25]},
								"south": {"uv": [40, 58], "uv_size": [7.625, 25.25]},
								"west": {"uv": [29, 111], "uv_size": [2.375, 25.25]},
								"up": {"uv": [156, 131], "uv_size": [7.625, 2.375]},
								"down": {"uv": [143, 158.375], "uv_size": [7.625, -2.375]}
							}
						},
						{
							"origin": [-13.83572, 15.46263, 6.84071],
							"size": [27.67142, 20.28785, 1.36551],
							"pivot": [-0.00001, 45.60656, 9.02347],
							"rotation": [12.5, 0, 0],
							"uv": {
								"north": {"uv": [0, 0], "uv_size": [27.625, 20.25]},
								"east": {"uv": [78, 19], "uv_size": [1.375, 20.25]},
								"south": {"uv": [0, 21], "uv_size": [27.625, 20.25]},
								"west": {"uv": [133, 138], "uv_size": [1.375, 20.25]},
								"up": {"uv": [120, 69], "uv_size": [27.625, 1.375]},
								"down": {"uv": [121, 39.375], "uv_size": [27.625, -1.375]}
							}
						},
						{
							"origin": [-12.83572, 13.46263, 5.84071],
							"size": [25.67142, 21.28785, 3.36551],
							"pivot": [-0.00001, 45.60656, 9.02347],
							"rotation": [12.5, 0, 0],
							"uv": {
								"north": {"uv": [28, 0], "uv_size": [25.625, 21.25]},
								"east": {"uv": [55, 103], "uv_size": [3.375, 21.25]},
								"south": {"uv": [28, 22], "uv_size": [25.625, 21.25]},
								"west": {"uv": [59, 103], "uv_size": [3.375, 21.25]},
								"up": {"uv": [94, 64], "uv_size": [25.625, 3.375]},
								"down": {"uv": [94, 71.375], "uv_size": [25.625, -3.375]}
							}
						},
						{
							"origin": [-11.83572, 30.46263, 6.84071],
							"size": [23.67142, 13.28785, 2.36551],
							"pivot": [-0.00001, 45.60656, 9.02347],
							"rotation": [12.5, 0, 0],
							"uv": {
								"north": {"uv": [32, 44], "uv_size": [23.625, 13.25]},
								"east": {"uv": [84, 135], "uv_size": [2.375, 13.25]},
								"south": {"uv": [54, 0], "uv_size": [23.625, 13.25]},
								"west": {"uv": [87, 135], "uv_size": [2.375, 13.25]},
								"up": {"uv": [115, 7], "uv_size": [23.625, 2.375]},
								"down": {"uv": [115, 12.375], "uv_size": [23.625, -2.375]}
							}
						},
						{
							"origin": [-5.17482, 38.81528, -1.82884],
							"size": [10.34962, 3.3192, 7.70461],
							"uv": {
								"north": {"uv": [126, 83], "uv_size": [10.375, 3.375]},
								"east": {"uv": [144, 71], "uv_size": [7.75, 3.375]},
								"south": {"uv": [128, 105], "uv_size": [10.375, 3.375]},
								"west": {"uv": [144, 84], "uv_size": [7.75, 3.375]},
								"up": {"uv": [97, 72], "uv_size": [10.375, 7.75]},
								"down": {"uv": [79, 105.75], "uv_size": [10.375, -7.75]}
							}
						}
					]
				},
				{
					"name": "rightBraco",
					"parent": "Corpo_up",
					"pivot": [-6.03103, 46.13757, 1.29946],
					"rotation": [11.46604, 0.75123, 11.13772],
					"cubes": [
						{
							"origin": [-10.39916, 41.77502, -1.76531],
							"size": [5.24711, 6.53481, 6.12956],
							"uv": {
								"north": {"uv": [85, 128], "uv_size": [5.25, 6.5]},
								"east": {"uv": [122, 56], "uv_size": [6.125, 6.5]},
								"south": {"uv": [129, 56], "uv_size": [5.25, 6.5]},
								"west": {"uv": [118, 122], "uv_size": [6.125, 6.5]},
								"up": {"uv": [133, 71], "uv_size": [5.25, 6.125]},
								"down": {"uv": [133, 119.125], "uv_size": [5.25, -6.125]}
							}
						},
						{
							"origin": [-10.06028, 37.74716, -0.97844],
							"size": [4.56936, 6.49622, 4.55581],
							"uv": {
								"north": {"uv": [128, 138], "uv_size": [4.625, 6.5]},
								"east": {"uv": [72, 139], "uv_size": [4.5, 6.5]},
								"south": {"uv": [139, 0], "uv_size": [4.625, 6.5]},
								"west": {"uv": [139, 100], "uv_size": [4.5, 6.5]},
								"up": {"uv": [153, 57], "uv_size": [4.625, 4.5]},
								"down": {"uv": [154, 66.5], "uv_size": [4.625, -4.5]}
							}
						},
						{
							"origin": [-8.19138, 37.06406, -1.84734],
							"size": [3.13491, 5.61376, 4.50161],
							"pivot": [-7, 44, 0],
							"rotation": [0, 0, 5],
							"uv": {
								"north": {"uv": [0, 159], "uv_size": [3.125, 5.625]},
								"east": {"uv": [147, 26], "uv_size": [4.5, 5.625]},
								"south": {"uv": [10, 159], "uv_size": [3.125, 5.625]},
								"west": {"uv": [147, 40], "uv_size": [4.5, 5.625]},
								"up": {"uv": [124, 161], "uv_size": [3.125, 4.5]},
								"down": {"uv": [161, 138.5], "uv_size": [3.125, -4.5]}
							}
						},
						{
							"origin": [-10.73804, 42.68251, -1.42644],
							"size": [5.92485, 5.28844, 5.45181],
							"uv": {
								"north": {"uv": [116, 136], "uv_size": [5.875, 5.25]},
								"east": {"uv": [141, 21], "uv_size": [5.5, 5.25]},
								"south": {"uv": [136, 131], "uv_size": [5.875, 5.25]},
								"west": {"uv": [141, 27], "uv_size": [5.5, 5.25]},
								"up": {"uv": [78, 132], "uv_size": [5.875, 5.5]},
								"down": {"uv": [104, 137.5], "uv_size": [5.875, -5.5]}
							}
						},
						{
							"origin": [-11.44948, 42.8, -1.25527],
							"size": [5.21387, 4.65383, 4.79759],
							"uv": {
								"north": {"uv": [148, 62], "uv_size": [5.25, 4.625]},
								"east": {"uv": [151, 5], "uv_size": [4.75, 4.625]},
								"south": {"uv": [148, 75], "uv_size": [5.25, 4.625]},
								"west": {"uv": [151, 10], "uv_size": [4.75, 4.625]},
								"up": {"uv": [109, 147], "uv_size": [5.25, 4.75]},
								"down": {"uv": [115, 151.75], "uv_size": [5.25, -4.75]}
							}
						},
						{
							"origin": [-9.86914, 43.9994, -0.97844],
							"size": [3.7526, 4.84044, 4.55581],
							"uv": {
								"north": {"uv": [133, 78], "uv_size": [3.75, 4.875]},
								"east": {"uv": [125, 151], "uv_size": [4.5, 4.875]},
								"south": {"uv": [135, 100], "uv_size": [3.75, 4.875]},
								"west": {"uv": [146, 151], "uv_size": [4.5, 4.875]},
								"up": {"uv": [143, 159], "uv_size": [3.75, 4.5]},
								"down": {"uv": [147, 163.5], "uv_size": [3.75, -4.5]}
							}
						},
						{
							"origin": [-10.06028, 42.45276, -2.10418],
							"size": [4.56936, 5.51818, 6.8073],
							"uv": {
								"north": {"uv": [61, 145], "uv_size": [4.625, 5.5]},
								"east": {"uv": [125, 122], "uv_size": [6.75, 5.5]},
								"south": {"uv": [127, 145], "uv_size": [4.625, 5.5]},
								"west": {"uv": [0, 126], "uv_size": [6.75, 5.5]},
								"up": {"uv": [135, 54], "uv_size": [4.625, 6.75]},
								"down": {"uv": [135, 99.75], "uv_size": [4.625, -6.75]}
							}
						}
					]
				},
				{
					"name": "rightBraco_down",
					"parent": "rightBraco",
					"pivot": [-8.05572, 37.72839, 1.29946],
					"rotation": [-5, 0, -7.5],
					"cubes": [
						{
							"origin": [-9.99346, 27.17143, -0.28537],
							"size": [3.1427, 6.43214, 3.57715],
							"uv": {
								"north": {"uv": [154, 102], "uv_size": [3.125, 6.375]},
								"east": {"uv": [59, 125], "uv_size": [3.625, 6.375]},
								"south": {"uv": [154, 109], "uv_size": [3.125, 6.375]},
								"west": {"uv": [44, 146], "uv_size": [3.625, 6.375]},
								"up": {"uv": [164, 47], "uv_size": [3.125, 3.625]},
								"down": {"uv": [66, 167.625], "uv_size": [3.125, -3.625]}
							}
						},
						{
							"origin": [-10.42791, 33.25373, -0.71982],
							"size": [4.0116, 5.2101, 4.44605],
							"pivot": [-10.05724, 28.70417, 1.50321],
							"rotation": [0, 0, 2.5],
							"uv": {
								"north": {"uv": [64, 153], "uv_size": [4, 5.25]},
								"east": {"uv": [82, 149], "uv_size": [4.5, 5.25]},
								"south": {"uv": [153, 136], "uv_size": [4, 5.25]},
								"west": {"uv": [87, 149], "uv_size": [4.5, 5.25]},
								"up": {"uv": [151, 156], "uv_size": [4, 4.5]},
								"down": {"uv": [156, 155.5], "uv_size": [4, -4.5]}
							}
						},
						{
							"origin": [-10.42791, 26.25373, -0.71982],
							"size": [4.0116, 4.2101, 4.44605],
							"pivot": [-10.05724, 28.70417, 1.50321],
							"rotation": [0, -7.5, 2.5],
							"uv": {
								"north": {"uv": [70, 159], "uv_size": [4, 4.25]},
								"east": {"uv": [156, 52], "uv_size": [4.5, 4.25]},
								"south": {"uv": [159, 73], "uv_size": [4, 4.25]},
								"west": {"uv": [57, 156], "uv_size": [4.5, 4.25]},
								"up": {"uv": [92, 157], "uv_size": [4, 4.5]},
								"down": {"uv": [118, 161.5], "uv_size": [4, -4.5]}
							}
						},
						{
							"origin": [-9.21147, 30.16912, -0.67636],
							"size": [2.7517, 5.2157, 2.40414],
							"uv": {
								"north": {"uv": [11, 136], "uv_size": [2.75, 5.25]},
								"east": {"uv": [98, 162], "uv_size": [2.375, 5.25]},
								"south": {"uv": [68, 153], "uv_size": [2.75, 5.25]},
								"west": {"uv": [163, 87], "uv_size": [2.375, 5.25]},
								"up": {"uv": [94, 16], "uv_size": [2.75, 2.375]},
								"down": {"uv": [145, 130.375], "uv_size": [2.75, -2.375]}
							}
						},
						{
							"origin": [-9.21147, 30.16912, 1.27866],
							"size": [2.7517, 4.78125, 2.40414],
							"uv": {
								"north": {"uv": [118, 152], "uv_size": [2.75, 4.75]},
								"east": {"uv": [144, 164], "uv_size": [2.375, 4.75]},
								"south": {"uv": [32, 162], "uv_size": [2.75, 4.75]},
								"west": {"uv": [147, 164], "uv_size": [2.375, 4.75]},
								"up": {"uv": [143, 153], "uv_size": [2.75, 2.375]},
								"down": {"uv": [168, 49.375], "uv_size": [2.75, -2.375]}
							}
						},
						{
							"origin": [-8.82046, 34.0166, 1.66966],
							"size": [2.7517, 3.65167, 2.40414],
							"uv": {
								"north": {"uv": [41, 165], "uv_size": [2.75, 3.625]},
								"east": {"uv": [166, 144], "uv_size": [2.375, 3.625]},
								"south": {"uv": [165, 132], "uv_size": [2.75, 3.625]},
								"west": {"uv": [150, 166], "uv_size": [2.375, 3.625]},
								"up": {"uv": [65, 168], "uv_size": [2.75, 2.375]},
								"down": {"uv": [68, 170.375], "uv_size": [2.75, -2.375]}
							}
						},
						{
							"origin": [-8.82046, 34.0166, -1.06736],
							"size": [2.7517, 3.65167, 2.40414],
							"uv": {
								"north": {"uv": [165, 136], "uv_size": [2.75, 3.625]},
								"east": {"uv": [153, 166], "uv_size": [2.375, 3.625]},
								"south": {"uv": [165, 140], "uv_size": [2.75, 3.625]},
								"west": {"uv": [156, 166], "uv_size": [2.375, 3.625]},
								"up": {"uv": [71, 168], "uv_size": [2.75, 2.375]},
								"down": {"uv": [168, 78.375], "uv_size": [2.75, -2.375]}
							}
						}
					]
				},
				{
					"name": "rightHand",
					"parent": "rightBraco_down",
					"pivot": [-8.34695, 26.96866, 1.50321],
					"rotation": [0, 22.5, 0],
					"cubes": [
						{
							"origin": [-10.27052, 23.9901, -0.26348],
							"size": [3.35937, 3.19308, 3.79382],
							"pivot": [-8.0146, 27.02955, 1.7075],
							"rotation": [0, -35, 0],
							"uv": {
								"north": {"uv": [165, 40], "uv_size": [3.375, 3.25]},
								"east": {"uv": [163, 148], "uv_size": [3.75, 3.25]},
								"south": {"uv": [46, 165], "uv_size": [3.375, 3.25]},
								"west": {"uv": [163, 152], "uv_size": [3.75, 3.25]},
								"up": {"uv": [118, 162], "uv_size": [3.375, 3.75]},
								"down": {"uv": [162, 123.75], "uv_size": [3.375, -3.75]}
							}
						}
					]
				},
				{
					"name": "rightBraco2",
					"parent": "Corpo_up",
					"pivot": [-4.03103, 46.13757, 0.29946],
					"rotation": [11.46604, 0.75123, 11.13772],
					"cubes": [
						{
							"origin": [-4.81729, 45.35231, -0.2522],
							"size": [0.94448, 1.17627, 1.10332],
							"uv": {
								"north": {"uv": [62, 224.75], "uv_size": [10.125, 9.5]},
								"east": {"uv": [62, 224.75], "uv_size": [10.125, 9.5]},
								"south": {"uv": [62, 224.75], "uv_size": [10.125, 9.5]},
								"west": {"uv": [62, 224.75], "uv_size": [10.125, 9.5]},
								"up": {"uv": [72.125, 234.25], "uv_size": [-10.125, -9.5]},
								"down": {"uv": [72.125, 234.25], "uv_size": [-10.125, -9.5]}
							}
						},
						{
							"origin": [-4.7563, 44.6273, -0.11056],
							"size": [0.82248, 1.16932, 0.82005],
							"uv": {
								"north": {"uv": [122, 239.75], "uv_size": [8.5, 9.5]},
								"east": {"uv": [122, 239.75], "uv_size": [8.5, 9.5]},
								"south": {"uv": [122, 239.75], "uv_size": [8.5, 9.5]},
								"west": {"uv": [122, 239.75], "uv_size": [8.5, 9.5]},
								"up": {"uv": [130.5, 249.25], "uv_size": [-8.5, -9.5]},
								"down": {"uv": [130.5, 249.25], "uv_size": [-8.5, -9.5]}
							}
						},
						{
							"origin": [-4.41989, 44.50434, -0.26696],
							"size": [0.56428, 1.01048, 0.81029],
							"pivot": [-4.20544, 45.75281, 0.06556],
							"rotation": [0, 0, 5],
							"uv": {
								"north": {"uv": [89, 246.75], "uv_size": [8.5, 8.25]},
								"east": {"uv": [89, 246.75], "uv_size": [8.5, 8.25]},
								"south": {"uv": [89, 246.75], "uv_size": [8.5, 8.25]},
								"west": {"uv": [89, 246.75], "uv_size": [8.5, 8.25]},
								"up": {"uv": [97.5, 255], "uv_size": [-8.5, -8.25]},
								"down": {"uv": [97.5, 255], "uv_size": [-8.5, -8.25]}
							}
						},
						{
							"origin": [-4.87829, 45.51566, -0.1912],
							"size": [1.06647, 0.95192, 0.98133],
							"uv": {
								"north": {"uv": [133, 240.75], "uv_size": [9.5, 8.25]},
								"east": {"uv": [133, 240.75], "uv_size": [9.5, 8.25]},
								"south": {"uv": [133, 240.75], "uv_size": [9.5, 8.25]},
								"west": {"uv": [133, 240.75], "uv_size": [9.5, 8.25]},
								"up": {"uv": [142.5, 249], "uv_size": [-9.5, -8.25]},
								"down": {"uv": [142.5, 249], "uv_size": [-9.5, -8.25]}
							}
						},
						{
							"origin": [-5.00635, 45.53681, -0.16039],
							"size": [0.9385, 0.83769, 0.86357],
							"uv": {
								"north": {"uv": [100, 250.75], "uv_size": [8.75, 4.25]},
								"east": {"uv": [100, 250.75], "uv_size": [8.75, 4.25]},
								"south": {"uv": [100, 250.75], "uv_size": [8.75, 4.25]},
								"west": {"uv": [100, 250.75], "uv_size": [8.75, 4.25]},
								"up": {"uv": [108.75, 255], "uv_size": [-8.75, -4.25]},
								"down": {"uv": [108.75, 255], "uv_size": [-8.75, -4.25]}
							}
						},
						{
							"origin": [-4.72189, 45.7527, -0.11056],
							"size": [0.67547, 0.87128, 0.82005],
							"uv": {
								"north": {"uv": [175, 118.75], "uv_size": [8.5, 7.875]},
								"east": {"uv": [175, 118.75], "uv_size": [8.5, 7.875]},
								"south": {"uv": [175, 118.75], "uv_size": [8.5, 7.875]},
								"west": {"uv": [175, 118.75], "uv_size": [8.5, 7.875]},
								"up": {"uv": [183.5, 126.625], "uv_size": [-8.5, -7.875]},
								"down": {"uv": [183.5, 126.625], "uv_size": [-8.5, -7.875]}
							}
						},
						{
							"origin": [-4.7563, 45.4743, -0.3132],
							"size": [0.82248, 0.99327, 1.22531],
							"uv": {
								"north": {"uv": [149, 176.75], "uv_size": [10.75, 8.5]},
								"east": {"uv": [149, 176.75], "uv_size": [10.75, 8.5]},
								"south": {"uv": [149, 176.75], "uv_size": [10.75, 8.5]},
								"west": {"uv": [149, 176.75], "uv_size": [10.75, 8.5]},
								"up": {"uv": [159.75, 185.25], "uv_size": [-10.75, -8.5]},
								"down": {"uv": [159.75, 185.25], "uv_size": [-10.75, -8.5]}
							}
						}
					]
				},
				{
					"name": "rightBraco_down2",
					"parent": "rightBraco2",
					"pivot": [-4.2693, 43.65349, 0.60845],
					"rotation": [-5, 0, -7.5],
					"cubes": [
						{
							"origin": [-4.62351, 42.65355, -0.10268],
							"size": [0.56569, 1.15779, 0.64389],
							"uv": {
								"north": {"uv": [144, 249.75], "uv_size": [7.625, 5.25]},
								"east": {"uv": [144, 249.75], "uv_size": [7.625, 5.25]},
								"south": {"uv": [144, 249.75], "uv_size": [7.625, 5.25]},
								"west": {"uv": [144, 249.75], "uv_size": [7.625, 5.25]},
								"up": {"uv": [151.625, 255], "uv_size": [-7.625, -5.25]},
								"down": {"uv": [151.625, 255], "uv_size": [-7.625, -5.25]}
							}
						},
						{
							"origin": [-4.70171, 43.74836, -0.18088],
							"size": [0.72209, 0.93782, 0.80029],
							"pivot": [-4.63499, 42.92944, 0.21927],
							"rotation": [0, 0, 2.5],
							"uv": {
								"north": {"uv": [28, 249.75], "uv_size": [8.5, 5.25]},
								"east": {"uv": [28, 249.75], "uv_size": [8.5, 5.25]},
								"south": {"uv": [28, 249.75], "uv_size": [8.5, 5.25]},
								"west": {"uv": [28, 249.75], "uv_size": [8.5, 5.25]},
								"up": {"uv": [36.5, 255], "uv_size": [-8.5, -5.25]},
								"down": {"uv": [36.5, 255], "uv_size": [-8.5, -5.25]}
							}
						},
						{
							"origin": [-4.70171, 42.48836, -0.18088],
							"size": [0.72209, 0.75782, 0.80029],
							"pivot": [-4.63499, 42.92944, 0.21927],
							"rotation": [0, -7.5, 2.5],
							"uv": {
								"north": {"uv": [98, 256], "uv_size": [8.5, -3]},
								"east": {"uv": [98, 256], "uv_size": [8.5, -3]},
								"south": {"uv": [98, 256], "uv_size": [8.5, -3]},
								"west": {"uv": [98, 256], "uv_size": [8.5, -3]},
								"up": {"uv": [106.5, 253], "uv_size": [-8.5, 3]},
								"down": {"uv": [106.5, 253], "uv_size": [-8.5, 3]}
							}
						},
						{
							"origin": [-4.48275, 43.19313, -0.17305],
							"size": [0.49531, 0.93883, 0.43275],
							"uv": {
								"north": {"uv": [130, 256], "uv_size": [6.375, -3]},
								"east": {"uv": [130, 256], "uv_size": [6.375, -3]},
								"south": {"uv": [130, 256], "uv_size": [6.375, -3]},
								"west": {"uv": [130, 256], "uv_size": [6.375, -3]},
								"up": {"uv": [136.375, 253], "uv_size": [-6.375, 3]},
								"down": {"uv": [136.375, 253], "uv_size": [-6.375, 3]}
							}
						},
						{
							"origin": [-4.48275, 43.19313, 0.17885],
							"size": [0.49531, 0.86063, 0.43275],
							"uv": {
								"north": {"uv": [188, 104.75], "uv_size": [6.375, 7.75]},
								"east": {"uv": [188, 104.75], "uv_size": [6.375, 7.75]},
								"south": {"uv": [188, 104.75], "uv_size": [6.375, 7.75]},
								"west": {"uv": [188, 104.75], "uv_size": [6.375, 7.75]},
								"up": {"uv": [194.375, 112.5], "uv_size": [-6.375, -7.75]},
								"down": {"uv": [194.375, 112.5], "uv_size": [-6.375, -7.75]}
							}
						},
						{
							"origin": [-4.41237, 43.88568, 0.24923],
							"size": [0.49531, 0.6573, 0.43275],
							"uv": {
								"north": {"uv": [190, 126.75], "uv_size": [6.375, 6.625]},
								"east": {"uv": [190, 126.75], "uv_size": [6.375, 6.625]},
								"south": {"uv": [190, 126.75], "uv_size": [6.375, 6.625]},
								"west": {"uv": [190, 126.75], "uv_size": [6.375, 6.625]},
								"up": {"uv": [196.375, 133.375], "uv_size": [-6.375, -6.625]},
								"down": {"uv": [196.375, 133.375], "uv_size": [-6.375, -6.625]}
							}
						},
						{
							"origin": [-4.41237, 43.88568, -0.24343],
							"size": [0.49531, 0.6573, 0.43275],
							"uv": {
								"north": {"uv": [190, 130.75], "uv_size": [6.375, 6.625]},
								"east": {"uv": [190, 130.75], "uv_size": [6.375, 6.625]},
								"south": {"uv": [190, 130.75], "uv_size": [6.375, 6.625]},
								"west": {"uv": [190, 130.75], "uv_size": [6.375, 6.625]},
								"up": {"uv": [196.375, 137.375], "uv_size": [-6.375, -6.625]},
								"down": {"uv": [196.375, 137.375], "uv_size": [-6.375, -6.625]}
							}
						}
					]
				},
				{
					"name": "rightHand2",
					"parent": "rightBraco_down2",
					"pivot": [-8.27896, 42.36829, 2.94259],
					"rotation": [0, 22.5, 0],
					"cubes": [
						{
							"origin": [-4.03097, 41.91919, 1.73627],
							"size": [0.60469, 0.57475, 0.68289],
							"pivot": [-3.6249, 42.46629, 2.09105],
							"rotation": [0, -35, 0],
							"uv": {
								"north": {"uv": [187, 114.75], "uv_size": [7.75, 6.25]},
								"east": {"uv": [187, 114.75], "uv_size": [7.75, 6.25]},
								"south": {"uv": [187, 114.75], "uv_size": [7.75, 6.25]},
								"west": {"uv": [187, 114.75], "uv_size": [7.75, 6.25]},
								"up": {"uv": [194.75, 121], "uv_size": [-7.75, -6.25]},
								"down": {"uv": [194.75, 121], "uv_size": [-7.75, -6.25]}
							}
						}
					]
				},
				{
					"name": "leftBraco",
					"parent": "Corpo_up",
					"pivot": [6.03103, 46.13757, 1.29946],
					"rotation": [11.46604, -0.75123, -11.13772],
					"cubes": [
						{
							"origin": [5.15205, 41.77502, -1.76531],
							"size": [5.24711, 6.53481, 6.12956],
							"uv": {
								"north": {"uv": [95, 129], "uv_size": [5.25, 6.5]},
								"east": {"uv": [125, 0], "uv_size": [6.125, 6.5]},
								"south": {"uv": [118, 129], "uv_size": [5.25, 6.5]},
								"west": {"uv": [32, 125], "uv_size": [6.125, 6.5]},
								"up": {"uv": [110, 134], "uv_size": [5.25, 6.125]},
								"down": {"uv": [134, 130.125], "uv_size": [5.25, -6.125]}
							}
						},
						{
							"origin": [5.49092, 37.74716, -0.97844],
							"size": [4.56936, 6.49622, 4.55581],
							"uv": {
								"north": {"uv": [139, 7], "uv_size": [4.625, 6.5]},
								"east": {"uv": [139, 107], "uv_size": [4.5, 6.5]},
								"south": {"uv": [139, 14], "uv_size": [4.625, 6.5]},
								"west": {"uv": [139, 114], "uv_size": [4.5, 6.5]},
								"up": {"uv": [154, 67], "uv_size": [4.625, 4.5]},
								"down": {"uv": [154, 76.5], "uv_size": [4.625, -4.5]}
							}
						},
						{
							"origin": [5.05647, 37.06406, -1.84734],
							"size": [3.13491, 5.61376, 4.50161],
							"pivot": [7, 44, 0],
							"rotation": [0, 0, -5],
							"uv": {
								"north": {"uv": [159, 32], "uv_size": [3.125, 5.625]},
								"east": {"uv": [147, 46], "uv_size": [4.5, 5.625]},
								"south": {"uv": [40, 159], "uv_size": [3.125, 5.625]},
								"west": {"uv": [147, 52], "uv_size": [4.5, 5.625]},
								"up": {"uv": [161, 139], "uv_size": [3.125, 4.5]},
								"down": {"uv": [151, 165.5], "uv_size": [3.125, -4.5]}
							}
						},
						{
							"origin": [4.81319, 42.68251, -1.42644],
							"size": [5.92485, 5.28844, 5.45181],
							"uv": {
								"north": {"uv": [5, 137], "uv_size": [5.875, 5.25]},
								"east": {"uv": [141, 40], "uv_size": [5.5, 5.25]},
								"south": {"uv": [26, 137], "uv_size": [5.875, 5.25]},
								"west": {"uv": [141, 46], "uv_size": [5.5, 5.25]},
								"up": {"uv": [124, 132], "uv_size": [5.875, 5.5]},
								"down": {"uv": [130, 137.5], "uv_size": [5.875, -5.5]}
							}
						},
						{
							"origin": [6.23561, 42.8, -1.25527],
							"size": [5.21387, 4.65383, 4.79759],
							"uv": {
								"north": {"uv": [148, 128], "uv_size": [5.25, 4.625]},
								"east": {"uv": [48, 151], "uv_size": [4.75, 4.625]},
								"south": {"uv": [140, 148], "uv_size": [5.25, 4.625]},
								"west": {"uv": [59, 151], "uv_size": [4.75, 4.625]},
								"up": {"uv": [147, 136], "uv_size": [5.25, 4.75]},
								"down": {"uv": [147, 145.75], "uv_size": [5.25, -4.75]}
							}
						},
						{
							"origin": [6.11654, 43.9994, -0.97844],
							"size": [3.7526, 4.84044, 4.55581],
							"uv": {
								"north": {"uv": [156, 87], "uv_size": [3.75, 4.875]},
								"east": {"uv": [151, 151], "uv_size": [4.5, 4.875]},
								"south": {"uv": [156, 92], "uv_size": [3.75, 4.875]},
								"west": {"uv": [16, 152], "uv_size": [4.5, 4.875]},
								"up": {"uv": [159, 156], "uv_size": [3.75, 4.5]},
								"down": {"uv": [4, 164.5], "uv_size": [3.75, -4.5]}
							}
						},
						{
							"origin": [5.49092, 42.45276, -2.10418],
							"size": [4.56936, 5.51818, 6.8073],
							"uv": {
								"north": {"uv": [34, 146], "uv_size": [4.625, 5.5]},
								"east": {"uv": [126, 20], "uv_size": [6.75, 5.5]},
								"south": {"uv": [39, 146], "uv_size": [4.625, 5.5]},
								"west": {"uv": [126, 71], "uv_size": [6.75, 5.5]},
								"up": {"uv": [136, 25], "uv_size": [4.625, 6.75]},
								"down": {"uv": [136, 46.75], "uv_size": [4.625, -6.75]}
							}
						}
					]
				},
				{
					"name": "leftBraco_down",
					"parent": "leftBraco",
					"pivot": [8.05572, 37.72839, 1.29946],
					"rotation": [-5, 0, 7.5],
					"cubes": [
						{
							"origin": [6.85076, 27.17143, -0.28537],
							"size": [3.1427, 6.43214, 3.57715],
							"uv": {
								"north": {"uv": [154, 124], "uv_size": [3.125, 6.375]},
								"east": {"uv": [92, 150], "uv_size": [3.625, 6.375]},
								"south": {"uv": [32, 155], "uv_size": [3.125, 6.375]},
								"west": {"uv": [150, 112], "uv_size": [3.625, 6.375]},
								"up": {"uv": [70, 164], "uv_size": [3.125, 3.625]},
								"down": {"uv": [164, 80.625], "uv_size": [3.125, -3.625]}
							}
						},
						{
							"origin": [6.41631, 33.25373, -0.71982],
							"size": [4.0116, 5.2101, 4.44605],
							"pivot": [10.05724, 28.70417, 1.50321],
							"rotation": [0, 0, -2.5],
							"uv": {
								"north": {"uv": [139, 153], "uv_size": [4, 5.25]},
								"east": {"uv": [149, 100], "uv_size": [4.5, 5.25]},
								"south": {"uv": [153, 142], "uv_size": [4, 5.25]},
								"west": {"uv": [149, 106], "uv_size": [4.5, 5.25]},
								"up": {"uv": [155, 156], "uv_size": [4, 4.5]},
								"down": {"uv": [15, 161.5], "uv_size": [4, -4.5]}
							}
						},
						{
							"origin": [6.41631, 26.25373, -0.71982],
							"size": [4.0116, 4.2101, 4.44605],
							"pivot": [10.05724, 28.70417, 1.50321],
							"rotation": [0, 7.5, -2.5],
							"uv": {
								"north": {"uv": [66, 159], "uv_size": [4, 4.25]},
								"east": {"uv": [23, 156], "uv_size": [4.5, 4.25]},
								"south": {"uv": [159, 68], "uv_size": [4, 4.25]},
								"west": {"uv": [156, 47], "uv_size": [4.5, 4.25]},
								"up": {"uv": [157, 17], "uv_size": [4, 4.5]},
								"down": {"uv": [157, 26.5], "uv_size": [4, -4.5]}
							}
						},
						{
							"origin": [6.45977, 30.16912, -0.67636],
							"size": [2.7517, 5.2157, 2.40414],
							"uv": {
								"north": {"uv": [161, 15], "uv_size": [2.75, 5.25]},
								"east": {"uv": [163, 97], "uv_size": [2.375, 5.25]},
								"south": {"uv": [161, 21], "uv_size": [2.75, 5.25]},
								"west": {"uv": [163, 103], "uv_size": [2.375, 5.25]},
								"up": {"uv": [97, 168], "uv_size": [2.75, 2.375]},
								"down": {"uv": [168, 116.375], "uv_size": [2.75, -2.375]}
							}
						},
						{
							"origin": [6.45977, 30.16912, 1.27866],
							"size": [2.7517, 4.78125, 2.40414],
							"uv": {
								"north": {"uv": [35, 162], "uv_size": [2.75, 4.75]},
								"east": {"uv": [163, 164], "uv_size": [2.375, 4.75]},
								"south": {"uv": [162, 42], "uv_size": [2.75, 4.75]},
								"west": {"uv": [0, 165], "uv_size": [2.375, 4.75]},
								"up": {"uv": [121, 168], "uv_size": [2.75, 2.375]},
								"down": {"uv": [168, 128.375], "uv_size": [2.75, -2.375]}
							}
						},
						{
							"origin": [6.06876, 34.0166, 1.66966],
							"size": [2.7517, 3.65167, 2.40414],
							"uv": {
								"north": {"uv": [166, 51], "uv_size": [2.75, 3.625]},
								"east": {"uv": [159, 166], "uv_size": [2.375, 3.625]},
								"south": {"uv": [57, 166], "uv_size": [2.75, 3.625]},
								"west": {"uv": [166, 164], "uv_size": [2.375, 3.625]},
								"up": {"uv": [168, 129], "uv_size": [2.75, 2.375]},
								"down": {"uv": [168, 134.375], "uv_size": [2.75, -2.375]}
							}
						},
						{
							"origin": [6.06876, 34.0166, -1.06736],
							"size": [2.7517, 3.65167, 2.40414],
							"uv": {
								"north": {"uv": [74, 166], "uv_size": [2.75, 3.625]},
								"east": {"uv": [21, 167], "uv_size": [2.375, 3.625]},
								"south": {"uv": [166, 85], "uv_size": [2.75, 3.625]},
								"west": {"uv": [167, 23], "uv_size": [2.375, 3.625]},
								"up": {"uv": [168, 135], "uv_size": [2.75, 2.375]},
								"down": {"uv": [168, 140.375], "uv_size": [2.75, -2.375]}
							}
						}
					]
				},
				{
					"name": "leftHand",
					"parent": "leftBraco_down",
					"pivot": [8.34695, 26.96866, 1.50321],
					"rotation": [0, -22.5, 0],
					"cubes": [
						{
							"origin": [6.91115, 23.9901, -0.26348],
							"size": [3.35937, 3.19308, 3.79382],
							"pivot": [8.0146, 27.02955, 1.7075],
							"rotation": [0, 35, 0],
							"uv": {
								"north": {"uv": [50, 165], "uv_size": [3.375, 3.25]},
								"east": {"uv": [163, 156], "uv_size": [3.75, 3.25]},
								"south": {"uv": [165, 56], "uv_size": [3.375, 3.25]},
								"west": {"uv": [163, 160], "uv_size": [3.75, 3.25]},
								"up": {"uv": [162, 124], "uv_size": [3.375, 3.75]},
								"down": {"uv": [134, 165.75], "uv_size": [3.375, -3.75]}
							}
						}
					]
				},
				{
					"name": "head",
					"parent": "Corpo_up",
					"pivot": [0, 52.86743, -1.01593],
					"rotation": [7.5, 0, 0],
					"cubes": [
						{
							"origin": [-1.96156, 53.81054, -4.14273],
							"size": [3.92312, 5.44658, 5.53096],
							"uv": {
								"north": {"uv": [152, 91], "uv_size": [3.875, 5.5]},
								"east": {"uv": [136, 137], "uv_size": [5.5, 5.5]},
								"south": {"uv": [96, 152], "uv_size": [3.875, 5.5]},
								"west": {"uv": [32, 138], "uv_size": [5.5, 5.5]},
								"up": {"uv": [100, 152], "uv_size": [3.875, 5.5]},
								"down": {"uv": [109, 157.5], "uv_size": [3.875, -5.5]}
							}
						},
						{
							"origin": [-2.96156, 56.81054, -7.14273],
							"size": [5.92312, 0.44658, 9.53096],
							"uv": {
								"north": {"uv": [126, 121], "uv_size": [5.875, 0.5]},
								"east": {"uv": [166, 55], "uv_size": [9.5, 0.5]},
								"south": {"uv": [132, 6], "uv_size": [5.875, 0.5]},
								"west": {"uv": [168, 22], "uv_size": [9.5, 0.5]},
								"up": {"uv": [115, 30], "uv_size": [5.875, 9.5]},
								"down": {"uv": [79, 124.5], "uv_size": [5.875, -9.5]}
							}
						},
						{
							"origin": [-1.96156, 57.25712, -5.14273],
							"size": [3.92312, 3.44658, 1.53096],
							"uv": {
								"north": {"uv": [14, 131], "uv_size": [3.875, 3.5]},
								"east": {"uv": [139, 21], "uv_size": [1.5, 3.5]},
								"south": {"uv": [90, 145], "uv_size": [3.875, 3.5]},
								"west": {"uv": [152, 71], "uv_size": [1.5, 3.5]},
								"up": {"uv": [128, 113], "uv_size": [3.875, 1.5]},
								"down": {"uv": [130, 55.5], "uv_size": [3.875, -1.5]}
							}
						},
						{
							"origin": [-2.96156, 57.25712, -4.14273],
							"size": [5.92312, 4.44658, 6.53096],
							"uv": {
								"north": {"uv": [144, 15], "uv_size": [5.875, 4.5]},
								"east": {"uv": [140, 54], "uv_size": [6.5, 4.5]},
								"south": {"uv": [28, 144], "uv_size": [5.875, 4.5]},
								"west": {"uv": [140, 90], "uv_size": [6.5, 4.5]},
								"up": {"uv": [53, 125], "uv_size": [5.875, 6.5]},
								"down": {"uv": [79, 131.5], "uv_size": [5.875, -6.5]}
							}
						},
						{
							"origin": [-2.36351, 54.26877, -3.74076],
							"size": [4.72703, 4.69892, 5.47801],
							"uv": {
								"north": {"uv": [150, 119], "uv_size": [4.75, 4.75]},
								"east": {"uv": [144, 114], "uv_size": [5.5, 4.75]},
								"south": {"uv": [151, 0], "uv_size": [4.75, 4.75]},
								"west": {"uv": [144, 119], "uv_size": [5.5, 4.75]},
								"up": {"uv": [122, 144], "uv_size": [4.75, 5.5]},
								"down": {"uv": [48, 150.5], "uv_size": [4.75, -5.5]}
							}
						},
						{
							"origin": [-2.36351, 52.44057, -3.31068],
							"size": [4.72703, 1.8282, 5.04793],
							"uv": {
								"north": {"uv": [105, 62], "uv_size": [4.75, 1.875]},
								"east": {"uv": [16, 42], "uv_size": [5, 1.875]},
								"south": {"uv": [110, 62], "uv_size": [4.75, 1.875]},
								"west": {"uv": [21, 42], "uv_size": [5, 1.875]},
								"up": {"uv": [99, 147], "uv_size": [4.75, 5]},
								"down": {"uv": [0, 153], "uv_size": [4.75, -5]}
							}
						},
						{
							"origin": [-2.76546, 54.64644, -3.3388],
							"size": [5.53096, 3.52116, 4.6741],
							"uv": {
								"north": {"uv": [156, 43], "uv_size": [5.5, 3.5]},
								"east": {"uv": [159, 78], "uv_size": [4.625, 3.5]},
								"south": {"uv": [47, 156], "uv_size": [5.5, 3.5]},
								"west": {"uv": [160, 38], "uv_size": [4.625, 3.5]},
								"up": {"uv": [146, 95], "uv_size": [5.5, 4.625]},
								"down": {"uv": [17, 151.625], "uv_size": [5.5, -4.625]}
							}
						},
						{
							"origin": [-1.76546, 58, -3.3388],
							"size": [3.53096, 1.52116, 4.6741],
							"uv": {
								"north": {"uv": [141, 52], "uv_size": [3.5, 1.5]},
								"east": {"uv": [126, 26], "uv_size": [4.625, 1.5]},
								"south": {"uv": [143, 36], "uv_size": [3.5, 1.5]},
								"west": {"uv": [95, 127], "uv_size": [4.625, 1.5]},
								"up": {"uv": [46, 160], "uv_size": [3.5, 4.625]},
								"down": {"uv": [50, 164.625], "uv_size": [3.5, -4.625]}
							}
						},
						{
							"origin": [-1.48182, 52.19229, -3.71265],
							"size": [3.0133, 1.82298, 3.73616],
							"uv": {
								"north": {"uv": [131, 93], "uv_size": [3, 1.875]},
								"east": {"uv": [97, 106], "uv_size": [3.75, 1.875]},
								"south": {"uv": [137, 67], "uv_size": [3, 1.875]},
								"west": {"uv": [111, 106], "uv_size": [3.75, 1.875]},
								"up": {"uv": [165, 10], "uv_size": [3, 3.75]},
								"down": {"uv": [13, 168.75], "uv_size": [3, -3.75]}
							}
						}
					]
				},
				{
					"name": "Asa",
					"parent": "Corpo_up",
					"pivot": [3.49999, 45.10655, 6.20622]
				},
				{
					"name": "Asa2",
					"parent": "Corpo_up",
					"pivot": [0, 39.40613, 0.40346]
				},
				{
					"name": "body",
					"pivot": [0, 24, 0]
				},
				{
					"name": "bodyArmor",
					"parent": "body",
					"pivot": [0, 24, 0]
				},
				{
					"name": "belt",
					"parent": "body",
					"pivot": [0, 24, 0]
				},
				{
					"name": "rightArm",
					"parent": "body",
					"pivot": [-5, 22, 0]
				},
				{
					"name": "rightItem",
					"parent": "rightArm",
					"pivot": [-6, 15, 1]
				},
				{
					"name": "rightArmArmor",
					"parent": "rightArm",
					"pivot": [-5, 22, 0]
				},
				{
					"name": "rightLeg",
					"parent": "body",
					"pivot": [-1.9, 12, 0]
				},
				{
					"name": "rightLegging",
					"parent": "rightLeg",
					"pivot": [-1.9, 12, 0]
				},
				{
					"name": "rightBoot",
					"parent": "rightLeg",
					"pivot": [-1.9, 12, 0]
				},
				{
					"name": "rightSock",
					"parent": "rightLeg",
					"pivot": [-1.9, 12, 0]
				},
				{
					"name": "leftLeg",
					"parent": "body",
					"pivot": [1.9, 12, 0]
				},
				{
					"name": "leftLegging",
					"parent": "leftLeg",
					"pivot": [1.9, 12, 0]
				},
				{
					"name": "leftBoot",
					"parent": "leftLeg",
					"pivot": [1.9, 12, 0]
				},
				{
					"name": "leftSock",
					"parent": "leftLeg",
					"pivot": [1.9, 12, 0]
				},
				{
					"name": "leftArm",
					"parent": "body",
					"pivot": [5, 22, 0]
				},
				{
					"name": "leftItem",
					"parent": "leftArm",
					"pivot": [6, 15, 1]
				},
				{
					"name": "leftArmArmor",
					"parent": "leftArm",
					"pivot": [5, 22, 0]
				},
				{
					"name": "root0",
					"pivot": [0, 0, 0]
				},
				{
					"name": "root2",
					"parent": "root0",
					"pivot": [0, 10, 0]
				},
				{
					"name": "root1",
					"parent": "root2",
					"pivot": [0, 30, 0]
				},
				{
					"name": "Kroot",
					"parent": "root1",
					"pivot": [0, 20, 0]
				},
				{
					"name": "Kwaist",
					"parent": "Kroot",
					"pivot": [0, 12, 0]
				},
				{
					"name": "body0",
					"parent": "Kwaist",
					"pivot": [0, 24, 0]
				},
				{
					"name": "Kbody",
					"parent": "body0",
					"pivot": [0, 12, 0],
					"cubes": [
						{
							"origin": [-0.4, 38.2, -0.2],
							"size": [0.8, 1.2, 0.4],
							"uv": {
								"north": {"uv": [26, 42], "uv_size": [0.75, 1.25]},
								"east": {"uv": [55, 88], "uv_size": [0.375, 1.25]},
								"south": {"uv": [27, 42], "uv_size": [0.75, 1.25]},
								"west": {"uv": [31, 89], "uv_size": [0.375, 1.25]},
								"up": {"uv": [55, 90], "uv_size": [0.75, 0.375]},
								"down": {"uv": [31, 91.375], "uv_size": [0.75, -0.375]}
							}
						}
					]
				},
				{
					"name": "head2",
					"parent": "Kbody",
					"pivot": [0, 24, 0],
					"cubes": [
						{
							"origin": [-0.4, 39.4, -0.4],
							"size": [0.8, 0.8, 0.8],
							"uv": {
								"north": {"uv": [55, 84], "uv_size": [0.75, 0.75]},
								"east": {"uv": [55, 85], "uv_size": [0.75, 0.75]},
								"south": {"uv": [55, 86], "uv_size": [0.75, 0.75]},
								"west": {"uv": [31, 87], "uv_size": [0.75, 0.75]},
								"up": {"uv": [55, 87], "uv_size": [0.75, 0.75]},
								"down": {"uv": [31, 88.75], "uv_size": [0.75, -0.75]}
							}
						}
					]
				},
				{
					"name": "hat",
					"parent": "head2",
					"pivot": [0, 24, 0],
					"cubes": [
						{
							"origin": [0.05, 39.85, 0.05],
							"size": [-0.1, -0.1, -0.1],
							"inflate": 0.5,
							"uv": {
								"north": {"uv": [120, 28], "uv_size": [0.125, 0.125]},
								"east": {"uv": [120, 29], "uv_size": [0.125, 0.125]},
								"south": {"uv": [54, 120], "uv_size": [0.125, 0.125]},
								"west": {"uv": [85, 120], "uv_size": [0.125, 0.125]},
								"up": {"uv": [86, 120], "uv_size": [0.125, 0.125]},
								"down": {"uv": [54, 121.125], "uv_size": [0.125, -0.125]}
							}
						}
					]
				},
				{
					"name": "jacket",
					"parent": "Kbody",
					"pivot": [0, 12, 0],
					"cubes": [
						{
							"origin": [-0.175, 38.425, 0.025],
							"size": [0.35, 0.75, -0.05],
							"inflate": 0.25,
							"uv": {
								"north": {"uv": [55, 91], "uv_size": [0.375, 0.75]},
								"east": {"uv": [86, 119], "uv_size": [0.125, 0.75]},
								"south": {"uv": [31, 92], "uv_size": [0.375, 0.75]},
								"west": {"uv": [104, 119], "uv_size": [0.125, 0.75]},
								"up": {"uv": [18, 120], "uv_size": [0.375, 0.125]},
								"down": {"uv": [19, 120.125], "uv_size": [0.375, -0.125]}
							}
						}
					]
				},
				{
					"name": "RightArmUp",
					"parent": "Kbody",
					"pivot": [-6, 22, 0],
					"cubes": [
						{
							"origin": [-0.8, 38.8, -0.2],
							"size": [0.4, 0.6, 0.4],
							"uv": {
								"north": {"uv": [79, 92], "uv_size": [0.375, 0.625]},
								"east": {"uv": [43, 93], "uv_size": [0.375, 0.625]},
								"south": {"uv": [44, 93], "uv_size": [0.375, 0.625]},
								"west": {"uv": [79, 93], "uv_size": [0.375, 0.625]},
								"up": {"uv": [115, 63], "uv_size": [0.375, 0.375]},
								"down": {"uv": [116, 44.375], "uv_size": [0.375, -0.375]}
							}
						},
						{
							"origin": [-0.575, 39.025, 0.025],
							"size": [-0.05, 0.15, -0.05],
							"inflate": 0.25,
							"uv": {
								"north": {"uv": [54, 122], "uv_size": [0.125, 0.125]},
								"east": {"uv": [54, 123], "uv_size": [0.125, 0.125]},
								"south": {"uv": [54, 124], "uv_size": [0.125, 0.125]},
								"west": {"uv": [124, 71], "uv_size": [0.125, 0.125]},
								"up": {"uv": [125, 71], "uv_size": [0.125, 0.125]},
								"down": {"uv": [126, 63.125], "uv_size": [0.125, -0.125]}
							}
						}
					]
				},
				{
					"name": "RightArmDown",
					"parent": "RightArmUp",
					"pivot": [-6, 18, 2],
					"cubes": [
						{
							"origin": [-0.8, 38.2, -0.2],
							"size": [0.4, 0.6, 0.4],
							"uv": {
								"north": {"uv": [43, 94], "uv_size": [0.375, 0.625]},
								"east": {"uv": [44, 94], "uv_size": [0.375, 0.625]},
								"south": {"uv": [79, 94], "uv_size": [0.375, 0.625]},
								"west": {"uv": [79, 95], "uv_size": [0.375, 0.625]},
								"up": {"uv": [116, 45], "uv_size": [0.375, 0.375]},
								"down": {"uv": [116, 46.375], "uv_size": [0.375, -0.375]}
							}
						},
						{
							"origin": [-0.575, 38.425, 0.025],
							"size": [-0.05, 0.15, -0.05],
							"inflate": 0.25,
							"uv": {
								"north": {"uv": [126, 105], "uv_size": [0.125, 0.125]},
								"east": {"uv": [127, 63], "uv_size": [0.125, 0.125]},
								"south": {"uv": [127, 105], "uv_size": [0.125, 0.125]},
								"west": {"uv": [128, 63], "uv_size": [0.125, 0.125]},
								"up": {"uv": [129, 40], "uv_size": [0.125, 0.125]},
								"down": {"uv": [129, 41.125], "uv_size": [0.125, -0.125]}
							}
						}
					]
				},
				{
					"name": "rightItem2",
					"parent": "RightArmDown",
					"pivot": [-6, 15, 1]
				},
				{
					"name": "Item",
					"parent": "RightArmDown",
					"pivot": [-6, 18, 2]
				},
				{
					"name": "cItem",
					"parent": "RightArmDown",
					"pivot": [-6, 15, 1]
				},
				{
					"name": "LeftArmUp",
					"parent": "Kbody",
					"pivot": [6, 22, 0],
					"cubes": [
						{
							"origin": [0.4, 38.8, -0.2],
							"size": [0.4, 0.6, 0.4],
							"uv": {
								"north": {"uv": [79, 96], "uv_size": [0.375, 0.625]},
								"east": {"uv": [79, 97], "uv_size": [0.375, 0.625]},
								"south": {"uv": [22, 98], "uv_size": [0.375, 0.625]},
								"west": {"uv": [22, 99], "uv_size": [0.375, 0.625]},
								"up": {"uv": [116, 47], "uv_size": [0.375, 0.375]},
								"down": {"uv": [116, 62.375], "uv_size": [0.375, -0.375]}
							}
						},
						{
							"origin": [0.625, 39.025, 0.025],
							"size": [-0.05, 0.15, -0.05],
							"inflate": 0.25,
							"uv": {
								"north": {"uv": [129, 42], "uv_size": [0.125, 0.125]},
								"east": {"uv": [129, 43], "uv_size": [0.125, 0.125]},
								"south": {"uv": [129, 63], "uv_size": [0.125, 0.125]},
								"west": {"uv": [73, 129], "uv_size": [0.125, 0.125]},
								"up": {"uv": [74, 129], "uv_size": [0.125, 0.125]},
								"down": {"uv": [124, 129.125], "uv_size": [0.125, -0.125]}
							}
						}
					]
				},
				{
					"name": "LeftArmDown",
					"parent": "LeftArmUp",
					"pivot": [6, 18, 2],
					"cubes": [
						{
							"origin": [0.4, 38.2, -0.2],
							"size": [0.4, 0.6, 0.4],
							"uv": {
								"north": {"uv": [22, 100], "uv_size": [0.375, 0.625]},
								"east": {"uv": [100, 88], "uv_size": [0.375, 0.625]},
								"south": {"uv": [100, 89], "uv_size": [0.375, 0.625]},
								"west": {"uv": [100, 90], "uv_size": [0.375, 0.625]},
								"up": {"uv": [116, 63], "uv_size": [0.375, 0.375]},
								"down": {"uv": [104, 117.375], "uv_size": [0.375, -0.375]}
							}
						},
						{
							"origin": [0.625, 38.425, 0.025],
							"size": [-0.05, 0.15, -0.05],
							"inflate": 0.25,
							"uv": {
								"north": {"uv": [78, 130], "uv_size": [0.125, 0.125]},
								"east": {"uv": [130, 104], "uv_size": [0.125, 0.125]},
								"south": {"uv": [124, 130], "uv_size": [0.125, 0.125]},
								"west": {"uv": [78, 131], "uv_size": [0.125, 0.125]},
								"up": {"uv": [131, 104], "uv_size": [0.125, 0.125]},
								"down": {"uv": [124, 131.125], "uv_size": [0.125, -0.125]}
							}
						}
					]
				},
				{
					"name": "LeftItem2",
					"parent": "LeftArmDown",
					"pivot": [6, 15, 1]
				},
				{
					"name": "LItem",
					"parent": "LeftArmDown",
					"pivot": [6, 15, 1]
				},
				{
					"name": "KLegs",
					"parent": "Kroot",
					"pivot": [0, 12, 0]
				},
				{
					"name": "RightLegUp",
					"parent": "KLegs",
					"pivot": [-1.9, 12, 0],
					"cubes": [
						{
							"origin": [-0.363, 37.627, -0.173],
							"size": [0.346, 0.546, 0.346],
							"inflate": 0.03,
							"uv": {
								"north": {"uv": [100, 91], "uv_size": [0.375, 0.5]},
								"east": {"uv": [100, 92], "uv_size": [0.375, 0.5]},
								"south": {"uv": [100, 93], "uv_size": [0.375, 0.5]},
								"west": {"uv": [100, 94], "uv_size": [0.375, 0.5]},
								"up": {"uv": [104, 118], "uv_size": [0.375, 0.375]},
								"down": {"uv": [18, 119.375], "uv_size": [0.375, -0.375]}
							}
						},
						{
							"origin": [-0.165, 37.825, 0.025],
							"size": [-0.05, 0.15, -0.05],
							"inflate": 0.25,
							"uv": {
								"north": {"uv": [66, 132], "uv_size": [0.125, 0.125]},
								"east": {"uv": [84, 132], "uv_size": [0.125, 0.125]},
								"south": {"uv": [132, 104], "uv_size": [0.125, 0.125]},
								"west": {"uv": [110, 132], "uv_size": [0.125, 0.125]},
								"up": {"uv": [111, 132], "uv_size": [0.125, 0.125]},
								"down": {"uv": [132, 113.125], "uv_size": [0.125, -0.125]}
							}
						}
					]
				},
				{
					"name": "RightLegDown",
					"parent": "RightLegUp",
					"pivot": [-1.9, 6, -2],
					"cubes": [
						{
							"origin": [-0.363, 37.027, -0.173],
							"size": [0.346, 0.546, 0.346],
							"inflate": 0.03,
							"uv": {
								"north": {"uv": [100, 95], "uv_size": [0.375, 0.5]},
								"east": {"uv": [100, 96], "uv_size": [0.375, 0.5]},
								"south": {"uv": [100, 97], "uv_size": [0.375, 0.5]},
								"west": {"uv": [22, 101], "uv_size": [0.375, 0.5]},
								"up": {"uv": [19, 119], "uv_size": [0.375, 0.375]},
								"down": {"uv": [119, 28.375], "uv_size": [0.375, -0.375]}
							}
						},
						{
							"origin": [-0.165, 37.225, 0.025],
							"size": [-0.05, 0.15, -0.05],
							"inflate": 0.25,
							"uv": {
								"north": {"uv": [132, 114], "uv_size": [0.125, 0.125]},
								"east": {"uv": [132, 127], "uv_size": [0.125, 0.125]},
								"south": {"uv": [133, 25], "uv_size": [0.125, 0.125]},
								"west": {"uv": [66, 133], "uv_size": [0.125, 0.125]},
								"up": {"uv": [84, 133], "uv_size": [0.125, 0.125]},
								"down": {"uv": [94, 133.125], "uv_size": [0.125, -0.125]}
							}
						}
					]
				},
				{
					"name": "LeftLegUp",
					"parent": "KLegs",
					"pivot": [1.9, 12, 0],
					"cubes": [
						{
							"origin": [0.017, 37.627, -0.173],
							"size": [0.346, 0.546, 0.346],
							"inflate": 0.03,
							"uv": {
								"north": {"uv": [22, 102], "uv_size": [0.375, 0.5]},
								"east": {"uv": [20, 109], "uv_size": [0.375, 0.5]},
								"south": {"uv": [21, 109], "uv_size": [0.375, 0.5]},
								"west": {"uv": [109, 98], "uv_size": [0.375, 0.5]},
								"up": {"uv": [119, 29], "uv_size": [0.375, 0.375]},
								"down": {"uv": [53, 119.375], "uv_size": [0.375, -0.375]}
							}
						},
						{
							"origin": [0.215, 37.825, 0.025],
							"size": [-0.05, 0.15, -0.05],
							"inflate": 0.25,
							"uv": {
								"north": {"uv": [133, 104], "uv_size": [0.125, 0.125]},
								"east": {"uv": [110, 133], "uv_size": [0.125, 0.125]},
								"south": {"uv": [111, 133], "uv_size": [0.125, 0.125]},
								"west": {"uv": [133, 120], "uv_size": [0.125, 0.125]},
								"up": {"uv": [133, 127], "uv_size": [0.125, 0.125]},
								"down": {"uv": [24, 134.125], "uv_size": [0.125, -0.125]}
							}
						}
					]
				},
				{
					"name": "LeftLegDown",
					"parent": "LeftLegUp",
					"pivot": [1.9, 6, -2],
					"cubes": [
						{
							"origin": [0.017, 37.027, -0.173],
							"size": [0.346, 0.546, 0.346],
							"inflate": 0.03,
							"uv": {
								"north": {"uv": [20, 110], "uv_size": [0.375, 0.5]},
								"east": {"uv": [21, 110], "uv_size": [0.375, 0.5]},
								"south": {"uv": [110, 98], "uv_size": [0.375, 0.5]},
								"west": {"uv": [115, 62], "uv_size": [0.375, 0.5]},
								"up": {"uv": [54, 119], "uv_size": [0.375, 0.375]},
								"down": {"uv": [85, 119.375], "uv_size": [0.375, -0.375]}
							}
						},
						{
							"origin": [0.215, 37.225, 0.025],
							"size": [-0.05, 0.15, -0.05],
							"inflate": 0.25,
							"uv": {
								"north": {"uv": [25, 134], "uv_size": [0.125, 0.125]},
								"east": {"uv": [134, 25], "uv_size": [0.125, 0.125]},
								"south": {"uv": [134, 54], "uv_size": [0.125, 0.125]},
								"west": {"uv": [134, 55], "uv_size": [0.125, 0.125]},
								"up": {"uv": [66, 134], "uv_size": [0.125, 0.125]},
								"down": {"uv": [84, 134.125], "uv_size": [0.125, -0.125]}
							}
						}
					]
				}
			]
		}
	]
}