{
	"format_version": "1.12.0",
	"minecraft:geometry": [
		{
			"description": {
				"identifier": "geometry.base",
				"texture_width": 64,
				"texture_height": 64,
				"visible_bounds_width": 2,
				"visible_bounds_height": 3.5,
				"visible_bounds_offset": [
					0,
					1.25,
					0
				]
			},
			"bones": [
				{
					"name": "head",
					"pivot": [
						0,
						24,
						0
					],
					"mirror": true,
					"cubes": [
						{
							"origin": [
								-4,
								24,
								-4
							],
							"size": [
								8,
								8,
								8
							],
							"uv": [
								0,
								0
							],
							"mirror": false
						}
					]
				},
				{
					"name": "body",
					"pivot": [
						0,
						24,
						0
					],
					"mirror": true,
					"cubes": [
						{
							"origin": [
								-4,
								12,
								-2
							],
							"size": [
								8,
								12,
								4
							],
							"uv": [
								0,
								16
							],
							"mirror": false
						}
					]
				},
				{
					"name": "rightArm",
					"pivot": [
						-6,
						23,
						0
					],
					"mirror": true,
					"cubes": [
						{
							"origin": [
								-8,
								18,
								-2
							],
							"size": [
								4,
								6,
								4
							],
							"uv": [
								40,
								20
							],
							"mirror": false
						}
					]
				},
				{
					"name": "leftArm2",
					"parent": "rightArm",
					"pivot": [
						-5,
						16,
						0
					],
					"mirror": true,
					"cubes": [
						{
							"origin": [
								-8,
								12,
								-2
							],
							"size": [
								4,
								6,
								4
							],
							"uv": [
								16,
								36
							],
							"mirror": false
						}
					]
				},
				{
					"name": "rightLeg",
					"pivot": [
						-1.9,
						12,
						0
					],
					"mirror": true,
					"cubes": [
						{
							"origin": [
								-3.9,
								6,
								-2
							],
							"size": [
								4,
								6,
								4
							],
							"uv": [
								32,
								36
							],
							"mirror": false
						}
					]
				},
				{
					"name": "rightLeg2",
					"parent": "rightLeg",
					"pivot": [
						-1.9,
						6,
						0
					],
					"mirror": true,
					"cubes": [
						{
							"origin": [
								-3.9,
								0,
								-2
							],
							"size": [
								4,
								6,
								4
							],
							"uv": [
								0,
								32
							],
							"mirror": false
						}
					]
				},
				{
					"name": "leftLeg",
					"pivot": [
						1.9,
						12,
						0
					],
					"mirror": true,
					"cubes": [
						{
							"origin": [
								-0.1,
								6,
								-2
							],
							"size": [
								4,
								6,
								4
							],
							"uv": [
								24,
								26
							],
							"mirror": false
						}
					]
				},
				{
					"name": "leftLeg4",
					"parent": "leftLeg",
					"pivot": [
						1.9,
						6,
						0
					],
					"mirror": true,
					"cubes": [
						{
							"origin": [
								-0.1,
								0,
								-2
							],
							"size": [
								4,
								6,
								4
							],
							"uv": [
								24,
								16
							],
							"mirror": false
						}
					]
				},
				{
					"name": "leftArm",
					"pivot": [
						6,
						23,
						0
					],
					"mirror": true,
					"cubes": [
						{
							"origin": [
								4,
								18,
								-2
							],
							"size": [
								4,
								6,
								4
							],
							"uv": [
								36,
								10
							],
							"mirror": false
						}
					]
				},
				{
					"name": "rightArm3",
					"parent": "leftArm",
					"pivot": [
						5,
						16,
						0
					],
					"mirror": true,
					"cubes": [
						{
							"origin": [
								4,
								12,
								-2
							],
							"size": [
								4,
								6,
								4
							],
							"uv": [
								32,
								0
							],
							"mirror": false
						}
					]
				}
			]
		}
	]
}