{
	"format_version": "1.12.0",
	"minecraft:geometry": [
		{
			"description": {
				"identifier": "geometry.buzzcut",
				"texture_width": 64,
				"texture_height": 64,
				"visible_bounds_width": 13,
				"visible_bounds_height": 5,
				"visible_bounds_offset": [0, 1.5, 0]
			},
			"bones": [
				{
					"name": "bone8",
					"pivot": [0, 20, 0],
					"cubes": [
						{
							"origin": [-3, 17, -22],
							"size": [6, 6, 22],
							"uv": {
								"north": {"uv": [22, 22], "uv_size": [6, 6]},
								"east": {"uv": [22, 22], "uv_size": [6, 6]},
								"south": {"uv": [22, 22], "uv_size": [6, 6]},
								"west": {"uv": [22, 22], "uv_size": [6, 6]},
								"up": {"uv": [28, 28], "uv_size": [-6, -6]},
								"down": {"uv": [28, 28], "uv_size": [-6, -6]}
							}
						}
					]
				},
				{
					"name": "bone7",
					"parent": "bone8",
					"pivot": [0, 19.8, -16.34],
					"cubes": [
						{
							"origin": [-4.32, 15.48, -34.68],
							"size": [8.64, 8.64, 18.68],
							"uv": {
								"north": {"uv": [22, 22], "uv_size": [6, 6]},
								"east": {"uv": [22, 22], "uv_size": [6, 6]},
								"south": {"uv": [22, 22], "uv_size": [6, 6]},
								"west": {"uv": [22, 22], "uv_size": [6, 6]},
								"up": {"uv": [28, 28], "uv_size": [-6, -6]},
								"down": {"uv": [28, 28], "uv_size": [-6, -6]}
							}
						}
					]
				},
				{
					"name": "bone6",
					"parent": "bone7",
					"pivot": [-0.5, 21.3, -27.34],
					"cubes": [
						{
							"origin": [-7.32, 14.48, -55.68],
							"size": [13.64, 13.64, 28.68],
							"uv": {
								"north": {"uv": [22, 22], "uv_size": [6, 6]},
								"east": {"uv": [22, 22], "uv_size": [6, 6]},
								"south": {"uv": [22, 22], "uv_size": [6, 6]},
								"west": {"uv": [22, 22], "uv_size": [6, 6]},
								"up": {"uv": [28, 28], "uv_size": [-6, -6]},
								"down": {"uv": [28, 28], "uv_size": [-6, -6]}
							}
						}
					]
				},
				{
					"name": "bone5",
					"parent": "bone6",
					"pivot": [-0.91, 21.766, -49.2388],
					"cubes": [
						{
							"origin": [-13.3224, 9.3536, -101.3376],
							"size": [24.8248, 24.8248, 52.1976],
							"uv": {
								"north": {"uv": [10, 22], "uv_size": [6, 6]},
								"east": {"uv": [16, 22], "uv_size": [6, 6]},
								"south": {"uv": [10, 22], "uv_size": [6, 6]},
								"west": {"uv": [16, 22], "uv_size": [6, 6]},
								"up": {"uv": [10, 28], "uv_size": [-6, -6]},
								"down": {"uv": [10, 28], "uv_size": [-6, -6]}
							}
						},
						{
							"origin": [-7.32, 14.48, -111.68],
							"size": [13.64, 13.64, 19.68],
							"uv": {
								"north": {"uv": [22, 22], "uv_size": [6, 6]},
								"east": {"uv": [22, 22], "uv_size": [6, 6]},
								"south": {"uv": [22, 22], "uv_size": [6, 6]},
								"west": {"uv": [22, 22], "uv_size": [6, 6]},
								"up": {"uv": [28, 28], "uv_size": [-6, -6]},
								"down": {"uv": [28, 28], "uv_size": [-6, -6]}
							}
						}
					]
				},
				{
					"name": "bone",
					"parent": "bone5",
					"pivot": [0, 0, 0],
					"cubes": [
						{
							"origin": [7.6776, 16.3536, -89.14],
							"size": [24.8248, 24.8248, 0],
							"uv": {
								"north": {"uv": [10, 14], "uv_size": [6, 6]},
								"east": {"uv": [4, 14], "uv_size": [6, 6]},
								"south": {"uv": [4, 14], "uv_size": [6, 6]},
								"west": {"uv": [4, 14], "uv_size": [6, 6]},
								"up": {"uv": [10, 20], "uv_size": [-6, -6]},
								"down": {"uv": [10, 20], "uv_size": [-6, -6]}
							}
						},
						{
							"origin": [7.6776, 9.3536, -72.14],
							"size": [24.8248, 24.8248, 0],
							"uv": {
								"north": {"uv": [10, 14], "uv_size": [6, 6]},
								"east": {"uv": [4, 14], "uv_size": [6, 6]},
								"south": {"uv": [4, 14], "uv_size": [6, 6]},
								"west": {"uv": [4, 14], "uv_size": [6, 6]},
								"up": {"uv": [10, 20], "uv_size": [-6, -6]},
								"down": {"uv": [10, 20], "uv_size": [-6, -6]}
							}
						},
						{
							"origin": [7.6776, 16.3536, -80.14],
							"size": [24.8248, 24.8248, 0],
							"uv": {
								"north": {"uv": [10, 14], "uv_size": [6, 6]},
								"east": {"uv": [4, 14], "uv_size": [6, 6]},
								"south": {"uv": [4, 14], "uv_size": [6, 6]},
								"west": {"uv": [4, 14], "uv_size": [6, 6]},
								"up": {"uv": [10, 20], "uv_size": [-6, -6]},
								"down": {"uv": [10, 20], "uv_size": [-6, -6]}
							}
						},
						{
							"origin": [7.6776, 13.3536, -63.14],
							"size": [24.8248, 24.8248, 0],
							"uv": {
								"north": {"uv": [10, 14], "uv_size": [6, 6]},
								"east": {"uv": [4, 14], "uv_size": [6, 6]},
								"south": {"uv": [4, 14], "uv_size": [6, 6]},
								"west": {"uv": [4, 14], "uv_size": [6, 6]},
								"up": {"uv": [10, 20], "uv_size": [-6, -6]},
								"down": {"uv": [10, 20], "uv_size": [-6, -6]}
							}
						},
						{
							"origin": [7.6776, 2.3536, -58.14],
							"size": [24.8248, 24.8248, 0],
							"uv": {
								"north": {"uv": [10, 14], "uv_size": [6, 6]},
								"east": {"uv": [4, 14], "uv_size": [6, 6]},
								"south": {"uv": [4, 14], "uv_size": [6, 6]},
								"west": {"uv": [4, 14], "uv_size": [6, 6]},
								"up": {"uv": [10, 20], "uv_size": [-6, -6]},
								"down": {"uv": [10, 20], "uv_size": [-6, -6]}
							}
						},
						{
							"origin": [7.6776, 0.3536, -89.14],
							"size": [24.8248, 24.8248, 0],
							"uv": {
								"north": {"uv": [10, 14], "uv_size": [6, 6]},
								"east": {"uv": [4, 14], "uv_size": [6, 6]},
								"south": {"uv": [4, 14], "uv_size": [6, 6]},
								"west": {"uv": [4, 14], "uv_size": [6, 6]},
								"up": {"uv": [10, 20], "uv_size": [-6, -6]},
								"down": {"uv": [10, 20], "uv_size": [-6, -6]}
							}
						}
					]
				},
				{
					"name": "bone2",
					"parent": "bone",
					"pivot": [0, 0, 0],
					"cubes": [
						{
							"origin": [-32.5024, 16.3536, -89.14],
							"size": [24.8248, 24.8248, 0],
							"uv": {
								"north": {"uv": [16, 14], "uv_size": [-6, 6]},
								"east": {"uv": [10, 14], "uv_size": [-6, 6]},
								"south": {"uv": [10, 14], "uv_size": [-6, 6]},
								"west": {"uv": [10, 14], "uv_size": [-6, 6]},
								"up": {"uv": [4, 20], "uv_size": [6, -6]},
								"down": {"uv": [4, 20], "uv_size": [6, -6]}
							}
						},
						{
							"origin": [-32.5024, 9.3536, -72.14],
							"size": [24.8248, 24.8248, 0],
							"uv": {
								"north": {"uv": [16, 14], "uv_size": [-6, 6]},
								"east": {"uv": [10, 14], "uv_size": [-6, 6]},
								"south": {"uv": [10, 14], "uv_size": [-6, 6]},
								"west": {"uv": [10, 14], "uv_size": [-6, 6]},
								"up": {"uv": [4, 20], "uv_size": [6, -6]},
								"down": {"uv": [4, 20], "uv_size": [6, -6]}
							}
						},
						{
							"origin": [-32.5024, 16.3536, -80.14],
							"size": [24.8248, 24.8248, 0],
							"uv": {
								"north": {"uv": [16, 14], "uv_size": [-6, 6]},
								"east": {"uv": [10, 14], "uv_size": [-6, 6]},
								"south": {"uv": [10, 14], "uv_size": [-6, 6]},
								"west": {"uv": [10, 14], "uv_size": [-6, 6]},
								"up": {"uv": [4, 20], "uv_size": [6, -6]},
								"down": {"uv": [4, 20], "uv_size": [6, -6]}
							}
						},
						{
							"origin": [-32.5024, 13.3536, -63.14],
							"size": [24.8248, 24.8248, 0],
							"uv": {
								"north": {"uv": [16, 14], "uv_size": [-6, 6]},
								"east": {"uv": [10, 14], "uv_size": [-6, 6]},
								"south": {"uv": [10, 14], "uv_size": [-6, 6]},
								"west": {"uv": [10, 14], "uv_size": [-6, 6]},
								"up": {"uv": [4, 20], "uv_size": [6, -6]},
								"down": {"uv": [4, 20], "uv_size": [6, -6]}
							}
						},
						{
							"origin": [-32.5024, 2.3536, -58.14],
							"size": [24.8248, 24.8248, 0],
							"uv": {
								"north": {"uv": [16, 14], "uv_size": [-6, 6]},
								"east": {"uv": [10, 14], "uv_size": [-6, 6]},
								"south": {"uv": [10, 14], "uv_size": [-6, 6]},
								"west": {"uv": [10, 14], "uv_size": [-6, 6]},
								"up": {"uv": [4, 20], "uv_size": [6, -6]},
								"down": {"uv": [4, 20], "uv_size": [6, -6]}
							}
						},
						{
							"origin": [-32.5024, 0.3536, -89.14],
							"size": [24.8248, 24.8248, 0],
							"uv": {
								"north": {"uv": [16, 14], "uv_size": [-6, 6]},
								"east": {"uv": [10, 14], "uv_size": [-6, 6]},
								"south": {"uv": [10, 14], "uv_size": [-6, 6]},
								"west": {"uv": [10, 14], "uv_size": [-6, 6]},
								"up": {"uv": [4, 20], "uv_size": [6, -6]},
								"down": {"uv": [4, 20], "uv_size": [6, -6]}
							}
						}
					]
				},
				{
					"name": "bone3",
					"parent": "bone",
					"pivot": [-2.09, 43.09933, -76.30667],
					"rotation": [0, 0, 90],
					"cubes": [
						{
							"origin": [-14.5024, 37.3536, -90.14],
							"size": [24.8248, 24.8248, 0],
							"uv": {
								"north": {"uv": [16, 14], "uv_size": [-6, 6]},
								"east": {"uv": [10, 14], "uv_size": [-6, 6]},
								"south": {"uv": [10, 14], "uv_size": [-6, 6]},
								"west": {"uv": [10, 14], "uv_size": [-6, 6]},
								"up": {"uv": [4, 20], "uv_size": [6, -6]},
								"down": {"uv": [4, 20], "uv_size": [6, -6]}
							}
						},
						{
							"origin": [-14.5024, 30.3536, -73.14],
							"size": [24.8248, 24.8248, 0],
							"uv": {
								"north": {"uv": [16, 14], "uv_size": [-6, 6]},
								"east": {"uv": [10, 14], "uv_size": [-6, 6]},
								"south": {"uv": [10, 14], "uv_size": [-6, 6]},
								"west": {"uv": [10, 14], "uv_size": [-6, 6]},
								"up": {"uv": [4, 20], "uv_size": [6, -6]},
								"down": {"uv": [4, 20], "uv_size": [6, -6]}
							}
						},
						{
							"origin": [-14.5024, 37.3536, -81.14],
							"size": [24.8248, 24.8248, 0],
							"uv": {
								"north": {"uv": [16, 14], "uv_size": [-6, 6]},
								"east": {"uv": [10, 14], "uv_size": [-6, 6]},
								"south": {"uv": [10, 14], "uv_size": [-6, 6]},
								"west": {"uv": [10, 14], "uv_size": [-6, 6]},
								"up": {"uv": [4, 20], "uv_size": [6, -6]},
								"down": {"uv": [4, 20], "uv_size": [6, -6]}
							}
						},
						{
							"origin": [-14.5024, 34.3536, -64.14],
							"size": [24.8248, 24.8248, 0],
							"uv": {
								"north": {"uv": [16, 14], "uv_size": [-6, 6]},
								"east": {"uv": [10, 14], "uv_size": [-6, 6]},
								"south": {"uv": [10, 14], "uv_size": [-6, 6]},
								"west": {"uv": [10, 14], "uv_size": [-6, 6]},
								"up": {"uv": [4, 20], "uv_size": [6, -6]},
								"down": {"uv": [4, 20], "uv_size": [6, -6]}
							}
						},
						{
							"origin": [-14.5024, 23.3536, -59.14],
							"size": [24.8248, 24.8248, 0],
							"uv": {
								"north": {"uv": [16, 14], "uv_size": [-6, 6]},
								"east": {"uv": [10, 14], "uv_size": [-6, 6]},
								"south": {"uv": [10, 14], "uv_size": [-6, 6]},
								"west": {"uv": [10, 14], "uv_size": [-6, 6]},
								"up": {"uv": [4, 20], "uv_size": [6, -6]},
								"down": {"uv": [4, 20], "uv_size": [6, -6]}
							}
						},
						{
							"origin": [-14.5024, 21.3536, -90.14],
							"size": [24.8248, 24.8248, 0],
							"uv": {
								"north": {"uv": [16, 14], "uv_size": [-6, 6]},
								"east": {"uv": [10, 14], "uv_size": [-6, 6]},
								"south": {"uv": [10, 14], "uv_size": [-6, 6]},
								"west": {"uv": [10, 14], "uv_size": [-6, 6]},
								"up": {"uv": [4, 20], "uv_size": [6, -6]},
								"down": {"uv": [4, 20], "uv_size": [6, -6]}
							}
						}
					]
				},
				{
					"name": "bone4",
					"parent": "bone",
					"pivot": [-2.09, 3.90067, -76.30667],
					"rotation": [0, 0, -90],
					"cubes": [
						{
							"origin": [-14.5024, -15.1784, -90.14],
							"size": [24.8248, 24.8248, 0],
							"uv": {
								"north": {"uv": [16, 20], "uv_size": [-6, -6]},
								"east": {"uv": [10, 20], "uv_size": [-6, -6]},
								"south": {"uv": [10, 20], "uv_size": [-6, -6]},
								"west": {"uv": [10, 20], "uv_size": [-6, -6]},
								"up": {"uv": [4, 14], "uv_size": [6, 6]},
								"down": {"uv": [4, 14], "uv_size": [6, 6]}
							}
						},
						{
							"origin": [-14.5024, -8.1784, -73.14],
							"size": [24.8248, 24.8248, 0],
							"uv": {
								"north": {"uv": [16, 20], "uv_size": [-6, -6]},
								"east": {"uv": [10, 20], "uv_size": [-6, -6]},
								"south": {"uv": [10, 20], "uv_size": [-6, -6]},
								"west": {"uv": [10, 20], "uv_size": [-6, -6]},
								"up": {"uv": [4, 14], "uv_size": [6, 6]},
								"down": {"uv": [4, 14], "uv_size": [6, 6]}
							}
						},
						{
							"origin": [-14.5024, -15.1784, -81.14],
							"size": [24.8248, 24.8248, 0],
							"uv": {
								"north": {"uv": [16, 20], "uv_size": [-6, -6]},
								"east": {"uv": [10, 20], "uv_size": [-6, -6]},
								"south": {"uv": [10, 20], "uv_size": [-6, -6]},
								"west": {"uv": [10, 20], "uv_size": [-6, -6]},
								"up": {"uv": [4, 14], "uv_size": [6, 6]},
								"down": {"uv": [4, 14], "uv_size": [6, 6]}
							}
						},
						{
							"origin": [-14.5024, -12.1784, -64.14],
							"size": [24.8248, 24.8248, 0],
							"uv": {
								"north": {"uv": [16, 20], "uv_size": [-6, -6]},
								"east": {"uv": [10, 20], "uv_size": [-6, -6]},
								"south": {"uv": [10, 20], "uv_size": [-6, -6]},
								"west": {"uv": [10, 20], "uv_size": [-6, -6]},
								"up": {"uv": [4, 14], "uv_size": [6, 6]},
								"down": {"uv": [4, 14], "uv_size": [6, 6]}
							}
						},
						{
							"origin": [-14.5024, -1.1784, -59.14],
							"size": [24.8248, 24.8248, 0],
							"uv": {
								"north": {"uv": [16, 20], "uv_size": [-6, -6]},
								"east": {"uv": [10, 20], "uv_size": [-6, -6]},
								"south": {"uv": [10, 20], "uv_size": [-6, -6]},
								"west": {"uv": [10, 20], "uv_size": [-6, -6]},
								"up": {"uv": [4, 14], "uv_size": [6, 6]},
								"down": {"uv": [4, 14], "uv_size": [6, 6]}
							}
						},
						{
							"origin": [-14.5024, 0.8216, -90.14],
							"size": [24.8248, 24.8248, 0],
							"uv": {
								"north": {"uv": [16, 20], "uv_size": [-6, -6]},
								"east": {"uv": [10, 20], "uv_size": [-6, -6]},
								"south": {"uv": [10, 20], "uv_size": [-6, -6]},
								"west": {"uv": [10, 20], "uv_size": [-6, -6]},
								"up": {"uv": [4, 14], "uv_size": [6, 6]},
								"down": {"uv": [4, 14], "uv_size": [6, 6]}
							}
						}
					]
				}
			]
		}
	]
}