{
	"format_version": "1.12.0",
	"minecraft:geometry": [
		{
			"description": {
				"identifier": "geometry.forest",
				"texture_width": 128,
				"texture_height": 128,
				"visible_bounds_width": 0,
				"visible_bounds_height": 0,
				"visible_bounds_offset": [0, 0, 0]
			},
			"bones": [
				{
					"name": "Corpo",
					"pivot": [0, -0.47223, 0.40346],
					"rotation": [2.5, 0, 0],
					"cubes": [
						{
							"origin": [-14.46789, 11.41763, -4.72179],
							"size": [28.93572, 21.4618, 21.81218],
							"uv": {
								"north": {"uv": [8, 56], "uv_size": [8.5, 6.5]},
								"east": {"uv": [60, 28], "uv_size": [6.5, 6.5]},
								"south": {"uv": [32, 58], "uv_size": [8.5, 6.5]},
								"west": {"uv": [21, 61], "uv_size": [6.5, 6.5]},
								"up": {"uv": [41, 58], "uv_size": [8.5, 6.5]},
								"down": {"uv": [50, 64.5], "uv_size": [8.5, -6.5]}
							}
						},
						{
							"origin": [-18.89268, -2.21486, -5.78658],
							"size": [37.78528, 11.69276, 25.79643],
							"uv": {
								"north": {"uv": [66, 35], "uv_size": [11, 3]},
								"east": {"uv": [42, 23], "uv_size": [7.5, 3]},
								"south": {"uv": [66, 38], "uv_size": [11, 3]},
								"west": {"uv": [80, 71], "uv_size": [7.5, 3]},
								"up": {"uv": [32, 0], "uv_size": [11, 7.5]},
								"down": {"uv": [32, 15.5], "uv_size": [11, -7.5]}
							}
						},
						{
							"origin": [-15.92761, 5.66971, -3.17099],
							"size": [31.85522, 9.69276, 22.07053],
							"uv": {
								"north": {"uv": [70, 66], "uv_size": [9.5, 3]},
								"east": {"uv": [85, 43], "uv_size": [6.5, 3]},
								"south": {"uv": [73, 30], "uv_size": [9.5, 3]},
								"west": {"uv": [87, 33], "uv_size": [6.5, 3]},
								"up": {"uv": [50, 23], "uv_size": [9.5, 6.5]},
								"down": {"uv": [50, 36.5], "uv_size": [9.5, -6.5]}
							}
						}
					]
				},
				{
					"name": "Corpo_up",
					"parent": "Corpo",
					"pivot": [0.93464, 33.9496, 8.27561],
					"rotation": [7.43943, 0.19867, -0.73378],
					"cubes": [
						{
							"origin": [-0.47009, 42.69944, -7.72607],
							"size": [21.44215, 28.85161, 25.35594],
							"uv": {
								"north": {"uv": [16, 18], "uv_size": [13, 8.5]},
								"east": {"uv": [37, 49], "uv_size": [7.5, 8.5]},
								"south": {"uv": [0, 20], "uv_size": [13, 8.5]},
								"west": {"uv": [45, 49], "uv_size": [7.5, 8.5]},
								"up": {"uv": [0, 29], "uv_size": [13, 7.5]},
								"down": {"uv": [29, 25.5], "uv_size": [13, -7.5]}
							}
						},
						{
							"origin": [-20.97206, 42.69944, -7.72607],
							"size": [21.44215, 28.85161, 25.35594],
							"uv": {
								"north": {"uv": [29, 18], "uv_size": [-13, 8.5]},
								"east": {"uv": [52.5, 49], "uv_size": [-7.5, 8.5]},
								"south": {"uv": [13, 20], "uv_size": [-13, 8.5]},
								"west": {"uv": [44.5, 49], "uv_size": [-7.5, 8.5]},
								"up": {"uv": [13, 29], "uv_size": [-13, 7.5]},
								"down": {"uv": [42, 25.5], "uv_size": [-13, -7.5]}
							}
						},
						{
							"origin": [-17.45953, 50.22584, -6.22079],
							"size": [35.42103, 24.33577, 22.34538],
							"uv": {
								"north": {"uv": [42, 16], "uv_size": [11, 7]},
								"east": {"uv": [59, 37], "uv_size": [6.5, 7]},
								"south": {"uv": [39, 42], "uv_size": [11, 7]},
								"west": {"uv": [60, 21], "uv_size": [6.5, 7]},
								"up": {"uv": [43, 0], "uv_size": [11, 6.5]},
								"down": {"uv": [43, 13.5], "uv_size": [11, -6.5]}
							}
						},
						{
							"origin": [2.10911, 40.84472, -12.24191],
							"size": [24.88407, 24.33577, 28.71594],
							"uv": {
								"north": {"uv": [24, 54], "uv_size": [8, 7]},
								"east": {"uv": [53, 44], "uv_size": [8.5, 7]},
								"south": {"uv": [0, 55], "uv_size": [8, 7]},
								"west": {"uv": [53, 51], "uv_size": [8.5, 7]},
								"up": {"uv": [8, 47], "uv_size": [8, 8.5]},
								"down": {"uv": [16, 55.5], "uv_size": [8, -8.5]}
							}
						},
						{
							"origin": [-26.99318, 40.84472, -12.24191],
							"size": [24.88407, 24.33577, 28.71594],
							"uv": {
								"north": {"uv": [32, 54], "uv_size": [-8, 7]},
								"east": {"uv": [61.5, 51], "uv_size": [-8.5, 7]},
								"south": {"uv": [8, 55], "uv_size": [-8, 7]},
								"west": {"uv": [61.5, 44], "uv_size": [-8.5, 7]},
								"up": {"uv": [16, 47], "uv_size": [-8, 8.5]},
								"down": {"uv": [24, 55.5], "uv_size": [-8, -8.5]}
							}
						},
						{
							"origin": [-4.25873, 42.69944, -3.89234],
							"size": [8.92911, 39.89815, 13.43993],
							"uv": {
								"north": {"uv": [28, 61], "uv_size": [3.5, 12]},
								"east": {"uv": [17, 56], "uv_size": [4, 12]},
								"south": {"uv": [0, 62], "uv_size": [3.5, 12]},
								"west": {"uv": [59, 58], "uv_size": [4, 12]},
								"up": {"uv": [90, 36], "uv_size": [3.5, 4]},
								"down": {"uv": [48, 94], "uv_size": [3.5, -4]}
							}
						},
						{
							"origin": [-10.97873, 42.69944, 2.82766],
							"size": [22.36911, 36.53815, 10.07993],
							"uv": {
								"north": {"uv": [13, 36], "uv_size": [7.5, 11]},
								"east": {"uv": [11, 63], "uv_size": [3, 11]},
								"south": {"uv": [21, 36], "uv_size": [7.5, 11]},
								"west": {"uv": [14, 63], "uv_size": [3, 11]},
								"up": {"uv": [10, 81], "uv_size": [7.5, 3]},
								"down": {"uv": [81, 55], "uv_size": [7.5, -3]}
							}
						},
						{
							"origin": [0.34851, 36.86043, -7.7716],
							"size": [20.62429, 6.77326, 28.80699],
							"uv": {
								"north": {"uv": [67, 33], "uv_size": [13, 2]},
								"east": {"uv": [32, 16], "uv_size": [8.5, 2]},
								"south": {"uv": [74, 16], "uv_size": [13, 2]},
								"west": {"uv": [43, 14], "uv_size": [8.5, 2]},
								"up": {"uv": [13, 27], "uv_size": [13, 8.5]},
								"down": {"uv": [26, 35.5], "uv_size": [13, -8.5]}
							}
						},
						{
							"origin": [-20.9728, 36.86043, -7.7716],
							"size": [20.62429, 6.77326, 28.80699],
							"uv": {
								"north": {"uv": [80, 33], "uv_size": [-13, 2]},
								"east": {"uv": [51.5, 14], "uv_size": [-8.5, 2]},
								"south": {"uv": [87, 16], "uv_size": [-13, 2]},
								"west": {"uv": [40.5, 16], "uv_size": [-8.5, 2]},
								"up": {"uv": [26, 27], "uv_size": [-13, 8.5]},
								"down": {"uv": [39, 35.5], "uv_size": [-13, -8.5]}
							}
						},
						{
							"origin": [-0.16733, 41.37627, -10.78216],
							"size": [25.65597, 27.84718, 31.46811],
							"uv": {
								"north": {"uv": [16, 0], "uv_size": [15.5, 8.5]},
								"east": {"uv": [29, 36], "uv_size": [9.5, 8.5]},
								"south": {"uv": [16, 9], "uv_size": [15.5, 8.5]},
								"west": {"uv": [0, 37], "uv_size": [9.5, 8.5]},
								"up": {"uv": [0, 0], "uv_size": [15.5, 9.5]},
								"down": {"uv": [0, 19.5], "uv_size": [15.5, -9.5]}
							}
						},
						{
							"origin": [-25.48864, 41.37627, -10.78216],
							"size": [25.65597, 27.84718, 31.46811],
							"uv": {
								"north": {"uv": [31.5, 0], "uv_size": [-15.5, 8.5]},
								"east": {"uv": [9.5, 37], "uv_size": [-9.5, 8.5]},
								"south": {"uv": [31.5, 9], "uv_size": [-15.5, 8.5]},
								"west": {"uv": [38.5, 36], "uv_size": [-9.5, 8.5]},
								"up": {"uv": [15.5, 0], "uv_size": [-15.5, 9.5]},
								"down": {"uv": [15.5, 19.5], "uv_size": [-15.5, -9.5]}
							}
						},
						{
							"origin": [-16.22671, 32.48117, -6.31185],
							"size": [32.77472, 11.15251, 25.88749],
							"uv": {
								"north": {"uv": [32, 65], "uv_size": [10.5, 3.5]},
								"east": {"uv": [74, 12], "uv_size": [7.5, 3.5]},
								"south": {"uv": [43, 65], "uv_size": [10.5, 3.5]},
								"west": {"uv": [74, 48], "uv_size": [7.5, 3.5]},
								"up": {"uv": [39, 26], "uv_size": [10.5, 7.5]},
								"down": {"uv": [39, 41.5], "uv_size": [10.5, -7.5]}
							}
						}
					]
				},
				{
					"name": "head",
					"parent": "Corpo_up",
					"pivot": [0.16068, 81.98193, 2.3717],
					"rotation": [7.5, 0, 0],
					"cubes": [
						{
							"origin": [-0.43016, 84.04462, -12.08031],
							"size": [7.18168, 18.30051, 18.58403],
							"uv": {
								"north": {"uv": [10, 84], "uv_size": [4, 5.5]},
								"east": {"uv": [52, 72], "uv_size": [5.5, 5.5]},
								"south": {"uv": [84, 10], "uv_size": [4, 5.5]},
								"west": {"uv": [73, 18], "uv_size": [5.5, 5.5]},
								"up": {"uv": [14, 84], "uv_size": [4, 5.5]},
								"down": {"uv": [50, 89.5], "uv_size": [4, -5.5]}
							}
						},
						{
							"origin": [-0.43016, 102.04462, -12.08031],
							"size": [7.18168, 23.30051, 0],
							"uv": {
								"north": {"uv": [0, 115.5], "uv_size": [13, 12.5]},
								"east": {"uv": [0, 115.5], "uv_size": [13, 12.5]},
								"south": {"uv": [0, 115.5], "uv_size": [13, 12.5]},
								"west": {"uv": [0, 115.5], "uv_size": [13, 12.5]},
								"up": {"uv": [13, 128], "uv_size": [-13, -12.5]},
								"down": {"uv": [13, 128], "uv_size": [-13, -12.5]}
							}
						},
						{
							"origin": [-7.43016, 102.04462, -6.08031],
							"size": [15.18168, 23.30051, 0],
							"pivot": [3.16068, 113.69488, -6.08031],
							"rotation": [-20, 0, 0],
							"uv": {
								"north": {"uv": [0, 115.5], "uv_size": [13, 12.5]},
								"east": {"uv": [0, 115.5], "uv_size": [13, 12.5]},
								"south": {"uv": [0, 115.5], "uv_size": [13, 12.5]},
								"west": {"uv": [0, 115.5], "uv_size": [13, 12.5]},
								"up": {"uv": [13, 128], "uv_size": [-13, -12.5]},
								"down": {"uv": [13, 128], "uv_size": [-13, -12.5]}
							}
						},
						{
							"origin": [-7.43016, 102.04462, -0.08031],
							"size": [15.18168, 23.30051, 0],
							"pivot": [3.16068, 113.69488, -6.08031],
							"rotation": [-32.5, 0, 0],
							"uv": {
								"north": {"uv": [0, 115.5], "uv_size": [13, 12.5]},
								"east": {"uv": [0, 115.5], "uv_size": [13, 12.5]},
								"south": {"uv": [0, 115.5], "uv_size": [13, 12.5]},
								"west": {"uv": [0, 115.5], "uv_size": [13, 12.5]},
								"up": {"uv": [13, 128], "uv_size": [-13, -12.5]},
								"down": {"uv": [13, 128], "uv_size": [-13, -12.5]}
							}
						},
						{
							"origin": [-7.43016, 103.04462, 5.91969],
							"size": [15.18168, 23.30051, 0],
							"pivot": [3.16068, 113.69488, -6.08031],
							"rotation": [-12.5, 0, 0],
							"uv": {
								"north": {"uv": [0, 115.5], "uv_size": [13, 12.5]},
								"east": {"uv": [0, 115.5], "uv_size": [13, 12.5]},
								"south": {"uv": [0, 115.5], "uv_size": [13, 12.5]},
								"west": {"uv": [0, 115.5], "uv_size": [13, 12.5]},
								"up": {"uv": [13, 128], "uv_size": [-13, -12.5]},
								"down": {"uv": [13, 128], "uv_size": [-13, -12.5]}
							}
						},
						{
							"origin": [-7.43016, 97.04462, 10.91969],
							"size": [15.18168, 23.30051, 0],
							"pivot": [3.16068, 113.69488, -6.08031],
							"rotation": [-12.5, 0, 0],
							"uv": {
								"north": {"uv": [0, 115.5], "uv_size": [13, 12.5]},
								"east": {"uv": [0, 115.5], "uv_size": [13, 12.5]},
								"south": {"uv": [0, 115.5], "uv_size": [13, 12.5]},
								"west": {"uv": [0, 115.5], "uv_size": [13, 12.5]},
								"up": {"uv": [13, 128], "uv_size": [-13, -12.5]},
								"down": {"uv": [13, 128], "uv_size": [-13, -12.5]}
							}
						},
						{
							"origin": [-7.43016, 85.04462, 14.91969],
							"size": [15.18168, 23.30051, 0],
							"pivot": [3.16068, 113.69488, -6.08031],
							"rotation": [-12.5, 0, 0],
							"uv": {
								"north": {"uv": [0, 115.5], "uv_size": [13, 12.5]},
								"east": {"uv": [0, 115.5], "uv_size": [13, 12.5]},
								"south": {"uv": [0, 115.5], "uv_size": [13, 12.5]},
								"west": {"uv": [0, 115.5], "uv_size": [13, 12.5]},
								"up": {"uv": [13, 128], "uv_size": [-13, -12.5]},
								"down": {"uv": [13, 128], "uv_size": [-13, -12.5]}
							}
						},
						{
							"origin": [-12.88739, 99.15208, -4.13311],
							"size": [15.18168, 23.30051, 0],
							"pivot": [-5.29655, 110.80233, -7.13311],
							"rotation": [-28.88172, -6.71771, -18.88172],
							"uv": {
								"north": {"uv": [0, 115.5], "uv_size": [13, 12.5]},
								"east": {"uv": [0, 115.5], "uv_size": [13, 12.5]},
								"south": {"uv": [0, 115.5], "uv_size": [13, 12.5]},
								"west": {"uv": [0, 115.5], "uv_size": [13, 12.5]},
								"up": {"uv": [13, 128], "uv_size": [-13, -12.5]},
								"down": {"uv": [13, 128], "uv_size": [-13, -12.5]}
							}
						},
						{
							"origin": [-12.88739, 99.15208, 6.86689],
							"size": [15.18168, 23.30051, 0],
							"pivot": [-5.29655, 110.80233, -7.13311],
							"rotation": [-28.88172, -6.71771, -18.88172],
							"uv": {
								"north": {"uv": [0, 115.5], "uv_size": [13, 12.5]},
								"east": {"uv": [0, 115.5], "uv_size": [13, 12.5]},
								"south": {"uv": [0, 115.5], "uv_size": [13, 12.5]},
								"west": {"uv": [0, 115.5], "uv_size": [13, 12.5]},
								"up": {"uv": [13, 128], "uv_size": [-13, -12.5]},
								"down": {"uv": [13, 128], "uv_size": [-13, -12.5]}
							}
						},
						{
							"origin": [-2.29429, 99.15208, 6.86689],
							"size": [15.18168, 23.30051, 0],
							"pivot": [5.29655, 110.80233, -7.13311],
							"rotation": [-28.88172, 6.71771, 18.88172],
							"uv": {
								"north": {"uv": [13, 115.5], "uv_size": [-13, 12.5]},
								"east": {"uv": [13, 115.5], "uv_size": [-13, 12.5]},
								"south": {"uv": [13, 115.5], "uv_size": [-13, 12.5]},
								"west": {"uv": [13, 115.5], "uv_size": [-13, 12.5]},
								"up": {"uv": [0, 128], "uv_size": [13, -12.5]},
								"down": {"uv": [0, 128], "uv_size": [13, -12.5]}
							}
						},
						{
							"origin": [2.70571, 91.15208, 15.86689],
							"size": [15.18168, 23.30051, 0],
							"pivot": [5.29655, 110.80233, -7.13311],
							"rotation": [-28.88172, 6.71771, 18.88172],
							"uv": {
								"north": {"uv": [13, 115.5], "uv_size": [-13, 12.5]},
								"east": {"uv": [13, 115.5], "uv_size": [-13, 12.5]},
								"south": {"uv": [13, 115.5], "uv_size": [-13, 12.5]},
								"west": {"uv": [13, 115.5], "uv_size": [-13, 12.5]},
								"up": {"uv": [0, 128], "uv_size": [13, -12.5]},
								"down": {"uv": [0, 128], "uv_size": [13, -12.5]}
							}
						},
						{
							"origin": [-17.88739, 91.15208, 15.86689],
							"size": [15.18168, 23.30051, 0],
							"pivot": [-5.29655, 110.80233, -7.13311],
							"rotation": [-28.88172, -6.71771, -18.88172],
							"uv": {
								"north": {"uv": [0, 115.5], "uv_size": [13, 12.5]},
								"east": {"uv": [0, 115.5], "uv_size": [13, 12.5]},
								"south": {"uv": [0, 115.5], "uv_size": [13, 12.5]},
								"west": {"uv": [0, 115.5], "uv_size": [13, 12.5]},
								"up": {"uv": [13, 128], "uv_size": [-13, -12.5]},
								"down": {"uv": [13, 128], "uv_size": [-13, -12.5]}
							}
						},
						{
							"origin": [-2.29429, 99.15208, -4.13311],
							"size": [15.18168, 23.30051, 0],
							"pivot": [5.29655, 110.80233, -7.13311],
							"rotation": [-28.88172, 6.71771, 18.88172],
							"uv": {
								"north": {"uv": [13, 115.5], "uv_size": [-13, 12.5]},
								"east": {"uv": [13, 115.5], "uv_size": [-13, 12.5]},
								"south": {"uv": [13, 115.5], "uv_size": [-13, 12.5]},
								"west": {"uv": [13, 115.5], "uv_size": [-13, 12.5]},
								"up": {"uv": [0, 128], "uv_size": [13, -12.5]},
								"down": {"uv": [0, 128], "uv_size": [13, -12.5]}
							}
						},
						{
							"origin": [-6.75153, 102.04462, -12.08031],
							"size": [7.18168, 23.30051, 0],
							"uv": {
								"north": {"uv": [13, 115.5], "uv_size": [-13, 12.5]},
								"east": {"uv": [13, 115.5], "uv_size": [-13, 12.5]},
								"south": {"uv": [13, 115.5], "uv_size": [-13, 12.5]},
								"west": {"uv": [13, 115.5], "uv_size": [-13, 12.5]},
								"up": {"uv": [0, 128], "uv_size": [13, -12.5]},
								"down": {"uv": [0, 128], "uv_size": [13, -12.5]}
							}
						},
						{
							"origin": [-0.78071, 85.58428, -10.72969],
							"size": [8.88282, 15.78837, 18.40611],
							"uv": {
								"north": {"uv": [85, 18], "uv_size": [4.5, 4.5]},
								"east": {"uv": [55, 78], "uv_size": [5.5, 4.5]},
								"south": {"uv": [85, 38], "uv_size": [4.5, 4.5]},
								"west": {"uv": [78, 74], "uv_size": [5.5, 4.5]},
								"up": {"uv": [79, 0], "uv_size": [4.5, 5.5]},
								"down": {"uv": [79, 11.5], "uv_size": [4.5, -5.5]}
							}
						},
						{
							"origin": [-0.78071, 79.44152, -9.28462],
							"size": [8.88282, 6.14275, 16.96104],
							"uv": {
								"north": {"uv": [91, 87], "uv_size": [4.5, 2]},
								"east": {"uv": [53, 21], "uv_size": [5, 2]},
								"south": {"uv": [93, 18], "uv_size": [4.5, 2]},
								"west": {"uv": [60, 35], "uv_size": [5, 2]},
								"up": {"uv": [84, 0], "uv_size": [4.5, 5]},
								"down": {"uv": [84, 10], "uv_size": [4.5, -5]}
							}
						},
						{
							"origin": [-2.13126, 86.85325, -9.3791],
							"size": [11.58403, 11.8311, 15.70498],
							"uv": {
								"north": {"uv": [42, 87], "uv_size": [5.5, 3.5]},
								"east": {"uv": [89, 6], "uv_size": [4.5, 3.5]},
								"south": {"uv": [87, 46], "uv_size": [5.5, 3.5]},
								"west": {"uv": [89, 50], "uv_size": [4.5, 3.5]},
								"up": {"uv": [79, 18], "uv_size": [5.5, 4.5]},
								"down": {"uv": [79, 45.5], "uv_size": [5.5, -4.5]}
							}
						},
						{
							"origin": [-0.77126, 98.12121, -9.3791],
							"size": [6.86403, 5.1111, 15.70498],
							"uv": {
								"north": {"uv": [26, 95], "uv_size": [3.5, 1.5]},
								"east": {"uv": [94, 41], "uv_size": [4.5, 1.5]},
								"south": {"uv": [95, 26], "uv_size": [3.5, 1.5]},
								"west": {"uv": [95, 3], "uv_size": [4.5, 1.5]},
								"up": {"uv": [89, 72], "uv_size": [3.5, 4.5]},
								"down": {"uv": [80, 93.5], "uv_size": [3.5, -4.5]}
							}
						},
						{
							"origin": [0.18177, 78.6073, -10.63524],
							"size": [5.12469, 6.12521, 12.5535],
							"uv": {
								"north": {"uv": [76, 64], "uv_size": [3, 2]},
								"east": {"uv": [59, 70], "uv_size": [3.5, 2]},
								"south": {"uv": [79, 46], "uv_size": [3, 2]},
								"west": {"uv": [28, 73], "uv_size": [3.5, 2]},
								"up": {"uv": [94, 5], "uv_size": [3, 3.5]},
								"down": {"uv": [94, 36.5], "uv_size": [3, -3.5]}
							}
						}
					]
				},
				{
					"name": "head3",
					"parent": "head",
					"pivot": [-3.17462, 91.23943, -2.18424],
					"rotation": [2.5, 0, 0],
					"cubes": [
						{
							"origin": [-6.75153, 84.5671, -12.17609],
							"size": [7.18168, 18.30051, 18.58403],
							"uv": {
								"north": {"uv": [14, 84], "uv_size": [-4, 5.5]},
								"east": {"uv": [78.5, 18], "uv_size": [-5.5, 5.5]},
								"south": {"uv": [88, 10], "uv_size": [-4, 5.5]},
								"west": {"uv": [57.5, 72], "uv_size": [-5.5, 5.5]},
								"up": {"uv": [18, 84], "uv_size": [-4, 5.5]},
								"down": {"uv": [54, 89.5], "uv_size": [-4, -5.5]}
							}
						},
						{
							"origin": [-8.10211, 86.10675, -10.82547],
							"size": [8.88282, 15.78837, 18.40611],
							"uv": {
								"north": {"uv": [89.5, 18], "uv_size": [-4.5, 4.5]},
								"east": {"uv": [83.5, 74], "uv_size": [-5.5, 4.5]},
								"south": {"uv": [89.5, 38], "uv_size": [-4.5, 4.5]},
								"west": {"uv": [60.5, 78], "uv_size": [-5.5, 4.5]},
								"up": {"uv": [83.5, 0], "uv_size": [-4.5, 5.5]},
								"down": {"uv": [83.5, 11.5], "uv_size": [-4.5, -5.5]}
							}
						},
						{
							"origin": [-8.10211, 79.964, -9.3804],
							"size": [8.88282, 6.14275, 16.96104],
							"uv": {
								"north": {"uv": [95.5, 87], "uv_size": [-4.5, 2]},
								"east": {"uv": [65, 35], "uv_size": [-5, 2]},
								"south": {"uv": [97.5, 18], "uv_size": [-4.5, 2]},
								"west": {"uv": [58, 21], "uv_size": [-5, 2]},
								"up": {"uv": [88.5, 0], "uv_size": [-4.5, 5]},
								"down": {"uv": [88.5, 10], "uv_size": [-4.5, -5]}
							}
						},
						{
							"origin": [-9.45276, 87.37573, -9.47488],
							"size": [11.58403, 11.8311, 15.70498],
							"uv": {
								"north": {"uv": [47.5, 87], "uv_size": [-5.5, 3.5]},
								"east": {"uv": [93.5, 50], "uv_size": [-4.5, 3.5]},
								"south": {"uv": [92.5, 46], "uv_size": [-5.5, 3.5]},
								"west": {"uv": [93.5, 6], "uv_size": [-4.5, 3.5]},
								"up": {"uv": [84.5, 18], "uv_size": [-5.5, 4.5]},
								"down": {"uv": [84.5, 45.5], "uv_size": [-5.5, -4.5]}
							}
						},
						{
							"origin": [-6.09276, 98.64369, -9.47488],
							"size": [6.86403, 5.1111, 15.70498],
							"uv": {
								"north": {"uv": [29.5, 95], "uv_size": [-3.5, 1.5]},
								"east": {"uv": [99.5, 3], "uv_size": [-4.5, 1.5]},
								"south": {"uv": [98.5, 26], "uv_size": [-3.5, 1.5]},
								"west": {"uv": [98.5, 41], "uv_size": [-4.5, 1.5]},
								"up": {"uv": [92.5, 72], "uv_size": [-3.5, 4.5]},
								"down": {"uv": [83.5, 93.5], "uv_size": [-3.5, -4.5]}
							}
						},
						{
							"origin": [-5.30646, 79.12978, -10.73102],
							"size": [6.12469, 6.12521, 12.5535],
							"uv": {
								"north": {"uv": [79, 64], "uv_size": [-3, 2]},
								"east": {"uv": [31.5, 73], "uv_size": [-3.5, 2]},
								"south": {"uv": [82, 46], "uv_size": [-3, 2]},
								"west": {"uv": [62.5, 70], "uv_size": [-3.5, 2]},
								"up": {"uv": [97, 5], "uv_size": [-3, 3.5]},
								"down": {"uv": [97, 36.5], "uv_size": [-3, -3.5]}
							}
						}
					]
				},
				{
					"name": "leftBraco",
					"parent": "Corpo_up",
					"pivot": [25.92632, 59.59744, 3.7757],
					"rotation": [-8.53396, -0.75123, -11.13772],
					"cubes": [
						{
							"origin": [26.70029, 45.26795, -7.5409],
							"size": [17.63029, 21.95696, 20.59532],
							"uv": {
								"north": {"uv": [29, 47], "uv_size": [-5, 6.5]},
								"east": {"uv": [68, 7], "uv_size": [-6, 6.5]},
								"south": {"uv": [59, 65], "uv_size": [-5, 6.5]},
								"west": {"uv": [68, 0], "uv_size": [-6, 6.5]},
								"up": {"uv": [63, 72], "uv_size": [-5, 6]},
								"down": {"uv": [78, 30], "uv_size": [-5, -6]}
							}
						},
						{
							"origin": [27.8389, 31.73434, -4.89701],
							"size": [15.35305, 21.8273, 15.30752],
							"uv": {
								"north": {"uv": [14.5, 74], "uv_size": [-4.5, 6.5]},
								"east": {"uv": [4.5, 75], "uv_size": [-4.5, 6.5]},
								"south": {"uv": [78.5, 41], "uv_size": [-4.5, 6.5]},
								"west": {"uv": [19.5, 74], "uv_size": [-4.5, 6.5]},
								"up": {"uv": [88.5, 60], "uv_size": [-4.5, 4.5]},
								"down": {"uv": [88.5, 69.5], "uv_size": [-4.5, -4.5]}
							}
						},
						{
							"origin": [26.37914, 29.43912, -7.81652],
							"size": [10.5333, 18.86223, 15.12541],
							"pivot": [32.9094, 52.74388, -1.60946],
							"rotation": [0, 0, -5],
							"uv": {
								"north": {"uv": [76, 87], "uv_size": [-3, 5.5]},
								"east": {"uv": [44.5, 76], "uv_size": [-4.5, 5.5]},
								"south": {"uv": [92, 0], "uv_size": [-3, 5.5]},
								"west": {"uv": [39.5, 76], "uv_size": [-4.5, 5.5]},
								"up": {"uv": [79, 91], "uv_size": [-3, 4.5]},
								"down": {"uv": [94, 81.5], "uv_size": [-3, -4.5]}
							}
						},
						{
							"origin": [25.56172, 48.31711, -6.40229],
							"size": [19.9075, 17.76916, 18.31808],
							"uv": {
								"north": {"uv": [73, 21], "uv_size": [-6, 5.5]},
								"east": {"uv": [74.5, 69], "uv_size": [-5.5, 5.5]},
								"south": {"uv": [73, 27], "uv_size": [-6, 5.5]},
								"west": {"uv": [68.5, 69], "uv_size": [-5.5, 5.5]},
								"up": {"uv": [74, 0], "uv_size": [-6, 5.5]},
								"down": {"uv": [74, 11.5], "uv_size": [-6, -5.5]}
							}
						},
						{
							"origin": [30.34105, 48.71188, -5.82716],
							"size": [17.5186, 15.63687, 16.1199],
							"uv": {
								"north": {"uv": [35, 81], "uv_size": [-5, 4.5]},
								"east": {"uv": [10, 82], "uv_size": [-5, 4.5]},
								"south": {"uv": [5, 82], "uv_size": [-5, 4.5]},
								"west": {"uv": [86, 55], "uv_size": [-5, 4.5]},
								"up": {"uv": [73, 75], "uv_size": [-5, 5]},
								"down": {"uv": [80, 74], "uv_size": [-5, -5]}
							}
						},
						{
							"origin": [29.94098, 52.74187, -4.89701],
							"size": [12.60874, 16.26388, 15.30752],
							"uv": {
								"north": {"uv": [32, 86], "uv_size": [-4, 5]},
								"east": {"uv": [27.5, 82], "uv_size": [-4.5, 5]},
								"south": {"uv": [90, 55], "uv_size": [-4, 5]},
								"west": {"uv": [22.5, 82], "uv_size": [-4.5, 5]},
								"up": {"uv": [69, 87], "uv_size": [-4, 4.5]},
								"down": {"uv": [73, 91.5], "uv_size": [-4, -4.5]}
							}
						},
						{
							"origin": [27.8389, 47.54515, -8.6795],
							"size": [15.35305, 18.54108, 22.87253],
							"uv": {
								"north": {"uv": [49.5, 76], "uv_size": [-4.5, 5.5]},
								"east": {"uv": [11, 63], "uv_size": [-7, 5.5]},
								"south": {"uv": [80.5, 52], "uv_size": [-4.5, 5.5]},
								"west": {"uv": [69, 51], "uv_size": [-7, 5.5]},
								"up": {"uv": [41.5, 69], "uv_size": [-4.5, 7]},
								"down": {"uv": [46.5, 76], "uv_size": [-4.5, -7]}
							}
						}
					]
				},
				{
					"name": "leftBraco_down",
					"parent": "leftBraco",
					"pivot": [35.95331, 35.11394, -0.81939],
					"rotation": [-5, 0, 7.5],
					"cubes": [
						{
							"origin": [32.57414, -2.45144, -5.51013],
							"size": [10.55947, 21.61199, 12.01922],
							"uv": {
								"north": {"uv": [16, 20], "uv_size": [-3, 6.5]},
								"east": {"uv": [83.5, 64], "uv_size": [-3.5, 6.5]},
								"south": {"uv": [13, 37], "uv_size": [-3, 6.5]},
								"west": {"uv": [81.5, 79], "uv_size": [-3.5, 6.5]},
								"up": {"uv": [36, 92], "uv_size": [-3, 3.5]},
								"down": {"uv": [95, 61.5], "uv_size": [-3, -3.5]}
							}
						},
						{
							"origin": [31.11439, 17.98508, -6.96988],
							"size": [13.47898, 17.50594, 14.93873],
							"pivot": [43.34792, 2.69856, 0.4995],
							"rotation": [0, 0, -2.5],
							"uv": {
								"north": {"uv": [80, 86], "uv_size": [-4, 5]},
								"east": {"uv": [39.5, 82], "uv_size": [-4.5, 5]},
								"south": {"uv": [4, 87], "uv_size": [-4, 5]},
								"west": {"uv": [86.5, 33], "uv_size": [-4.5, 5]},
								"up": {"uv": [91, 79], "uv_size": [-4, 4.5]},
								"down": {"uv": [91, 88.5], "uv_size": [-4, -4.5]}
							}
						},
						{
							"origin": [31.26042, 7.6208, -6.82385],
							"size": [9.24571, 17.52475, 8.07791],
							"uv": {
								"north": {"uv": [53, 44], "uv_size": [-3, 5]},
								"east": {"uv": [5.5, 92], "uv_size": [-2.5, 5]},
								"south": {"uv": [24, 56], "uv_size": [-3, 5]},
								"west": {"uv": [94.5, 0], "uv_size": [-2.5, 5]},
								"up": {"uv": [13, 44], "uv_size": [-3, 2.5]},
								"down": {"uv": [85, 40.5], "uv_size": [-3, -2.5]}
							}
						},
						{
							"origin": [31.26042, 7.6208, -0.25499],
							"size": [9.24571, 16.065, 8.07791],
							"uv": {
								"north": {"uv": [87, 89], "uv_size": [-3, 5]},
								"east": {"uv": [19.5, 92], "uv_size": [-2.5, 5]},
								"south": {"uv": [90, 89], "uv_size": [-3, 5]},
								"west": {"uv": [94.5, 10], "uv_size": [-2.5, 5]},
								"up": {"uv": [82, 94], "uv_size": [-3, 2.5]},
								"down": {"uv": [97, 83.5], "uv_size": [-3, -2.5]}
							}
						},
						{
							"origin": [29.94662, 20.54833, 1.05877],
							"size": [9.24571, 12.26961, 8.07791],
							"uv": {
								"north": {"uv": [95, 62], "uv_size": [-3, 3.5]},
								"east": {"uv": [96.5, 37], "uv_size": [-2.5, 3.5]},
								"south": {"uv": [67, 92], "uv_size": [-3, 3.5]},
								"west": {"uv": [38.5, 94], "uv_size": [-2.5, 3.5]},
								"up": {"uv": [85, 94], "uv_size": [-3, 2.5]},
								"down": {"uv": [97, 86.5], "uv_size": [-3, -2.5]}
							}
						},
						{
							"origin": [29.94662, 20.54833, -8.13761],
							"size": [9.24571, 12.26961, 8.07791],
							"uv": {
								"north": {"uv": [95, 66], "uv_size": [-3, 3.5]},
								"east": {"uv": [48.5, 94], "uv_size": [-2.5, 3.5]},
								"south": {"uv": [70, 92], "uv_size": [-3, 3.5]},
								"west": {"uv": [41.5, 94], "uv_size": [-2.5, 3.5]},
								"up": {"uv": [88, 94], "uv_size": [-3, 2.5]},
								"down": {"uv": [97, 91.5], "uv_size": [-3, -2.5]}
							}
						}
					]
				},
				{
					"name": "leftHand",
					"parent": "leftBraco_down",
					"pivot": [37.60134, 90.15279, 1.45167],
					"rotation": [0, -22.5, 0],
					"cubes": [
						{
							"origin": [32.77705, -13.14071, -5.43658],
							"size": [11.28748, 10.72875, 12.74724],
							"pivot": [36.48465, -2.92816, 1.18592],
							"rotation": [0, 35, 0],
							"uv": {
								"north": {"uv": [96.5, 15], "uv_size": [-3.5, 3]},
								"east": {"uv": [94, 40], "uv_size": [-4, 3]},
								"south": {"uv": [96.5, 46], "uv_size": [-3.5, 3]},
								"west": {"uv": [72, 18], "uv_size": [-4, 3]},
								"up": {"uv": [93.5, 54], "uv_size": [-3.5, 4]},
								"down": {"uv": [93.5, 93], "uv_size": [-3.5, -4]}
							}
						}
					]
				},
				{
					"name": "rightBraco",
					"parent": "Corpo_up",
					"pivot": [-27.92632, 59.59744, 3.7757],
					"rotation": [-8.53396, 0.75123, 11.13772],
					"cubes": [
						{
							"origin": [-46.33058, 45.26795, -7.5409],
							"size": [17.63029, 21.95696, 20.59532],
							"uv": {
								"north": {"uv": [24, 47], "uv_size": [5, 6.5]},
								"east": {"uv": [62, 0], "uv_size": [6, 6.5]},
								"south": {"uv": [54, 65], "uv_size": [5, 6.5]},
								"west": {"uv": [62, 7], "uv_size": [6, 6.5]},
								"up": {"uv": [58, 72], "uv_size": [5, 6]},
								"down": {"uv": [73, 30], "uv_size": [5, -6]}
							}
						},
						{
							"origin": [-45.19194, 31.73434, -4.89701],
							"size": [15.35305, 21.8273, 15.30752],
							"uv": {
								"north": {"uv": [10, 74], "uv_size": [4.5, 6.5]},
								"east": {"uv": [15, 74], "uv_size": [4.5, 6.5]},
								"south": {"uv": [74, 41], "uv_size": [4.5, 6.5]},
								"west": {"uv": [0, 75], "uv_size": [4.5, 6.5]},
								"up": {"uv": [84, 60], "uv_size": [4.5, 4.5]},
								"down": {"uv": [84, 69.5], "uv_size": [4.5, -4.5]}
							}
						},
						{
							"origin": [-38.91244, 29.43912, -7.81652],
							"size": [10.5333, 18.86223, 15.12541],
							"pivot": [-34.9094, 52.74388, -1.60946],
							"rotation": [0, 0, 5],
							"uv": {
								"north": {"uv": [73, 87], "uv_size": [3, 5.5]},
								"east": {"uv": [35, 76], "uv_size": [4.5, 5.5]},
								"south": {"uv": [89, 0], "uv_size": [3, 5.5]},
								"west": {"uv": [40, 76], "uv_size": [4.5, 5.5]},
								"up": {"uv": [76, 91], "uv_size": [3, 4.5]},
								"down": {"uv": [91, 81.5], "uv_size": [3, -4.5]}
							}
						},
						{
							"origin": [-47.46922, 48.31711, -6.40229],
							"size": [19.9075, 17.76916, 18.31808],
							"uv": {
								"north": {"uv": [67, 21], "uv_size": [6, 5.5]},
								"east": {"uv": [63, 69], "uv_size": [5.5, 5.5]},
								"south": {"uv": [67, 27], "uv_size": [6, 5.5]},
								"west": {"uv": [69, 69], "uv_size": [5.5, 5.5]},
								"up": {"uv": [68, 0], "uv_size": [6, 5.5]},
								"down": {"uv": [68, 11.5], "uv_size": [6, -5.5]}
							}
						},
						{
							"origin": [-49.85966, 48.71188, -5.82716],
							"size": [17.5186, 15.63687, 16.1199],
							"uv": {
								"north": {"uv": [30, 81], "uv_size": [5, 4.5]},
								"east": {"uv": [81, 55], "uv_size": [5, 4.5]},
								"south": {"uv": [0, 82], "uv_size": [5, 4.5]},
								"west": {"uv": [5, 82], "uv_size": [5, 4.5]},
								"up": {"uv": [68, 75], "uv_size": [5, 5]},
								"down": {"uv": [75, 74], "uv_size": [5, -5]}
							}
						},
						{
							"origin": [-44.54971, 52.74187, -4.89701],
							"size": [12.60874, 16.26388, 15.30752],
							"uv": {
								"north": {"uv": [28, 86], "uv_size": [4, 5]},
								"east": {"uv": [18, 82], "uv_size": [4.5, 5]},
								"south": {"uv": [86, 55], "uv_size": [4, 5]},
								"west": {"uv": [23, 82], "uv_size": [4.5, 5]},
								"up": {"uv": [65, 87], "uv_size": [4, 4.5]},
								"down": {"uv": [69, 91.5], "uv_size": [4, -4.5]}
							}
						},
						{
							"origin": [-45.19194, 47.54515, -8.6795],
							"size": [15.35305, 18.54108, 22.87253],
							"uv": {
								"north": {"uv": [45, 76], "uv_size": [4.5, 5.5]},
								"east": {"uv": [62, 51], "uv_size": [7, 5.5]},
								"south": {"uv": [76, 52], "uv_size": [4.5, 5.5]},
								"west": {"uv": [4, 63], "uv_size": [7, 5.5]},
								"up": {"uv": [37, 69], "uv_size": [4.5, 7]},
								"down": {"uv": [42, 76], "uv_size": [4.5, -7]}
							}
						}
					]
				},
				{
					"name": "rightBraco_down",
					"parent": "rightBraco",
					"pivot": [-37.95331, 35.11394, -0.81939],
					"rotation": [-5, 0, -7.5],
					"cubes": [
						{
							"origin": [-45.13361, -2.45144, -5.51013],
							"size": [10.55947, 21.61199, 12.01922],
							"uv": {
								"north": {"uv": [13, 20], "uv_size": [3, 6.5]},
								"east": {"uv": [78, 79], "uv_size": [3.5, 6.5]},
								"south": {"uv": [10, 37], "uv_size": [3, 6.5]},
								"west": {"uv": [80, 64], "uv_size": [3.5, 6.5]},
								"up": {"uv": [33, 92], "uv_size": [3, 3.5]},
								"down": {"uv": [92, 61.5], "uv_size": [3, -3.5]}
							}
						},
						{
							"origin": [-46.59337, 17.98508, -6.96988],
							"size": [13.47898, 17.50594, 14.93873],
							"pivot": [-45.34792, 2.69856, 0.4995],
							"rotation": [0, 0, 2.5],
							"uv": {
								"north": {"uv": [76, 86], "uv_size": [4, 5]},
								"east": {"uv": [82, 33], "uv_size": [4.5, 5]},
								"south": {"uv": [0, 87], "uv_size": [4, 5]},
								"west": {"uv": [35, 82], "uv_size": [4.5, 5]},
								"up": {"uv": [87, 79], "uv_size": [4, 4.5]},
								"down": {"uv": [87, 88.5], "uv_size": [4, -4.5]}
							}
						},
						{
							"origin": [-42.50613, 7.6208, -6.82385],
							"size": [9.24571, 17.52475, 8.07791],
							"uv": {
								"north": {"uv": [50, 44], "uv_size": [3, 5]},
								"east": {"uv": [92, 0], "uv_size": [2.5, 5]},
								"south": {"uv": [21, 56], "uv_size": [3, 5]},
								"west": {"uv": [3, 92], "uv_size": [2.5, 5]},
								"up": {"uv": [10, 44], "uv_size": [3, 2.5]},
								"down": {"uv": [82, 40.5], "uv_size": [3, -2.5]}
							}
						},
						{
							"origin": [-42.50613, 7.6208, -0.25499],
							"size": [9.24571, 16.065, 8.07791],
							"uv": {
								"north": {"uv": [84, 89], "uv_size": [3, 5]},
								"east": {"uv": [92, 10], "uv_size": [2.5, 5]},
								"south": {"uv": [87, 89], "uv_size": [3, 5]},
								"west": {"uv": [17, 92], "uv_size": [2.5, 5]},
								"up": {"uv": [79, 94], "uv_size": [3, 2.5]},
								"down": {"uv": [94, 83.5], "uv_size": [3, -2.5]}
							}
						},
						{
							"origin": [-41.19233, 20.54833, 1.05877],
							"size": [9.24571, 12.26961, 8.07791],
							"uv": {
								"north": {"uv": [92, 62], "uv_size": [3, 3.5]},
								"east": {"uv": [36, 94], "uv_size": [2.5, 3.5]},
								"south": {"uv": [64, 92], "uv_size": [3, 3.5]},
								"west": {"uv": [94, 37], "uv_size": [2.5, 3.5]},
								"up": {"uv": [82, 94], "uv_size": [3, 2.5]},
								"down": {"uv": [94, 86.5], "uv_size": [3, -2.5]}
							}
						},
						{
							"origin": [-41.19233, 20.54833, -8.13761],
							"size": [9.24571, 12.26961, 8.07791],
							"uv": {
								"north": {"uv": [92, 66], "uv_size": [3, 3.5]},
								"east": {"uv": [39, 94], "uv_size": [2.5, 3.5]},
								"south": {"uv": [67, 92], "uv_size": [3, 3.5]},
								"west": {"uv": [46, 94], "uv_size": [2.5, 3.5]},
								"up": {"uv": [85, 94], "uv_size": [3, 2.5]},
								"down": {"uv": [94, 91.5], "uv_size": [3, -2.5]}
							}
						}
					]
				},
				{
					"name": "rightHand",
					"parent": "rightBraco_down",
					"pivot": [-39.60134, 90.15279, 1.45167],
					"rotation": [0, 22.5, 0],
					"cubes": [
						{
							"origin": [-46.06454, -13.14071, -5.43658],
							"size": [11.28748, 10.72875, 12.74724],
							"pivot": [-38.48465, -2.92816, 1.18592],
							"rotation": [0, -35, 0],
							"uv": {
								"north": {"uv": [93, 15], "uv_size": [3.5, 3]},
								"east": {"uv": [68, 18], "uv_size": [4, 3]},
								"south": {"uv": [93, 46], "uv_size": [3.5, 3]},
								"west": {"uv": [90, 40], "uv_size": [4, 3]},
								"up": {"uv": [90, 54], "uv_size": [3.5, 4]},
								"down": {"uv": [90, 93], "uv_size": [3.5, -4]}
							}
						}
					]
				},
				{
					"name": "Asa",
					"parent": "Corpo_up",
					"pivot": [12.92065, 146.90538, 21.63812]
				},
				{
					"name": "Asa2",
					"parent": "Corpo_up",
					"pivot": [1.16068, 127.75197, 2.14085]
				},
				{
					"name": "body",
					"pivot": [0, 24, 0]
				},
				{
					"name": "bodyArmor",
					"parent": "body",
					"pivot": [0, 24, 0]
				},
				{
					"name": "belt",
					"parent": "body",
					"pivot": [0, 24, 0]
				},
				{
					"name": "rightArm",
					"parent": "body",
					"pivot": [-5, 22, 0]
				},
				{
					"name": "rightItem",
					"parent": "rightArm",
					"pivot": [-6, 15, 1]
				},
				{
					"name": "rightArmArmor",
					"parent": "rightArm",
					"pivot": [-5, 22, 0]
				},
				{
					"name": "rightLeg",
					"parent": "body",
					"pivot": [-1.9, 12, 0]
				},
				{
					"name": "rightLegging",
					"parent": "rightLeg",
					"pivot": [-1.9, 12, 0]
				},
				{
					"name": "rightBoot",
					"parent": "rightLeg",
					"pivot": [-1.9, 12, 0]
				},
				{
					"name": "rightSock",
					"parent": "rightLeg",
					"pivot": [-1.9, 12, 0]
				},
				{
					"name": "leftLeg",
					"parent": "body",
					"pivot": [1.9, 12, 0]
				},
				{
					"name": "leftLegging",
					"parent": "leftLeg",
					"pivot": [1.9, 12, 0]
				},
				{
					"name": "leftBoot",
					"parent": "leftLeg",
					"pivot": [1.9, 12, 0]
				},
				{
					"name": "leftSock",
					"parent": "leftLeg",
					"pivot": [1.9, 12, 0]
				},
				{
					"name": "leftArm",
					"parent": "body",
					"pivot": [5, 22, 0]
				},
				{
					"name": "leftItem",
					"parent": "leftArm",
					"pivot": [6, 15, 1]
				},
				{
					"name": "leftArmArmor",
					"parent": "leftArm",
					"pivot": [5, 22, 0]
				},
				{
					"name": "root0",
					"pivot": [0, 0, 0]
				},
				{
					"name": "root2",
					"parent": "root0",
					"pivot": [0, 10, 0]
				},
				{
					"name": "root1",
					"parent": "root2",
					"pivot": [0, 30, 0]
				},
				{
					"name": "Kroot",
					"parent": "root1",
					"pivot": [0, 20, 0]
				},
				{
					"name": "Kwaist",
					"parent": "Kroot",
					"pivot": [0, 12, 0]
				},
				{
					"name": "body0",
					"parent": "Kwaist",
					"pivot": [0, 24, 0]
				},
				{
					"name": "Kbody",
					"parent": "body0",
					"pivot": [0, 12, 0],
					"cubes": [
						{
							"origin": [-0.4, 38.2, -0.2],
							"size": [0.8, 1.2, 0.4],
							"uv": {
								"north": {"uv": [29, 26], "uv_size": [1, 1]},
								"east": {"uv": [37, 26], "uv_size": [0.5, 1]},
								"south": {"uv": [30, 26], "uv_size": [1, 1]},
								"west": {"uv": [38, 26], "uv_size": [0.5, 1]},
								"up": {"uv": [41, 16], "uv_size": [1, 0.5]},
								"down": {"uv": [41, 17.5], "uv_size": [1, -0.5]}
							}
						}
					]
				},
				{
					"name": "head2",
					"parent": "Kbody",
					"pivot": [0, 24, 0],
					"cubes": [
						{
							"origin": [-0.4, 39.4, -0.4],
							"size": [0.8, 0.8, 0.8],
							"uv": {
								"north": {"uv": [31, 26], "uv_size": [1, 1]},
								"east": {"uv": [32, 26], "uv_size": [1, 1]},
								"south": {"uv": [33, 26], "uv_size": [1, 1]},
								"west": {"uv": [34, 26], "uv_size": [1, 1]},
								"up": {"uv": [35, 26], "uv_size": [1, 1]},
								"down": {"uv": [36, 27], "uv_size": [1, -1]}
							}
						}
					]
				},
				{
					"name": "hat",
					"parent": "head2",
					"pivot": [0, 24, 0],
					"cubes": [
						{
							"origin": [0.05, 39.85, 0.05],
							"size": [-0.1, -0.1, -0.1],
							"inflate": 0.5,
							"uv": {
								"north": {"uv": [37, 46], "uv_size": [0.5, 0.5]},
								"east": {"uv": [38, 46], "uv_size": [0.5, 0.5]},
								"south": {"uv": [37, 47], "uv_size": [0.5, 0.5]},
								"west": {"uv": [38, 47], "uv_size": [0.5, 0.5]},
								"up": {"uv": [37, 48], "uv_size": [0.5, 0.5]},
								"down": {"uv": [38, 48.5], "uv_size": [0.5, -0.5]}
							}
						}
					]
				},
				{
					"name": "jacket",
					"parent": "Kbody",
					"pivot": [0, 12, 0],
					"cubes": [
						{
							"origin": [-0.175, 38.425, 0.025],
							"size": [0.35, 0.75, -0.05],
							"inflate": 0.25,
							"uv": {
								"north": {"uv": [37, 45], "uv_size": [0.5, 1]},
								"east": {"uv": [38, 45], "uv_size": [0.5, 1]},
								"south": {"uv": [8, 46], "uv_size": [0.5, 1]},
								"west": {"uv": [9, 46], "uv_size": [0.5, 1]},
								"up": {"uv": [52, 14], "uv_size": [0.5, 0.5]},
								"down": {"uv": [52, 15.5], "uv_size": [0.5, -0.5]}
							}
						}
					]
				},
				{
					"name": "RightArmUp",
					"parent": "Kbody",
					"pivot": [-6, 22, 0],
					"cubes": [
						{
							"origin": [-0.8, 38.8, -0.2],
							"size": [0.4, 0.6, 0.4],
							"uv": {
								"north": {"uv": [58, 21], "uv_size": [0.5, 0.5]},
								"east": {"uv": [58, 22], "uv_size": [0.5, 0.5]},
								"south": {"uv": [59, 21], "uv_size": [0.5, 0.5]},
								"west": {"uv": [59, 22], "uv_size": [0.5, 0.5]},
								"up": {"uv": [4, 62], "uv_size": [0.5, 0.5]},
								"down": {"uv": [5, 62.5], "uv_size": [0.5, -0.5]}
							}
						},
						{
							"origin": [-0.575, 39.025, 0.025],
							"size": [-0.05, 0.15, -0.05],
							"inflate": 0.25,
							"uv": {
								"north": {"uv": [6, 62], "uv_size": [0.5, 0.5]},
								"east": {"uv": [7, 62], "uv_size": [0.5, 0.5]},
								"south": {"uv": [62, 57], "uv_size": [0.5, 0.5]},
								"west": {"uv": [65, 35], "uv_size": [0.5, 0.5]},
								"up": {"uv": [65, 36], "uv_size": [0.5, 0.5]},
								"down": {"uv": [66, 41.5], "uv_size": [0.5, -0.5]}
							}
						}
					]
				},
				{
					"name": "RightArmDown",
					"parent": "RightArmUp",
					"pivot": [-6, 18, 2],
					"cubes": [
						{
							"origin": [-0.8, 38.2, -0.2],
							"size": [0.4, 0.6, 0.4],
							"uv": {
								"north": {"uv": [66, 42], "uv_size": [0.5, 0.5]},
								"east": {"uv": [66, 43], "uv_size": [0.5, 0.5]},
								"south": {"uv": [67, 41], "uv_size": [0.5, 0.5]},
								"west": {"uv": [67, 42], "uv_size": [0.5, 0.5]},
								"up": {"uv": [67, 43], "uv_size": [0.5, 0.5]},
								"down": {"uv": [68, 47.5], "uv_size": [0.5, -0.5]}
							}
						},
						{
							"origin": [-0.575, 38.425, 0.025],
							"size": [-0.05, 0.15, -0.05],
							"inflate": 0.25,
							"uv": {
								"north": {"uv": [68, 48], "uv_size": [0.5, 0.5]},
								"east": {"uv": [68, 49], "uv_size": [0.5, 0.5]},
								"south": {"uv": [68, 50], "uv_size": [0.5, 0.5]},
								"west": {"uv": [10, 69], "uv_size": [0.5, 0.5]},
								"up": {"uv": [52, 69], "uv_size": [0.5, 0.5]},
								"down": {"uv": [53, 69.5], "uv_size": [0.5, -0.5]}
							}
						}
					]
				},
				{
					"name": "rightItem2",
					"parent": "RightArmDown",
					"pivot": [-6, 15, 1]
				},
				{
					"name": "Item",
					"parent": "RightArmDown",
					"pivot": [-6, 18, 2]
				},
				{
					"name": "cItem",
					"parent": "RightArmDown",
					"pivot": [-6, 15, 1]
				},
				{
					"name": "LeftArmUp",
					"parent": "Kbody",
					"pivot": [6, 22, 0],
					"cubes": [
						{
							"origin": [0.4, 38.8, -0.2],
							"size": [0.4, 0.6, 0.4],
							"uv": {
								"north": {"uv": [69, 54], "uv_size": [0.5, 0.5]},
								"east": {"uv": [69, 55], "uv_size": [0.5, 0.5]},
								"south": {"uv": [69, 56], "uv_size": [0.5, 0.5]},
								"west": {"uv": [10, 70], "uv_size": [0.5, 0.5]},
								"up": {"uv": [52, 70], "uv_size": [0.5, 0.5]},
								"down": {"uv": [53, 70.5], "uv_size": [0.5, -0.5]}
							}
						},
						{
							"origin": [0.625, 39.025, 0.025],
							"size": [-0.05, 0.15, -0.05],
							"inflate": 0.25,
							"uv": {
								"north": {"uv": [10, 71], "uv_size": [0.5, 0.5]},
								"east": {"uv": [52, 71], "uv_size": [0.5, 0.5]},
								"south": {"uv": [53, 71], "uv_size": [0.5, 0.5]},
								"west": {"uv": [10, 72], "uv_size": [0.5, 0.5]},
								"up": {"uv": [72, 18], "uv_size": [0.5, 0.5]},
								"down": {"uv": [72, 19.5], "uv_size": [0.5, -0.5]}
							}
						}
					]
				},
				{
					"name": "LeftArmDown",
					"parent": "LeftArmUp",
					"pivot": [6, 18, 2],
					"cubes": [
						{
							"origin": [0.4, 38.2, -0.2],
							"size": [0.4, 0.6, 0.4],
							"uv": {
								"north": {"uv": [72, 20], "uv_size": [0.5, 0.5]},
								"east": {"uv": [10, 73], "uv_size": [0.5, 0.5]},
								"south": {"uv": [0, 74], "uv_size": [0.5, 0.5]},
								"west": {"uv": [1, 74], "uv_size": [0.5, 0.5]},
								"up": {"uv": [2, 74], "uv_size": [0.5, 0.5]},
								"down": {"uv": [3, 74.5], "uv_size": [0.5, -0.5]}
							}
						},
						{
							"origin": [0.625, 38.425, 0.025],
							"size": [-0.05, 0.15, -0.05],
							"inflate": 0.25,
							"uv": {
								"north": {"uv": [20, 74], "uv_size": [0.5, 0.5]},
								"east": {"uv": [21, 74], "uv_size": [0.5, 0.5]},
								"south": {"uv": [22, 74], "uv_size": [0.5, 0.5]},
								"west": {"uv": [74, 52], "uv_size": [0.5, 0.5]},
								"up": {"uv": [74, 53], "uv_size": [0.5, 0.5]},
								"down": {"uv": [30, 75.5], "uv_size": [0.5, -0.5]}
							}
						}
					]
				},
				{
					"name": "LeftItem2",
					"parent": "LeftArmDown",
					"pivot": [6, 15, 1]
				},
				{
					"name": "LItem",
					"parent": "LeftArmDown",
					"pivot": [6, 15, 1]
				},
				{
					"name": "KLegs",
					"parent": "Kroot",
					"pivot": [0, 12, 0]
				},
				{
					"name": "RightLegUp",
					"parent": "KLegs",
					"pivot": [-1.9, 12, 0],
					"cubes": [
						{
							"origin": [-0.363, 37.627, -0.173],
							"size": [0.346, 0.546, 0.346],
							"inflate": 0.03,
							"uv": {
								"north": {"uv": [31, 75], "uv_size": [0.5, 0.5]},
								"east": {"uv": [75, 52], "uv_size": [0.5, 0.5]},
								"south": {"uv": [75, 53], "uv_size": [0.5, 0.5]},
								"west": {"uv": [75, 74], "uv_size": [0.5, 0.5]},
								"up": {"uv": [50, 76], "uv_size": [0.5, 0.5]},
								"down": {"uv": [51, 76.5], "uv_size": [0.5, -0.5]}
							}
						},
						{
							"origin": [-0.165, 37.825, 0.025],
							"size": [-0.05, 0.15, -0.05],
							"inflate": 0.25,
							"uv": {
								"north": {"uv": [76, 74], "uv_size": [0.5, 0.5]},
								"east": {"uv": [50, 77], "uv_size": [0.5, 0.5]},
								"south": {"uv": [51, 77], "uv_size": [0.5, 0.5]},
								"west": {"uv": [77, 74], "uv_size": [0.5, 0.5]},
								"up": {"uv": [61, 78], "uv_size": [0.5, 0.5]},
								"down": {"uv": [62, 78.5], "uv_size": [0.5, -0.5]}
							}
						}
					]
				},
				{
					"name": "RightLegDown",
					"parent": "RightLegUp",
					"pivot": [-1.9, 6, -2],
					"cubes": [
						{
							"origin": [-0.363, 37.027, -0.173],
							"size": [0.346, 0.546, 0.346],
							"inflate": 0.03,
							"uv": {
								"north": {"uv": [79, 23], "uv_size": [0.5, 0.5]},
								"east": {"uv": [61, 79], "uv_size": [0.5, 0.5]},
								"south": {"uv": [62, 79], "uv_size": [0.5, 0.5]},
								"west": {"uv": [79, 64], "uv_size": [0.5, 0.5]},
								"up": {"uv": [79, 65], "uv_size": [0.5, 0.5]},
								"down": {"uv": [80, 23.5], "uv_size": [0.5, -0.5]}
							}
						},
						{
							"origin": [-0.165, 37.225, 0.025],
							"size": [-0.05, 0.15, -0.05],
							"inflate": 0.25,
							"uv": {
								"north": {"uv": [80, 33], "uv_size": [0.5, 0.5]},
								"east": {"uv": [80, 34], "uv_size": [0.5, 0.5]},
								"south": {"uv": [61, 80], "uv_size": [0.5, 0.5]},
								"west": {"uv": [62, 80], "uv_size": [0.5, 0.5]},
								"up": {"uv": [76, 80], "uv_size": [0.5, 0.5]},
								"down": {"uv": [77, 80.5], "uv_size": [0.5, -0.5]}
							}
						}
					]
				},
				{
					"name": "LeftLegUp",
					"parent": "KLegs",
					"pivot": [1.9, 12, 0],
					"cubes": [
						{
							"origin": [0.017, 37.627, -0.173],
							"size": [0.346, 0.546, 0.346],
							"inflate": 0.03,
							"uv": {
								"north": {"uv": [18, 81], "uv_size": [0.5, 0.5]},
								"east": {"uv": [19, 81], "uv_size": [0.5, 0.5]},
								"south": {"uv": [81, 23], "uv_size": [0.5, 0.5]},
								"west": {"uv": [81, 33], "uv_size": [0.5, 0.5]},
								"up": {"uv": [81, 34], "uv_size": [0.5, 0.5]},
								"down": {"uv": [61, 81.5], "uv_size": [0.5, -0.5]}
							}
						},
						{
							"origin": [0.215, 37.825, 0.025],
							"size": [-0.05, 0.15, -0.05],
							"inflate": 0.25,
							"uv": {
								"north": {"uv": [62, 81], "uv_size": [0.5, 0.5]},
								"east": {"uv": [76, 81], "uv_size": [0.5, 0.5]},
								"south": {"uv": [77, 81], "uv_size": [0.5, 0.5]},
								"west": {"uv": [82, 12], "uv_size": [0.5, 0.5]},
								"up": {"uv": [82, 13], "uv_size": [0.5, 0.5]},
								"down": {"uv": [82, 14.5], "uv_size": [0.5, -0.5]}
							}
						}
					]
				},
				{
					"name": "LeftLegDown",
					"parent": "LeftLegUp",
					"pivot": [1.9, 6, -2],
					"cubes": [
						{
							"origin": [0.017, 37.027, -0.173],
							"size": [0.346, 0.546, 0.346],
							"inflate": 0.03,
							"uv": {
								"north": {"uv": [82, 15], "uv_size": [0.5, 0.5]},
								"east": {"uv": [82, 23], "uv_size": [0.5, 0.5]},
								"south": {"uv": [28, 82], "uv_size": [0.5, 0.5]},
								"west": {"uv": [29, 82], "uv_size": [0.5, 0.5]},
								"up": {"uv": [82, 51], "uv_size": [0.5, 0.5]},
								"down": {"uv": [66, 82.5], "uv_size": [0.5, -0.5]}
							}
						},
						{
							"origin": [0.215, 37.225, 0.025],
							"size": [-0.05, 0.15, -0.05],
							"inflate": 0.25,
							"uv": {
								"north": {"uv": [67, 82], "uv_size": [0.5, 0.5]},
								"east": {"uv": [76, 82], "uv_size": [0.5, 0.5]},
								"south": {"uv": [77, 82], "uv_size": [0.5, 0.5]},
								"west": {"uv": [83, 12], "uv_size": [0.5, 0.5]},
								"up": {"uv": [83, 13], "uv_size": [0.5, 0.5]},
								"down": {"uv": [83, 14.5], "uv_size": [0.5, -0.5]}
							}
						}
					]
				}
			]
		}
	]
}