{
	"format_version": "1.12.0",
	"minecraft:geometry": [
		{
			"description": {
				"identifier": "geometry.gear4_arm",
				"texture_width": 256,
				"texture_height": 256,
				"visible_bounds_width": 73,
				"visible_bounds_height": 142,
				"visible_bounds_offset": [0, 55, 0]
			},
			"bones": [
				{
					"name": "body",
					"pivot": [0, 24, 0]
				},
				{
					"name": "bodyArmor",
					"parent": "body",
					"pivot": [0, 24, 0]
				},
				{
					"name": "belt",
					"parent": "body",
					"pivot": [0, 24, 0]
				},
				{
					"name": "rightArm",
					"parent": "body",
					"pivot": [-5, 22, 0]
				},
				{
					"name": "rightItem",
					"parent": "rightArm",
					"pivot": [-6, 15, 1]
				},
				{
					"name": "rightArmArmor",
					"parent": "rightArm",
					"pivot": [-5, 22, 0]
				},
				{
					"name": "rightLeg",
					"parent": "body",
					"pivot": [-1.9, 12, 0]
				},
				{
					"name": "rightLegging",
					"parent": "rightLeg",
					"pivot": [-1.9, 12, 0]
				},
				{
					"name": "rightBoot",
					"parent": "rightLeg",
					"pivot": [-1.9, 12, 0]
				},
				{
					"name": "rightSock",
					"parent": "rightLeg",
					"pivot": [-1.9, 12, 0]
				},
				{
					"name": "leftLeg",
					"parent": "body",
					"pivot": [1.9, 12, 0]
				},
				{
					"name": "leftLegging",
					"parent": "leftLeg",
					"pivot": [1.9, 12, 0]
				},
				{
					"name": "leftBoot",
					"parent": "leftLeg",
					"pivot": [1.9, 12, 0]
				},
				{
					"name": "leftSock",
					"parent": "leftLeg",
					"pivot": [1.9, 12, 0]
				},
				{
					"name": "leftArm",
					"parent": "body",
					"pivot": [5, 22, 0]
				},
				{
					"name": "leftItem",
					"parent": "leftArm",
					"pivot": [6, 15, 1]
				},
				{
					"name": "leftArmArmor",
					"parent": "leftArm",
					"pivot": [5, 22, 0]
				},
				{
					"name": "Rightarm",
					"pivot": [-5.45072, 30.01444, -0.89043],
					"rotation": [-6.03396, 0.75123, 11.13772],
					"cubes": [
						{
							"origin": [-14.16785, 22.37316, -6.73608],
							"size": [9.02503, 11.23987, 10.54284],
							"uv": {
								"north": {"uv": [18, 101], "uv_size": [9, 11]},
								"east": {"uv": [54, 90], "uv_size": [10.5, 11]},
								"south": {"uv": [54, 101], "uv_size": [9, 11]},
								"west": {"uv": [65, 94], "uv_size": [10.5, 11]},
								"up": {"uv": [108, 77], "uv_size": [9, 10.5]},
								"down": {"uv": [109, 41.5], "uv_size": [9, -10.5]}
							}
						},
						{
							"origin": [-13.58498, 15.44524, -5.38266],
							"size": [7.8593, 11.1735, 7.83599],
							"uv": {
								"north": {"uv": [113, 110], "uv_size": [8, 11]},
								"east": {"uv": [25, 114], "uv_size": [8, 11]},
								"south": {"uv": [114, 51], "uv_size": [8, 11]},
								"west": {"uv": [114, 62], "uv_size": [8, 11]},
								"up": {"uv": [131, 79], "uv_size": [8, 8]},
								"down": {"uv": [132, 37], "uv_size": [8, -8]}
							}
						},
						{
							"origin": [-10.37047, 14.27031, -6.87717],
							"size": [5.39205, 9.65567, 7.74277],
							"pivot": [-8.3213, 26.20012, -3.69975],
							"rotation": [0, 0, 5],
							"uv": {
								"north": {"uv": [46, 138], "uv_size": [5.5, 9.5]},
								"east": {"uv": [25, 125], "uv_size": [7.5, 9.5]},
								"south": {"uv": [52, 138], "uv_size": [5.5, 9.5]},
								"west": {"uv": [62, 126], "uv_size": [7.5, 9.5]},
								"up": {"uv": [25, 144], "uv_size": [5.5, 7.5]},
								"down": {"uv": [144, 73.5], "uv_size": [5.5, -7.5]}
							}
						},
						{
							"origin": [-14.75073, 23.93404, -6.15322],
							"size": [10.19074, 9.09612, 9.37711],
							"uv": {
								"north": {"uv": [15, 112], "uv_size": [10, 9]},
								"east": {"uv": [0, 117], "uv_size": [9.5, 9]},
								"south": {"uv": [52, 112], "uv_size": [10, 9]},
								"west": {"uv": [15, 121], "uv_size": [9.5, 9]},
								"up": {"uv": [104, 60], "uv_size": [10, 9.5]},
								"down": {"uv": [63, 114.5], "uv_size": [10, -9.5]}
							}
						},
						{
							"origin": [-15.9744, 24.13612, -5.85881],
							"size": [8.96786, 8.00459, 8.25185],
							"uv": {
								"north": {"uv": [123, 42], "uv_size": [9, 8]},
								"east": {"uv": [33, 129], "uv_size": [8.5, 8]},
								"south": {"uv": [124, 11], "uv_size": [9, 8]},
								"west": {"uv": [42, 129], "uv_size": [8.5, 8]},
								"up": {"uv": [88, 121], "uv_size": [9, 8.5]},
								"down": {"uv": [121, 116.5], "uv_size": [9, -8.5]}
							}
						},
						{
							"origin": [-13.25622, 26.19909, -5.38266],
							"size": [6.45447, 8.32556, 7.83599],
							"uv": {
								"north": {"uv": [136, 125], "uv_size": [6.5, 8.5]},
								"east": {"uv": [97, 129], "uv_size": [8, 8.5]},
								"south": {"uv": [130, 136], "uv_size": [6.5, 8.5]},
								"west": {"uv": [9, 130], "uv_size": [8, 8.5]},
								"up": {"uv": [138, 87], "uv_size": [6.5, 8]},
								"down": {"uv": [138, 113], "uv_size": [6.5, -8]}
							}
						},
						{
							"origin": [-13.58498, 23.53887, -7.31894],
							"size": [7.8593, 9.49127, 11.70856],
							"uv": {
								"north": {"uv": [122, 60], "uv_size": [8, 9.5]},
								"east": {"uv": [100, 8], "uv_size": [11.5, 9.5]},
								"south": {"uv": [122, 87], "uv_size": [8, 9.5]},
								"west": {"uv": [82, 100], "uv_size": [11.5, 9.5]},
								"up": {"uv": [105, 110], "uv_size": [8, 11.5]},
								"down": {"uv": [36, 122.5], "uv_size": [8, -11.5]}
							}
						},
						{
							"origin": [-10.88306, -7.64993, -6.45369],
							"size": [5.77812, 5.4921, 6.52537],
							"pivot": [-7.00288, -2.42207, -3.06361],
							"rotation": [-5.1208, -12.4517, -6.393],
							"uv": {
								"north": {"uv": [150, 92], "uv_size": [6, 5.5]},
								"east": {"uv": [148, 113], "uv_size": [6.5, 5.5]},
								"south": {"uv": [150, 98], "uv_size": [6, 5.5]},
								"west": {"uv": [6, 149], "uv_size": [6.5, 5.5]},
								"up": {"uv": [123, 145], "uv_size": [6, 6.5]},
								"down": {"uv": [129, 151.5], "uv_size": [6, -6.5]}
							}
						},
						{
							"origin": [-7.0689, 12.39333, -8.60099],
							"size": [4.73292, 6.28087, 4.13512],
							"pivot": [12.8854, -11.07685, -6.71583],
							"rotation": [-5, 0, -7.5],
							"uv": {
								"north": {"uv": [123, 152], "uv_size": [4.5, 6.5]},
								"east": {"uv": [154, 76], "uv_size": [4, 6.5]},
								"south": {"uv": [128, 152], "uv_size": [4.5, 6.5]},
								"west": {"uv": [90, 154], "uv_size": [4, 6.5]},
								"up": {"uv": [156, 142], "uv_size": [4.5, 4]},
								"down": {"uv": [146, 160], "uv_size": [4.5, -4]}
							}
						},
						{
							"origin": [-7.0689, 12.39333, -3.89331],
							"size": [4.73292, 6.28087, 4.13512],
							"pivot": [12.8854, -11.07685, -6.71583],
							"rotation": [-5, 0, -7.5],
							"uv": {
								"north": {"uv": [152, 53], "uv_size": [4.5, 6.5]},
								"east": {"uv": [109, 42], "uv_size": [4, 6.5]},
								"south": {"uv": [76, 152], "uv_size": [4.5, 6.5]},
								"west": {"uv": [154, 69], "uv_size": [4, 6.5]},
								"up": {"uv": [156, 138], "uv_size": [4.5, 4]},
								"down": {"uv": [141, 160], "uv_size": [4.5, -4]}
							}
						},
						{
							"origin": [-7.74144, 5.77567, -4.56583],
							"size": [4.73292, 8.22375, 4.13512],
							"pivot": [12.8854, -11.07685, -6.71583],
							"rotation": [-5, 0, -7.5],
							"uv": {
								"north": {"uv": [62, 147], "uv_size": [4.5, 8]},
								"east": {"uv": [36, 103], "uv_size": [4, 8]},
								"south": {"uv": [67, 147], "uv_size": [4.5, 8]},
								"west": {"uv": [108, 0], "uv_size": [4, 8]},
								"up": {"uv": [156, 130], "uv_size": [4.5, 4]},
								"down": {"uv": [156, 138], "uv_size": [4.5, -4]}
							}
						},
						{
							"origin": [-7.74144, 5.77567, -7.92847],
							"size": [4.73292, 8.971, 4.13512],
							"pivot": [12.8854, -11.07685, -6.71583],
							"rotation": [-5, 0, -7.5],
							"uv": {
								"north": {"uv": [145, 86], "uv_size": [4.5, 9]},
								"east": {"uv": [13, 147], "uv_size": [4, 9]},
								"south": {"uv": [145, 95], "uv_size": [4.5, 9]},
								"west": {"uv": [58, 147], "uv_size": [4, 9]},
								"up": {"uv": [156, 103], "uv_size": [4.5, 4]},
								"down": {"uv": [156, 130], "uv_size": [4.5, -4]}
							}
						},
						{
							"origin": [-11.47964, 7.80313, -6.76369],
							"size": [6.89995, 8.96137, 7.64721],
							"pivot": [-10.84209, -0.02212, -2.94008],
							"rotation": [-4.9953, 0.2178, -5.0095],
							"uv": {
								"north": {"uv": [133, 96], "uv_size": [7, 9]},
								"east": {"uv": [86, 130], "uv_size": [7.5, 9]},
								"south": {"uv": [0, 134], "uv_size": [7, 9]},
								"west": {"uv": [130, 87], "uv_size": [7.5, 9]},
								"up": {"uv": [137, 68], "uv_size": [7, 7.5]},
								"down": {"uv": [121, 144.5], "uv_size": [7, -7.5]}
							}
						},
						{
							"origin": [-9.08646, 0.61964, -7.25596],
							"size": [5.40544, 11.06328, 6.1527],
							"pivot": [12.8854, -11.07685, -6.71583],
							"rotation": [-5, 0, -7.5],
							"uv": {
								"north": {"uv": [60, 136], "uv_size": [5.5, 11]},
								"east": {"uv": [130, 114], "uv_size": [6, 11]},
								"south": {"uv": [66, 136], "uv_size": [5.5, 11]},
								"west": {"uv": [130, 125], "uv_size": [6, 11]},
								"up": {"uv": [84, 150], "uv_size": [5.5, 6]},
								"down": {"uv": [150, 92], "uv_size": [5.5, -6]}
							}
						}
					]
				}
			]
		}
	]
}