{
	"format_version": "1.12.0",
	"minecraft:geometry": [
		{
			"description": {
				"identifier": "geometry.gear4",
				"texture_width": 256,
				"texture_height": 256,
				"visible_bounds_width": 73,
				"visible_bounds_height": 142,
				"visible_bounds_offset": [0, 55, 0]
			},
			"bones": [
				{
					"name": "Corpo",
					"pivot": [0, 34.52777, 0.40346],
					"rotation": [2.5, 0, 0],
					"cubes": [
						{
							"origin": [-9.30592, 29.44368, -3.49839],
							"size": [18.61182, 6.38744, 8.49172],
							"uv": {
								"north": {"uv": [117, 73], "uv_size": [13.5, 6.5]},
								"east": {"uv": [102, 31], "uv_size": [6.5, 6.5]},
								"south": {"uv": [117, 80], "uv_size": [13.5, 6.5]},
								"west": {"uv": [84, 143], "uv_size": [6.5, 6.5]},
								"up": {"uv": [118, 31], "uv_size": [13.5, 6.5]},
								"down": {"uv": [120, 6.5], "uv_size": [13.5, -6.5]}
							}
						},
						{
							"origin": [-7.62282, 25.98163, -2.81529],
							"size": [15.24562, 2.88475, 8.67751],
							"uv": {
								"north": {"uv": [137, 76], "uv_size": [17, 3]},
								"east": {"uv": [71, 40], "uv_size": [7.5, 3]},
								"south": {"uv": [138, 50], "uv_size": [17, 3]},
								"west": {"uv": [91, 8], "uv_size": [7.5, 3]},
								"up": {"uv": [91, 0], "uv_size": [17, 7.5]},
								"down": {"uv": [83, 99.5], "uv_size": [17, -7.5]}
							}
						},
						{
							"origin": [-3.62282, 22.98163, -0.81529],
							"size": [7.24562, 3.88475, 3.67751],
							"uv": {
								"north": {"uv": [65, 90], "uv_size": [3, 4]},
								"east": {"uv": [144, 138], "uv_size": [4.5, 4]},
								"south": {"uv": [114, 73], "uv_size": [3, 4]},
								"west": {"uv": [156, 95], "uv_size": [4.5, 4]},
								"up": {"uv": [15, 107], "uv_size": [3, 4.5]},
								"down": {"uv": [97, 125.5], "uv_size": [3, -4.5]}
							}
						},
						{
							"origin": [-1.62282, 22.98163, 1.13778],
							"size": [3.24562, 3.88475, 4.67751],
							"pivot": [0, 27, 5],
							"rotation": [-5, 0, 0],
							"uv": {
								"north": {"uv": [143, 5], "uv_size": [3, 4]},
								"east": {"uv": [156, 99], "uv_size": [4.5, 4]},
								"south": {"uv": [91, 143], "uv_size": [3, 4]},
								"west": {"uv": [102, 156], "uv_size": [4.5, 4]},
								"up": {"uv": [94, 130], "uv_size": [3, 4.5]},
								"down": {"uv": [118, 143.5], "uv_size": [3, -4.5]}
							}
						},
						{
							"origin": [-6.74036, 27.73299, -2.03684],
							"size": [13.48072, 2.88475, 7.56861],
							"uv": {
								"north": {"uv": [139, 83], "uv_size": [15.5, 3]},
								"east": {"uv": [122, 70], "uv_size": [6.5, 3]},
								"south": {"uv": [141, 21], "uv_size": [15.5, 3]},
								"west": {"uv": [156, 88], "uv_size": [6.5, 3]},
								"up": {"uv": [98, 70], "uv_size": [15.5, 6.5]},
								"down": {"uv": [100, 24.5], "uv_size": [15.5, -6.5]}
							}
						}
					]
				},
				{
					"name": "leftPerna",
					"parent": "Corpo",
					"pivot": [4.55396, 25.86408, 1.29946],
					"rotation": [-1.11485, -0.17052, -2.99526],
					"cubes": [
						{
							"origin": [1.8401, 15.5349, -0.97519],
							"size": [4.95585, 10.15075, 4.95585],
							"uv": {
								"north": {"uv": [22, 32], "uv_size": [5, 10]},
								"east": {"uv": [100, 138], "uv_size": [5, 10]},
								"south": {"uv": [20, 139], "uv_size": [5, 10]},
								"west": {"uv": [113, 139], "uv_size": [5, 10]},
								"up": {"uv": [47, 123], "uv_size": [5, 5]},
								"down": {"uv": [147, 5], "uv_size": [5, -5]}
							}
						},
						{
							"origin": [1.19635, 15.34185, -1.61895],
							"size": [6.24335, 2.24881, 6.24335],
							"uv": {
								"north": {"uv": [49, 43], "uv_size": [6, 2]},
								"east": {"uv": [54, 28], "uv_size": [6, 2]},
								"south": {"uv": [55, 43], "uv_size": [6, 2]},
								"west": {"uv": [60, 28], "uv_size": [6, 2]},
								"up": {"uv": [146, 53], "uv_size": [6, 6]},
								"down": {"uv": [146, 65], "uv_size": [6, -6]}
							}
						},
						{
							"origin": [2.92372, 13.2904, -0.86587],
							"size": [2.76657, 3.41202, 3.91719],
							"uv": {
								"north": {"uv": [156, 158], "uv_size": [3, 3.5]},
								"east": {"uv": [133, 157], "uv_size": [4, 3.5]},
								"south": {"uv": [76, 159], "uv_size": [3, 3.5]},
								"west": {"uv": [137, 157], "uv_size": [4, 3.5]},
								"up": {"uv": [150, 134], "uv_size": [3, 4]},
								"down": {"uv": [114, 159], "uv_size": [3, -4]}
							}
						},
						{
							"origin": [1.48386, 17.67238, -0.61895],
							"size": [5.66834, 7.65701, 4.24335],
							"uv": {
								"north": {"uv": [143, 122], "uv_size": [5.5, 7.5]},
								"east": {"uv": [0, 152], "uv_size": [4, 7.5]},
								"south": {"uv": [143, 142], "uv_size": [5.5, 7.5]},
								"west": {"uv": [152, 0], "uv_size": [4, 7.5]},
								"up": {"uv": [124, 19], "uv_size": [5.5, 4]},
								"down": {"uv": [9, 130], "uv_size": [5.5, -4]}
							}
						},
						{
							"origin": [2.19635, 16.60364, -1.33144],
							"size": [4.24335, 8.72575, 5.66834],
							"uv": {
								"north": {"uv": [149, 119], "uv_size": [4, 8.5]},
								"east": {"uv": [142, 113], "uv_size": [5.5, 8.5]},
								"south": {"uv": [149, 138], "uv_size": [4, 8.5]},
								"west": {"uv": [137, 142], "uv_size": [5.5, 8.5]},
								"up": {"uv": [112, 12], "uv_size": [4, 5.5]},
								"down": {"uv": [78, 120.5], "uv_size": [4, -5.5]}
							}
						}
					]
				},
				{
					"name": "leftPerna_down",
					"parent": "leftPerna",
					"pivot": [4.4637, 14.96631, 0.90514],
					"cubes": [
						{
							"origin": [2.91996, 6.07938, -0.44269],
							"size": [3.16349, 9.13422, 3.16349],
							"uv": {
								"north": {"uv": [73, 105], "uv_size": [3, 9]},
								"east": {"uv": [33, 114], "uv_size": [3, 9]},
								"south": {"uv": [110, 140], "uv_size": [3, 9]},
								"west": {"uv": [81, 152], "uv_size": [3, 9]},
								"up": {"uv": [97, 126], "uv_size": [3, 3]},
								"down": {"uv": [94, 138], "uv_size": [3, -3]}
							}
						},
						{
							"origin": [3.27621, 3.74764, -0.08644],
							"size": [2.451, 3.27223, 2.451],
							"uv": {
								"north": {"uv": [159, 158], "uv_size": [2.5, 3.5]},
								"east": {"uv": [0, 160], "uv_size": [2.5, 3.5]},
								"south": {"uv": [160, 0], "uv_size": [2.5, 3.5]},
								"west": {"uv": [160, 4], "uv_size": [2.5, 3.5]},
								"up": {"uv": [160, 32], "uv_size": [2.5, 2.5]},
								"down": {"uv": [36, 162.5], "uv_size": [2.5, -2.5]}
							}
						},
						{
							"origin": [3.49662, 1.03652, 0.2001],
							"size": [1.98812, 3.53673, 1.87791],
							"uv": {
								"north": {"uv": [63, 101], "uv_size": [2, 3.5]},
								"east": {"uv": [58, 143], "uv_size": [2, 3.5]},
								"south": {"uv": [107, 156], "uv_size": [2, 3.5]},
								"west": {"uv": [151, 156], "uv_size": [2, 3.5]},
								"up": {"uv": [68, 58], "uv_size": [2, 2]},
								"down": {"uv": [96, 40], "uv_size": [2, -2]}
							}
						},
						{
							"origin": [4.7012, 7.14812, 0.9823],
							"size": [1.7385, 5.21548, 2.09475],
							"uv": {
								"north": {"uv": [144, 53], "uv_size": [1.5, 5]},
								"east": {"uv": [68, 43], "uv_size": [2, 5]},
								"south": {"uv": [135, 145], "uv_size": [1.5, 5]},
								"west": {"uv": [68, 48], "uv_size": [2, 5]},
								"up": {"uv": [136, 58], "uv_size": [1.5, 2]},
								"down": {"uv": [139, 68], "uv_size": [1.5, -2]}
							}
						},
						{
							"origin": [2.56371, 7.14812, 0.9823],
							"size": [1.7385, 5.21548, 2.09475],
							"uv": {
								"north": {"uv": [76, 147], "uv_size": [1.5, 5]},
								"east": {"uv": [68, 53], "uv_size": [2, 5]},
								"south": {"uv": [141, 151], "uv_size": [1.5, 5]},
								"west": {"uv": [68, 75], "uv_size": [2, 5]},
								"up": {"uv": [141, 66], "uv_size": [1.5, 2]},
								"down": {"uv": [143, 11], "uv_size": [1.5, -2]}
							}
						},
						{
							"origin": [2.20746, 9.28562, 1.69479],
							"size": [2.09475, 2.72174, 1.7385],
							"uv": {
								"north": {"uv": [128, 105], "uv_size": [2, 2.5]},
								"east": {"uv": [160, 107], "uv_size": [1.5, 2.5]},
								"south": {"uv": [129, 70], "uv_size": [2, 2.5]},
								"west": {"uv": [108, 160], "uv_size": [1.5, 2.5]},
								"up": {"uv": [144, 74], "uv_size": [2, 1.5]},
								"down": {"uv": [145, 49.5], "uv_size": [2, -1.5]}
							}
						},
						{
							"origin": [4.7012, 9.28562, 1.69479],
							"size": [2.09475, 2.72174, 1.7385],
							"uv": {
								"north": {"uv": [128, 142], "uv_size": [2, 2.5]},
								"east": {"uv": [110, 160], "uv_size": [1.5, 2.5]},
								"south": {"uv": [4, 152], "uv_size": [2, 2.5]},
								"west": {"uv": [160, 110], "uv_size": [1.5, 2.5]},
								"up": {"uv": [146, 19], "uv_size": [2, 1.5]},
								"down": {"uv": [43, 147.5], "uv_size": [2, -1.5]}
							}
						},
						{
							"origin": [2.56371, 13.20435, -0.79895],
							"size": [3.87599, 2.36549, 3.87599],
							"uv": {
								"north": {"uv": [22, 42], "uv_size": [4, 2.5]},
								"east": {"uv": [79, 40], "uv_size": [4, 2.5]},
								"south": {"uv": [86, 25], "uv_size": [4, 2.5]},
								"west": {"uv": [112, 97], "uv_size": [4, 2.5]},
								"up": {"uv": [130, 19], "uv_size": [4, 4]},
								"down": {"uv": [141, 28], "uv_size": [4, -4]}
							}
						}
					]
				},
				{
					"name": "Pe3",
					"parent": "leftPerna_down",
					"pivot": [3.99426, 1.93915, 1.02551],
					"rotation": [2.51564, 0.75155, 2.38443],
					"cubes": [
						{
							"origin": [3.4222, 0.50362, -3.53676],
							"size": [2.55294, 0.86776, 2.52187],
							"uv": {
								"north": {"uv": [91, 11], "uv_size": [2.5, 1]},
								"east": {"uv": [94, 11], "uv_size": [2.5, 1]},
								"south": {"uv": [97, 11], "uv_size": [2.5, 1]},
								"west": {"uv": [73, 114], "uv_size": [2.5, 1]},
								"up": {"uv": [39, 160], "uv_size": [2.5, 2.5]},
								"down": {"uv": [160, 46.5], "uv_size": [2.5, -2.5]}
							}
						},
						{
							"origin": [3.34681, 0.50362, -1.0994],
							"size": [2.72883, 0.99341, 3.22544],
							"uv": {
								"north": {"uv": [117, 87], "uv_size": [2.5, 1]},
								"east": {"uv": [72, 27], "uv_size": [3, 1]},
								"south": {"uv": [120, 11], "uv_size": [2.5, 1]},
								"west": {"uv": [75, 27], "uv_size": [3, 1]},
								"up": {"uv": [23, 160], "uv_size": [2.5, 3]},
								"down": {"uv": [26, 163], "uv_size": [2.5, -3]}
							}
						},
						{
							"origin": [4.13798, 0.50362, 1.44219],
							"size": [1.208, 1.08564, 0.83758],
							"uv": {
								"north": {"uv": [26, 44], "uv_size": [1, 1]},
								"east": {"uv": [68, 80], "uv_size": [1, 1]},
								"south": {"uv": [69, 80], "uv_size": [1, 1]},
								"west": {"uv": [84, 27], "uv_size": [1, 1]},
								"up": {"uv": [85, 27], "uv_size": [1, 1]},
								"down": {"uv": [99, 11], "uv_size": [1, -1]}
							}
						},
						{
							"origin": [4.2797, 0.50362, 1.53667],
							"size": [0.92456, 1.43994, 0.83758],
							"uv": {
								"north": {"uv": [26, 42], "uv_size": [1, 1.5]},
								"east": {"uv": [67, 43], "uv_size": [1, 1.5]},
								"south": {"uv": [82, 94], "uv_size": [1, 1.5]},
								"west": {"uv": [82, 96], "uv_size": [1, 1.5]},
								"up": {"uv": [52, 111], "uv_size": [1, 1]},
								"down": {"uv": [53, 112], "uv_size": [1, -1]}
							}
						}
					]
				},
				{
					"name": "rightPerna",
					"parent": "Corpo",
					"pivot": [-4.55396, 25.86408, 1.29946],
					"rotation": [-1.11485, 0.17052, 2.99526],
					"cubes": [
						{
							"origin": [-6.79595, 15.5349, -0.97519],
							"size": [4.95585, 10.15075, 4.95585],
							"uv": {
								"north": {"uv": [140, 28], "uv_size": [5, 10]},
								"east": {"uv": [140, 95], "uv_size": [5, 10]},
								"south": {"uv": [105, 140], "uv_size": [5, 10]},
								"west": {"uv": [141, 11], "uv_size": [5, 10]},
								"up": {"uv": [152, 16], "uv_size": [5, 5]},
								"down": {"uv": [8, 160], "uv_size": [5, -5]}
							}
						},
						{
							"origin": [-7.4397, 15.34185, -1.61895],
							"size": [6.24335, 2.24881, 6.24335],
							"uv": {
								"north": {"uv": [61, 43], "uv_size": [6, 2]},
								"east": {"uv": [28, 73], "uv_size": [6, 2]},
								"south": {"uv": [90, 38], "uv_size": [6, 2]},
								"west": {"uv": [98, 77], "uv_size": [6, 2]},
								"up": {"uv": [91, 148], "uv_size": [6, 6]},
								"down": {"uv": [97, 154], "uv_size": [6, -6]}
							}
						},
						{
							"origin": [-5.69029, 13.2904, -0.86587],
							"size": [2.76657, 3.41202, 3.91719],
							"uv": {
								"north": {"uv": [124, 159], "uv_size": [3, 3.5]},
								"east": {"uv": [158, 68], "uv_size": [4, 3.5]},
								"south": {"uv": [127, 159], "uv_size": [3, 3.5]},
								"west": {"uv": [158, 72], "uv_size": [4, 3.5]},
								"up": {"uv": [158, 76], "uv_size": [3, 4]},
								"down": {"uv": [158, 123], "uv_size": [3, -4]}
							}
						},
						{
							"origin": [-7.1522, 17.67238, -0.61895],
							"size": [5.66834, 7.65701, 4.24335],
							"uv": {
								"north": {"uv": [145, 32], "uv_size": [5.5, 7.5]},
								"east": {"uv": [152, 8], "uv_size": [4, 7.5]},
								"south": {"uv": [145, 40], "uv_size": [5.5, 7.5]},
								"west": {"uv": [24, 152], "uv_size": [4, 7.5]},
								"up": {"uv": [155, 115], "uv_size": [5.5, 4]},
								"down": {"uv": [156, 16], "uv_size": [5.5, -4]}
							}
						},
						{
							"origin": [-6.4397, 16.60364, -1.33144],
							"size": [4.24335, 8.72575, 5.66834],
							"uv": {
								"north": {"uv": [149, 147], "uv_size": [4, 8.5]},
								"east": {"uv": [0, 143], "uv_size": [5.5, 8.5]},
								"south": {"uv": [150, 65], "uv_size": [4, 8.5]},
								"west": {"uv": [78, 143], "uv_size": [5.5, 8.5]},
								"up": {"uv": [47, 156], "uv_size": [4, 5.5]},
								"down": {"uv": [51, 161.5], "uv_size": [4, -5.5]}
							}
						}
					]
				},
				{
					"name": "rightPerna_down",
					"parent": "rightPerna",
					"pivot": [-4.4637, 14.96631, 0.90514],
					"cubes": [
						{
							"origin": [-6.08345, 6.07938, -0.44269],
							"size": [3.16349, 9.13422, 3.16349],
							"uv": {
								"north": {"uv": [153, 134], "uv_size": [3, 9]},
								"east": {"uv": [153, 143], "uv_size": [3, 9]},
								"south": {"uv": [153, 152], "uv_size": [3, 9]},
								"west": {"uv": [154, 60], "uv_size": [3, 9]},
								"up": {"uv": [158, 123], "uv_size": [3, 3]},
								"down": {"uv": [130, 162], "uv_size": [3, -3]}
							}
						},
						{
							"origin": [-5.72721, 3.74764, -0.08644],
							"size": [2.451, 3.27223, 2.451],
							"uv": {
								"north": {"uv": [8, 160], "uv_size": [2.5, 3.5]},
								"east": {"uv": [160, 8], "uv_size": [2.5, 3.5]},
								"south": {"uv": [17, 160], "uv_size": [2.5, 3.5]},
								"west": {"uv": [20, 160], "uv_size": [2.5, 3.5]},
								"up": {"uv": [160, 47], "uv_size": [2.5, 2.5]},
								"down": {"uv": [62, 162.5], "uv_size": [2.5, -2.5]}
							}
						},
						{
							"origin": [-5.48475, 1.03652, 0.2001],
							"size": [1.98812, 3.53673, 1.87791],
							"uv": {
								"north": {"uv": [79, 159], "uv_size": [2, 3.5]},
								"east": {"uv": [11, 160], "uv_size": [2, 3.5]},
								"south": {"uv": [32, 160], "uv_size": [2, 3.5]},
								"west": {"uv": [34, 160], "uv_size": [2, 3.5]},
								"up": {"uv": [25, 112], "uv_size": [2, 2]},
								"down": {"uv": [130, 31], "uv_size": [2, -2]}
							}
						},
						{
							"origin": [-6.4397, 7.14812, 0.9823],
							"size": [1.7385, 5.21548, 2.09475],
							"uv": {
								"north": {"uv": [152, 60], "uv_size": [1.5, 5]},
								"east": {"uv": [60, 130], "uv_size": [2, 5]},
								"south": {"uv": [133, 152], "uv_size": [1.5, 5]},
								"west": {"uv": [7, 134], "uv_size": [2, 5]},
								"up": {"uv": [146, 74], "uv_size": [1.5, 2]},
								"down": {"uv": [17, 149], "uv_size": [1.5, -2]}
							}
						},
						{
							"origin": [-4.30221, 7.14812, 0.9823],
							"size": [1.7385, 5.21548, 2.09475],
							"uv": {
								"north": {"uv": [121, 154], "uv_size": [1.5, 5]},
								"east": {"uv": [128, 137], "uv_size": [2, 5]},
								"south": {"uv": [60, 156], "uv_size": [1.5, 5]},
								"west": {"uv": [58, 138], "uv_size": [2, 5]},
								"up": {"uv": [147, 48], "uv_size": [1.5, 2]},
								"down": {"uv": [148, 21], "uv_size": [1.5, -2]}
							}
						},
						{
							"origin": [-4.30221, 9.28562, 1.69479],
							"size": [2.09475, 2.72174, 1.7385],
							"uv": {
								"north": {"uv": [87, 160], "uv_size": [2, 2.5]},
								"east": {"uv": [112, 160], "uv_size": [1.5, 2.5]},
								"south": {"uv": [102, 160], "uv_size": [2, 2.5]},
								"west": {"uv": [141, 160], "uv_size": [1.5, 2.5]},
								"up": {"uv": [148, 74], "uv_size": [2, 1.5]},
								"down": {"uv": [103, 149.5], "uv_size": [2, -1.5]}
							}
						},
						{
							"origin": [-6.79595, 9.28562, 1.69479],
							"size": [2.09475, 2.72174, 1.7385],
							"uv": {
								"north": {"uv": [104, 160], "uv_size": [2, 2.5]},
								"east": {"uv": [143, 160], "uv_size": [1.5, 2.5]},
								"south": {"uv": [106, 160], "uv_size": [2, 2.5]},
								"west": {"uv": [145, 160], "uv_size": [1.5, 2.5]},
								"up": {"uv": [149, 48], "uv_size": [2, 1.5]},
								"down": {"uv": [150, 20.5], "uv_size": [2, -1.5]}
							}
						},
						{
							"origin": [-6.4397, 13.20435, -0.79895],
							"size": [3.87599, 2.36549, 3.87599],
							"uv": {
								"north": {"uv": [124, 105], "uv_size": [4, 2.5]},
								"east": {"uv": [150, 110], "uv_size": [4, 2.5]},
								"south": {"uv": [156, 107], "uv_size": [4, 2.5]},
								"west": {"uv": [158, 80], "uv_size": [4, 2.5]},
								"up": {"uv": [141, 38], "uv_size": [4, 4]},
								"down": {"uv": [151, 50], "uv_size": [4, -4]}
							}
						}
					]
				},
				{
					"name": "Pe2",
					"parent": "rightPerna_down",
					"pivot": [-3.99426, 1.93915, 1.02551],
					"rotation": [2.51564, -0.75155, -2.38443],
					"cubes": [
						{
							"origin": [-5.97514, 0.50362, -3.53676],
							"size": [2.55294, 0.86776, 2.52187],
							"uv": {
								"north": {"uv": [123, 50], "uv_size": [2.5, 1]},
								"east": {"uv": [126, 50], "uv_size": [2.5, 1]},
								"south": {"uv": [47, 128], "uv_size": [2.5, 1]},
								"west": {"uv": [129, 50], "uv_size": [2.5, 1]},
								"up": {"uv": [65, 160], "uv_size": [2.5, 2.5]},
								"down": {"uv": [84, 162.5], "uv_size": [2.5, -2.5]}
							}
						},
						{
							"origin": [-6.07564, 0.50362, -1.0994],
							"size": [2.72883, 0.99341, 3.22544],
							"uv": {
								"north": {"uv": [130, 96], "uv_size": [2.5, 1]},
								"east": {"uv": [78, 27], "uv_size": [3, 1]},
								"south": {"uv": [132, 37], "uv_size": [2.5, 1]},
								"west": {"uv": [81, 27], "uv_size": [3, 1]},
								"up": {"uv": [29, 160], "uv_size": [2.5, 3]},
								"down": {"uv": [160, 32], "uv_size": [2.5, -3]}
							}
						},
						{
							"origin": [-5.34598, 0.50362, 1.44219],
							"size": [1.208, 1.08564, 0.83758],
							"uv": {
								"north": {"uv": [113, 58], "uv_size": [1, 1]},
								"east": {"uv": [113, 59], "uv_size": [1, 1]},
								"south": {"uv": [62, 113], "uv_size": [1, 1]},
								"west": {"uv": [62, 114], "uv_size": [1, 1]},
								"up": {"uv": [120, 87], "uv_size": [1, 1]},
								"down": {"uv": [121, 88], "uv_size": [1, -1]}
							}
						},
						{
							"origin": [-5.20425, 0.50362, 1.53667],
							"size": [0.92456, 1.43994, 0.83758],
							"uv": {
								"north": {"uv": [82, 98], "uv_size": [1, 1.5]},
								"east": {"uv": [99, 8], "uv_size": [1, 1.5]},
								"south": {"uv": [27, 101], "uv_size": [1, 1.5]},
								"west": {"uv": [111, 88], "uv_size": [1, 1.5]},
								"up": {"uv": [121, 117], "uv_size": [1, 1]},
								"down": {"uv": [121, 119], "uv_size": [1, -1]}
							}
						}
					]
				},
				{
					"name": "Corpo_up",
					"parent": "Corpo",
					"pivot": [0, 31.40613, 0.40346],
					"rotation": [-10.06057, 0.19867, -0.73378],
					"cubes": [
						{
							"origin": [-13.0729, 35.62065, -7.16004],
							"size": [26.23824, 14.76928, 17.97983],
							"uv": {
								"north": {"uv": [27, 30], "uv_size": [22, 15]},
								"east": {"uv": [42, 75], "uv_size": [13, 15]},
								"south": {"uv": [0, 32], "uv_size": [22, 15]},
								"west": {"uv": [55, 75], "uv_size": [13, 15]},
								"up": {"uv": [0, 47], "uv_size": [22, 13]},
								"down": {"uv": [49, 43], "uv_size": [22, -13]}
							}
						},
						{
							"origin": [-11.53178, 39.47345, -3.38948],
							"size": [23.156, 12.4576, 13.43871],
							"uv": {
								"north": {"uv": [0, 60], "uv_size": [19, 12.5]},
								"east": {"uv": [90, 25], "uv_size": [11.5, 12.5]},
								"south": {"uv": [19, 60], "uv_size": [19, 12.5]},
								"west": {"uv": [28, 90], "uv_size": [11.5, 12.5]},
								"up": {"uv": [71, 28], "uv_size": [19, 11.5]},
								"down": {"uv": [72, 11.5], "uv_size": [19, -11.5]}
							}
						},
						{
							"origin": [-9.53178, 39.47345, -4.38948],
							"size": [20.156, 14.4576, 13.43871],
							"uv": {
								"north": {"uv": [0, 60], "uv_size": [19, 12.5]},
								"east": {"uv": [90, 25], "uv_size": [11.5, 12.5]},
								"south": {"uv": [19, 60], "uv_size": [19, 12.5]},
								"west": {"uv": [28, 90], "uv_size": [11.5, 12.5]},
								"up": {"uv": [71, 28], "uv_size": [19, 11.5]},
								"down": {"uv": [72, 11.5], "uv_size": [19, -11.5]}
							}
						},
						{
							"origin": [0.4855, 40.67121, -8.47172],
							"size": [13.76208, 8.4576, 16.69983],
							"pivot": [7.36654, 42.90001, 0.37819],
							"rotation": [0, 0, -10],
							"uv": {
								"north": {"uv": [0, 88], "uv_size": [14, 12.5]},
								"east": {"uv": [83, 53], "uv_size": [14.5, 12.5]},
								"south": {"uv": [14, 88], "uv_size": [14, 12.5]},
								"west": {"uv": [83, 66], "uv_size": [14.5, 12.5]},
								"up": {"uv": [14, 73], "uv_size": [14, 14.5]},
								"down": {"uv": [28, 89.5], "uv_size": [14, -14.5]}
							}
						},
						{
							"origin": [-14.24758, 40.67121, -8.47172],
							"size": [13.76208, 8.4576, 16.69983],
							"pivot": [-7.36654, 42.90001, 0.37819],
							"rotation": [0, 0, 10],
							"uv": {
								"north": {"uv": [14, 88], "uv_size": [-14, 12.5]},
								"east": {"uv": [97.5, 66], "uv_size": [-14.5, 12.5]},
								"south": {"uv": [28, 88], "uv_size": [-14, 12.5]},
								"west": {"uv": [97.5, 53], "uv_size": [-14.5, 12.5]},
								"up": {"uv": [28, 73], "uv_size": [-14, 14.5]},
								"down": {"uv": [42, 89.5], "uv_size": [-14, -14.5]}
							}
						},
						{
							"origin": [-2.77422, 37.62065, -2.19754],
							"size": [5.59466, 19.42405, 6.87997],
							"uv": {
								"north": {"uv": [76, 94], "uv_size": [5.5, 20.5]},
								"east": {"uv": [40, 90], "uv_size": [7, 20.5]},
								"south": {"uv": [98, 49], "uv_size": [5.5, 20.5]},
								"west": {"uv": [47, 90], "uv_size": [7, 20.5]},
								"up": {"uv": [31, 146], "uv_size": [5.5, 7]},
								"down": {"uv": [37, 153], "uv_size": [5.5, -7]}
							}
						},
						{
							"origin": [-6.21422, 36.62065, 1.24246],
							"size": [12.47466, 18.70405, 5.15997],
							"uv": {
								"north": {"uv": [70, 43], "uv_size": [12.5, 18.5]},
								"east": {"uv": [10, 107], "uv_size": [5, 18.5]},
								"south": {"uv": [70, 62], "uv_size": [12.5, 18.5]},
								"west": {"uv": [100, 110], "uv_size": [5, 18.5]},
								"up": {"uv": [131, 53], "uv_size": [12.5, 5]},
								"down": {"uv": [134, 5], "uv_size": [12.5, -5]}
							}
						},
						{
							"origin": [-12.16576, 32.63163, -6.18335],
							"size": [24.33148, 3.46726, 15.74644],
							"uv": {
								"north": {"uv": [118, 38], "uv_size": [22.5, 3.5]},
								"east": {"uv": [78, 139], "uv_size": [14.5, 3.5]},
								"south": {"uv": [120, 7], "uv_size": [22.5, 3.5]},
								"west": {"uv": [139, 79], "uv_size": [14.5, 3.5]},
								"up": {"uv": [22, 45], "uv_size": [22.5, 14.5]},
								"down": {"uv": [45, 59.5], "uv_size": [22.5, -14.5]}
							}
						},
						{
							"origin": [-14.47744, 37.94331, -7.72447],
							"size": [28.95484, 11.2551, 18.10868],
							"uv": {
								"north": {"uv": [27, 0], "uv_size": [27, 14.5]},
								"east": {"uv": [38, 60], "uv_size": [16, 14.5]},
								"south": {"uv": [27, 15], "uv_size": [27, 14.5]},
								"west": {"uv": [54, 60], "uv_size": [16, 14.5]},
								"up": {"uv": [0, 0], "uv_size": [27, 16]},
								"down": {"uv": [0, 32], "uv_size": [27, -16]}
							}
						},
						{
							"origin": [-10.47744, 35.94331, 7.27553],
							"size": [21.95484, 12.2551, 5.10868],
							"uv": {
								"north": {"uv": [27, 0], "uv_size": [27, 14.5]},
								"east": {"uv": [38, 60], "uv_size": [16, 14.5]},
								"south": {"uv": [27, 15], "uv_size": [27, 14.5]},
								"west": {"uv": [54, 60], "uv_size": [16, 14.5]},
								"up": {"uv": [0, 0], "uv_size": [27, 16]},
								"down": {"uv": [0, 32], "uv_size": [27, -16]}
							}
						},
						{
							"origin": [-9.47744, 34.94331, 7.27553],
							"size": [19.95484, 12.2551, 4.10868],
							"uv": {
								"north": {"uv": [27, 0], "uv_size": [27, 14.5]},
								"east": {"uv": [38, 60], "uv_size": [16, 14.5]},
								"south": {"uv": [27, 15], "uv_size": [27, 14.5]},
								"west": {"uv": [54, 60], "uv_size": [16, 14.5]},
								"up": {"uv": [0, 0], "uv_size": [27, 16]},
								"down": {"uv": [0, 32], "uv_size": [27, -16]}
							}
						},
						{
							"origin": [-9.90069, 31.38987, 7.5639],
							"size": [19.80135, 4.70902, 1.25193],
							"uv": {
								"north": {"uv": [0, 101], "uv_size": [18, 5.5]},
								"east": {"uv": [120, 23], "uv_size": [13.5, 5.5]},
								"south": {"uv": [102, 25], "uv_size": [18, 5.5]},
								"west": {"uv": [33, 123], "uv_size": [13.5, 5.5]},
								"up": {"uv": [54, 0], "uv_size": [18, 13.5]},
								"down": {"uv": [54, 27.5], "uv_size": [18, -13.5]}
							}
						},
						{
							"origin": [-10.90069, 30.38987, -4.4361],
							"size": [21.80135, 5.70902, 12.25193],
							"uv": {
								"north": {"uv": [0, 101], "uv_size": [18, 5.5]},
								"east": {"uv": [120, 23], "uv_size": [13.5, 5.5]},
								"south": {"uv": [102, 25], "uv_size": [18, 5.5]},
								"west": {"uv": [33, 123], "uv_size": [13.5, 5.5]},
								"up": {"uv": [54, 0], "uv_size": [18, 13.5]},
								"down": {"uv": [54, 27.5], "uv_size": [18, -13.5]}
							}
						}
					]
				},
				{
					"name": "head",
					"parent": "Corpo_up",
					"pivot": [0, 55.86743, -0.01593],
					"cubes": [
						{
							"origin": [-2.96156, 56.81054, -4.14273],
							"size": [5.92312, 5.44658, 7.53096],
							"uv": {
								"north": {"uv": [8, 177], "uv_size": [-8, -10]},
								"east": {"uv": [151, 40], "uv_size": [5.5, 5.5]},
								"south": {"uv": [156, 0], "uv_size": [4, 5.5]},
								"west": {"uv": [135, 151], "uv_size": [5.5, 5.5]},
								"up": {"uv": [156, 6], "uv_size": [4, 5.5]},
								"down": {"uv": [13, 161.5], "uv_size": [4, -5.5]}
							}
						},
						{
							"origin": [0.51736, 61.40234, -3.71088],
							"size": [2.92312, 5.44658, 2],
							"pivot": [0.83196, 62.22159, -2.21088],
							"rotation": [-14.13272, 5.07855, 34.37006],
							"uv": {
								"north": {"uv": [68, 175], "uv_size": [4, 5.5]},
								"east": {"uv": [68, 175], "uv_size": [4, 5.5]},
								"south": {"uv": [64, 175], "uv_size": [4, 5.5]},
								"west": {"uv": [68, 175], "uv_size": [4, 5.5]},
								"up": {"uv": [72, 180.5], "uv_size": [-4, -5.5]},
								"down": {"uv": [72, 180.5], "uv_size": [-4, -5.5]}
							}
						},
						{
							"origin": [-0.27588, 61.36433, -3.71088],
							"size": [1.92312, 6.44658, 2],
							"pivot": [-0.83196, 62.22159, -2.21088],
							"rotation": [-13.64973, 6.27967, 9.24769],
							"uv": {
								"north": {"uv": [72, 175], "uv_size": [-4, 5.5]},
								"east": {"uv": [72, 175], "uv_size": [-4, 5.5]},
								"south": {"uv": [68, 175], "uv_size": [-4, 5.5]},
								"west": {"uv": [72, 175], "uv_size": [-4, 5.5]},
								"up": {"uv": [68, 180.5], "uv_size": [4, -5.5]},
								"down": {"uv": [68, 180.5], "uv_size": [4, -5.5]}
							}
						},
						{
							"origin": [-1.92749, 61.9983, -2.14273],
							"size": [3.92312, 5.44658, 2],
							"pivot": [-0.96593, 64.72159, -4.14273],
							"rotation": [-15, 0, -15],
							"uv": {
								"north": {"uv": [72, 175], "uv_size": [-4, 5.5]},
								"east": {"uv": [72, 175], "uv_size": [-4, 5.5]},
								"south": {"uv": [68, 175], "uv_size": [-4, 5.5]},
								"west": {"uv": [72, 175], "uv_size": [-4, 5.5]},
								"up": {"uv": [68, 180.5], "uv_size": [4, -5.5]},
								"down": {"uv": [68, 180.5], "uv_size": [4, -5.5]}
							}
						},
						{
							"origin": [-1.99563, 61.9983, -2.14273],
							"size": [5.92312, 5.44658, 2],
							"pivot": [0.96593, 64.72159, -4.14273],
							"rotation": [-15, 0, 15],
							"uv": {
								"north": {"uv": [68, 175], "uv_size": [4, 5.5]},
								"east": {"uv": [68, 175], "uv_size": [4, 5.5]},
								"south": {"uv": [64, 175], "uv_size": [4, 5.5]},
								"west": {"uv": [68, 175], "uv_size": [4, 5.5]},
								"up": {"uv": [72, 180.5], "uv_size": [-4, -5.5]},
								"down": {"uv": [72, 180.5], "uv_size": [-4, -5.5]}
							}
						},
						{
							"origin": [-1.94245, 61.92249, -0.98613],
							"size": [2.92312, 5.44658, 2],
							"pivot": [-1.98089, 64.64578, -0.98613],
							"rotation": [-15, 0, -15],
							"uv": {
								"north": {"uv": [72, 175], "uv_size": [-4, 5.5]},
								"east": {"uv": [72, 175], "uv_size": [-4, 5.5]},
								"south": {"uv": [68, 175], "uv_size": [-4, 5.5]},
								"west": {"uv": [72, 175], "uv_size": [-4, 5.5]},
								"up": {"uv": [68, 180.5], "uv_size": [4, -5.5]},
								"down": {"uv": [68, 180.5], "uv_size": [4, -5.5]}
							}
						},
						{
							"origin": [-0.04766, 61.67249, -1.0202],
							"size": [4.92312, 4.44658, 2],
							"pivot": [1.9139, 64.39578, -0.0202],
							"rotation": [-15, 0, 15],
							"uv": {
								"north": {"uv": [68, 175], "uv_size": [4, 5.5]},
								"east": {"uv": [68, 175], "uv_size": [4, 5.5]},
								"south": {"uv": [64, 175], "uv_size": [4, 5.5]},
								"west": {"uv": [68, 175], "uv_size": [4, 5.5]},
								"up": {"uv": [72, 180.5], "uv_size": [-4, -5.5]},
								"down": {"uv": [72, 180.5], "uv_size": [-4, -5.5]}
							}
						},
						{
							"origin": [-5.17334, 58.78883, 0.39401],
							"size": [4.92312, 5.44658, 2],
							"pivot": [-3.21178, 61.51212, 1.39401],
							"rotation": [-15, 0, -15],
							"uv": {
								"north": {"uv": [72, 175], "uv_size": [-4, 5.5]},
								"east": {"uv": [72, 175], "uv_size": [-4, 5.5]},
								"south": {"uv": [68, 175], "uv_size": [-4, 5.5]},
								"west": {"uv": [72, 175], "uv_size": [-4, 5.5]},
								"up": {"uv": [68, 180.5], "uv_size": [4, -5.5]},
								"down": {"uv": [68, 180.5], "uv_size": [4, -5.5]}
							}
						},
						{
							"origin": [-0.74978, 58.78883, 0.39401],
							"size": [5.92312, 5.44658, 2],
							"pivot": [3.21178, 61.51212, 1.39401],
							"rotation": [-15, 0, 15],
							"uv": {
								"north": {"uv": [68, 175], "uv_size": [4, 5.5]},
								"east": {"uv": [68, 175], "uv_size": [4, 5.5]},
								"south": {"uv": [64, 175], "uv_size": [4, 5.5]},
								"west": {"uv": [68, 175], "uv_size": [4, 5.5]},
								"up": {"uv": [72, 180.5], "uv_size": [-4, -5.5]},
								"down": {"uv": [72, 180.5], "uv_size": [-4, -5.5]}
							}
						},
						{
							"origin": [-5.10635, 58.53883, 1.35994],
							"size": [4.92312, 5.44658, 2],
							"pivot": [-3.14479, 61.26212, 2.35994],
							"rotation": [-12.73415, -7.99365, -46.60659],
							"uv": {
								"north": {"uv": [72, 175], "uv_size": [-4, 5.5]},
								"east": {"uv": [72, 175], "uv_size": [-4, 5.5]},
								"south": {"uv": [68, 175], "uv_size": [-4, 5.5]},
								"west": {"uv": [72, 175], "uv_size": [-4, 5.5]},
								"up": {"uv": [68, 180.5], "uv_size": [4, -5.5]},
								"down": {"uv": [68, 180.5], "uv_size": [4, -5.5]}
							}
						},
						{
							"origin": [-0.81677, 58.53883, 1.35994],
							"size": [5.92312, 5.44658, 2],
							"pivot": [3.14479, 61.26212, 2.35994],
							"rotation": [-12.73415, 7.99365, 46.60659],
							"uv": {
								"north": {"uv": [68, 175], "uv_size": [4, 5.5]},
								"east": {"uv": [68, 175], "uv_size": [4, 5.5]},
								"south": {"uv": [64, 175], "uv_size": [4, 5.5]},
								"west": {"uv": [68, 175], "uv_size": [4, 5.5]},
								"up": {"uv": [72, 180.5], "uv_size": [-4, -5.5]},
								"down": {"uv": [72, 180.5], "uv_size": [-4, -5.5]}
							}
						},
						{
							"origin": [-3.32101, 61.18368, -0.83291],
							"size": [4.92312, 5.44658, 2],
							"pivot": [-2.54641, 61.43529, -0.04492],
							"rotation": [5.08522, -8.36325, -6.87037],
							"uv": {
								"north": {"uv": [72, 175], "uv_size": [-4, 5.5]},
								"east": {"uv": [72, 175], "uv_size": [-4, 5.5]},
								"south": {"uv": [68, 175], "uv_size": [-4, 5.5]},
								"west": {"uv": [72, 175], "uv_size": [-4, 5.5]},
								"up": {"uv": [68, 180.5], "uv_size": [4, -5.5]},
								"down": {"uv": [68, 180.5], "uv_size": [4, -5.5]}
							}
						},
						{
							"origin": [-6.94245, 59.92249, 0.01387],
							"size": [4.92312, 4.44658, 2],
							"pivot": [-1.98089, 64.64578, -0.98613],
							"rotation": [8.36728, -5.07855, -34.37006],
							"uv": {
								"north": {"uv": [72, 175], "uv_size": [-4, 5.5]},
								"east": {"uv": [72, 175], "uv_size": [-4, 5.5]},
								"south": {"uv": [68, 175], "uv_size": [-4, 5.5]},
								"west": {"uv": [72, 175], "uv_size": [-4, 5.5]},
								"up": {"uv": [68, 180.5], "uv_size": [4, -5.5]},
								"down": {"uv": [68, 180.5], "uv_size": [4, -5.5]}
							}
						},
						{
							"origin": [1.01933, 59.92249, 0.01387],
							"size": [5.92312, 5.44658, 2],
							"pivot": [1.98089, 64.64578, -0.98613],
							"rotation": [8.36728, 5.07855, 34.37006],
							"uv": {
								"north": {"uv": [68, 175], "uv_size": [4, 5.5]},
								"east": {"uv": [68, 175], "uv_size": [4, 5.5]},
								"south": {"uv": [64, 175], "uv_size": [4, 5.5]},
								"west": {"uv": [68, 175], "uv_size": [4, 5.5]},
								"up": {"uv": [72, 180.5], "uv_size": [-4, -5.5]},
								"down": {"uv": [72, 180.5], "uv_size": [-4, -5.5]}
							}
						},
						{
							"origin": [-0.65503, 57.65879, -3.84306],
							"size": [1.92312, 4.44658, 2],
							"pivot": [-3.99594, 58.18639, -1.13884],
							"rotation": [-28.11273, -2.75069, -49.22421],
							"uv": {
								"north": {"uv": [72, 175], "uv_size": [-4, 5.5]},
								"east": {"uv": [72, 175], "uv_size": [-4, 5.5]},
								"south": {"uv": [68, 175], "uv_size": [-4, 5.5]},
								"west": {"uv": [72, 175], "uv_size": [-4, 5.5]},
								"up": {"uv": [68, 180.5], "uv_size": [4, -5.5]},
								"down": {"uv": [68, 180.5], "uv_size": [4, -5.5]}
							}
						},
						{
							"origin": [0.26541, 58.23553, -1.82046],
							"size": [3.92312, 3.44658, 2],
							"pivot": [3.35161, 59.31103, -0.9618],
							"rotation": [11.27877, 29.75967, 69.6309],
							"uv": {
								"north": {"uv": [68, 175], "uv_size": [4, 5.5]},
								"east": {"uv": [68, 175], "uv_size": [4, 5.5]},
								"south": {"uv": [64, 175], "uv_size": [4, 5.5]},
								"west": {"uv": [68, 175], "uv_size": [4, 5.5]},
								"up": {"uv": [72, 180.5], "uv_size": [-4, -5.5]},
								"down": {"uv": [72, 180.5], "uv_size": [-4, -5.5]}
							}
						},
						{
							"origin": [-6.94245, 59.92249, -0.98613],
							"size": [4.92312, 2.44658, 2],
							"pivot": [-1.98089, 64.64578, -0.98613],
							"rotation": [8.36728, -5.07855, -34.37006],
							"uv": {
								"north": {"uv": [72, 175], "uv_size": [-4, 5.5]},
								"east": {"uv": [72, 175], "uv_size": [-4, 5.5]},
								"south": {"uv": [68, 175], "uv_size": [-4, 5.5]},
								"west": {"uv": [72, 175], "uv_size": [-4, 5.5]},
								"up": {"uv": [68, 180.5], "uv_size": [4, -5.5]},
								"down": {"uv": [68, 180.5], "uv_size": [4, -5.5]}
							}
						},
						{
							"origin": [-1.40232, 58.86852, -0.74647],
							"size": [5.92312, 5.44658, 2],
							"pivot": [2.68388, 59.94402, 0.11219],
							"rotation": [-24.21556, 2.66992, 32.27727],
							"uv": {
								"north": {"uv": [68, 175], "uv_size": [4, 5.5]},
								"east": {"uv": [68, 175], "uv_size": [4, 5.5]},
								"south": {"uv": [64, 175], "uv_size": [4, 5.5]},
								"west": {"uv": [68, 175], "uv_size": [4, 5.5]},
								"up": {"uv": [72, 180.5], "uv_size": [-4, -5.5]},
								"down": {"uv": [72, 180.5], "uv_size": [-4, -5.5]}
							}
						},
						{
							"origin": [-3.74149, 61.17249, 0.91164],
							"size": [4.92312, 5.44658, 2],
							"pivot": [-1.77993, 63.89578, 1.91164],
							"rotation": [-15, 0, -15],
							"uv": {
								"north": {"uv": [72, 175], "uv_size": [-4, 5.5]},
								"east": {"uv": [72, 175], "uv_size": [-4, 5.5]},
								"south": {"uv": [68, 175], "uv_size": [-4, 5.5]},
								"west": {"uv": [72, 175], "uv_size": [-4, 5.5]},
								"up": {"uv": [68, 180.5], "uv_size": [4, -5.5]},
								"down": {"uv": [68, 180.5], "uv_size": [4, -5.5]}
							}
						},
						{
							"origin": [-4.10752, 58.80647, 2.32586],
							"size": [5.92312, 5.44658, 2],
							"pivot": [-1.14596, 61.52976, 3.32586],
							"rotation": [-15, 0, -15],
							"uv": {
								"north": {"uv": [72, 175], "uv_size": [-4, 5.5]},
								"east": {"uv": [72, 175], "uv_size": [-4, 5.5]},
								"south": {"uv": [68, 175], "uv_size": [-4, 5.5]},
								"west": {"uv": [72, 175], "uv_size": [-4, 5.5]},
								"up": {"uv": [68, 180.5], "uv_size": [4, -5.5]},
								"down": {"uv": [68, 180.5], "uv_size": [4, -5.5]}
							}
						},
						{
							"origin": [-0.99563, 60.9983, 2.85727],
							"size": [5.92312, 5.44658, 2],
							"pivot": [0.96593, 64.72159, -4.14273],
							"rotation": [-15, 0, 15],
							"uv": {
								"north": {"uv": [68, 175], "uv_size": [4, 5.5]},
								"east": {"uv": [68, 175], "uv_size": [4, 5.5]},
								"south": {"uv": [64, 175], "uv_size": [4, 5.5]},
								"west": {"uv": [68, 175], "uv_size": [4, 5.5]},
								"up": {"uv": [72, 180.5], "uv_size": [-4, -5.5]},
								"down": {"uv": [72, 180.5], "uv_size": [-4, -5.5]}
							}
						},
						{
							"origin": [-1.18163, 61.17249, 0.91164],
							"size": [5.92312, 5.44658, 2],
							"pivot": [1.77993, 63.89578, 1.91164],
							"rotation": [-15, 0, 15],
							"uv": {
								"north": {"uv": [68, 175], "uv_size": [4, 5.5]},
								"east": {"uv": [68, 175], "uv_size": [4, 5.5]},
								"south": {"uv": [64, 175], "uv_size": [4, 5.5]},
								"west": {"uv": [68, 175], "uv_size": [4, 5.5]},
								"up": {"uv": [72, 180.5], "uv_size": [-4, -5.5]},
								"down": {"uv": [72, 180.5], "uv_size": [-4, -5.5]}
							}
						},
						{
							"origin": [-3.36351, 57.26877, -3.74076],
							"size": [6.72703, 4.69892, 7.47801],
							"uv": {
								"north": {"uv": [55, 156], "uv_size": [4.5, 4.5]},
								"east": {"uv": [17, 155], "uv_size": [5.5, 4.5]},
								"south": {"uv": [156, 83], "uv_size": [4.5, 4.5]},
								"west": {"uv": [155, 24], "uv_size": [5.5, 4.5]},
								"up": {"uv": [155, 29], "uv_size": [4.5, 5.5]},
								"down": {"uv": [155, 51.5], "uv_size": [4.5, -5.5]}
							}
						},
						{
							"origin": [-3.36351, 55.44057, -3.31068],
							"size": [6.72703, 1.8282, 7.04793],
							"uv": {
								"north": {"uv": [120, 29], "uv_size": [4.5, 2]},
								"east": {"uv": [66, 28], "uv_size": [5, 2]},
								"south": {"uv": [125, 29], "uv_size": [4.5, 2]},
								"west": {"uv": [116, 108], "uv_size": [5, 2]},
								"up": {"uv": [109, 155], "uv_size": [4.5, 5]},
								"down": {"uv": [155, 115], "uv_size": [4.5, -5]}
							}
						},
						{
							"origin": [-3.76546, 57.64644, -3.3388],
							"size": [7.53096, 3.52116, 6.6741],
							"uv": {
								"north": {"uv": [84, 156], "uv_size": [5.5, 3.5]},
								"east": {"uv": [157, 60], "uv_size": [4.5, 3.5]},
								"south": {"uv": [156, 91], "uv_size": [5.5, 3.5]},
								"west": {"uv": [157, 64], "uv_size": [4.5, 3.5]},
								"up": {"uv": [155, 35], "uv_size": [5.5, 4.5]},
								"down": {"uv": [62, 159.5], "uv_size": [5.5, -4.5]}
							}
						},
						{
							"origin": [-2.76546, 61, -3.3388],
							"size": [5.53096, 1.52116, 6.6741],
							"uv": {
								"north": {"uv": [116, 23], "uv_size": [3.5, 1.5]},
								"east": {"uv": [131, 58], "uv_size": [4.5, 1.5]},
								"south": {"uv": [139, 5], "uv_size": [3.5, 1.5]},
								"west": {"uv": [134, 5], "uv_size": [4.5, 1.5]},
								"up": {"uv": [72, 156], "uv_size": [3.5, 4.5]},
								"down": {"uv": [43, 161.5], "uv_size": [3.5, -4.5]}
							}
						},
						{
							"origin": [-2.48182, 55.19229, -4],
							"size": [5.0133, 1.82298, 6.7],
							"uv": {
								"north": {"uv": [8, 177], "uv_size": [9, -6]},
								"east": {"uv": [34, 73], "uv_size": [3.5, 2]},
								"south": {"uv": [108, 88], "uv_size": [3, 2]},
								"west": {"uv": [104, 77], "uv_size": [3.5, 2]},
								"up": {"uv": [114, 159], "uv_size": [3, 3.5]},
								"down": {"uv": [121, 162.5], "uv_size": [3, -3.5]}
							}
						}
					]
				},
				{
					"name": "bone",
					"parent": "Corpo_up",
					"pivot": [-2, -49.37241, -0.29049],
					"cubes": [
						{
							"origin": [-13.24759, 21.67121, -13.7719],
							"size": [6.76208, 12.4576, 0],
							"uv": {
								"north": {"uv": [167, 99], "uv_size": [14, 12.5]},
								"east": {"uv": [167, 99], "uv_size": [14, 12.5]},
								"south": {"uv": [181, 99], "uv_size": [14, 12.5]},
								"west": {"uv": [167, 99], "uv_size": [14, 12.5]},
								"up": {"uv": [181, 111.5], "uv_size": [-14, -12.5]},
								"down": {"uv": [181, 111.5], "uv_size": [-14, -12.5]}
							}
						},
						{
							"origin": [-11.24759, 15.04811, -10.6575],
							"size": [3.76208, 7.4576, 0],
							"pivot": [-9.86655, 16.27691, -10.6575],
							"rotation": [30, 0, 0],
							"uv": {
								"north": {"uv": [167, 99], "uv_size": [14, 12.5]},
								"east": {"uv": [167, 99], "uv_size": [14, 12.5]},
								"south": {"uv": [181, 99], "uv_size": [14, 12.5]},
								"west": {"uv": [167, 99], "uv_size": [14, 12.5]},
								"up": {"uv": [181, 111.5], "uv_size": [-14, -12.5]},
								"down": {"uv": [181, 111.5], "uv_size": [-14, -12.5]}
							}
						},
						{
							"origin": [-16.24759, 33.98116, -12.42374],
							"size": [13.76208, 12.4576, 0],
							"pivot": [-9.36654, 40.20996, -12.42374],
							"rotation": [-12.5, 0, 0],
							"uv": {
								"north": {"uv": [167, 99], "uv_size": [14, 12.5]},
								"east": {"uv": [167, 99], "uv_size": [14, 12.5]},
								"south": {"uv": [181, 99], "uv_size": [14, 12.5]},
								"west": {"uv": [167, 99], "uv_size": [14, 12.5]},
								"up": {"uv": [181, 111.5], "uv_size": [-14, -12.5]},
								"down": {"uv": [181, 111.5], "uv_size": [-14, -12.5]}
							}
						},
						{
							"origin": [-14.9851, 45.73889, -13.9035],
							"size": [13.76208, 12.4576, 0],
							"pivot": [-8.10406, 38.96769, -13.9035],
							"rotation": [-22.31594, -2.15393, -9.76758],
							"uv": {
								"north": {"uv": [167, 99], "uv_size": [14, 12.5]},
								"east": {"uv": [167, 99], "uv_size": [14, 12.5]},
								"south": {"uv": [181, 99], "uv_size": [14, 12.5]},
								"west": {"uv": [167, 99], "uv_size": [14, 12.5]},
								"up": {"uv": [181, 111.5], "uv_size": [-14, -12.5]},
								"down": {"uv": [181, 111.5], "uv_size": [-14, -12.5]}
							}
						},
						{
							"origin": [-11.90092, 61.68665, -17.78664],
							"size": [13.76208, 12.4576, 0],
							"pivot": [-5.01987, 44.91545, -17.78664],
							"rotation": [-41.27823, -10.50385, -19.13544],
							"uv": {
								"north": {"uv": [167, 99], "uv_size": [14, 12.5]},
								"east": {"uv": [167, 99], "uv_size": [14, 12.5]},
								"south": {"uv": [181, 99], "uv_size": [14, 12.5]},
								"west": {"uv": [167, 99], "uv_size": [14, 12.5]},
								"up": {"uv": [181, 111.5], "uv_size": [-14, -12.5]},
								"down": {"uv": [181, 111.5], "uv_size": [-14, -12.5]}
							}
						},
						{
							"origin": [-15.23584, 88.27215, -25.58074],
							"size": [13.76208, 12.4576, 0],
							"pivot": [-8.3548, 59.50094, -26.58074],
							"rotation": [-73.77823, -10.50385, -19.13544],
							"uv": {
								"north": {"uv": [167, 99], "uv_size": [14, 12.5]},
								"east": {"uv": [167, 99], "uv_size": [14, 12.5]},
								"south": {"uv": [181, 99], "uv_size": [14, 12.5]},
								"west": {"uv": [167, 99], "uv_size": [14, 12.5]},
								"up": {"uv": [181, 111.5], "uv_size": [-14, -12.5]},
								"down": {"uv": [181, 111.5], "uv_size": [-14, -12.5]}
							}
						}
					]
				},
				{
					"name": "bone2",
					"parent": "Corpo_up",
					"pivot": [2, -49.37241, -0.29049],
					"cubes": [
						{
							"origin": [6.4855, 21.67121, -13.7719],
							"size": [6.76208, 12.4576, 0],
							"uv": {
								"north": {"uv": [181, 99], "uv_size": [-14, 12.5]},
								"east": {"uv": [181, 99], "uv_size": [-14, 12.5]},
								"south": {"uv": [195, 99], "uv_size": [-14, 12.5]},
								"west": {"uv": [181, 99], "uv_size": [-14, 12.5]},
								"up": {"uv": [167, 111.5], "uv_size": [14, -12.5]},
								"down": {"uv": [167, 111.5], "uv_size": [14, -12.5]}
							}
						},
						{
							"origin": [7.4855, 15.34008, -10.19921],
							"size": [3.76208, 7.4576, 0],
							"pivot": [9.86654, 16.56888, -10.19921],
							"rotation": [35, 0, 0],
							"uv": {
								"north": {"uv": [181, 99], "uv_size": [-14, 12.5]},
								"east": {"uv": [181, 99], "uv_size": [-14, 12.5]},
								"south": {"uv": [195, 99], "uv_size": [-14, 12.5]},
								"west": {"uv": [181, 99], "uv_size": [-14, 12.5]},
								"up": {"uv": [167, 111.5], "uv_size": [14, -12.5]},
								"down": {"uv": [167, 111.5], "uv_size": [14, -12.5]}
							}
						},
						{
							"origin": [2.4855, 33.98116, -12.42374],
							"size": [13.76208, 12.4576, 0],
							"pivot": [9.36654, 40.20996, -12.42374],
							"rotation": [-12.5, 0, 0],
							"uv": {
								"north": {"uv": [181, 99], "uv_size": [-14, 12.5]},
								"east": {"uv": [181, 99], "uv_size": [-14, 12.5]},
								"south": {"uv": [195, 99], "uv_size": [-14, 12.5]},
								"west": {"uv": [181, 99], "uv_size": [-14, 12.5]},
								"up": {"uv": [167, 111.5], "uv_size": [14, -12.5]},
								"down": {"uv": [167, 111.5], "uv_size": [14, -12.5]}
							}
						},
						{
							"origin": [1.22302, 45.73889, -13.9035],
							"size": [13.76208, 12.4576, 0],
							"pivot": [8.10406, 38.96769, -13.9035],
							"rotation": [-22.31594, 2.15393, 9.76758],
							"uv": {
								"north": {"uv": [181, 99], "uv_size": [-14, 12.5]},
								"east": {"uv": [181, 99], "uv_size": [-14, 12.5]},
								"south": {"uv": [195, 99], "uv_size": [-14, 12.5]},
								"west": {"uv": [181, 99], "uv_size": [-14, 12.5]},
								"up": {"uv": [167, 111.5], "uv_size": [14, -12.5]},
								"down": {"uv": [167, 111.5], "uv_size": [14, -12.5]}
							}
						},
						{
							"origin": [-1.86117, 61.68665, -17.78664],
							"size": [13.76208, 12.4576, 0],
							"pivot": [5.01987, 44.91545, -17.78664],
							"rotation": [-41.27823, 10.50385, 19.13544],
							"uv": {
								"north": {"uv": [181, 99], "uv_size": [-14, 12.5]},
								"east": {"uv": [181, 99], "uv_size": [-14, 12.5]},
								"south": {"uv": [195, 99], "uv_size": [-14, 12.5]},
								"west": {"uv": [181, 99], "uv_size": [-14, 12.5]},
								"up": {"uv": [167, 111.5], "uv_size": [14, -12.5]},
								"down": {"uv": [167, 111.5], "uv_size": [14, -12.5]}
							}
						},
						{
							"origin": [1.47376, 88.27215, -25.58074],
							"size": [13.76208, 12.4576, 0],
							"pivot": [8.3548, 59.50094, -26.58074],
							"rotation": [-73.77823, 10.50385, 19.13544],
							"uv": {
								"north": {"uv": [181, 99], "uv_size": [-14, 12.5]},
								"east": {"uv": [181, 99], "uv_size": [-14, 12.5]},
								"south": {"uv": [195, 99], "uv_size": [-14, 12.5]},
								"west": {"uv": [181, 99], "uv_size": [-14, 12.5]},
								"up": {"uv": [167, 111.5], "uv_size": [14, -12.5]},
								"down": {"uv": [167, 111.5], "uv_size": [14, -12.5]}
							}
						}
					]
				},
				{
					"name": "bone3",
					"parent": "Corpo_up",
					"pivot": [-0.97683, 42.4962, 4.0862],
					"rotation": [0, -20, 0],
					"cubes": [
						{
							"origin": [-5.60795, 4.67121, 3.71531],
							"size": [16.76208, 25.4576, 0],
							"pivot": [8.27309, 10.90001, -18.28469],
							"rotation": [-22.644, 22.32924, 24.25045],
							"uv": {
								"north": {"uv": [181, 113], "uv_size": [-14, 12.5]},
								"east": {"uv": [181, 99], "uv_size": [-14, 12.5]},
								"south": {"uv": [195, 99], "uv_size": [-14, 12.5]},
								"west": {"uv": [181, 99], "uv_size": [-14, 12.5]},
								"up": {"uv": [167, 111.5], "uv_size": [14, -12.5]},
								"down": {"uv": [167, 111.5], "uv_size": [14, -12.5]}
							}
						}
					]
				},
				{
					"name": "bone4",
					"parent": "bone3",
					"pivot": [-18.46, 43.90001, 6.71531],
					"rotation": [0, 20, 0],
					"cubes": [
						{
							"origin": [-30.34104, 37.67121, 0.71531],
							"size": [15.76208, 31.4576, 0],
							"pivot": [-18.46, 43.90001, 6.71531],
							"rotation": [-49.00703, -10.54529, -10.72858],
							"uv": {
								"north": {"uv": [167, 113], "uv_size": [14, 12.5]},
								"east": {"uv": [167, 99], "uv_size": [14, 12.5]},
								"south": {"uv": [181, 99], "uv_size": [14, 12.5]},
								"west": {"uv": [167, 99], "uv_size": [14, 12.5]},
								"up": {"uv": [181, 111.5], "uv_size": [-14, -12.5]},
								"down": {"uv": [181, 111.5], "uv_size": [-14, -12.5]}
							}
						}
					]
				},
				{
					"name": "bone6",
					"parent": "bone3",
					"pivot": [-16.46, 12.90001, 9.71531],
					"rotation": [7.5, -7.5, 0],
					"cubes": [
						{
							"origin": [-37.34104, 3.67121, 9.71531],
							"size": [17.76208, 45.4576, 0],
							"pivot": [-16.46, 12.90001, 9.71531],
							"rotation": [-45, 0, 0],
							"uv": {
								"north": {"uv": [167, 113], "uv_size": [14, 12.5]},
								"east": {"uv": [167, 99], "uv_size": [14, 12.5]},
								"south": {"uv": [181, 99], "uv_size": [14, 12.5]},
								"west": {"uv": [167, 99], "uv_size": [14, 12.5]},
								"up": {"uv": [181, 111.5], "uv_size": [-14, -12.5]},
								"down": {"uv": [181, 111.5], "uv_size": [-14, -12.5]}
							}
						}
					]
				},
				{
					"name": "bone5",
					"parent": "bone3",
					"pivot": [21.27309, 31.90001, -0.28469],
					"rotation": [17.5, -2.5, 0],
					"cubes": [
						{
							"origin": [18.39205, 19.67121, -0.28469],
							"size": [17.76208, 41.4576, 0],
							"pivot": [21.27309, 31.90001, -0.28469],
							"rotation": [-45, 0, 0],
							"uv": {
								"north": {"uv": [181, 113], "uv_size": [-14, 12.5]},
								"east": {"uv": [181, 99], "uv_size": [-14, 12.5]},
								"south": {"uv": [195, 99], "uv_size": [-14, 12.5]},
								"west": {"uv": [181, 99], "uv_size": [-14, 12.5]},
								"up": {"uv": [167, 111.5], "uv_size": [14, -12.5]},
								"down": {"uv": [167, 111.5], "uv_size": [14, -12.5]}
							}
						}
					]
				},
				{
					"name": "bone7",
					"parent": "bone3",
					"pivot": [27.27309, 14.90001, -11.28469],
					"rotation": [0, 52.5, 0],
					"cubes": [
						{
							"origin": [15.39205, 2.67121, -11.28469],
							"size": [32.76208, 46.4576, 0],
							"pivot": [27.27309, 14.90001, -11.28469],
							"rotation": [-45, 0, 0],
							"uv": {
								"north": {"uv": [181, 113], "uv_size": [-14, 12.5]},
								"east": {"uv": [181, 99], "uv_size": [-14, 12.5]},
								"south": {"uv": [195, 99], "uv_size": [-14, 12.5]},
								"west": {"uv": [181, 99], "uv_size": [-14, 12.5]},
								"up": {"uv": [167, 111.5], "uv_size": [14, -12.5]},
								"down": {"uv": [167, 111.5], "uv_size": [14, -12.5]}
							}
						}
					]
				},
				{
					"name": "rightBraco",
					"parent": "Corpo_up",
					"pivot": [-14.45072, 46.01444, 3.10957],
					"rotation": [11.46604, 0.75123, 11.13772],
					"cubes": [
						{
							"origin": [-21.20569, 38.74667, -2.63407],
							"size": [9.02503, 11.23987, 10.54284],
							"uv": {
								"north": {"uv": [18, 101], "uv_size": [9, 11]},
								"east": {"uv": [54, 90], "uv_size": [10.5, 11]},
								"south": {"uv": [54, 101], "uv_size": [9, 11]},
								"west": {"uv": [65, 94], "uv_size": [10.5, 11]},
								"up": {"uv": [108, 77], "uv_size": [9, 10.5]},
								"down": {"uv": [109, 41.5], "uv_size": [9, -10.5]}
							}
						},
						{
							"origin": [-20.62282, 31.81875, -1.28065],
							"size": [7.8593, 11.1735, 7.83599],
							"uv": {
								"north": {"uv": [113, 110], "uv_size": [8, 11]},
								"east": {"uv": [25, 114], "uv_size": [8, 11]},
								"south": {"uv": [114, 51], "uv_size": [8, 11]},
								"west": {"uv": [114, 62], "uv_size": [8, 11]},
								"up": {"uv": [131, 79], "uv_size": [8, 8]},
								"down": {"uv": [132, 37], "uv_size": [8, -8]}
							}
						},
						{
							"origin": [-17.40831, 30.64382, -3.77516],
							"size": [7.39205, 9.65567, 8.74277],
							"pivot": [-15.35914, 42.57363, 0.40226],
							"rotation": [0, 0, 5],
							"uv": {
								"north": {"uv": [46, 138], "uv_size": [5.5, 9.5]},
								"east": {"uv": [25, 125], "uv_size": [7.5, 9.5]},
								"south": {"uv": [52, 138], "uv_size": [5.5, 9.5]},
								"west": {"uv": [62, 126], "uv_size": [7.5, 9.5]},
								"up": {"uv": [25, 144], "uv_size": [5.5, 7.5]},
								"down": {"uv": [144, 73.5], "uv_size": [5.5, -7.5]}
							}
						},
						{
							"origin": [-21.78857, 40.30755, -2.05121],
							"size": [10.19074, 9.09612, 9.37711],
							"uv": {
								"north": {"uv": [15, 112], "uv_size": [10, 9]},
								"east": {"uv": [0, 117], "uv_size": [9.5, 9]},
								"south": {"uv": [52, 112], "uv_size": [10, 9]},
								"west": {"uv": [15, 121], "uv_size": [9.5, 9]},
								"up": {"uv": [104, 60], "uv_size": [10, 9.5]},
								"down": {"uv": [63, 114.5], "uv_size": [10, -9.5]}
							}
						},
						{
							"origin": [-23.01224, 40.50963, -1.7568],
							"size": [8.96786, 8.00459, 8.25185],
							"uv": {
								"north": {"uv": [123, 42], "uv_size": [9, 8]},
								"east": {"uv": [33, 129], "uv_size": [8.5, 8]},
								"south": {"uv": [124, 11], "uv_size": [9, 8]},
								"west": {"uv": [42, 129], "uv_size": [8.5, 8]},
								"up": {"uv": [88, 121], "uv_size": [9, 8.5]},
								"down": {"uv": [121, 116.5], "uv_size": [9, -8.5]}
							}
						},
						{
							"origin": [-20.29406, 42.5726, -1.28065],
							"size": [6.45447, 8.32556, 7.83599],
							"uv": {
								"north": {"uv": [136, 125], "uv_size": [6.5, 8.5]},
								"east": {"uv": [97, 129], "uv_size": [8, 8.5]},
								"south": {"uv": [130, 136], "uv_size": [6.5, 8.5]},
								"west": {"uv": [9, 130], "uv_size": [8, 8.5]},
								"up": {"uv": [138, 87], "uv_size": [6.5, 8]},
								"down": {"uv": [138, 113], "uv_size": [6.5, -8]}
							}
						},
						{
							"origin": [-20.62282, 39.91238, -3.21693],
							"size": [7.8593, 9.49127, 11.70856],
							"uv": {
								"north": {"uv": [122, 60], "uv_size": [8, 9.5]},
								"east": {"uv": [100, 8], "uv_size": [11.5, 9.5]},
								"south": {"uv": [122, 87], "uv_size": [8, 9.5]},
								"west": {"uv": [82, 100], "uv_size": [11.5, 9.5]},
								"up": {"uv": [105, 110], "uv_size": [8, 11.5]},
								"down": {"uv": [36, 122.5], "uv_size": [8, -11.5]}
							}
						}
					]
				},
				{
					"name": "rightBraco_down",
					"parent": "rightBraco",
					"pivot": [-16.26851, 33.61427, 1.93559],
					"rotation": [-5, 0, -7.5],
					"cubes": [
						{
							"origin": [-22.0097, 14.07, -1.43812],
							"size": [9.40544, 11.06328, 9.1527],
							"uv": {
								"north": {"uv": [60, 136], "uv_size": [5.5, 11]},
								"east": {"uv": [130, 114], "uv_size": [6, 11]},
								"south": {"uv": [66, 136], "uv_size": [5.5, 11]},
								"west": {"uv": [130, 125], "uv_size": [6, 11]},
								"up": {"uv": [84, 150], "uv_size": [5.5, 6]},
								"down": {"uv": [150, 92], "uv_size": [5.5, -6]}
							}
						},
						{
							"origin": [-21.75695, 24.53156, -1.18538],
							"size": [7.89995, 8.96137, 8.64721],
							"pivot": [-20.1194, 16.70631, 2.63823],
							"rotation": [0, 0, 2.5],
							"uv": {
								"north": {"uv": [133, 96], "uv_size": [7, 9]},
								"east": {"uv": [86, 130], "uv_size": [7.5, 9]},
								"south": {"uv": [0, 134], "uv_size": [7, 9]},
								"west": {"uv": [130, 87], "uv_size": [7.5, 9]},
								"up": {"uv": [137, 68], "uv_size": [7, 7.5]},
								"down": {"uv": [121, 144.5], "uv_size": [7, -7.5]}
							}
						},
						{
							"origin": [-18.66468, 19.22603, -2.11063],
							"size": [6.73292, 8.971, 5.13512],
							"uv": {
								"north": {"uv": [145, 86], "uv_size": [4.5, 9]},
								"east": {"uv": [13, 147], "uv_size": [4, 9]},
								"south": {"uv": [145, 95], "uv_size": [4.5, 9]},
								"west": {"uv": [58, 147], "uv_size": [4, 9]},
								"up": {"uv": [156, 103], "uv_size": [4.5, 4]},
								"down": {"uv": [156, 130], "uv_size": [4.5, -4]}
							}
						},
						{
							"origin": [-18.66468, 19.22603, 2.25201],
							"size": [4.73292, 8.22375, 4.13512],
							"uv": {
								"north": {"uv": [62, 147], "uv_size": [4.5, 8]},
								"east": {"uv": [36, 103], "uv_size": [4, 8]},
								"south": {"uv": [67, 147], "uv_size": [4.5, 8]},
								"west": {"uv": [108, 0], "uv_size": [4, 8]},
								"up": {"uv": [156, 130], "uv_size": [4.5, 4]},
								"down": {"uv": [156, 138], "uv_size": [4.5, -4]}
							}
						},
						{
							"origin": [-17.99214, 25.84369, 2.92453],
							"size": [4.73292, 6.28087, 4.13512],
							"uv": {
								"north": {"uv": [152, 53], "uv_size": [4.5, 6.5]},
								"east": {"uv": [109, 42], "uv_size": [4, 6.5]},
								"south": {"uv": [76, 152], "uv_size": [4.5, 6.5]},
								"west": {"uv": [154, 69], "uv_size": [4, 6.5]},
								"up": {"uv": [156, 138], "uv_size": [4.5, 4]},
								"down": {"uv": [141, 160], "uv_size": [4.5, -4]}
							}
						},
						{
							"origin": [-17.99214, 25.84369, -1.78315],
							"size": [5.73292, 6.28087, 4.13512],
							"uv": {
								"north": {"uv": [123, 152], "uv_size": [4.5, 6.5]},
								"east": {"uv": [154, 76], "uv_size": [4, 6.5]},
								"south": {"uv": [128, 152], "uv_size": [4.5, 6.5]},
								"west": {"uv": [90, 154], "uv_size": [4, 6.5]},
								"up": {"uv": [156, 142], "uv_size": [4.5, 4]},
								"down": {"uv": [146, 160], "uv_size": [4.5, -4]}
							}
						}
					]
				},
				{
					"name": "rightHand",
					"parent": "rightBraco_down",
					"pivot": [-17.56633, 14.34416, 2.42733],
					"rotation": [0, 22.5, 0],
					"cubes": [
						{
							"origin": [-22.71818, 5.92064, -0.02895],
							"size": [4.47612, 8.00704, 8.70161],
							"pivot": [-16.35468, 13.49433, 3.53079],
							"rotation": [0, -35, 0],
							"uv": {
								"north": {"uv": [150, 92], "uv_size": [6, 5.5]},
								"east": {"uv": [148, 113], "uv_size": [6.5, 5.5]},
								"south": {"uv": [150, 98], "uv_size": [6, 5.5]},
								"west": {"uv": [6, 149], "uv_size": [6.5, 5.5]},
								"up": {"uv": [123, 145], "uv_size": [6, 6.5]},
								"down": {"uv": [129, 151.5], "uv_size": [6, -6.5]}
							}
						},
						{
							"origin": [-20.71818, 8.92064, -1.02895],
							"size": [4.47612, 6.00704, 6.70161],
							"pivot": [-16.35468, 13.49433, 3.53079],
							"rotation": [0, -35, 0],
							"uv": {
								"north": {"uv": [150, 92], "uv_size": [6, 5.5]},
								"east": {"uv": [148, 113], "uv_size": [6.5, 5.5]},
								"south": {"uv": [150, 98], "uv_size": [6, 5.5]},
								"west": {"uv": [6, 149], "uv_size": [6.5, 5.5]},
								"up": {"uv": [123, 145], "uv_size": [6, 6.5]},
								"down": {"uv": [129, 151.5], "uv_size": [6, -6.5]}
							}
						},
						{
							"origin": [-21.71818, -1.07936, 0.97105],
							"size": [2.47612, 7.00704, 1.70161],
							"pivot": [-16.35468, 13.49433, 3.53079],
							"rotation": [0, -35, 0],
							"uv": {
								"north": {"uv": [150, 92], "uv_size": [6, 5.5]},
								"east": {"uv": [148, 113], "uv_size": [6.5, 5.5]},
								"south": {"uv": [150, 98], "uv_size": [6, 5.5]},
								"west": {"uv": [6, 149], "uv_size": [6.5, 5.5]},
								"up": {"uv": [123, 145], "uv_size": [6, 6.5]},
								"down": {"uv": [129, 151.5], "uv_size": [6, -6.5]}
							}
						},
						{
							"origin": [-24.42654, 5.07684, -5.95007],
							"size": [2.47612, 4.00704, 1.70161],
							"pivot": [-18.06304, 11.65053, -3.39034],
							"rotation": [105.26172, -2.11438, -146.01127],
							"uv": {
								"north": {"uv": [150, 92], "uv_size": [6, 5.5]},
								"east": {"uv": [148, 113], "uv_size": [6.5, 5.5]},
								"south": {"uv": [150, 98], "uv_size": [6, 5.5]},
								"west": {"uv": [6, 149], "uv_size": [6.5, 5.5]},
								"up": {"uv": [123, 145], "uv_size": [6, 6.5]},
								"down": {"uv": [129, 151.5], "uv_size": [6, -6.5]}
							}
						},
						{
							"origin": [-21.71818, 7.92064, 4.97105],
							"size": [2.47612, 5.00704, 1.70161],
							"pivot": [-16.35468, 13.49433, 3.53079],
							"rotation": [-123.76283, -79.22186, 64.07766],
							"uv": {
								"north": {"uv": [150, 92], "uv_size": [6, 5.5]},
								"east": {"uv": [148, 113], "uv_size": [6.5, 5.5]},
								"south": {"uv": [150, 98], "uv_size": [6, 5.5]},
								"west": {"uv": [6, 149], "uv_size": [6.5, 5.5]},
								"up": {"uv": [123, 145], "uv_size": [6, 6.5]},
								"down": {"uv": [129, 151.5], "uv_size": [6, -6.5]}
							}
						},
						{
							"origin": [-21.71818, -3.07936, 2.97105],
							"size": [2.47612, 9.00704, 1.70161],
							"pivot": [-16.35468, 13.49433, 3.53079],
							"rotation": [0, -35, 0],
							"uv": {
								"north": {"uv": [150, 92], "uv_size": [6, 5.5]},
								"east": {"uv": [148, 113], "uv_size": [6.5, 5.5]},
								"south": {"uv": [150, 98], "uv_size": [6, 5.5]},
								"west": {"uv": [6, 149], "uv_size": [6.5, 5.5]},
								"up": {"uv": [123, 145], "uv_size": [6, 6.5]},
								"down": {"uv": [129, 151.5], "uv_size": [6, -6.5]}
							}
						},
						{
							"origin": [-21.71818, -2.07936, 4.97105],
							"size": [2.47612, 8.00704, 1.70161],
							"pivot": [-16.35468, 13.49433, 3.53079],
							"rotation": [0, -35, 0],
							"uv": {
								"north": {"uv": [150, 92], "uv_size": [6, 5.5]},
								"east": {"uv": [148, 113], "uv_size": [6.5, 5.5]},
								"south": {"uv": [150, 98], "uv_size": [6, 5.5]},
								"west": {"uv": [6, 149], "uv_size": [6.5, 5.5]},
								"up": {"uv": [123, 145], "uv_size": [6, 6.5]},
								"down": {"uv": [129, 151.5], "uv_size": [6, -6.5]}
							}
						},
						{
							"origin": [-21.71818, 0.92064, 6.97105],
							"size": [2.47612, 5.00704, 1.70161],
							"pivot": [-16.35468, 13.49433, 3.53079],
							"rotation": [0, -35, 0],
							"uv": {
								"north": {"uv": [150, 92], "uv_size": [6, 5.5]},
								"east": {"uv": [148, 113], "uv_size": [6.5, 5.5]},
								"south": {"uv": [150, 98], "uv_size": [6, 5.5]},
								"west": {"uv": [6, 149], "uv_size": [6.5, 5.5]},
								"up": {"uv": [123, 145], "uv_size": [6, 6.5]},
								"down": {"uv": [129, 151.5], "uv_size": [6, -6.5]}
							}
						}
					]
				},
				{
					"name": "leftBraco",
					"parent": "Corpo_up",
					"pivot": [14.45072, 46.01444, 3.10957],
					"rotation": [11.46604, -0.75123, -11.13772],
					"cubes": [
						{
							"origin": [12.18066, 38.74667, -2.63407],
							"size": [9.02503, 11.23987, 10.54284],
							"uv": {
								"north": {"uv": [27, 101], "uv_size": [-9, 11]},
								"east": {"uv": [75.5, 94], "uv_size": [-10.5, 11]},
								"south": {"uv": [63, 101], "uv_size": [-9, 11]},
								"west": {"uv": [64.5, 90], "uv_size": [-10.5, 11]},
								"up": {"uv": [117, 77], "uv_size": [-9, 10.5]},
								"down": {"uv": [118, 41.5], "uv_size": [-9, -10.5]}
							}
						},
						{
							"origin": [12.76352, 31.81875, -1.28065],
							"size": [7.8593, 11.1735, 7.83599],
							"uv": {
								"north": {"uv": [121, 110], "uv_size": [-8, 11]},
								"east": {"uv": [122, 62], "uv_size": [-8, 11]},
								"south": {"uv": [122, 51], "uv_size": [-8, 11]},
								"west": {"uv": [33, 114], "uv_size": [-8, 11]},
								"up": {"uv": [139, 79], "uv_size": [-8, 8]},
								"down": {"uv": [140, 37], "uv_size": [-8, -8]}
							}
						},
						{
							"origin": [10.01626, 30.64382, -3.77516],
							"size": [7.39205, 9.65567, 8.74277],
							"pivot": [15.35914, 42.57363, 0.40226],
							"rotation": [0, 0, -5],
							"uv": {
								"north": {"uv": [51.5, 138], "uv_size": [-5.5, 9.5]},
								"east": {"uv": [69.5, 126], "uv_size": [-7.5, 9.5]},
								"south": {"uv": [57.5, 138], "uv_size": [-5.5, 9.5]},
								"west": {"uv": [32.5, 125], "uv_size": [-7.5, 9.5]},
								"up": {"uv": [30.5, 144], "uv_size": [-5.5, 7.5]},
								"down": {"uv": [149.5, 73.5], "uv_size": [-5.5, -7.5]}
							}
						},
						{
							"origin": [11.59783, 40.30755, -2.05121],
							"size": [10.19074, 9.09612, 9.37711],
							"uv": {
								"north": {"uv": [25, 112], "uv_size": [-10, 9]},
								"east": {"uv": [24.5, 121], "uv_size": [-9.5, 9]},
								"south": {"uv": [62, 112], "uv_size": [-10, 9]},
								"west": {"uv": [9.5, 117], "uv_size": [-9.5, 9]},
								"up": {"uv": [114, 60], "uv_size": [-10, 9.5]},
								"down": {"uv": [73, 114.5], "uv_size": [-10, -9.5]}
							}
						},
						{
							"origin": [14.04438, 40.50963, -1.7568],
							"size": [8.96786, 8.00459, 8.25185],
							"uv": {
								"north": {"uv": [132, 42], "uv_size": [-9, 8]},
								"east": {"uv": [50.5, 129], "uv_size": [-8.5, 8]},
								"south": {"uv": [133, 11], "uv_size": [-9, 8]},
								"west": {"uv": [41.5, 129], "uv_size": [-8.5, 8]},
								"up": {"uv": [97, 121], "uv_size": [-9, 8.5]},
								"down": {"uv": [130, 116.5], "uv_size": [-9, -8.5]}
							}
						},
						{
							"origin": [13.83959, 42.5726, -1.28065],
							"size": [6.45447, 8.32556, 7.83599],
							"uv": {
								"north": {"uv": [142.5, 125], "uv_size": [-6.5, 8.5]},
								"east": {"uv": [17, 130], "uv_size": [-8, 8.5]},
								"south": {"uv": [136.5, 136], "uv_size": [-6.5, 8.5]},
								"west": {"uv": [105, 129], "uv_size": [-8, 8.5]},
								"up": {"uv": [144.5, 87], "uv_size": [-6.5, 8]},
								"down": {"uv": [144.5, 113], "uv_size": [-6.5, -8]}
							}
						},
						{
							"origin": [12.76352, 39.91238, -3.21693],
							"size": [7.8593, 9.49127, 11.70856],
							"uv": {
								"north": {"uv": [130, 60], "uv_size": [-8, 9.5]},
								"east": {"uv": [93.5, 100], "uv_size": [-11.5, 9.5]},
								"south": {"uv": [130, 87], "uv_size": [-8, 9.5]},
								"west": {"uv": [111.5, 8], "uv_size": [-11.5, 9.5]},
								"up": {"uv": [113, 110], "uv_size": [-8, 11.5]},
								"down": {"uv": [44, 122.5], "uv_size": [-8, -11.5]}
							}
						}
					]
				},
				{
					"name": "leftBraco_down",
					"parent": "leftBraco",
					"pivot": [16.26851, 33.61427, 1.93559],
					"rotation": [-5, 0, 7.5],
					"cubes": [
						{
							"origin": [12.60426, 14.07, -1.43812],
							"size": [9.40544, 11.06328, 9.1527],
							"uv": {
								"north": {"uv": [65.5, 136], "uv_size": [-5.5, 11]},
								"east": {"uv": [136, 125], "uv_size": [-6, 11]},
								"south": {"uv": [71.5, 136], "uv_size": [-5.5, 11]},
								"west": {"uv": [136, 114], "uv_size": [-6, 11]},
								"up": {"uv": [89.5, 150], "uv_size": [-5.5, 6]},
								"down": {"uv": [155.5, 92], "uv_size": [-5.5, -6]}
							}
						},
						{
							"origin": [13.857, 24.53156, -1.18538],
							"size": [7.89995, 8.96137, 8.64721],
							"pivot": [20.1194, 16.70631, 2.63823],
							"rotation": [0, 0, -2.5],
							"uv": {
								"north": {"uv": [140, 96], "uv_size": [-7, 9]},
								"east": {"uv": [137.5, 87], "uv_size": [-7.5, 9]},
								"south": {"uv": [7, 134], "uv_size": [-7, 9]},
								"west": {"uv": [93.5, 130], "uv_size": [-7.5, 9]},
								"up": {"uv": [144, 68], "uv_size": [-7, 7.5]},
								"down": {"uv": [128, 144.5], "uv_size": [-7, -7.5]}
							}
						},
						{
							"origin": [11.93176, 19.22603, -2.11063],
							"size": [6.73292, 8.971, 5.13512],
							"uv": {
								"north": {"uv": [149.5, 86], "uv_size": [-4.5, 9]},
								"east": {"uv": [62, 147], "uv_size": [-4, 9]},
								"south": {"uv": [149.5, 95], "uv_size": [-4.5, 9]},
								"west": {"uv": [17, 147], "uv_size": [-4, 9]},
								"up": {"uv": [160.5, 103], "uv_size": [-4.5, 4]},
								"down": {"uv": [160.5, 130], "uv_size": [-4.5, -4]}
							}
						},
						{
							"origin": [13.93176, 19.22603, 2.25201],
							"size": [4.73292, 8.22375, 4.13512],
							"uv": {
								"north": {"uv": [66.5, 147], "uv_size": [-4.5, 8]},
								"east": {"uv": [112, 0], "uv_size": [-4, 8]},
								"south": {"uv": [71.5, 147], "uv_size": [-4.5, 8]},
								"west": {"uv": [40, 103], "uv_size": [-4, 8]},
								"up": {"uv": [160.5, 130], "uv_size": [-4.5, 4]},
								"down": {"uv": [160.5, 138], "uv_size": [-4.5, -4]}
							}
						},
						{
							"origin": [13.25922, 25.84369, 2.92453],
							"size": [4.73292, 6.28087, 4.13512],
							"uv": {
								"north": {"uv": [156.5, 53], "uv_size": [-4.5, 6.5]},
								"east": {"uv": [158, 69], "uv_size": [-4, 6.5]},
								"south": {"uv": [80.5, 152], "uv_size": [-4.5, 6.5]},
								"west": {"uv": [113, 42], "uv_size": [-4, 6.5]},
								"up": {"uv": [160.5, 138], "uv_size": [-4.5, 4]},
								"down": {"uv": [145.5, 160], "uv_size": [-4.5, -4]}
							}
						},
						{
							"origin": [12.25922, 25.84369, -1.78315],
							"size": [5.73292, 6.28087, 4.13512],
							"uv": {
								"north": {"uv": [127.5, 152], "uv_size": [-4.5, 6.5]},
								"east": {"uv": [94, 154], "uv_size": [-4, 6.5]},
								"south": {"uv": [132.5, 152], "uv_size": [-4.5, 6.5]},
								"west": {"uv": [158, 76], "uv_size": [-4, 6.5]},
								"up": {"uv": [160.5, 142], "uv_size": [-4.5, 4]},
								"down": {"uv": [150.5, 160], "uv_size": [-4.5, -4]}
							}
						}
					]
				},
				{
					"name": "leftHand",
					"parent": "leftBraco_down",
					"pivot": [17.56633, 14.34416, 2.42733],
					"rotation": [0, -22.5, 0],
					"cubes": [
						{
							"origin": [18.24206, 5.92064, -0.02895],
							"size": [4.47612, 8.00704, 8.70161],
							"pivot": [16.35468, 13.49433, 3.53079],
							"rotation": [0, 35, 0],
							"uv": {
								"north": {"uv": [156, 92], "uv_size": [-6, 5.5]},
								"east": {"uv": [12.5, 149], "uv_size": [-6.5, 5.5]},
								"south": {"uv": [156, 98], "uv_size": [-6, 5.5]},
								"west": {"uv": [154.5, 113], "uv_size": [-6.5, 5.5]},
								"up": {"uv": [129, 145], "uv_size": [-6, 6.5]},
								"down": {"uv": [135, 151.5], "uv_size": [-6, -6.5]}
							}
						},
						{
							"origin": [16.24206, 8.92064, -1.02895],
							"size": [4.47612, 6.00704, 6.70161],
							"pivot": [16.35468, 13.49433, 3.53079],
							"rotation": [0, 35, 0],
							"uv": {
								"north": {"uv": [156, 92], "uv_size": [-6, 5.5]},
								"east": {"uv": [12.5, 149], "uv_size": [-6.5, 5.5]},
								"south": {"uv": [156, 98], "uv_size": [-6, 5.5]},
								"west": {"uv": [154.5, 113], "uv_size": [-6.5, 5.5]},
								"up": {"uv": [129, 145], "uv_size": [-6, 6.5]},
								"down": {"uv": [135, 151.5], "uv_size": [-6, -6.5]}
							}
						},
						{
							"origin": [16.24206, 4.92064, 0.97105],
							"size": [5.47612, 4.00704, 1.70161],
							"pivot": [16.35468, 13.49433, 3.53079],
							"rotation": [0, 35, 0],
							"uv": {
								"north": {"uv": [156, 92], "uv_size": [-6, 5.5]},
								"east": {"uv": [12.5, 149], "uv_size": [-6.5, 5.5]},
								"south": {"uv": [156, 98], "uv_size": [-6, 5.5]},
								"west": {"uv": [154.5, 113], "uv_size": [-6.5, 5.5]},
								"up": {"uv": [129, 145], "uv_size": [-6, 6.5]},
								"down": {"uv": [135, 151.5], "uv_size": [-6, -6.5]}
							}
						},
						{
							"origin": [13.08969, 6.40941, 0.16321],
							"size": [2.47612, 4.00704, 1.70161],
							"pivot": [14.36464, 9.37701, 1.27706],
							"rotation": [99.58859, -27.80501, 154.61242],
							"uv": {
								"north": {"uv": [156, 92], "uv_size": [-6, 5.5]},
								"east": {"uv": [12.5, 149], "uv_size": [-6.5, 5.5]},
								"south": {"uv": [156, 98], "uv_size": [-6, 5.5]},
								"west": {"uv": [154.5, 113], "uv_size": [-6.5, 5.5]},
								"up": {"uv": [129, 145], "uv_size": [-6, 6.5]},
								"down": {"uv": [135, 151.5], "uv_size": [-6, -6.5]}
							}
						},
						{
							"origin": [13.90769, 8.04971, -1.10574],
							"size": [2.47612, 5.00704, 1.70161],
							"pivot": [15.14574, 10.55323, -0.25494],
							"rotation": [102.34985, 60.92683, 160.04875],
							"uv": {
								"north": {"uv": [156, 92], "uv_size": [-6, 5.5]},
								"east": {"uv": [12.5, 149], "uv_size": [-6.5, 5.5]},
								"south": {"uv": [156, 98], "uv_size": [-6, 5.5]},
								"west": {"uv": [154.5, 113], "uv_size": [-6.5, 5.5]},
								"up": {"uv": [129, 145], "uv_size": [-6, 6.5]},
								"down": {"uv": [135, 151.5], "uv_size": [-6, -6.5]}
							}
						},
						{
							"origin": [16.24206, 4.92064, 2.97105],
							"size": [5.47612, 4.00704, 1.70161],
							"pivot": [16.35468, 13.49433, 3.53079],
							"rotation": [0, 35, 0],
							"uv": {
								"north": {"uv": [156, 92], "uv_size": [-6, 5.5]},
								"east": {"uv": [12.5, 149], "uv_size": [-6.5, 5.5]},
								"south": {"uv": [156, 98], "uv_size": [-6, 5.5]},
								"west": {"uv": [154.5, 113], "uv_size": [-6.5, 5.5]},
								"up": {"uv": [129, 145], "uv_size": [-6, 6.5]},
								"down": {"uv": [135, 151.5], "uv_size": [-6, -6.5]}
							}
						},
						{
							"origin": [16.24206, 4.92064, 4.97105],
							"size": [5.47612, 4.00704, 1.70161],
							"pivot": [16.35468, 13.49433, 3.53079],
							"rotation": [0, 35, 0],
							"uv": {
								"north": {"uv": [156, 92], "uv_size": [-6, 5.5]},
								"east": {"uv": [12.5, 149], "uv_size": [-6.5, 5.5]},
								"south": {"uv": [156, 98], "uv_size": [-6, 5.5]},
								"west": {"uv": [154.5, 113], "uv_size": [-6.5, 5.5]},
								"up": {"uv": [129, 145], "uv_size": [-6, 6.5]},
								"down": {"uv": [135, 151.5], "uv_size": [-6, -6.5]}
							}
						},
						{
							"origin": [16.24206, 4.92064, 6.97105],
							"size": [5.47612, 4.00704, 1.70161],
							"pivot": [16.35468, 13.49433, 3.53079],
							"rotation": [0, 35, 0],
							"uv": {
								"north": {"uv": [156, 92], "uv_size": [-6, 5.5]},
								"east": {"uv": [12.5, 149], "uv_size": [-6.5, 5.5]},
								"south": {"uv": [156, 98], "uv_size": [-6, 5.5]},
								"west": {"uv": [154.5, 113], "uv_size": [-6.5, 5.5]},
								"up": {"uv": [129, 145], "uv_size": [-6, 6.5]},
								"down": {"uv": [135, 151.5], "uv_size": [-6, -6.5]}
							}
						}
					]
				},
				{
					"name": "Asa",
					"parent": "Corpo_up",
					"pivot": [6.01998, 69.58327, 10.6747]
				},
				{
					"name": "Asa2",
					"parent": "Corpo_up",
					"pivot": [0, 59.77854, 0.69395]
				},
				{
					"name": "body",
					"pivot": [0, 24, 0]
				},
				{
					"name": "bodyArmor",
					"parent": "body",
					"pivot": [0, 24, 0]
				},
				{
					"name": "belt",
					"parent": "body",
					"pivot": [0, 24, 0]
				},
				{
					"name": "rightArm",
					"parent": "body",
					"pivot": [-5, 22, 0]
				},
				{
					"name": "rightItem",
					"parent": "rightArm",
					"pivot": [-6, 15, 1]
				},
				{
					"name": "rightArmArmor",
					"parent": "rightArm",
					"pivot": [-5, 22, 0]
				},
				{
					"name": "rightLeg",
					"parent": "body",
					"pivot": [-1.9, 12, 0]
				},
				{
					"name": "rightLegging",
					"parent": "rightLeg",
					"pivot": [-1.9, 12, 0]
				},
				{
					"name": "rightBoot",
					"parent": "rightLeg",
					"pivot": [-1.9, 12, 0]
				},
				{
					"name": "rightSock",
					"parent": "rightLeg",
					"pivot": [-1.9, 12, 0]
				},
				{
					"name": "leftLeg",
					"parent": "body",
					"pivot": [1.9, 12, 0]
				},
				{
					"name": "leftLegging",
					"parent": "leftLeg",
					"pivot": [1.9, 12, 0]
				},
				{
					"name": "leftBoot",
					"parent": "leftLeg",
					"pivot": [1.9, 12, 0]
				},
				{
					"name": "leftSock",
					"parent": "leftLeg",
					"pivot": [1.9, 12, 0]
				},
				{
					"name": "leftArm",
					"parent": "body",
					"pivot": [5, 22, 0]
				},
				{
					"name": "leftItem",
					"parent": "leftArm",
					"pivot": [6, 15, 1]
				},
				{
					"name": "leftArmArmor",
					"parent": "leftArm",
					"pivot": [5, 22, 0]
				}
			]
		}
	]
}