{
	"format_version": "1.12.0",
	"minecraft:geometry": [
		{
			"description": {
				"identifier": "geometry.gryphon",
				"texture_width": 64,
				"texture_height": 64,
				"visible_bounds_width": 4,
				"visible_bounds_height": 3,
				"visible_bounds_offset": [
					0,
					0.5,
					0
				]
			},
			"bones": [
				{
					"name": "rightArm",
					"pivot": [
						-5,
						22,
						0
					],
					"cubes": [
						{
							"origin": [
								-8,
								12,
								-2
							],
							"size": [
								4,
								12,
								4
							],
							"uv": {
								"north": {
									"uv": [
										64,
										0
									],
									"uv_size": [
										0,
										0
									]
								},
								"east": {
									"uv": [
										64,
										0
									],
									"uv_size": [
										0,
										0
									]
								},
								"south": {
									"uv": [
										64,
										0
									],
									"uv_size": [
										0,
										0
									]
								},
								"west": {
									"uv": [
										64,
										0
									],
									"uv_size": [
										0,
										0
									]
								},
								"up": {
									"uv": [
										64,
										0
									],
									"uv_size": [
										0,
										0
									]
								},
								"down": {
									"uv": [
										64,
										0
									],
									"uv_size": [
										0,
										0
									]
								}
							}
						},
						{
							"origin": [
								-6,
								12,
								-29
							],
							"size": [
								0,
								4,
								24
							],
							"uv": {
								"north": {
									"uv": [
										24,
										24
									],
									"uv_size": [
										0,
										4
									]
								},
								"east": {
									"uv": [
										0,
										28
									],
									"uv_size": [
										24,
										4
									]
								},
								"south": {
									"uv": [
										48,
										24
									],
									"uv_size": [
										0,
										4
									]
								},
								"west": {
									"uv": [
										24,
										24
									],
									"uv_size": [
										24,
										4
									]
								},
								"up": {
									"uv": [
										24,
										0
									],
									"uv_size": [
										0,
										24
									]
								},
								"down": {
									"uv": [
										24,
										24
									],
									"uv_size": [
										0,
										-24
									]
								}
							}
						},
						{
							"origin": [
								-7,
								13,
								-4
							],
							"size": [
								2,
								2,
								9
							],
							"pivot": [
								-6,
								14,
								0
							],
							"rotation": [
								0,
								0,
								40
							],
							"uv": {
								"north": {
									"uv": [
										9,
										9
									],
									"uv_size": [
										2,
										2
									]
								},
								"east": {
									"uv": [
										0,
										9
									],
									"uv_size": [
										9,
										2
									]
								},
								"south": {
									"uv": [
										20,
										9
									],
									"uv_size": [
										2,
										2
									]
								},
								"west": {
									"uv": [
										11,
										9
									],
									"uv_size": [
										9,
										2
									]
								},
								"up": {
									"uv": [
										9,
										0
									],
									"uv_size": [
										2,
										9
									]
								},
								"down": {
									"uv": [
										11,
										9
									],
									"uv_size": [
										2,
										-9
									]
								}
							}
						},
						{
							"origin": [
								-8,
								12,
								-5
							],
							"size": [
								4,
								4,
								1
							],
							"pivot": [
								-6,
								14,
								0
							],
							"rotation": [
								0,
								0,
								40
							],
							"uv": {
								"north": {
									"uv": [
										1,
										12
									],
									"uv_size": [
										4,
										4
									]
								},
								"east": {
									"uv": [
										1,
										12
									],
									"uv_size": [
										4,
										4
									]
								},
								"south": {
									"uv": [
										1,
										12
									],
									"uv_size": [
										4,
										4
									]
								},
								"west": {
									"uv": [
										1,
										12
									],
									"uv_size": [
										4,
										4
									]
								},
								"up": {
									"uv": [
										5,
										16
									],
									"uv_size": [
										-4,
										-4
									]
								},
								"down": {
									"uv": [
										5,
										16
									],
									"uv_size": [
										-4,
										-4
									]
								}
							}
						},
						{
							"origin": [
								-6.27302,
								11.00746,
								-4
							],
							"size": [
								1,
								1,
								9
							],
							"uv": {
								"north": {
									"uv": [
										1,
										12
									],
									"uv_size": [
										4,
										4
									]
								},
								"east": {
									"uv": [
										1,
										12
									],
									"uv_size": [
										4,
										4
									]
								},
								"south": {
									"uv": [
										1,
										12
									],
									"uv_size": [
										4,
										4
									]
								},
								"west": {
									"uv": [
										1,
										12
									],
									"uv_size": [
										4,
										4
									]
								},
								"up": {
									"uv": [
										5,
										16
									],
									"uv_size": [
										-4,
										-4
									]
								},
								"down": {
									"uv": [
										5,
										16
									],
									"uv_size": [
										-4,
										-4
									]
								}
							}
						},
						{
							"origin": [
								-6.27302,
								12.00746,
								4
							],
							"size": [
								1,
								1,
								1
							],
							"uv": {
								"north": {
									"uv": [
										1,
										12
									],
									"uv_size": [
										4,
										4
									]
								},
								"east": {
									"uv": [
										1,
										12
									],
									"uv_size": [
										4,
										4
									]
								},
								"south": {
									"uv": [
										1,
										12
									],
									"uv_size": [
										4,
										4
									]
								},
								"west": {
									"uv": [
										1,
										12
									],
									"uv_size": [
										4,
										4
									]
								},
								"up": {
									"uv": [
										5,
										16
									],
									"uv_size": [
										-4,
										-4
									]
								},
								"down": {
									"uv": [
										5,
										16
									],
									"uv_size": [
										-4,
										-4
									]
								}
							}
						}
					]
				}
			]
		}
	]
}