{
	"format_version": "1.12.0",
	"minecraft:geometry": [
		{
			"description": {
				"identifier": "geometry.inu",
				"texture_width": 128,
				"texture_height": 128,
				"visible_bounds_width": 8,
				"visible_bounds_height": 4.5,
				"visible_bounds_offset": [0, 1.75, 0]
			},
			"bones": [
				{
					"name": "bone",
					"pivot": [-0.22337, 21.39207, 6.71952],
					"cubes": [
						{
							"origin": [-17, 48.15846, -14.81848],
							"size": [34, -40, 0],
							"pivot": [0, 11.46716, -8.32122],
							"rotation": [-45.01818, 0.16011, -0.25142],
							"uv": {
								"north": {"uv": [0, 0], "uv_size": [40, 40]},
								"east": {"uv": [0, 0], "uv_size": [0, 40]},
								"south": {"uv": [0, 40], "uv_size": [40, 40]},
								"west": {"uv": [0, 0], "uv_size": [0, 40]},
								"up": {"uv": [0, 0], "uv_size": [40, 0]},
								"down": {"uv": [0, 0], "uv_size": [40, 0]}
							}
						},
						{
							"origin": [-5, 14, -7],
							"size": [10, 10, 8],
							"uv": {
								"north": {"uv": [51, 48], "uv_size": [10, 10]},
								"east": {"uv": [51, 58], "uv_size": [10, 10]},
								"south": {"uv": [60, 0], "uv_size": [10, 10]},
								"west": {"uv": [60, 10], "uv_size": [10, 10]},
								"up": {"uv": [61, 48], "uv_size": [10, 10]},
								"down": {"uv": [61, 68], "uv_size": [10, -10]}
							}
						},
						{
							"origin": [-4, 15, -8],
							"size": [8, 8, 2],
							"uv": {
								"north": {"uv": [51, 48], "uv_size": [10, 10]},
								"east": {"uv": [51, 58], "uv_size": [10, 10]},
								"south": {"uv": [60, 0], "uv_size": [10, 10]},
								"west": {"uv": [60, 10], "uv_size": [10, 10]},
								"up": {"uv": [61, 48], "uv_size": [10, 10]},
								"down": {"uv": [61, 68], "uv_size": [10, -10]}
							}
						},
						{
							"origin": [-4, 15, -3],
							"size": [8, 8, 6],
							"uv": {
								"north": {"uv": [51, 48], "uv_size": [10, 10]},
								"east": {"uv": [51, 58], "uv_size": [10, 10]},
								"south": {"uv": [60, 0], "uv_size": [10, 10]},
								"west": {"uv": [60, 10], "uv_size": [10, 10]},
								"up": {"uv": [61, 48], "uv_size": [10, 10]},
								"down": {"uv": [61, 68], "uv_size": [10, -10]}
							}
						},
						{
							"origin": [-3, 16, 3],
							"size": [6, 6, 4],
							"pivot": [0, 16, 2],
							"rotation": [7.5, 0, 0],
							"uv": {
								"north": {"uv": [51, 48], "uv_size": [10, 10]},
								"east": {"uv": [51, 58], "uv_size": [10, 10]},
								"south": {"uv": [60, 0], "uv_size": [10, 10]},
								"west": {"uv": [60, 10], "uv_size": [10, 10]},
								"up": {"uv": [61, 48], "uv_size": [10, 10]},
								"down": {"uv": [61, 68], "uv_size": [10, -10]}
							}
						},
						{
							"origin": [-3.65234, 17.21875, 3],
							"size": [7.30469, 5.5625, 9.21484],
							"uv": {
								"north": {"uv": [56, 77], "uv_size": [7.5, 7.5]},
								"east": {"uv": [67, 68], "uv_size": [9, 7.5]},
								"south": {"uv": [78, 8], "uv_size": [7.5, 7.5]},
								"west": {"uv": [70, 0], "uv_size": [9, 7.5]},
								"up": {"uv": [70, 8], "uv_size": [7.5, 9]},
								"down": {"uv": [71, 26], "uv_size": [7.5, -9]}
							}
						},
						{
							"origin": [-4.39062, 14.48047, 12.21484],
							"size": [8.78125, 9.03906, 9.01953],
							"uv": {
								"north": {"uv": [62, 20], "uv_size": [9, 9]},
								"east": {"uv": [62, 29], "uv_size": [9, 9]},
								"south": {"uv": [62, 38], "uv_size": [9, 9]},
								"west": {"uv": [40, 64], "uv_size": [9, 9]},
								"up": {"uv": [49, 68], "uv_size": [9, 9]},
								"down": {"uv": [58, 77], "uv_size": [9, -9]}
							}
						},
						{
							"origin": [-3, 21.64569, -2.87244],
							"size": [6, 5, 5],
							"pivot": [0, 31.14569, -4.37244],
							"rotation": [-52.5, 0, 0],
							"uv": {
								"north": {"uv": [86, 6], "uv_size": [6, 6]},
								"east": {"uv": [98, 71], "uv_size": [3, 6]},
								"south": {"uv": [86, 54], "uv_size": [6, 6]},
								"west": {"uv": [98, 77], "uv_size": [3, 6]},
								"up": {"uv": [98, 10], "uv_size": [6, 3]},
								"down": {"uv": [98, 86], "uv_size": [6, -3]}
							}
						},
						{
							"origin": [-2.85326, 16.06689, -17.7385],
							"size": [0, 7, 15],
							"pivot": [-2.85326, 19.56689, -9.2385],
							"rotation": [34.40722, 74.74924, 152.68943],
							"uv": {
								"north": {"uv": [0, 0], "uv_size": [0, 8]},
								"east": {"uv": [75, 76], "uv_size": [-8, 8]},
								"south": {"uv": [0, 0], "uv_size": [0, 8]},
								"west": {"uv": [84, 66], "uv_size": [-8, 8]},
								"up": {"uv": [0, 0], "uv_size": [0, 8]},
								"down": {"uv": [0, 8], "uv_size": [0, -8]}
							}
						},
						{
							"origin": [1.85326, 11.06689, -16.7385],
							"size": [0, 7, 16],
							"pivot": [2.85326, 19.56689, -9.2385],
							"rotation": [42.81336, -48.17273, 157.5099],
							"uv": {
								"north": {"uv": [0, 0], "uv_size": [0, 8]},
								"east": {"uv": [76, 66], "uv_size": [8, 8]},
								"south": {"uv": [0, 0], "uv_size": [0, 8]},
								"west": {"uv": [67, 76], "uv_size": [8, 8]},
								"up": {"uv": [0, 0], "uv_size": [0, 8]},
								"down": {"uv": [0, 8], "uv_size": [0, -8]}
							}
						},
						{
							"origin": [-1.85326, 11.06689, -16.7385],
							"size": [0, 7, 16],
							"pivot": [-2.85326, 19.56689, -9.2385],
							"rotation": [42.81336, 48.17273, -157.5099],
							"uv": {
								"north": {"uv": [0, 0], "uv_size": [0, 8]},
								"east": {"uv": [75, 76], "uv_size": [-8, 8]},
								"south": {"uv": [0, 0], "uv_size": [0, 8]},
								"west": {"uv": [84, 66], "uv_size": [-8, 8]},
								"up": {"uv": [0, 0], "uv_size": [0, 8]},
								"down": {"uv": [0, 8], "uv_size": [0, -8]}
							}
						}
					]
				},
				{
					"name": "Head",
					"parent": "bone",
					"pivot": [0, 26.85141, -3.96494],
					"cubes": [
						{
							"origin": [-3, 25, -15],
							"size": [6, 4, 7],
							"uv": {
								"north": {"uv": [71, 26], "uv_size": [8, 8]},
								"east": {"uv": [71, 34], "uv_size": [8, 8]},
								"south": {"uv": [71, 42], "uv_size": [8, 8]},
								"west": {"uv": [71, 50], "uv_size": [8, 8]},
								"up": {"uv": [71, 58], "uv_size": [8, 8]},
								"down": {"uv": [40, 81], "uv_size": [8, -8]}
							}
						},
						{
							"origin": [-2, 24, -15],
							"size": [4, 1, 6],
							"uv": {
								"north": {"uv": [71, 26], "uv_size": [8, 8]},
								"east": {"uv": [71, 34], "uv_size": [8, 8]},
								"south": {"uv": [71, 42], "uv_size": [8, 8]},
								"west": {"uv": [71, 50], "uv_size": [8, 8]},
								"up": {"uv": [71, 58], "uv_size": [8, 8]},
								"down": {"uv": [40, 81], "uv_size": [8, -8]}
							}
						},
						{
							"origin": [-2, 25, -13],
							"size": [4, 5, 6],
							"uv": {
								"north": {"uv": [71, 26], "uv_size": [8, 8]},
								"east": {"uv": [71, 34], "uv_size": [8, 8]},
								"south": {"uv": [71, 42], "uv_size": [8, 8]},
								"west": {"uv": [71, 50], "uv_size": [8, 8]},
								"up": {"uv": [71, 58], "uv_size": [8, 8]},
								"down": {"uv": [40, 81], "uv_size": [8, -8]}
							}
						},
						{
							"origin": [-2, 26.03374, -14.67471],
							"size": [4, 3, 3],
							"pivot": [0, 28.45885, -14.77948],
							"rotation": [50, 0, 0],
							"uv": {
								"north": {"uv": [71, 26], "uv_size": [8, 8]},
								"east": {"uv": [71, 34], "uv_size": [8, 8]},
								"south": {"uv": [71, 42], "uv_size": [8, 8]},
								"west": {"uv": [71, 50], "uv_size": [8, 8]},
								"up": {"uv": [71, 58], "uv_size": [8, 8]},
								"down": {"uv": [40, 81], "uv_size": [8, -8]}
							}
						},
						{
							"origin": [1.78812, 29.328, -14],
							"size": [1, 1, 6],
							"pivot": [0.78812, 29.328, -11.5],
							"rotation": [0, 0, 35],
							"uv": {
								"north": {"uv": [71, 31], "uv_size": [7, 3]},
								"east": {"uv": [71, 34], "uv_size": [8, 8]},
								"south": {"uv": [71, 42], "uv_size": [8, 8]},
								"west": {"uv": [71, 50], "uv_size": [8, 8]},
								"up": {"uv": [71, 58], "uv_size": [8, 8]},
								"down": {"uv": [40, 81], "uv_size": [8, -8]}
							}
						},
						{
							"origin": [-2.78812, 29.328, -14],
							"size": [1, 1, 6],
							"pivot": [-0.78812, 29.328, -11.5],
							"rotation": [0, 0, -35],
							"uv": {
								"north": {"uv": [78, 31], "uv_size": [-7, 3]},
								"east": {"uv": [79, 50], "uv_size": [-8, 8]},
								"south": {"uv": [79, 42], "uv_size": [-8, 8]},
								"west": {"uv": [79, 34], "uv_size": [-8, 8]},
								"up": {"uv": [79, 58], "uv_size": [-8, 8]},
								"down": {"uv": [48, 81], "uv_size": [-8, -8]}
							}
						},
						{
							"origin": [3.21875, 23, -14],
							"size": [0, 8, 8],
							"pivot": [5.21875, 27, -11],
							"rotation": [0, 36, 0],
							"uv": {
								"north": {"uv": [0, 0], "uv_size": [0, 8]},
								"east": {"uv": [76, 66], "uv_size": [8, 8]},
								"south": {"uv": [0, 0], "uv_size": [0, 8]},
								"west": {"uv": [67, 76], "uv_size": [8, 8]},
								"up": {"uv": [0, 0], "uv_size": [0, 8]},
								"down": {"uv": [0, 8], "uv_size": [0, -8]}
							}
						},
						{
							"origin": [0.0213, 29.7543, -16.77052],
							"size": [0, 2, 11],
							"pivot": [-0.9787, 31.7543, -9.77052],
							"rotation": [-1.06203, 23.52703, -92.47195],
							"uv": {
								"north": {"uv": [0, 0], "uv_size": [0, 8]},
								"east": {"uv": [76, 66], "uv_size": [8, 8]},
								"south": {"uv": [0, 0], "uv_size": [0, 8]},
								"west": {"uv": [67, 76], "uv_size": [8, 8]},
								"up": {"uv": [0, 0], "uv_size": [0, 8]},
								"down": {"uv": [0, 8], "uv_size": [0, -8]}
							}
						},
						{
							"origin": [-0.9787, 30.7543, -16.77052],
							"size": [0, 2, 11],
							"pivot": [-0.9787, 31.7543, -9.77052],
							"rotation": [24.00794, 11.02902, -92.23777],
							"uv": {
								"north": {"uv": [0, 0], "uv_size": [0, 8]},
								"east": {"uv": [76, 66], "uv_size": [8, 8]},
								"south": {"uv": [0, 0], "uv_size": [0, 8]},
								"west": {"uv": [67, 76], "uv_size": [8, 8]},
								"up": {"uv": [0, 0], "uv_size": [0, 8]},
								"down": {"uv": [0, 8], "uv_size": [0, -8]}
							}
						},
						{
							"origin": [-1.9787, 28.7543, -10.77052],
							"size": [0, 5, 8],
							"pivot": [-0.9787, 31.7543, -9.77052],
							"rotation": [25.17098, 20.1266, -87.92241],
							"uv": {
								"north": {"uv": [0, 0], "uv_size": [0, 8]},
								"east": {"uv": [76, 66], "uv_size": [8, 8]},
								"south": {"uv": [0, 0], "uv_size": [0, 8]},
								"west": {"uv": [67, 76], "uv_size": [8, 8]},
								"up": {"uv": [0, 0], "uv_size": [0, 8]},
								"down": {"uv": [0, 8], "uv_size": [0, -8]}
							}
						},
						{
							"origin": [1.9787, 28.7543, -10.77052],
							"size": [0, 7, 11],
							"pivot": [0.9787, 31.7543, -9.77052],
							"rotation": [25.75382, 23.20691, 107.87154],
							"uv": {
								"north": {"uv": [0, 0], "uv_size": [0, 8]},
								"east": {"uv": [75, 76], "uv_size": [-8, 8]},
								"south": {"uv": [0, 0], "uv_size": [0, 8]},
								"west": {"uv": [84, 66], "uv_size": [-8, 8]},
								"up": {"uv": [0, 0], "uv_size": [0, 8]},
								"down": {"uv": [0, 8], "uv_size": [0, -8]}
							}
						},
						{
							"origin": [-1.9787, 28.7543, -10.77052],
							"size": [0, 7, 11],
							"pivot": [-0.9787, 31.7543, -9.77052],
							"rotation": [25.75382, -23.20691, -107.87154],
							"uv": {
								"north": {"uv": [0, 0], "uv_size": [0, 8]},
								"east": {"uv": [76, 66], "uv_size": [8, 8]},
								"south": {"uv": [0, 0], "uv_size": [0, 8]},
								"west": {"uv": [67, 76], "uv_size": [8, 8]},
								"up": {"uv": [0, 0], "uv_size": [0, 8]},
								"down": {"uv": [0, 8], "uv_size": [0, -8]}
							}
						},
						{
							"origin": [-3.9787, 28.7543, -7.77052],
							"size": [0, 7, 11],
							"pivot": [-0.9787, 31.7543, -9.77052],
							"rotation": [19.04788, -21.04293, -92.33519],
							"uv": {
								"north": {"uv": [0, 0], "uv_size": [0, 8]},
								"east": {"uv": [76, 66], "uv_size": [8, 8]},
								"south": {"uv": [0, 0], "uv_size": [0, 8]},
								"west": {"uv": [67, 76], "uv_size": [8, 8]},
								"up": {"uv": [0, 0], "uv_size": [0, 8]},
								"down": {"uv": [0, 8], "uv_size": [0, -8]}
							}
						},
						{
							"origin": [3.9787, 28.7543, -7.77052],
							"size": [0, 7, 11],
							"pivot": [0.9787, 31.7543, -9.77052],
							"rotation": [19.04788, 21.04293, 92.33519],
							"uv": {
								"north": {"uv": [0, 0], "uv_size": [0, 8]},
								"east": {"uv": [75, 76], "uv_size": [-8, 8]},
								"south": {"uv": [0, 0], "uv_size": [0, 8]},
								"west": {"uv": [84, 66], "uv_size": [-8, 8]},
								"up": {"uv": [0, 0], "uv_size": [0, 8]},
								"down": {"uv": [0, 8], "uv_size": [0, -8]}
							}
						},
						{
							"origin": [3.9787, 28.7543, -7.77052],
							"size": [0, 7, 11],
							"pivot": [0.9787, 31.7543, -9.77052],
							"rotation": [-5.71419, 13.58164, 93.13304],
							"uv": {
								"north": {"uv": [0, 0], "uv_size": [0, 8]},
								"east": {"uv": [75, 76], "uv_size": [-8, 8]},
								"south": {"uv": [0, 0], "uv_size": [0, 8]},
								"west": {"uv": [84, 66], "uv_size": [-8, 8]},
								"up": {"uv": [0, 0], "uv_size": [0, 8]},
								"down": {"uv": [0, 8], "uv_size": [0, -8]}
							}
						},
						{
							"origin": [-0.0213, 30.7543, -10.77052],
							"size": [0, 7, 11],
							"pivot": [0.9787, 31.7543, -9.77052],
							"rotation": [1.33772, 14.6543, 121.48606],
							"uv": {
								"north": {"uv": [0, 0], "uv_size": [0, 8]},
								"east": {"uv": [75, 76], "uv_size": [-8, 8]},
								"south": {"uv": [0, 0], "uv_size": [0, 8]},
								"west": {"uv": [84, 66], "uv_size": [-8, 8]},
								"up": {"uv": [0, 0], "uv_size": [0, 8]},
								"down": {"uv": [0, 8], "uv_size": [0, -8]}
							}
						},
						{
							"origin": [0.0213, 30.7543, -10.77052],
							"size": [0, 7, 11],
							"pivot": [-0.9787, 31.7543, -9.77052],
							"rotation": [1.33772, -14.6543, -121.48606],
							"uv": {
								"north": {"uv": [0, 0], "uv_size": [0, 8]},
								"east": {"uv": [76, 66], "uv_size": [8, 8]},
								"south": {"uv": [0, 0], "uv_size": [0, 8]},
								"west": {"uv": [67, 76], "uv_size": [8, 8]},
								"up": {"uv": [0, 0], "uv_size": [0, 8]},
								"down": {"uv": [0, 8], "uv_size": [0, -8]}
							}
						},
						{
							"origin": [-0.9787, 30.7543, -6.77052],
							"size": [0, 7, 17],
							"pivot": [-0.9787, 31.7543, -9.77052],
							"rotation": [9.07773, -19.5934, -122.30045],
							"uv": {
								"north": {"uv": [0, 0], "uv_size": [0, 8]},
								"east": {"uv": [76, 66], "uv_size": [8, 8]},
								"south": {"uv": [0, 0], "uv_size": [0, 8]},
								"west": {"uv": [67, 76], "uv_size": [8, 8]},
								"up": {"uv": [0, 0], "uv_size": [0, 8]},
								"down": {"uv": [0, 8], "uv_size": [0, -8]}
							}
						},
						{
							"origin": [0.9787, 30.7543, -6.77052],
							"size": [0, 7, 17],
							"pivot": [0.9787, 31.7543, -9.77052],
							"rotation": [9.07773, 19.5934, 122.30045],
							"uv": {
								"north": {"uv": [0, 0], "uv_size": [0, 8]},
								"east": {"uv": [75, 76], "uv_size": [-8, 8]},
								"south": {"uv": [0, 0], "uv_size": [0, 8]},
								"west": {"uv": [84, 66], "uv_size": [-8, 8]},
								"up": {"uv": [0, 0], "uv_size": [0, 8]},
								"down": {"uv": [0, 8], "uv_size": [0, -8]}
							}
						},
						{
							"origin": [-9.3963, 25.17556, -10.83451],
							"size": [0, 7, 11],
							"pivot": [-7.3963, 27.67556, -5.33451],
							"rotation": [45.91365, 2.64796, -164.60781],
							"uv": {
								"north": {"uv": [0, 0], "uv_size": [0, 8]},
								"east": {"uv": [76, 66], "uv_size": [8, 8]},
								"south": {"uv": [0, 0], "uv_size": [0, 8]},
								"west": {"uv": [67, 76], "uv_size": [8, 8]},
								"up": {"uv": [0, 0], "uv_size": [0, 8]},
								"down": {"uv": [0, 8], "uv_size": [0, -8]}
							}
						},
						{
							"origin": [9.3963, 25.17556, -10.83451],
							"size": [0, 7, 11],
							"pivot": [7.3963, 27.67556, -5.33451],
							"rotation": [45.91365, -2.64796, 164.60781],
							"uv": {
								"north": {"uv": [0, 0], "uv_size": [0, 8]},
								"east": {"uv": [75, 76], "uv_size": [-8, 8]},
								"south": {"uv": [0, 0], "uv_size": [0, 8]},
								"west": {"uv": [84, 66], "uv_size": [-8, 8]},
								"up": {"uv": [0, 0], "uv_size": [0, 8]},
								"down": {"uv": [0, 8], "uv_size": [0, -8]}
							}
						},
						{
							"origin": [9.3963, 27.17556, -5.83451],
							"size": [0, 5, 11],
							"pivot": [7.3963, 27.67556, -5.33451],
							"rotation": [15.91365, -2.64796, 164.60781],
							"uv": {
								"north": {"uv": [0, 0], "uv_size": [0, 8]},
								"east": {"uv": [75, 76], "uv_size": [-8, 8]},
								"south": {"uv": [0, 0], "uv_size": [0, 8]},
								"west": {"uv": [84, 66], "uv_size": [-8, 8]},
								"up": {"uv": [0, 0], "uv_size": [0, 8]},
								"down": {"uv": [0, 8], "uv_size": [0, -8]}
							}
						},
						{
							"origin": [-9.3963, 27.17556, -5.83451],
							"size": [0, 5, 11],
							"pivot": [-7.3963, 27.67556, -5.33451],
							"rotation": [15.91365, 2.64796, -164.60781],
							"uv": {
								"north": {"uv": [0, 0], "uv_size": [0, 8]},
								"east": {"uv": [76, 66], "uv_size": [8, 8]},
								"south": {"uv": [0, 0], "uv_size": [0, 8]},
								"west": {"uv": [67, 76], "uv_size": [8, 8]},
								"up": {"uv": [0, 0], "uv_size": [0, 8]},
								"down": {"uv": [0, 8], "uv_size": [0, -8]}
							}
						},
						{
							"origin": [1.9787, 28.7543, -10.77052],
							"size": [0, 5, 8],
							"pivot": [0.9787, 31.7543, -9.77052],
							"rotation": [25.17098, -20.1266, 87.92241],
							"uv": {
								"north": {"uv": [0, 0], "uv_size": [0, 8]},
								"east": {"uv": [75, 76], "uv_size": [-8, 8]},
								"south": {"uv": [0, 0], "uv_size": [0, 8]},
								"west": {"uv": [84, 66], "uv_size": [-8, 8]},
								"up": {"uv": [0, 0], "uv_size": [0, 8]},
								"down": {"uv": [0, 8], "uv_size": [0, -8]}
							}
						},
						{
							"origin": [0.9787, 30.7543, -16.77052],
							"size": [0, 2, 11],
							"pivot": [0.9787, 31.7543, -9.77052],
							"rotation": [24.00794, -11.02902, 92.23777],
							"uv": {
								"north": {"uv": [0, 0], "uv_size": [0, 8]},
								"east": {"uv": [75, 76], "uv_size": [-8, 8]},
								"south": {"uv": [0, 0], "uv_size": [0, 8]},
								"west": {"uv": [84, 66], "uv_size": [-8, 8]},
								"up": {"uv": [0, 0], "uv_size": [0, 8]},
								"down": {"uv": [0, 8], "uv_size": [0, -8]}
							}
						},
						{
							"origin": [-3.21875, 23, -14],
							"size": [0, 8, 8],
							"pivot": [-5.21875, 27, -11],
							"rotation": [0, -36, 0],
							"uv": {
								"north": {"uv": [0, 0], "uv_size": [0, 8]},
								"east": {"uv": [75, 76], "uv_size": [-8, 8]},
								"south": {"uv": [0, 0], "uv_size": [0, 8]},
								"west": {"uv": [84, 66], "uv_size": [-8, 8]},
								"up": {"uv": [0, 0], "uv_size": [0, 8]},
								"down": {"uv": [0, 8], "uv_size": [0, -8]}
							}
						},
						{
							"origin": [3.21875, 23, -14],
							"size": [0, 5, 8],
							"pivot": [5.21875, 27, -11],
							"rotation": [-35, 51, 0],
							"uv": {
								"north": {"uv": [0, 0], "uv_size": [0, 8]},
								"east": {"uv": [76, 66], "uv_size": [8, 8]},
								"south": {"uv": [0, 0], "uv_size": [0, 8]},
								"west": {"uv": [67, 76], "uv_size": [8, 8]},
								"up": {"uv": [0, 0], "uv_size": [0, 8]},
								"down": {"uv": [0, 8], "uv_size": [0, -8]}
							}
						},
						{
							"origin": [7.21875, 21, -11],
							"size": [0, 5, 8],
							"pivot": [5.21875, 27, -11],
							"rotation": [7.52614, 34.62048, 93.91712],
							"uv": {
								"north": {"uv": [0, 0], "uv_size": [0, 8]},
								"east": {"uv": [76, 66], "uv_size": [8, 8]},
								"south": {"uv": [0, 0], "uv_size": [0, 8]},
								"west": {"uv": [67, 76], "uv_size": [8, 8]},
								"up": {"uv": [0, 0], "uv_size": [0, 8]},
								"down": {"uv": [0, 8], "uv_size": [0, -8]}
							}
						},
						{
							"origin": [-7.21875, 21, -11],
							"size": [0, 5, 8],
							"pivot": [-5.21875, 27, -11],
							"rotation": [7.52614, -34.62048, -93.91712],
							"uv": {
								"north": {"uv": [0, 0], "uv_size": [0, 8]},
								"east": {"uv": [75, 76], "uv_size": [-8, 8]},
								"south": {"uv": [0, 0], "uv_size": [0, 8]},
								"west": {"uv": [84, 66], "uv_size": [-8, 8]},
								"up": {"uv": [0, 0], "uv_size": [0, 8]},
								"down": {"uv": [0, 8], "uv_size": [0, -8]}
							}
						},
						{
							"origin": [-3.21875, 23, -14],
							"size": [0, 5, 8],
							"pivot": [-5.21875, 27, -11],
							"rotation": [-35, -51, 0],
							"uv": {
								"north": {"uv": [0, 0], "uv_size": [0, 8]},
								"east": {"uv": [75, 76], "uv_size": [-8, 8]},
								"south": {"uv": [0, 0], "uv_size": [0, 8]},
								"west": {"uv": [84, 66], "uv_size": [-8, 8]},
								"up": {"uv": [0, 0], "uv_size": [0, 8]},
								"down": {"uv": [0, 8], "uv_size": [0, -8]}
							}
						},
						{
							"origin": [-3.83594, 29.66797, -11.92187],
							"size": [0.83594, 5.42188, 2.84375],
							"pivot": [-3.41797, 31.86719, -11],
							"rotation": [-33.87826, -15.85586, -22.14264],
							"uv": {
								"north": {"uv": [41, 104], "uv_size": [1, 5.5]},
								"east": {"uv": [99, 101], "uv_size": [2, 5.5]},
								"south": {"uv": [42, 104], "uv_size": [1, 5.5]},
								"west": {"uv": [101, 101], "uv_size": [2, 5.5]},
								"up": {"uv": [70, 17], "uv_size": [1, 2]},
								"down": {"uv": [48, 75], "uv_size": [1, -2]}
							}
						},
						{
							"origin": [-6.03473, 33.07373, -8.66961],
							"size": [0.53906, 2.97266, 1.60938],
							"pivot": [-5.7652, 35.27295, -7.86492],
							"rotation": [-46.37826, -15.85586, -22.14264],
							"uv": {
								"north": {"uv": [74, 90], "uv_size": [0.5, 3]},
								"east": {"uv": [44, 104], "uv_size": [1.5, 3]},
								"south": {"uv": [87, 91], "uv_size": [0.5, 3]},
								"west": {"uv": [46, 104], "uv_size": [1.5, 3]},
								"up": {"uv": [63, 91], "uv_size": [0.5, 1.5]},
								"down": {"uv": [87, 95.5], "uv_size": [0.5, -1.5]}
							}
						},
						{
							"origin": [3, 29.66797, -11.92187],
							"size": [0.83594, 5.42188, 2.84375],
							"pivot": [3.41797, 31.86719, -11],
							"rotation": [-33.87826, 15.85586, 22.14264],
							"uv": {
								"north": {"uv": [104, 42], "uv_size": [1, 5.5]},
								"east": {"uv": [0, 102], "uv_size": [2, 5.5]},
								"south": {"uv": [43, 104], "uv_size": [1, 5.5]},
								"west": {"uv": [2, 102], "uv_size": [2, 5.5]},
								"up": {"uv": [48, 75], "uv_size": [1, 2]},
								"down": {"uv": [75, 68], "uv_size": [1, -2]}
							}
						},
						{
							"origin": [5.49567, 33.07373, -8.66961],
							"size": [0.53906, 2.97266, 1.60938],
							"pivot": [5.7652, 35.27295, -7.86492],
							"rotation": [-46.37826, 15.85586, 22.14264],
							"uv": {
								"north": {"uv": [83, 62], "uv_size": [0.5, 3]},
								"east": {"uv": [60, 20], "uv_size": [1.5, 3]},
								"south": {"uv": [86, 12], "uv_size": [0.5, 3]},
								"west": {"uv": [49, 64], "uv_size": [1.5, 3]},
								"up": {"uv": [88, 60], "uv_size": [0.5, 1.5]},
								"down": {"uv": [91, 53.5], "uv_size": [0.5, -1.5]}
							}
						},
						{
							"origin": [0.82422, 29.95703, -12.17578],
							"size": [1.35156, 5.83203, 1.35156],
							"pivot": [1.5, 31.95703, -11.5],
							"rotation": [-40.85916, 2.87759, 6.3552],
							"uv": {
								"north": {"uv": [15, 102], "uv_size": [1.5, 6]},
								"east": {"uv": [17, 102], "uv_size": [1.5, 6]},
								"south": {"uv": [19, 102], "uv_size": [1.5, 6]},
								"west": {"uv": [21, 102], "uv_size": [1.5, 6]},
								"up": {"uv": [93, 105], "uv_size": [1.5, 1.5]},
								"down": {"uv": [105, 94.5], "uv_size": [1.5, -1.5]}
							}
						},
						{
							"origin": [1.72674, 34.47556, -9.04777],
							"size": [0.84375, 7.83203, 0.84375],
							"pivot": [2.14862, 36.47556, -8.62589],
							"rotation": [-14.85916, 2.87759, 6.3552],
							"uv": {
								"north": {"uv": [98, 102], "uv_size": [1, 6]},
								"east": {"uv": [104, 36], "uv_size": [1, 6]},
								"south": {"uv": [39, 104], "uv_size": [1, 6]},
								"west": {"uv": [40, 104], "uv_size": [1, 6]},
								"up": {"uv": [85, 55], "uv_size": [1, 1]},
								"down": {"uv": [86, 16], "uv_size": [1, -1]}
							}
						},
						{
							"origin": [-2.17578, 29.95703, -12.17578],
							"size": [1.35156, 5.83203, 1.35156],
							"pivot": [-1.5, 31.95703, -11.5],
							"rotation": [-40.85916, -2.87759, -6.3552],
							"uv": {
								"north": {"uv": [7, 102], "uv_size": [1.5, 6]},
								"east": {"uv": [9, 102], "uv_size": [1.5, 6]},
								"south": {"uv": [11, 102], "uv_size": [1.5, 6]},
								"west": {"uv": [13, 102], "uv_size": [1.5, 6]},
								"up": {"uv": [105, 89], "uv_size": [1.5, 1.5]},
								"down": {"uv": [105, 92.5], "uv_size": [1.5, -1.5]}
							}
						},
						{
							"origin": [-2.57049, 34.47556, -9.04777],
							"size": [0.84375, 7.83203, 0.84375],
							"pivot": [-2.14862, 36.47556, -8.62589],
							"rotation": [-14.85916, -2.87759, -6.3552],
							"uv": {
								"north": {"uv": [75, 76], "uv_size": [1, 6]},
								"east": {"uv": [74, 84], "uv_size": [1, 6]},
								"south": {"uv": [63, 85], "uv_size": [1, 6]},
								"west": {"uv": [92, 6], "uv_size": [1, 6]},
								"up": {"uv": [83, 65], "uv_size": [1, 1]},
								"down": {"uv": [85, 55], "uv_size": [1, -1]}
							}
						},
						{
							"origin": [2.85326, 16.06689, -17.7385],
							"size": [0, 7, 15],
							"pivot": [2.85326, 19.56689, -9.2385],
							"rotation": [34.40722, -74.74924, -152.68943],
							"uv": {
								"north": {"uv": [0, 0], "uv_size": [0, 8]},
								"east": {"uv": [76, 66], "uv_size": [8, 8]},
								"south": {"uv": [0, 0], "uv_size": [0, 8]},
								"west": {"uv": [67, 76], "uv_size": [8, 8]},
								"up": {"uv": [0, 0], "uv_size": [0, 8]},
								"down": {"uv": [0, 8], "uv_size": [0, -8]}
							}
						}
					]
				},
				{
					"name": "bone3",
					"parent": "Head",
					"pivot": [0, 27.36523, -14.42578],
					"cubes": [
						{
							"origin": [-1.55393, 25.60474, -19.44743],
							"size": [3.10788, 2.06742, 2.2136],
							"pivot": [0, 26.03704, -17.4332],
							"rotation": [2.5, 0, 0],
							"uv": {
								"north": {"uv": [101, 80], "uv_size": [3.5, 2.5]},
								"east": {"uv": [98, 86], "uv_size": [7, 2.5]},
								"south": {"uv": [23, 102], "uv_size": [3.5, 2.5]},
								"west": {"uv": [98, 89], "uv_size": [7, 2.5]},
								"up": {"uv": [96, 14], "uv_size": [3.5, 7]},
								"down": {"uv": [96, 28], "uv_size": [3.5, -7]}
							}
						},
						{
							"origin": [-1.17353, 25.90453, -21.79796],
							"size": [2.34707, 1.56131, 2.67171],
							"uv": {
								"north": {"uv": [101, 80], "uv_size": [3.5, 2.5]},
								"east": {"uv": [98, 86], "uv_size": [7, 2.5]},
								"south": {"uv": [23, 102], "uv_size": [3.5, 2.5]},
								"west": {"uv": [98, 89], "uv_size": [7, 2.5]},
								"up": {"uv": [96, 14], "uv_size": [3.5, 7]},
								"down": {"uv": [96, 28], "uv_size": [3.5, -7]}
							}
						},
						{
							"origin": [-1.79687, 25.44141, -18],
							"size": [3.59375, 2.39063, 3],
							"uv": {
								"north": {"uv": [101, 80], "uv_size": [3.5, 2.5]},
								"east": {"uv": [98, 86], "uv_size": [7, 2.5]},
								"south": {"uv": [23, 102], "uv_size": [3.5, 2.5]},
								"west": {"uv": [98, 89], "uv_size": [7, 2.5]},
								"up": {"uv": [96, 14], "uv_size": [3.5, 7]},
								"down": {"uv": [96, 28], "uv_size": [3.5, -7]}
							}
						},
						{
							"origin": [-0.67578, 26.92188, -22.22266],
							"size": [1.35156, 1.21094, 1.11719],
							"uv": {
								"north": {"uv": [60, 23], "uv_size": [1.5, 1]},
								"east": {"uv": [70, 19], "uv_size": [1, 1]},
								"south": {"uv": [49, 67], "uv_size": [1.5, 1]},
								"west": {"uv": [78, 16], "uv_size": [1, 1]},
								"up": {"uv": [69, 47], "uv_size": [1.5, 1]},
								"down": {"uv": [92, 60], "uv_size": [1.5, -1]}
							}
						},
						{
							"origin": [-1.34766, 27.09308, -18.0532],
							"size": [2.69531, 1.19922, 3.07031],
							"pivot": [-0.00001, 27.93164, -15.53515],
							"rotation": [12.5, 0, 0],
							"uv": {
								"north": {"uv": [68, 106], "uv_size": [2.5, 0.5]},
								"east": {"uv": [96, 33], "uv_size": [4, 0.5]},
								"south": {"uv": [106, 69], "uv_size": [2.5, 0.5]},
								"west": {"uv": [105, 82], "uv_size": [4, 0.5]},
								"up": {"uv": [93, 14], "uv_size": [2.5, 4]},
								"down": {"uv": [4, 106], "uv_size": [2.5, -4]}
							}
						},
						{
							"origin": [-1.22839, 25.68068, -21.44736],
							"size": [2.45678, 0.4715, 4.59716],
							"uv": {
								"north": {"uv": [95, 71], "uv_size": [3, 0.5]},
								"east": {"uv": [62, 47], "uv_size": [7, 0.5]},
								"south": {"uv": [106, 30], "uv_size": [3, 0.5]},
								"west": {"uv": [101, 58], "uv_size": [7, 0.5]},
								"up": {"uv": [64, 77], "uv_size": [3, 7]},
								"down": {"uv": [91, 104], "uv_size": [3, -7]}
							}
						}
					]
				},
				{
					"name": "bone4",
					"parent": "Head",
					"pivot": [0, 23.61328, -14.51562],
					"cubes": [
						{
							"origin": [-1.79687, 23.5097, -17.17316],
							"size": [3.59375, 2.42578, 3],
							"pivot": [0.00001, 23.3418, -17],
							"rotation": [-2.5, 0, 0],
							"uv": {
								"north": {"uv": [71, 66], "uv_size": [3.5, 1.5]},
								"east": {"uv": [79, 6], "uv_size": [7, 1.5]},
								"south": {"uv": [84, 80], "uv_size": [3.5, 1.5]},
								"west": {"uv": [101, 31], "uv_size": [7, 1.5]},
								"up": {"uv": [87, 96], "uv_size": [3.5, 7]},
								"down": {"uv": [97, 59], "uv_size": [3.5, -7]}
							}
						},
						{
							"origin": [-1.54531, 23.70546, -18.98077],
							"size": [3.09063, 1.22617, 2.72],
							"uv": {
								"north": {"uv": [71, 66], "uv_size": [3.5, 1.5]},
								"east": {"uv": [79, 6], "uv_size": [7, 1.5]},
								"south": {"uv": [84, 80], "uv_size": [3.5, 1.5]},
								"west": {"uv": [101, 31], "uv_size": [7, 1.5]},
								"up": {"uv": [87, 96], "uv_size": [3.5, 7]},
								"down": {"uv": [97, 59], "uv_size": [3.5, -7]}
							}
						},
						{
							"origin": [-1.29806, 23.93153, -20.32096],
							"size": [2.59612, 1.02998, 2.1248],
							"pivot": [0, 24.70757, -20.24145],
							"rotation": [-2.5, 0, 0],
							"uv": {
								"north": {"uv": [71, 66], "uv_size": [3.5, 1.5]},
								"east": {"uv": [79, 6], "uv_size": [7, 1.5]},
								"south": {"uv": [84, 80], "uv_size": [3.5, 1.5]},
								"west": {"uv": [101, 31], "uv_size": [7, 1.5]},
								"up": {"uv": [87, 96], "uv_size": [3.5, 7]},
								"down": {"uv": [97, 59], "uv_size": [3.5, -7]}
							}
						},
						{
							"origin": [-1.485, 24.8925, -19.8],
							"size": [2.97, 0.57, 5.5575],
							"uv": {
								"north": {"uv": [95, 71], "uv_size": [3, 0.5]},
								"east": {"uv": [62, 47], "uv_size": [7, 0.5]},
								"south": {"uv": [106, 30], "uv_size": [3, 0.5]},
								"west": {"uv": [101, 58], "uv_size": [7, 0.5]},
								"up": {"uv": [64, 77], "uv_size": [3, 7]},
								"down": {"uv": [91, 104], "uv_size": [3, -7]}
							}
						}
					]
				},
				{
					"name": "bone7",
					"parent": "bone",
					"pivot": [-6.07341, 19.20125, -3.31788],
					"rotation": [0, -17.5, 10],
					"cubes": [
						{
							"origin": [-9.0625, 17.80391, -7.12499],
							"size": [4.74219, 7.02734, 4.66797],
							"pivot": [-6.17187, 15.85352, -4.38281],
							"rotation": [-41.87276, -10.83517, -11.84399],
							"uv": {
								"north": {"uv": [84, 71], "uv_size": [4.5, 9]},
								"east": {"uv": [48, 85], "uv_size": [4.5, 9]},
								"south": {"uv": [53, 85], "uv_size": [4.5, 9]},
								"west": {"uv": [58, 85], "uv_size": [4.5, 9]},
								"up": {"uv": [98, 0], "uv_size": [4.5, 4.5]},
								"down": {"uv": [98, 9.5], "uv_size": [4.5, -4.5]}
							}
						},
						{
							"origin": [-8.0625, 16.80391, -7.12499],
							"size": [2.74219, 8.02734, 4.66797],
							"pivot": [-6.17187, 15.85352, -4.38281],
							"rotation": [-33.08328, -5.45539, -3.32501],
							"uv": {
								"north": {"uv": [84, 71], "uv_size": [4.5, 9]},
								"east": {"uv": [48, 85], "uv_size": [4.5, 9]},
								"south": {"uv": [53, 85], "uv_size": [4.5, 9]},
								"west": {"uv": [58, 85], "uv_size": [4.5, 9]},
								"up": {"uv": [98, 0], "uv_size": [4.5, 4.5]},
								"down": {"uv": [98, 9.5], "uv_size": [4.5, -4.5]}
							}
						},
						{
							"origin": [-8.0625, 16.80391, -7.12499],
							"size": [2.74219, 9.02734, 4.66797],
							"pivot": [-6.17187, 15.85352, -4.38281],
							"rotation": [-60.58328, -5.45539, -3.32501],
							"uv": {
								"north": {"uv": [84, 71], "uv_size": [4.5, 9]},
								"east": {"uv": [48, 85], "uv_size": [4.5, 9]},
								"south": {"uv": [53, 85], "uv_size": [4.5, 9]},
								"west": {"uv": [58, 85], "uv_size": [4.5, 9]},
								"up": {"uv": [98, 0], "uv_size": [4.5, 4.5]},
								"down": {"uv": [98, 9.5], "uv_size": [4.5, -4.5]}
							}
						},
						{
							"origin": [-9.11719, 10.77734, -3.55469],
							"size": [4.08594, 8.18359, 3],
							"pivot": [-6.85156, 15.33789, -1.55469],
							"rotation": [21, 0, 0],
							"uv": {
								"north": {"uv": [12, 91], "uv_size": [4, 8]},
								"east": {"uv": [16, 91], "uv_size": [4, 8]},
								"south": {"uv": [20, 91], "uv_size": [4, 8]},
								"west": {"uv": [24, 91], "uv_size": [4, 8]},
								"up": {"uv": [100, 17], "uv_size": [4, 4]},
								"down": {"uv": [100, 25], "uv_size": [4, -4]}
							}
						},
						{
							"origin": [-8.11719, 12.77734, -0.55469],
							"size": [3.08594, 4.18359, 1],
							"pivot": [-6.85156, 15.33789, -1.55469],
							"rotation": [21, 0, 0],
							"uv": {
								"north": {"uv": [12, 91], "uv_size": [4, 8]},
								"east": {"uv": [16, 91], "uv_size": [4, 8]},
								"south": {"uv": [20, 91], "uv_size": [4, 8]},
								"west": {"uv": [24, 91], "uv_size": [4, 8]},
								"up": {"uv": [100, 17], "uv_size": [4, 4]},
								"down": {"uv": [100, 25], "uv_size": [4, -4]}
							}
						},
						{
							"origin": [-8.11719, 14.77734, -4.55469],
							"size": [4.08594, 5.18359, 4],
							"pivot": [-6.85156, 15.33789, -1.55469],
							"rotation": [21, 0, 0],
							"uv": {
								"north": {"uv": [12, 91], "uv_size": [4, 8]},
								"east": {"uv": [16, 91], "uv_size": [4, 8]},
								"south": {"uv": [20, 91], "uv_size": [4, 8]},
								"west": {"uv": [24, 91], "uv_size": [4, 8]},
								"up": {"uv": [100, 17], "uv_size": [4, 4]},
								"down": {"uv": [100, 25], "uv_size": [4, -4]}
							}
						}
					]
				},
				{
					"name": "bone8",
					"parent": "bone7",
					"pivot": [-6.85156, 11.13417, 0.06399],
					"rotation": [0, 20, 0],
					"cubes": [
						{
							"origin": [-7.83984, 9.46496, -1.77583],
							"size": [2.53125, 2.33203, 3.44531],
							"uv": {
								"north": {"uv": [103, 3], "uv_size": [3.5, 2.5]},
								"east": {"uv": [103, 6], "uv_size": [3.5, 2.5]},
								"south": {"uv": [35, 103], "uv_size": [3.5, 2.5]},
								"west": {"uv": [83, 103], "uv_size": [3.5, 2.5]},
								"up": {"uv": [100, 63], "uv_size": [3.5, 3.5]},
								"down": {"uv": [67, 103.5], "uv_size": [3.5, -3.5]}
							}
						},
						{
							"origin": [-9.07156, 0.12424, -9.55137],
							"size": [3.39031, 1.92969, 5.43281],
							"uv": {
								"north": {"uv": [101, 28], "uv_size": [4.5, 2.5]},
								"east": {"uv": [7, 99], "uv_size": [7, 2.5]},
								"south": {"uv": [101, 52], "uv_size": [4.5, 2.5]},
								"west": {"uv": [14, 99], "uv_size": [7, 2.5]},
								"up": {"uv": [93, 7], "uv_size": [4.5, 7]},
								"down": {"uv": [63, 100], "uv_size": [4.5, -7]}
							}
						},
						{
							"origin": [-9.16797, 0.558, -10.66648],
							"size": [1.45703, 1.75, 1.72656],
							"pivot": [-8.43945, 1.433, -9.77585],
							"rotation": [45, 12, 0],
							"uv": {
								"north": {"uv": [66, 104], "uv_size": [1.5, 2]},
								"east": {"uv": [104, 67], "uv_size": [1.5, 2]},
								"south": {"uv": [68, 104], "uv_size": [1.5, 2]},
								"west": {"uv": [104, 69], "uv_size": [1.5, 2]},
								"up": {"uv": [52, 106], "uv_size": [1.5, 1.5]},
								"down": {"uv": [106, 53.5], "uv_size": [1.5, -1.5]}
							}
						},
						{
							"origin": [-7.8125, 0.558, -10.66648],
							"size": [1.45703, 1.75, 1.72656],
							"pivot": [-7.08398, 1.433, -9.77585],
							"rotation": [45, 0, 0],
							"uv": {
								"north": {"uv": [70, 104], "uv_size": [1.5, 2]},
								"east": {"uv": [72, 104], "uv_size": [1.5, 2]},
								"south": {"uv": [74, 104], "uv_size": [1.5, 2]},
								"west": {"uv": [76, 104], "uv_size": [1.5, 2]},
								"up": {"uv": [54, 106], "uv_size": [1.5, 1.5]},
								"down": {"uv": [106, 55.5], "uv_size": [1.5, -1.5]}
							}
						},
						{
							"origin": [-6.4375, 0.558, -10.66648],
							"size": [1.45703, 1.75, 1.72656],
							"pivot": [-5.70898, 1.433, -9.77585],
							"rotation": [45, -12, 0],
							"uv": {
								"north": {"uv": [62, 104], "uv_size": [1.5, 2]},
								"east": {"uv": [104, 63], "uv_size": [1.5, 2]},
								"south": {"uv": [64, 104], "uv_size": [1.5, 2]},
								"west": {"uv": [104, 65], "uv_size": [1.5, 2]},
								"up": {"uv": [48, 106], "uv_size": [1.5, 1.5]},
								"down": {"uv": [50, 107.5], "uv_size": [1.5, -1.5]}
							}
						},
						{
							"origin": [-8.04687, 0.16347, -2.6782],
							"size": [1.94531, 5.82422, 1.85938],
							"pivot": [-6.85156, 7.36464, -1.74851],
							"rotation": [-33, 0, 0],
							"uv": {
								"north": {"uv": [8, 80], "uv_size": [4, 11]},
								"east": {"uv": [12, 80], "uv_size": [4, 11]},
								"south": {"uv": [16, 80], "uv_size": [4, 11]},
								"west": {"uv": [20, 80], "uv_size": [4, 11]},
								"up": {"uv": [100, 33], "uv_size": [4, 4]},
								"down": {"uv": [100, 41], "uv_size": [4, -4]}
							}
						},
						{
							"origin": [-8.36605, 6.15069, -1.69044],
							"size": [3.07734, 4.32289, 3.01032],
							"pivot": [-7.34422, 9.74442, -1.36384],
							"rotation": [-35.45388, 1.64331, 2.20613],
							"uv": {
								"north": {"uv": [8, 80], "uv_size": [4, 11]},
								"east": {"uv": [12, 80], "uv_size": [4, 11]},
								"south": {"uv": [16, 80], "uv_size": [4, 11]},
								"west": {"uv": [20, 80], "uv_size": [4, 11]},
								"up": {"uv": [100, 33], "uv_size": [4, 4]},
								"down": {"uv": [100, 41], "uv_size": [4, -4]}
							}
						},
						{
							"origin": [-8.36605, 10.15069, -0.69044],
							"size": [2.07734, 1.32289, 2.01032],
							"pivot": [-7.34422, 9.74442, -1.36384],
							"rotation": [-35.45388, 1.64331, 2.20613],
							"uv": {
								"north": {"uv": [8, 80], "uv_size": [4, 11]},
								"east": {"uv": [12, 80], "uv_size": [4, 11]},
								"south": {"uv": [16, 80], "uv_size": [4, 11]},
								"west": {"uv": [20, 80], "uv_size": [4, 11]},
								"up": {"uv": [100, 33], "uv_size": [4, 4]},
								"down": {"uv": [100, 41], "uv_size": [4, -4]}
							}
						},
						{
							"origin": [-8.0625, 15.80391, 1.87501],
							"size": [1.74219, 3.02734, 2.66797],
							"pivot": [-6.17187, 15.85352, -4.38281],
							"rotation": [-41.87276, -10.83517, -11.84399],
							"uv": {
								"north": {"uv": [84, 71], "uv_size": [4.5, 9]},
								"east": {"uv": [48, 85], "uv_size": [4.5, 9]},
								"south": {"uv": [53, 85], "uv_size": [4.5, 9]},
								"west": {"uv": [58, 85], "uv_size": [4.5, 9]},
								"up": {"uv": [98, 0], "uv_size": [4.5, 4.5]},
								"down": {"uv": [98, 9.5], "uv_size": [4.5, -4.5]}
							}
						}
					]
				},
				{
					"name": "bone2",
					"parent": "bone",
					"pivot": [6.07341, 19.20125, -3.31788],
					"rotation": [0, 17.5, -10],
					"cubes": [
						{
							"origin": [4.32031, 17.80391, -7.12499],
							"size": [4.74219, 7.02734, 4.66797],
							"pivot": [6.17187, 15.85352, -4.38281],
							"rotation": [-41.87276, 10.83517, 11.84399],
							"uv": {
								"north": {"uv": [88.5, 71], "uv_size": [-4.5, 9]},
								"east": {"uv": [62.5, 85], "uv_size": [-4.5, 9]},
								"south": {"uv": [57.5, 85], "uv_size": [-4.5, 9]},
								"west": {"uv": [52.5, 85], "uv_size": [-4.5, 9]},
								"up": {"uv": [102.5, 0], "uv_size": [-4.5, 4.5]},
								"down": {"uv": [102.5, 9.5], "uv_size": [-4.5, -4.5]}
							}
						},
						{
							"origin": [5.32031, 16.80391, -7.12499],
							"size": [2.74219, 8.02734, 4.66797],
							"pivot": [6.17187, 15.85352, -4.38281],
							"rotation": [-33.08328, 5.45539, 3.32501],
							"uv": {
								"north": {"uv": [88.5, 71], "uv_size": [-4.5, 9]},
								"east": {"uv": [62.5, 85], "uv_size": [-4.5, 9]},
								"south": {"uv": [57.5, 85], "uv_size": [-4.5, 9]},
								"west": {"uv": [52.5, 85], "uv_size": [-4.5, 9]},
								"up": {"uv": [102.5, 0], "uv_size": [-4.5, 4.5]},
								"down": {"uv": [102.5, 9.5], "uv_size": [-4.5, -4.5]}
							}
						},
						{
							"origin": [5.32031, 16.80391, -7.12499],
							"size": [2.74219, 9.02734, 4.66797],
							"pivot": [6.17187, 15.85352, -4.38281],
							"rotation": [-60.58328, 5.45539, 3.32501],
							"uv": {
								"north": {"uv": [88.5, 71], "uv_size": [-4.5, 9]},
								"east": {"uv": [62.5, 85], "uv_size": [-4.5, 9]},
								"south": {"uv": [57.5, 85], "uv_size": [-4.5, 9]},
								"west": {"uv": [52.5, 85], "uv_size": [-4.5, 9]},
								"up": {"uv": [102.5, 0], "uv_size": [-4.5, 4.5]},
								"down": {"uv": [102.5, 9.5], "uv_size": [-4.5, -4.5]}
							}
						},
						{
							"origin": [5.03125, 10.77734, -3.55469],
							"size": [4.08594, 8.18359, 3],
							"pivot": [6.85156, 15.33789, -1.55469],
							"rotation": [21, 0, 0],
							"uv": {
								"north": {"uv": [16, 91], "uv_size": [-4, 8]},
								"east": {"uv": [28, 91], "uv_size": [-4, 8]},
								"south": {"uv": [24, 91], "uv_size": [-4, 8]},
								"west": {"uv": [20, 91], "uv_size": [-4, 8]},
								"up": {"uv": [104, 17], "uv_size": [-4, 4]},
								"down": {"uv": [104, 25], "uv_size": [-4, -4]}
							}
						},
						{
							"origin": [5.03125, 12.77734, -0.55469],
							"size": [3.08594, 4.18359, 1],
							"pivot": [6.85156, 15.33789, -1.55469],
							"rotation": [21, 0, 0],
							"uv": {
								"north": {"uv": [16, 91], "uv_size": [-4, 8]},
								"east": {"uv": [28, 91], "uv_size": [-4, 8]},
								"south": {"uv": [24, 91], "uv_size": [-4, 8]},
								"west": {"uv": [20, 91], "uv_size": [-4, 8]},
								"up": {"uv": [104, 17], "uv_size": [-4, 4]},
								"down": {"uv": [104, 25], "uv_size": [-4, -4]}
							}
						},
						{
							"origin": [4.03125, 14.77734, -4.55469],
							"size": [4.08594, 5.18359, 4],
							"pivot": [6.85156, 15.33789, -1.55469],
							"rotation": [21, 0, 0],
							"uv": {
								"north": {"uv": [16, 91], "uv_size": [-4, 8]},
								"east": {"uv": [28, 91], "uv_size": [-4, 8]},
								"south": {"uv": [24, 91], "uv_size": [-4, 8]},
								"west": {"uv": [20, 91], "uv_size": [-4, 8]},
								"up": {"uv": [104, 17], "uv_size": [-4, 4]},
								"down": {"uv": [104, 25], "uv_size": [-4, -4]}
							}
						}
					]
				},
				{
					"name": "bone5",
					"parent": "bone2",
					"pivot": [6.85156, 11.13417, 0.06399],
					"rotation": [0, -20, 0],
					"cubes": [
						{
							"origin": [5.30859, 9.46496, -1.77583],
							"size": [2.53125, 2.33203, 3.44531],
							"uv": {
								"north": {"uv": [106.5, 3], "uv_size": [-3.5, 2.5]},
								"east": {"uv": [86.5, 103], "uv_size": [-3.5, 2.5]},
								"south": {"uv": [38.5, 103], "uv_size": [-3.5, 2.5]},
								"west": {"uv": [106.5, 6], "uv_size": [-3.5, 2.5]},
								"up": {"uv": [103.5, 63], "uv_size": [-3.5, 3.5]},
								"down": {"uv": [70.5, 103.5], "uv_size": [-3.5, -3.5]}
							}
						},
						{
							"origin": [5.68125, 0.12424, -9.55137],
							"size": [3.39031, 1.92969, 5.43281],
							"uv": {
								"north": {"uv": [105.5, 28], "uv_size": [-4.5, 2.5]},
								"east": {"uv": [21, 99], "uv_size": [-7, 2.5]},
								"south": {"uv": [105.5, 52], "uv_size": [-4.5, 2.5]},
								"west": {"uv": [14, 99], "uv_size": [-7, 2.5]},
								"up": {"uv": [97.5, 7], "uv_size": [-4.5, 7]},
								"down": {"uv": [67.5, 100], "uv_size": [-4.5, -7]}
							}
						},
						{
							"origin": [7.71094, 0.558, -10.66648],
							"size": [1.45703, 1.75, 1.72656],
							"pivot": [8.43945, 1.433, -9.77585],
							"rotation": [45, -12, 0],
							"uv": {
								"north": {"uv": [67.5, 104], "uv_size": [-1.5, 2]},
								"east": {"uv": [105.5, 69], "uv_size": [-1.5, 2]},
								"south": {"uv": [69.5, 104], "uv_size": [-1.5, 2]},
								"west": {"uv": [105.5, 67], "uv_size": [-1.5, 2]},
								"up": {"uv": [53.5, 106], "uv_size": [-1.5, 1.5]},
								"down": {"uv": [107.5, 53.5], "uv_size": [-1.5, -1.5]}
							}
						},
						{
							"origin": [6.35547, 0.558, -10.66648],
							"size": [1.45703, 1.75, 1.72656],
							"pivot": [7.08398, 1.433, -9.77585],
							"rotation": [45, 0, 0],
							"uv": {
								"north": {"uv": [71.5, 104], "uv_size": [-1.5, 2]},
								"east": {"uv": [77.5, 104], "uv_size": [-1.5, 2]},
								"south": {"uv": [75.5, 104], "uv_size": [-1.5, 2]},
								"west": {"uv": [73.5, 104], "uv_size": [-1.5, 2]},
								"up": {"uv": [55.5, 106], "uv_size": [-1.5, 1.5]},
								"down": {"uv": [107.5, 55.5], "uv_size": [-1.5, -1.5]}
							}
						},
						{
							"origin": [4.98047, 0.558, -10.66648],
							"size": [1.45703, 1.75, 1.72656],
							"pivot": [5.70898, 1.433, -9.77585],
							"rotation": [45, 12, 0],
							"uv": {
								"north": {"uv": [63.5, 104], "uv_size": [-1.5, 2]},
								"east": {"uv": [105.5, 65], "uv_size": [-1.5, 2]},
								"south": {"uv": [65.5, 104], "uv_size": [-1.5, 2]},
								"west": {"uv": [105.5, 63], "uv_size": [-1.5, 2]},
								"up": {"uv": [49.5, 106], "uv_size": [-1.5, 1.5]},
								"down": {"uv": [51.5, 107.5], "uv_size": [-1.5, -1.5]}
							}
						},
						{
							"origin": [6.10156, 0.16347, -2.6782],
							"size": [1.94531, 5.82422, 1.85938],
							"pivot": [6.85156, 7.36464, -1.74851],
							"rotation": [-33, 0, 0],
							"uv": {
								"north": {"uv": [12, 80], "uv_size": [-4, 11]},
								"east": {"uv": [24, 80], "uv_size": [-4, 11]},
								"south": {"uv": [20, 80], "uv_size": [-4, 11]},
								"west": {"uv": [16, 80], "uv_size": [-4, 11]},
								"up": {"uv": [104, 33], "uv_size": [-4, 4]},
								"down": {"uv": [104, 41], "uv_size": [-4, -4]}
							}
						},
						{
							"origin": [5.28871, 6.15069, -1.69044],
							"size": [3.07734, 4.32289, 3.01032],
							"pivot": [7.34422, 9.74442, -1.36384],
							"rotation": [-35.45388, -1.64331, -2.20613],
							"uv": {
								"north": {"uv": [12, 80], "uv_size": [-4, 11]},
								"east": {"uv": [24, 80], "uv_size": [-4, 11]},
								"south": {"uv": [20, 80], "uv_size": [-4, 11]},
								"west": {"uv": [16, 80], "uv_size": [-4, 11]},
								"up": {"uv": [104, 33], "uv_size": [-4, 4]},
								"down": {"uv": [104, 41], "uv_size": [-4, -4]}
							}
						},
						{
							"origin": [6.28871, 10.15069, -0.69044],
							"size": [2.07734, 1.32289, 2.01032],
							"pivot": [7.34422, 9.74442, -1.36384],
							"rotation": [-35.45388, -1.64331, -2.20613],
							"uv": {
								"north": {"uv": [12, 80], "uv_size": [-4, 11]},
								"east": {"uv": [24, 80], "uv_size": [-4, 11]},
								"south": {"uv": [20, 80], "uv_size": [-4, 11]},
								"west": {"uv": [16, 80], "uv_size": [-4, 11]},
								"up": {"uv": [104, 33], "uv_size": [-4, 4]},
								"down": {"uv": [104, 41], "uv_size": [-4, -4]}
							}
						},
						{
							"origin": [6.32031, 15.80391, 1.87501],
							"size": [1.74219, 3.02734, 2.66797],
							"pivot": [6.17187, 15.85352, -4.38281],
							"rotation": [-41.87276, 10.83517, 11.84399],
							"uv": {
								"north": {"uv": [88.5, 71], "uv_size": [-4.5, 9]},
								"east": {"uv": [62.5, 85], "uv_size": [-4.5, 9]},
								"south": {"uv": [57.5, 85], "uv_size": [-4.5, 9]},
								"west": {"uv": [52.5, 85], "uv_size": [-4.5, 9]},
								"up": {"uv": [102.5, 0], "uv_size": [-4.5, 4.5]},
								"down": {"uv": [102.5, 9.5], "uv_size": [-4.5, -4.5]}
							}
						}
					]
				},
				{
					"name": "bone9",
					"parent": "bone",
					"pivot": [-4.32776, 20.63495, 17.53976],
					"rotation": [-14.87739, 1.93597, 7.24721],
					"cubes": [
						{
							"origin": [-8.53906, 17.17578, 14.00391],
							"size": [4.60938, 6, 6],
							"uv": {
								"north": {"uv": [90, 34], "uv_size": [4.5, 6]},
								"east": {"uv": [87, 0], "uv_size": [6, 6]},
								"south": {"uv": [93, 79], "uv_size": [4.5, 6]},
								"west": {"uv": [87, 12], "uv_size": [6, 6]},
								"up": {"uv": [93, 85], "uv_size": [4.5, 6]},
								"down": {"uv": [93, 97], "uv_size": [4.5, -6]}
							}
						},
						{
							"origin": [-8.96875, 18.40228, 17.37368],
							"size": [4.60938, 6, 7.80078],
							"pivot": [-6.66406, 21.40228, 20.37368],
							"rotation": [40, -16, 0],
							"uv": {
								"north": {"uv": [48, 94], "uv_size": [4.5, 6]},
								"east": {"uv": [79, 0], "uv_size": [8, 6]},
								"south": {"uv": [53, 94], "uv_size": [4.5, 6]},
								"west": {"uv": [79, 16], "uv_size": [8, 6]},
								"up": {"uv": [87, 18], "uv_size": [4.5, 8]},
								"down": {"uv": [87, 34], "uv_size": [4.5, -8]}
							}
						},
						{
							"origin": [-8.27734, 9.64937, 15.03037],
							"size": [4.08594, 9.18359, 4],
							"pivot": [-6.23437, 17.90027, 17.1719],
							"rotation": [-24, 0, 0],
							"uv": {
								"north": {"uv": [28, 91], "uv_size": [4, 8]},
								"east": {"uv": [32, 91], "uv_size": [4, 8]},
								"south": {"uv": [36, 91], "uv_size": [4, 8]},
								"west": {"uv": [83, 91], "uv_size": [4, 8]},
								"up": {"uv": [39, 100], "uv_size": [4, 4]},
								"down": {"uv": [100, 45], "uv_size": [4, -4]}
							}
						},
						{
							"origin": [-7.27734, 12.64937, 13.03037],
							"size": [3.08594, 6.18359, 2],
							"pivot": [-6.23437, 17.90027, 17.1719],
							"rotation": [-24, 0, 0],
							"uv": {
								"north": {"uv": [28, 91], "uv_size": [4, 8]},
								"east": {"uv": [32, 91], "uv_size": [4, 8]},
								"south": {"uv": [36, 91], "uv_size": [4, 8]},
								"west": {"uv": [83, 91], "uv_size": [4, 8]},
								"up": {"uv": [39, 100], "uv_size": [4, 4]},
								"down": {"uv": [100, 45], "uv_size": [4, -4]}
							}
						},
						{
							"origin": [-7.27734, 10.64937, 14.03037],
							"size": [3.08594, 2.18359, 1],
							"pivot": [-6.23437, 17.90027, 17.1719],
							"rotation": [-24, 0, 0],
							"uv": {
								"north": {"uv": [28, 91], "uv_size": [4, 8]},
								"east": {"uv": [32, 91], "uv_size": [4, 8]},
								"south": {"uv": [36, 91], "uv_size": [4, 8]},
								"west": {"uv": [83, 91], "uv_size": [4, 8]},
								"up": {"uv": [39, 100], "uv_size": [4, 4]},
								"down": {"uv": [100, 45], "uv_size": [4, -4]}
							}
						},
						{
							"origin": [-7.27734, 8.76256, 15.0711],
							"size": [3.08594, 3.18359, 3],
							"pivot": [-6.23437, 9.35436, 15.0711],
							"rotation": [101.26033, 12.26673, 2.42224],
							"uv": {
								"north": {"uv": [28, 91], "uv_size": [4, 8]},
								"east": {"uv": [32, 91], "uv_size": [4, 8]},
								"south": {"uv": [36, 91], "uv_size": [4, 8]},
								"west": {"uv": [83, 91], "uv_size": [4, 8]},
								"up": {"uv": [39, 100], "uv_size": [4, 4]},
								"down": {"uv": [100, 45], "uv_size": [4, -4]}
							}
						}
					]
				},
				{
					"name": "bone10",
					"parent": "bone9",
					"pivot": [-6.236, 10.62455, 13.67332],
					"rotation": [25.44582, 11.73507, 4.3361],
					"cubes": [
						{
							"origin": [-8.79485, 4.93578, 15.36811],
							"size": [3.53125, 2.33203, 3.44531],
							"pivot": [-7.02923, 6.1018, 16.09077],
							"rotation": [17.5, 0, 0],
							"uv": {
								"north": {"uv": [87, 103], "uv_size": [3.5, 2.5]},
								"east": {"uv": [103, 101], "uv_size": [3.5, 2.5]},
								"south": {"uv": [104, 9], "uv_size": [3.5, 2.5]},
								"west": {"uv": [104, 12], "uv_size": [3.5, 2.5]},
								"up": {"uv": [100, 67], "uv_size": [3.5, 3.5]},
								"down": {"uv": [71, 103.5], "uv_size": [3.5, -3.5]}
							}
						},
						{
							"origin": [-8.00188, -1.56107, 12.85744],
							"size": [1.94531, 7.82422, 1.85938],
							"pivot": [-7.02923, 1.33502, 15.42105],
							"rotation": [-33, 0, 0],
							"uv": {
								"north": {"uv": [24, 80], "uv_size": [4, 11]},
								"east": {"uv": [28, 80], "uv_size": [4, 11]},
								"south": {"uv": [32, 80], "uv_size": [4, 11]},
								"west": {"uv": [36, 80], "uv_size": [4, 11]},
								"up": {"uv": [43, 100], "uv_size": [4, 4]},
								"down": {"uv": [100, 49], "uv_size": [4, -4]}
							}
						},
						{
							"origin": [-8.16399, -0.57064, 14.13907],
							"size": [2.5289, 3.17149, 2.41719],
							"pivot": [-8.89954, 2.19428, 20.47176],
							"rotation": [-33, 0, 0],
							"uv": {
								"north": {"uv": [24, 80], "uv_size": [4, 11]},
								"east": {"uv": [28, 80], "uv_size": [4, 11]},
								"south": {"uv": [32, 80], "uv_size": [4, 11]},
								"west": {"uv": [36, 80], "uv_size": [4, 11]},
								"up": {"uv": [43, 100], "uv_size": [4, 4]},
								"down": {"uv": [100, 49], "uv_size": [4, -4]}
							}
						},
						{
							"origin": [-8.25969, -1.36571, 8.20793],
							"size": [2.46094, 1.53906, 6.14844],
							"uv": {
								"north": {"uv": [101, 55], "uv_size": [4.5, 2.5]},
								"east": {"uv": [21, 99], "uv_size": [7, 2.5]},
								"south": {"uv": [101, 71], "uv_size": [4.5, 2.5]},
								"west": {"uv": [28, 99], "uv_size": [7, 2.5]},
								"up": {"uv": [68, 93], "uv_size": [4.5, 7]},
								"down": {"uv": [93, 79], "uv_size": [4.5, -7]}
							}
						},
						{
							"origin": [-9.12297, -0.97118, 6.47746],
							"size": [1.45703, 1.75, 1.72656],
							"pivot": [-8.39446, -0.09618, 8.36809],
							"rotation": [45, 12, 0],
							"uv": {
								"north": {"uv": [103, 104], "uv_size": [1.5, 2]},
								"east": {"uv": [23, 105], "uv_size": [1.5, 2]},
								"south": {"uv": [105, 24], "uv_size": [1.5, 2]},
								"west": {"uv": [25, 105], "uv_size": [1.5, 2]},
								"up": {"uv": [58, 106], "uv_size": [1.5, 1.5]},
								"down": {"uv": [106, 60.5], "uv_size": [1.5, -1.5]}
							}
						},
						{
							"origin": [-7.76751, -0.97118, 6.47746],
							"size": [1.45703, 1.75, 1.72656],
							"pivot": [-7.03899, -0.09618, 8.36809],
							"rotation": [45, 0, 0],
							"uv": {
								"north": {"uv": [105, 26], "uv_size": [1.5, 2]},
								"east": {"uv": [27, 105], "uv_size": [1.5, 2]},
								"south": {"uv": [29, 105], "uv_size": [1.5, 2]},
								"west": {"uv": [31, 105], "uv_size": [1.5, 2]},
								"up": {"uv": [60, 106], "uv_size": [1.5, 1.5]},
								"down": {"uv": [106, 62.5], "uv_size": [1.5, -1.5]}
							}
						},
						{
							"origin": [-6.39251, -0.97118, 6.47746],
							"size": [1.45703, 1.75, 1.72656],
							"pivot": [-5.66399, -0.09618, 8.36809],
							"rotation": [45, -12, 0],
							"uv": {
								"north": {"uv": [78, 104], "uv_size": [1.5, 2]},
								"east": {"uv": [80, 104], "uv_size": [1.5, 2]},
								"south": {"uv": [104, 83], "uv_size": [1.5, 2]},
								"west": {"uv": [91, 104], "uv_size": [1.5, 2]},
								"up": {"uv": [56, 106], "uv_size": [1.5, 1.5]},
								"down": {"uv": [106, 57.5], "uv_size": [1.5, -1.5]}
							}
						},
						{
							"origin": [-8.07395, 4.37515, 11.30476],
							"size": [3.08594, 6.18359, 3],
							"pivot": [-6.53098, 10.62742, 12.91153],
							"rotation": [53.39549, -4.01748, 2.979],
							"uv": {
								"north": {"uv": [28, 91], "uv_size": [4, 8]},
								"east": {"uv": [32, 91], "uv_size": [4, 8]},
								"south": {"uv": [36, 91], "uv_size": [4, 8]},
								"west": {"uv": [83, 91], "uv_size": [4, 8]},
								"up": {"uv": [39, 100], "uv_size": [4, 4]},
								"down": {"uv": [100, 45], "uv_size": [4, -4]}
							}
						},
						{
							"origin": [-8.48887, 6.33273, 17.14018],
							"size": [2.60938, 3, 3.80078],
							"pivot": [-6.45982, 8.68457, 18.66142],
							"rotation": [25, -16, 0],
							"uv": {
								"north": {"uv": [48, 94], "uv_size": [4.5, 6]},
								"east": {"uv": [79, 0], "uv_size": [8, 6]},
								"south": {"uv": [53, 94], "uv_size": [4.5, 6]},
								"west": {"uv": [79, 16], "uv_size": [8, 6]},
								"up": {"uv": [87, 18], "uv_size": [4.5, 8]},
								"down": {"uv": [87, 34], "uv_size": [4.5, -8]}
							}
						}
					]
				},
				{
					"name": "bone6",
					"parent": "bone",
					"pivot": [4.32776, 20.63495, 17.53976],
					"rotation": [-14.87739, -1.93597, -7.24721],
					"cubes": [
						{
							"origin": [3.92968, 17.17578, 14.00391],
							"size": [4.60938, 6, 6],
							"uv": {
								"north": {"uv": [94.5, 34], "uv_size": [-4.5, 6]},
								"east": {"uv": [93, 12], "uv_size": [-6, 6]},
								"south": {"uv": [97.5, 79], "uv_size": [-4.5, 6]},
								"west": {"uv": [93, 0], "uv_size": [-6, 6]},
								"up": {"uv": [97.5, 85], "uv_size": [-4.5, 6]},
								"down": {"uv": [97.5, 97], "uv_size": [-4.5, -6]}
							}
						},
						{
							"origin": [4.35937, 18.40228, 17.37368],
							"size": [4.60938, 6, 7.80078],
							"pivot": [6.66406, 21.40228, 20.37368],
							"rotation": [40, 16, 0],
							"uv": {
								"north": {"uv": [52.5, 94], "uv_size": [-4.5, 6]},
								"east": {"uv": [87, 16], "uv_size": [-8, 6]},
								"south": {"uv": [57.5, 94], "uv_size": [-4.5, 6]},
								"west": {"uv": [87, 0], "uv_size": [-8, 6]},
								"up": {"uv": [91.5, 18], "uv_size": [-4.5, 8]},
								"down": {"uv": [91.5, 34], "uv_size": [-4.5, -8]}
							}
						},
						{
							"origin": [4.1914, 9.64937, 15.03037],
							"size": [4.08594, 9.18359, 4],
							"pivot": [6.23437, 17.90027, 17.1719],
							"rotation": [-24, 0, 0],
							"uv": {
								"north": {"uv": [32, 91], "uv_size": [-4, 8]},
								"east": {"uv": [87, 91], "uv_size": [-4, 8]},
								"south": {"uv": [40, 91], "uv_size": [-4, 8]},
								"west": {"uv": [36, 91], "uv_size": [-4, 8]},
								"up": {"uv": [43, 100], "uv_size": [-4, 4]},
								"down": {"uv": [104, 45], "uv_size": [-4, -4]}
							}
						},
						{
							"origin": [4.1914, 12.64937, 13.03037],
							"size": [3.08594, 6.18359, 2],
							"pivot": [6.23437, 17.90027, 17.1719],
							"rotation": [-24, 0, 0],
							"uv": {
								"north": {"uv": [32, 91], "uv_size": [-4, 8]},
								"east": {"uv": [87, 91], "uv_size": [-4, 8]},
								"south": {"uv": [40, 91], "uv_size": [-4, 8]},
								"west": {"uv": [36, 91], "uv_size": [-4, 8]},
								"up": {"uv": [43, 100], "uv_size": [-4, 4]},
								"down": {"uv": [104, 45], "uv_size": [-4, -4]}
							}
						},
						{
							"origin": [4.1914, 10.64937, 14.03037],
							"size": [3.08594, 2.18359, 1],
							"pivot": [6.23437, 17.90027, 17.1719],
							"rotation": [-24, 0, 0],
							"uv": {
								"north": {"uv": [32, 91], "uv_size": [-4, 8]},
								"east": {"uv": [87, 91], "uv_size": [-4, 8]},
								"south": {"uv": [40, 91], "uv_size": [-4, 8]},
								"west": {"uv": [36, 91], "uv_size": [-4, 8]},
								"up": {"uv": [43, 100], "uv_size": [-4, 4]},
								"down": {"uv": [104, 45], "uv_size": [-4, -4]}
							}
						},
						{
							"origin": [4.1914, 8.76256, 15.0711],
							"size": [3.08594, 3.18359, 3],
							"pivot": [6.23437, 9.35436, 15.0711],
							"rotation": [101.26033, -12.26673, -2.42224],
							"uv": {
								"north": {"uv": [32, 91], "uv_size": [-4, 8]},
								"east": {"uv": [87, 91], "uv_size": [-4, 8]},
								"south": {"uv": [40, 91], "uv_size": [-4, 8]},
								"west": {"uv": [36, 91], "uv_size": [-4, 8]},
								"up": {"uv": [43, 100], "uv_size": [-4, 4]},
								"down": {"uv": [104, 45], "uv_size": [-4, -4]}
							}
						}
					]
				},
				{
					"name": "bone11",
					"parent": "bone6",
					"pivot": [6.236, 10.62455, 13.67332],
					"rotation": [25.44582, -11.73507, -4.3361],
					"cubes": [
						{
							"origin": [5.2636, 4.93578, 15.36811],
							"size": [3.53125, 2.33203, 3.44531],
							"pivot": [7.02923, 6.1018, 16.09077],
							"rotation": [17.5, 0, 0],
							"uv": {
								"north": {"uv": [90.5, 103], "uv_size": [-3.5, 2.5]},
								"east": {"uv": [107.5, 12], "uv_size": [-3.5, 2.5]},
								"south": {"uv": [107.5, 9], "uv_size": [-3.5, 2.5]},
								"west": {"uv": [106.5, 101], "uv_size": [-3.5, 2.5]},
								"up": {"uv": [103.5, 67], "uv_size": [-3.5, 3.5]},
								"down": {"uv": [74.5, 103.5], "uv_size": [-3.5, -3.5]}
							}
						},
						{
							"origin": [6.05657, -1.56107, 12.85744],
							"size": [1.94531, 7.82422, 1.85938],
							"pivot": [7.02923, 1.33502, 15.42105],
							"rotation": [-33, 0, 0],
							"uv": {
								"north": {"uv": [28, 80], "uv_size": [-4, 11]},
								"east": {"uv": [40, 80], "uv_size": [-4, 11]},
								"south": {"uv": [36, 80], "uv_size": [-4, 11]},
								"west": {"uv": [32, 80], "uv_size": [-4, 11]},
								"up": {"uv": [47, 100], "uv_size": [-4, 4]},
								"down": {"uv": [104, 49], "uv_size": [-4, -4]}
							}
						},
						{
							"origin": [5.63509, -0.57064, 14.13907],
							"size": [2.5289, 3.17149, 2.41719],
							"pivot": [8.89954, 2.19428, 20.47176],
							"rotation": [-33, 0, 0],
							"uv": {
								"north": {"uv": [28, 80], "uv_size": [-4, 11]},
								"east": {"uv": [40, 80], "uv_size": [-4, 11]},
								"south": {"uv": [36, 80], "uv_size": [-4, 11]},
								"west": {"uv": [32, 80], "uv_size": [-4, 11]},
								"up": {"uv": [47, 100], "uv_size": [-4, 4]},
								"down": {"uv": [104, 49], "uv_size": [-4, -4]}
							}
						},
						{
							"origin": [5.79875, -1.36571, 8.20793],
							"size": [2.46094, 1.53906, 6.14844],
							"uv": {
								"north": {"uv": [105.5, 55], "uv_size": [-4.5, 2.5]},
								"east": {"uv": [35, 99], "uv_size": [-7, 2.5]},
								"south": {"uv": [105.5, 71], "uv_size": [-4.5, 2.5]},
								"west": {"uv": [28, 99], "uv_size": [-7, 2.5]},
								"up": {"uv": [72.5, 93], "uv_size": [-4.5, 7]},
								"down": {"uv": [97.5, 79], "uv_size": [-4.5, -7]}
							}
						},
						{
							"origin": [7.66594, -0.97118, 6.47746],
							"size": [1.45703, 1.75, 1.72656],
							"pivot": [8.39446, -0.09618, 8.36809],
							"rotation": [45, -12, 0],
							"uv": {
								"north": {"uv": [104.5, 104], "uv_size": [-1.5, 2]},
								"east": {"uv": [26.5, 105], "uv_size": [-1.5, 2]},
								"south": {"uv": [106.5, 24], "uv_size": [-1.5, 2]},
								"west": {"uv": [24.5, 105], "uv_size": [-1.5, 2]},
								"up": {"uv": [59.5, 106], "uv_size": [-1.5, 1.5]},
								"down": {"uv": [107.5, 60.5], "uv_size": [-1.5, -1.5]}
							}
						},
						{
							"origin": [6.31048, -0.97118, 6.47746],
							"size": [1.45703, 1.75, 1.72656],
							"pivot": [7.03899, -0.09618, 8.36809],
							"rotation": [45, 0, 0],
							"uv": {
								"north": {"uv": [106.5, 26], "uv_size": [-1.5, 2]},
								"east": {"uv": [32.5, 105], "uv_size": [-1.5, 2]},
								"south": {"uv": [30.5, 105], "uv_size": [-1.5, 2]},
								"west": {"uv": [28.5, 105], "uv_size": [-1.5, 2]},
								"up": {"uv": [61.5, 106], "uv_size": [-1.5, 1.5]},
								"down": {"uv": [107.5, 62.5], "uv_size": [-1.5, -1.5]}
							}
						},
						{
							"origin": [4.93548, -0.97118, 6.47746],
							"size": [1.45703, 1.75, 1.72656],
							"pivot": [5.66399, -0.09618, 8.36809],
							"rotation": [45, 12, 0],
							"uv": {
								"north": {"uv": [79.5, 104], "uv_size": [-1.5, 2]},
								"east": {"uv": [92.5, 104], "uv_size": [-1.5, 2]},
								"south": {"uv": [105.5, 83], "uv_size": [-1.5, 2]},
								"west": {"uv": [81.5, 104], "uv_size": [-1.5, 2]},
								"up": {"uv": [57.5, 106], "uv_size": [-1.5, 1.5]},
								"down": {"uv": [107.5, 57.5], "uv_size": [-1.5, -1.5]}
							}
						},
						{
							"origin": [4.98801, 4.37515, 11.30476],
							"size": [3.08594, 6.18359, 3],
							"pivot": [6.53098, 10.62742, 12.91153],
							"rotation": [53.39549, 4.01748, -2.979],
							"uv": {
								"north": {"uv": [32, 91], "uv_size": [-4, 8]},
								"east": {"uv": [87, 91], "uv_size": [-4, 8]},
								"south": {"uv": [40, 91], "uv_size": [-4, 8]},
								"west": {"uv": [36, 91], "uv_size": [-4, 8]},
								"up": {"uv": [43, 100], "uv_size": [-4, 4]},
								"down": {"uv": [104, 45], "uv_size": [-4, -4]}
							}
						},
						{
							"origin": [5.87949, 6.33273, 17.14018],
							"size": [2.60938, 3, 3.80078],
							"pivot": [6.45982, 8.68457, 18.66142],
							"rotation": [25, 16, 0],
							"uv": {
								"north": {"uv": [52.5, 94], "uv_size": [-4.5, 6]},
								"east": {"uv": [87, 16], "uv_size": [-8, 6]},
								"south": {"uv": [57.5, 94], "uv_size": [-4.5, 6]},
								"west": {"uv": [87, 0], "uv_size": [-8, 6]},
								"up": {"uv": [91.5, 18], "uv_size": [-4.5, 8]},
								"down": {"uv": [91.5, 34], "uv_size": [-4.5, -8]}
							}
						}
					]
				},
				{
					"name": "Calda",
					"parent": "bone",
					"pivot": [0, 23.25781, 27.88574],
					"rotation": [25, 0, 0],
					"cubes": [
						{
							"origin": [-3.08203, 19.91797, 23.23438],
							"size": [6.16406, 6.16406, 6],
							"uv": {
								"north": {"uv": [89, 60], "uv_size": [6, 6]},
								"east": {"uv": [79, 56], "uv_size": [7, 6]},
								"south": {"uv": [89, 66], "uv_size": [6, 6]},
								"west": {"uv": [83, 34], "uv_size": [7, 6]},
								"up": {"uv": [83, 40], "uv_size": [6, 7]},
								"down": {"uv": [83, 54], "uv_size": [6, -7]}
							}
						},
						{
							"origin": [-2.08203, 20.91797, 19.23438],
							"size": [4.16406, 4.16406, 7],
							"uv": {
								"north": {"uv": [89, 60], "uv_size": [6, 6]},
								"east": {"uv": [79, 56], "uv_size": [7, 6]},
								"south": {"uv": [89, 66], "uv_size": [6, 6]},
								"west": {"uv": [83, 34], "uv_size": [7, 6]},
								"up": {"uv": [83, 40], "uv_size": [6, 7]},
								"down": {"uv": [83, 54], "uv_size": [6, -7]}
							}
						},
						{
							"origin": [8.88594, 30.86722, 21.62301],
							"size": [0, 7, 15],
							"pivot": [4.88594, 32.36722, 30.12301],
							"rotation": [-20.66773, -42.12104, 125.71316],
							"uv": {
								"north": {"uv": [0, 0], "uv_size": [0, 8]},
								"east": {"uv": [76, 66], "uv_size": [8, 8]},
								"south": {"uv": [0, 0], "uv_size": [0, 8]},
								"west": {"uv": [67, 76], "uv_size": [8, 8]},
								"up": {"uv": [0, 0], "uv_size": [0, 8]},
								"down": {"uv": [0, 8], "uv_size": [0, -8]}
							}
						},
						{
							"origin": [6.88594, 35.86722, 21.62301],
							"size": [0, 7, 17],
							"pivot": [4.88594, 32.36722, 30.12301],
							"rotation": [-11.59226, -21.88424, 163.57907],
							"uv": {
								"north": {"uv": [0, 0], "uv_size": [0, 8]},
								"east": {"uv": [76, 66], "uv_size": [8, 8]},
								"south": {"uv": [0, 0], "uv_size": [0, 8]},
								"west": {"uv": [67, 76], "uv_size": [8, 8]},
								"up": {"uv": [0, 0], "uv_size": [0, 8]},
								"down": {"uv": [0, 8], "uv_size": [0, -8]}
							}
						},
						{
							"origin": [-6.88594, 35.86722, 21.62301],
							"size": [0, 7, 17],
							"pivot": [-4.88594, 32.36722, 30.12301],
							"rotation": [-11.59226, 21.88424, -163.57907],
							"uv": {
								"north": {"uv": [0, 0], "uv_size": [0, 8]},
								"east": {"uv": [75, 76], "uv_size": [-8, 8]},
								"south": {"uv": [0, 0], "uv_size": [0, 8]},
								"west": {"uv": [84, 66], "uv_size": [-8, 8]},
								"up": {"uv": [0, 0], "uv_size": [0, 8]},
								"down": {"uv": [0, 8], "uv_size": [0, -8]}
							}
						},
						{
							"origin": [-17.88594, -73.86722, 10.62301],
							"size": [0, 7, 17],
							"pivot": [-4.88594, -26.36722, 30.12301],
							"rotation": [11.59226, 21.88424, 163.57907],
							"uv": {
								"north": {"uv": [0, 8], "uv_size": [0, -8]},
								"east": {"uv": [75, 84], "uv_size": [-8, -8]},
								"south": {"uv": [0, 8], "uv_size": [0, -8]},
								"west": {"uv": [84, 74], "uv_size": [-8, -8]},
								"up": {"uv": [0, 0], "uv_size": [0, 8]},
								"down": {"uv": [0, 8], "uv_size": [0, -8]}
							}
						},
						{
							"origin": [17.88594, -73.86722, 10.62301],
							"size": [0, 7, 17],
							"pivot": [4.88594, -26.36722, 30.12301],
							"rotation": [11.59226, -21.88424, -163.57907],
							"uv": {
								"north": {"uv": [0, 8], "uv_size": [0, -8]},
								"east": {"uv": [76, 74], "uv_size": [8, -8]},
								"south": {"uv": [0, 8], "uv_size": [0, -8]},
								"west": {"uv": [67, 84], "uv_size": [8, -8]},
								"up": {"uv": [0, 0], "uv_size": [0, 8]},
								"down": {"uv": [0, 8], "uv_size": [0, -8]}
							}
						},
						{
							"origin": [4.43291, 20.21136, 24.67389],
							"size": [0, 7, 17],
							"pivot": [5.43291, 20.71136, 33.17389],
							"rotation": [-10.32909, -22.48419, -109.27207],
							"uv": {
								"north": {"uv": [0, 8], "uv_size": [0, -8]},
								"east": {"uv": [76, 74], "uv_size": [8, -8]},
								"south": {"uv": [0, 8], "uv_size": [0, -8]},
								"west": {"uv": [67, 84], "uv_size": [8, -8]},
								"up": {"uv": [0, 0], "uv_size": [0, 8]},
								"down": {"uv": [0, 8], "uv_size": [0, -8]}
							}
						},
						{
							"origin": [-4.43291, 20.21136, 24.67389],
							"size": [0, 7, 17],
							"pivot": [-5.43291, 20.71136, 33.17389],
							"rotation": [-10.32909, 22.48419, 109.27207],
							"uv": {
								"north": {"uv": [0, 8], "uv_size": [0, -8]},
								"east": {"uv": [75, 84], "uv_size": [-8, -8]},
								"south": {"uv": [0, 8], "uv_size": [0, -8]},
								"west": {"uv": [84, 74], "uv_size": [-8, -8]},
								"up": {"uv": [0, 0], "uv_size": [0, 8]},
								"down": {"uv": [0, 8], "uv_size": [0, -8]}
							}
						},
						{
							"origin": [-3.43291, 22.21136, 26.67389],
							"size": [0, 7, 17],
							"pivot": [-5.43291, 20.71136, 33.17389],
							"rotation": [-4.03745, 22.23811, 93.04668],
							"uv": {
								"north": {"uv": [0, 8], "uv_size": [0, -8]},
								"east": {"uv": [75, 84], "uv_size": [-8, -8]},
								"south": {"uv": [0, 8], "uv_size": [0, -8]},
								"west": {"uv": [84, 74], "uv_size": [-8, -8]},
								"up": {"uv": [0, 0], "uv_size": [0, 8]},
								"down": {"uv": [0, 8], "uv_size": [0, -8]}
							}
						},
						{
							"origin": [-8.88594, 30.86722, 21.62301],
							"size": [0, 7, 15],
							"pivot": [-4.88594, 32.36722, 30.12301],
							"rotation": [-20.66773, 42.12104, -125.71316],
							"uv": {
								"north": {"uv": [0, 0], "uv_size": [0, 8]},
								"east": {"uv": [75, 76], "uv_size": [-8, 8]},
								"south": {"uv": [0, 0], "uv_size": [0, 8]},
								"west": {"uv": [84, 66], "uv_size": [-8, 8]},
								"up": {"uv": [0, 0], "uv_size": [0, 8]},
								"down": {"uv": [0, 8], "uv_size": [0, -8]}
							}
						},
						{
							"origin": [-8.88594, 25.86722, 21.62301],
							"size": [0, 7, 15],
							"pivot": [-4.88594, 32.36722, 30.12301],
							"rotation": [3.80745, 45.9306, -91.06632],
							"uv": {
								"north": {"uv": [0, 0], "uv_size": [0, 8]},
								"east": {"uv": [75, 76], "uv_size": [-8, 8]},
								"south": {"uv": [0, 0], "uv_size": [0, 8]},
								"west": {"uv": [84, 66], "uv_size": [-8, 8]},
								"up": {"uv": [0, 0], "uv_size": [0, 8]},
								"down": {"uv": [0, 8], "uv_size": [0, -8]}
							}
						},
						{
							"origin": [8.88594, 25.86722, 21.62301],
							"size": [0, 7, 15],
							"pivot": [4.88594, 32.36722, 30.12301],
							"rotation": [3.80745, -45.9306, 91.06632],
							"uv": {
								"north": {"uv": [0, 0], "uv_size": [0, 8]},
								"east": {"uv": [76, 66], "uv_size": [8, 8]},
								"south": {"uv": [0, 0], "uv_size": [0, 8]},
								"west": {"uv": [67, 76], "uv_size": [8, 8]},
								"up": {"uv": [0, 0], "uv_size": [0, 8]},
								"down": {"uv": [0, 8], "uv_size": [0, -8]}
							}
						}
					]
				},
				{
					"name": "bone14",
					"parent": "Calda",
					"pivot": [0, 22, 36.19336],
					"rotation": [27.5, 0, 0],
					"cubes": [
						{
							"origin": [-5.57422, 16.36719, 35.23438],
							"size": [11.14844, 13.26563, 17.91797],
							"uv": {
								"north": {"uv": [51, 24], "uv_size": [11, 11.5]},
								"east": {"uv": [40, 0], "uv_size": [20, 11.5]},
								"south": {"uv": [51, 36], "uv_size": [11, 11.5]},
								"west": {"uv": [40, 12], "uv_size": [20, 11.5]},
								"up": {"uv": [40, 24], "uv_size": [11, 20]},
								"down": {"uv": [40, 64], "uv_size": [11, -20]}
							}
						},
						{
							"origin": [-3.57422, 19.36719, 35.23438],
							"size": [7.14844, 8.26563, 20.91797],
							"uv": {
								"north": {"uv": [51, 24], "uv_size": [11, 11.5]},
								"east": {"uv": [40, 0], "uv_size": [20, 11.5]},
								"south": {"uv": [51, 36], "uv_size": [11, 11.5]},
								"west": {"uv": [40, 12], "uv_size": [20, 11.5]},
								"up": {"uv": [40, 24], "uv_size": [11, 20]},
								"down": {"uv": [40, 64], "uv_size": [11, -20]}
							}
						},
						{
							"origin": [6.16291, 29.14661, 32.41154],
							"size": [0, 9, 17],
							"pivot": [2.16291, 32.64661, 35.91154],
							"rotation": [2.79111, -18.47341, 92.91888],
							"uv": {
								"north": {"uv": [0, 0], "uv_size": [0, 8]},
								"east": {"uv": [76, 66], "uv_size": [8, 8]},
								"south": {"uv": [0, 0], "uv_size": [0, 8]},
								"west": {"uv": [67, 76], "uv_size": [8, 8]},
								"up": {"uv": [0, 0], "uv_size": [0, 8]},
								"down": {"uv": [0, 8], "uv_size": [0, -8]}
							}
						},
						{
							"origin": [-6.16291, 29.14661, 32.41154],
							"size": [0, 9, 17],
							"pivot": [-2.16291, 32.64661, 35.91154],
							"rotation": [2.79111, 18.47341, -92.91888],
							"uv": {
								"north": {"uv": [0, 0], "uv_size": [0, 8]},
								"east": {"uv": [75, 76], "uv_size": [-8, 8]},
								"south": {"uv": [0, 0], "uv_size": [0, 8]},
								"west": {"uv": [84, 66], "uv_size": [-8, 8]},
								"up": {"uv": [0, 0], "uv_size": [0, 8]},
								"down": {"uv": [0, 8], "uv_size": [0, -8]}
							}
						},
						{
							"origin": [-7.69223, 22.98663, 33.84659],
							"size": [0, 9, 17],
							"pivot": [-7.29411, 27.40268, 38.2436],
							"rotation": [5.96473, 9.44224, -150.57277],
							"uv": {
								"north": {"uv": [0, 0], "uv_size": [0, 8]},
								"east": {"uv": [75, 76], "uv_size": [-8, 8]},
								"south": {"uv": [0, 0], "uv_size": [0, 8]},
								"west": {"uv": [84, 66], "uv_size": [-8, 8]},
								"up": {"uv": [0, 0], "uv_size": [0, 8]},
								"down": {"uv": [0, 8], "uv_size": [0, -8]}
							}
						},
						{
							"origin": [7.69223, 22.98663, 33.84659],
							"size": [0, 9, 17],
							"pivot": [7.29411, 27.40268, 38.2436],
							"rotation": [5.96473, -9.44224, 150.57277],
							"uv": {
								"north": {"uv": [0, 0], "uv_size": [0, 8]},
								"east": {"uv": [76, 66], "uv_size": [8, 8]},
								"south": {"uv": [0, 0], "uv_size": [0, 8]},
								"west": {"uv": [67, 76], "uv_size": [8, 8]},
								"up": {"uv": [0, 0], "uv_size": [0, 8]},
								"down": {"uv": [0, 8], "uv_size": [0, -8]}
							}
						},
						{
							"origin": [6.69223, 29.98663, 33.84659],
							"size": [0, 9, 17],
							"pivot": [7.29411, 27.40268, 38.2436],
							"rotation": [-1.57202, -11.04402, -168.7822],
							"uv": {
								"north": {"uv": [0, 0], "uv_size": [0, 8]},
								"east": {"uv": [76, 66], "uv_size": [8, 8]},
								"south": {"uv": [0, 0], "uv_size": [0, 8]},
								"west": {"uv": [67, 76], "uv_size": [8, 8]},
								"up": {"uv": [0, 0], "uv_size": [0, 8]},
								"down": {"uv": [0, 8], "uv_size": [0, -8]}
							}
						},
						{
							"origin": [-6.69223, 29.98663, 33.84659],
							"size": [0, 9, 17],
							"pivot": [-7.29411, 27.40268, 38.2436],
							"rotation": [-1.57202, 11.04402, 168.7822],
							"uv": {
								"north": {"uv": [0, 0], "uv_size": [0, 8]},
								"east": {"uv": [75, 76], "uv_size": [-8, 8]},
								"south": {"uv": [0, 0], "uv_size": [0, 8]},
								"west": {"uv": [84, 66], "uv_size": [-8, 8]},
								"up": {"uv": [0, 0], "uv_size": [0, 8]},
								"down": {"uv": [0, 8], "uv_size": [0, -8]}
							}
						},
						{
							"origin": [-3.54885, 14.48498, 32.40555],
							"size": [0, 9, 17],
							"pivot": [-3.36027, 17.44895, 33.05667],
							"rotation": [-6.64748, 9.36838, 112.70591],
							"uv": {
								"north": {"uv": [0, 0], "uv_size": [0, 8]},
								"east": {"uv": [75, 76], "uv_size": [-8, 8]},
								"south": {"uv": [0, 0], "uv_size": [0, 8]},
								"west": {"uv": [84, 66], "uv_size": [-8, 8]},
								"up": {"uv": [0, 0], "uv_size": [0, 8]},
								"down": {"uv": [0, 8], "uv_size": [0, -8]}
							}
						},
						{
							"origin": [3.54885, 14.48498, 32.40555],
							"size": [0, 9, 17],
							"pivot": [3.36027, 17.44895, 33.05667],
							"rotation": [-6.64748, -9.36838, -112.70591],
							"uv": {
								"north": {"uv": [0, 0], "uv_size": [0, 8]},
								"east": {"uv": [76, 66], "uv_size": [8, 8]},
								"south": {"uv": [0, 0], "uv_size": [0, 8]},
								"west": {"uv": [67, 76], "uv_size": [8, 8]},
								"up": {"uv": [0, 0], "uv_size": [0, 8]},
								"down": {"uv": [0, 8], "uv_size": [0, -8]}
							}
						}
					]
				}
			]
		}
	]
}