{
	"format_version": "1.12.0",
	"minecraft:geometry": [
		{
			"description": {
				"identifier": "geometry.m_arm",
				"texture_width": 32,
				"texture_height": 32,
				"visible_bounds_width": 3,
				"visible_bounds_height": 3,
				"visible_bounds_offset": [0, 1.5, 0]
			},
			"bones": [
				{
					"name": "root",
					"pivot": [0, 0, 0]
				},
				{
					"name": "waist",
					"parent": "root",
					"pivot": [0, 12, 0]
				},
				{
					"name": "body",
					"parent": "waist",
					"pivot": [0, 24, 0]
				},
				{
					"name": "head",
					"parent": "body",
					"pivot": [0, 24, 0]
				},
				{
					"name": "hat",
					"parent": "head",
					"pivot": [0, 24, 0]
				},
				{
					"name": "cape",
					"parent": "body",
					"pivot": [0, 24, 3]
				},
				{
					"name": "leftArm",
					"parent": "body",
					"pivot": [5, 22, 0]
				},
				{
					"name": "leftSleeve",
					"parent": "leftArm",
					"pivot": [5, 22, 0]
				},
				{
					"name": "leftItem",
					"parent": "leftArm",
					"pivot": [6, 15, 1]
				},
				{
					"name": "rightArm",
					"parent": "body",
					"pivot": [-5, 22, 0]
				},
				{
					"name": "rightSleeve",
					"parent": "rightArm",
					"pivot": [-5, 22, 0],
					"cubes": [
						{
							"origin": [-8, 12, -2],
							"size": [4, 12, 4],
							"inflate": 0.25,
							"uv": {
								"north": {"uv": [20, 11], "uv_size": [4, 5]},
								"east": {"uv": [20, 11], "uv_size": [4, 5]},
								"south": {"uv": [20, 11], "uv_size": [4, 5]},
								"west": {"uv": [20, 11], "uv_size": [4, 5]},
								"up": {"uv": [24, 16], "uv_size": [-4, -5]},
								"down": {"uv": [24, 16], "uv_size": [-4, -5]}
							}
						},
						{
							"origin": [-8, 7, -2],
							"size": [4, 5, 4],
							"inflate": 0.25,
							"uv": {
								"north": {"uv": [8, 0], "uv_size": [4, 4]},
								"east": {"uv": [16, 0], "uv_size": [4, 4]},
								"south": {"uv": [8, 0], "uv_size": [4, 4]},
								"west": {"uv": [8, 0], "uv_size": [4, 4]},
								"up": {"uv": [12, 4], "uv_size": [-4, -4]},
								"down": {"uv": [16, 4], "uv_size": [-4, -4]}
							}
						},
						{
							"origin": [-9.485, 11.115, -2.405],
							"size": [1.81, 6.25, 4.81],
							"inflate": 0.25,
							"uv": {
								"north": {"uv": [4, 0], "uv_size": [4, 4]},
								"east": {"uv": [4, 0], "uv_size": [4, 4]},
								"south": {"uv": [4, 0], "uv_size": [4, 4]},
								"west": {"uv": [4, 0], "uv_size": [4, 4]},
								"up": {"uv": [8, 4], "uv_size": [-4, -4]},
								"down": {"uv": [8, 4], "uv_size": [-4, -4]}
							}
						},
						{
							"origin": [-8.485, 21.115, -2.405],
							"size": [2.81, 3.25, 4.81],
							"inflate": 0.25,
							"uv": {
								"north": {"uv": [6, 23], "uv_size": [-2, -4]},
								"east": {"uv": [6, 23], "uv_size": [-2, -4]},
								"south": {"uv": [6, 23], "uv_size": [-2, -4]},
								"west": {"uv": [6, 23], "uv_size": [-2, -4]},
								"up": {"uv": [4, 19], "uv_size": [2, 4]},
								"down": {"uv": [4, 19], "uv_size": [2, 4]}
							}
						},
						{
							"origin": [-6.485, 17.115, -2.405],
							"size": [2.81, 3.25, 3.81],
							"inflate": 0.25,
							"uv": {
								"north": {"uv": [4, 0], "uv_size": [4, 4]},
								"east": {"uv": [4, 0], "uv_size": [4, 4]},
								"south": {"uv": [4, 0], "uv_size": [4, 4]},
								"west": {"uv": [4, 0], "uv_size": [4, 4]},
								"up": {"uv": [8, 4], "uv_size": [-4, -4]},
								"down": {"uv": [8, 4], "uv_size": [-4, -4]}
							}
						},
						{
							"origin": [-8.432, 10.288, -2.936],
							"size": [4.672, 6.6, 5.872],
							"inflate": 0.25,
							"uv": {
								"north": {"uv": [4, 0], "uv_size": [4, 4]},
								"east": {"uv": [4, 0], "uv_size": [4, 4]},
								"south": {"uv": [4, 0], "uv_size": [4, 4]},
								"west": {"uv": [4, 0], "uv_size": [4, 4]},
								"up": {"uv": [8, 4], "uv_size": [-4, -4]},
								"down": {"uv": [8, 4], "uv_size": [-4, -4]}
							}
						}
					]
				},
				{
					"name": "rightItem",
					"parent": "rightArm",
					"pivot": [-6, 15, 1],
					"locators": {
						"lead_hold": [-6, 15, 1]
					}
				},
				{
					"name": "jacket",
					"parent": "body",
					"pivot": [0, 24, 0]
				},
				{
					"name": "leftLeg",
					"parent": "root",
					"pivot": [1.9, 12, 0]
				},
				{
					"name": "leftPants",
					"parent": "leftLeg",
					"pivot": [1.9, 12, 0]
				},
				{
					"name": "rightLeg",
					"parent": "root",
					"pivot": [-1.9, 12, 0]
				},
				{
					"name": "rightPants",
					"parent": "rightLeg",
					"pivot": [-1.9, 12, 0]
				}
			]
		}
	]
}