{
	"format_version": "1.12.0",
	"minecraft:geometry": [
		{
			"description": {
				"identifier": "geometry.magma_arm",
				"texture_width": 128,
				"texture_height": 128,
				"visible_bounds_width": 3,
				"visible_bounds_height": 3,
				"visible_bounds_offset": [0, 1.5, 0]
			},
			"bones": [
				{
					"name": "root",
					"pivot": [0, 0, 0]
				},
				{
					"name": "waist",
					"parent": "root",
					"pivot": [0, 12, 0]
				},
				{
					"name": "body",
					"parent": "waist",
					"pivot": [0, 24, 0]
				},
				{
					"name": "head",
					"parent": "body",
					"pivot": [0, 24, 0]
				},
				{
					"name": "hat",
					"parent": "head",
					"pivot": [0, 24, 0]
				},
				{
					"name": "cape",
					"parent": "body",
					"pivot": [0, 24, 3]
				},
				{
					"name": "leftArm",
					"parent": "body",
					"pivot": [5, 22, 0]
				},
				{
					"name": "leftSleeve",
					"parent": "leftArm",
					"pivot": [5, 22, 0]
				},
				{
					"name": "leftItem",
					"parent": "leftArm",
					"pivot": [6, 15, 1]
				},
				{
					"name": "rightArm",
					"parent": "body",
					"pivot": [-5, 22, 0],
					"cubes": [
						{
							"origin": [-8, 12, -2],
							"size": [4, 12, 4],
							"uv": {
								"north": {"uv": [56, 48], "uv_size": [4, 12]},
								"east": {"uv": [52, 48], "uv_size": [4, 12]},
								"south": {"uv": [64, 48], "uv_size": [4, 12]},
								"west": {"uv": [60, 48], "uv_size": [4, 12]},
								"up": {"uv": [56, 44], "uv_size": [4, 4]},
								"down": {"uv": [60, 48], "uv_size": [4, -4]}
							}
						}
					]
				},
				{
					"name": "rightSleeve",
					"parent": "rightArm",
					"pivot": [-5, 22, 0],
					"cubes": [
						{
							"origin": [-8, 12, -2],
							"size": [4, 12, 4],
							"inflate": 0.25,
							"uv": {
								"north": {"uv": [60, 32], "uv_size": [4, 12]},
								"east": {"uv": [60, 32], "uv_size": [4, 12]},
								"south": {"uv": [60, 32], "uv_size": [4, 12]},
								"west": {"uv": [60, 32], "uv_size": [4, 12]},
								"up": {"uv": [64, 44], "uv_size": [-4, -12]},
								"down": {"uv": [64, 44], "uv_size": [-4, -12]}
							}
						},
						{
							"origin": [-10, 8, -3],
							"size": [6, 8, 6],
							"inflate": 0.25,
							"uv": {
								"north": {"uv": [32, 16], "uv_size": [6, 8]},
								"east": {"uv": [32, 16], "uv_size": [6, 8]},
								"south": {"uv": [32, 16], "uv_size": [6, 8]},
								"west": {"uv": [32, 16], "uv_size": [6, 8]},
								"up": {"uv": [38, 24], "uv_size": [-6, -8]},
								"down": {"uv": [38, 24], "uv_size": [-6, -8]}
							}
						},
						{
							"origin": [-9, 11, -4],
							"size": [6, 8, 4],
							"inflate": 0.25,
							"uv": {
								"north": {"uv": [48, 4], "uv_size": [6, 8]},
								"east": {"uv": [48, 4], "uv_size": [6, 8]},
								"south": {"uv": [48, 4], "uv_size": [6, 8]},
								"west": {"uv": [48, 4], "uv_size": [6, 8]},
								"up": {"uv": [54, 12], "uv_size": [-6, -8]},
								"down": {"uv": [54, 12], "uv_size": [-6, -8]}
							}
						},
						{
							"origin": [-7, 10, -1],
							"size": [5, 10, 5],
							"inflate": 0.25,
							"uv": {
								"north": {"uv": [75, 4], "uv_size": [3, 9]},
								"east": {"uv": [75, 4], "uv_size": [3, 9]},
								"south": {"uv": [75, 4], "uv_size": [3, 9]},
								"west": {"uv": [75, 4], "uv_size": [3, 9]},
								"up": {"uv": [78, 13], "uv_size": [-3, -9]},
								"down": {"uv": [78, 13], "uv_size": [-3, -9]}
							}
						},
						{
							"origin": [-9, 19, -1],
							"size": [4, 4, 4],
							"inflate": 0.25,
							"uv": {
								"north": {"uv": [36, 4], "uv_size": [4, 4]},
								"east": {"uv": [36, 4], "uv_size": [4, 4]},
								"south": {"uv": [36, 4], "uv_size": [4, 4]},
								"west": {"uv": [36, 4], "uv_size": [4, 4]},
								"up": {"uv": [40, 8], "uv_size": [-4, -4]},
								"down": {"uv": [40, 8], "uv_size": [-4, -4]}
							}
						},
						{
							"origin": [-10, 21, -4],
							"size": [7, 4, 5],
							"inflate": 0.25,
							"uv": {
								"north": {"uv": [55, 65], "uv_size": [5, 4]},
								"east": {"uv": [55, 65], "uv_size": [5, 4]},
								"south": {"uv": [55, 65], "uv_size": [5, 4]},
								"west": {"uv": [55, 65], "uv_size": [5, 4]},
								"up": {"uv": [60, 69], "uv_size": [-5, -4]},
								"down": {"uv": [60, 69], "uv_size": [-5, -4]}
							}
						}
					]
				},
				{
					"name": "rightItem",
					"parent": "rightArm",
					"pivot": [-6, 15, 1],
					"locators": {
						"lead_hold": [-6, 15, 1]
					}
				},
				{
					"name": "jacket",
					"parent": "body",
					"pivot": [0, 24, 0]
				},
				{
					"name": "leftLeg",
					"parent": "root",
					"pivot": [1.9, 12, 0]
				},
				{
					"name": "leftPants",
					"parent": "leftLeg",
					"pivot": [1.9, 12, 0]
				},
				{
					"name": "rightLeg",
					"parent": "root",
					"pivot": [-1.9, 12, 0]
				},
				{
					"name": "rightPants",
					"parent": "rightLeg",
					"pivot": [-1.9, 12, 0]
				}
			]
		}
	]
}