{
	"format_version": "1.12.0",
	"minecraft:geometry": [
		{
			"description": {
				"identifier": "geometry.mink",
				"texture_width": 64,
				"texture_height": 64,
				"visible_bounds_width": 2,
				"visible_bounds_height": 3.5,
				"visible_bounds_offset": [
					0,
					1.25,
					0
				]
			},
			"bones": [
				{
					"name": "head",
					"pivot": [
						0,
						24,
						0
					],
					"cubes": [
						{
							"origin": [
								-4,
								24,
								-4
							],
							"size": [
								8,
								8,
								8
							],
							"uv": {
								"north": {
									"uv": [
										16,
										16
									],
									"uv_size": [
										-8,
										-8
									]
								},
								"east": {
									"uv": [
										8,
										8
									],
									"uv_size": [
										-8,
										-8
									]
								},
								"south": {
									"uv": [
										8,
										8
									],
									"uv_size": [
										-8,
										-8
									]
								},
								"west": {
									"uv": [
										8,
										8
									],
									"uv_size": [
										-8,
										-8
									]
								},
								"up": {
									"uv": [
										0,
										0
									],
									"uv_size": [
										8,
										8
									]
								},
								"down": {
									"uv": [
										0,
										0
									],
									"uv_size": [
										8,
										8
									]
								}
							}
						},
						{
							"origin": [
								-4,
								32,
								-1
							],
							"size": [
								3,
								8,
								1
							],
							"uv": {
								"north": {
									"uv": [
										56,
										8
									],
									"uv_size": [
										-8,
										-8
									]
								},
								"east": {
									"uv": [
										64,
										8
									],
									"uv_size": [
										-8,
										-8
									]
								},
								"south": {
									"uv": [
										64,
										8
									],
									"uv_size": [
										-8,
										-8
									]
								},
								"west": {
									"uv": [
										64,
										8
									],
									"uv_size": [
										-8,
										-8
									]
								},
								"up": {
									"uv": [
										56,
										0
									],
									"uv_size": [
										8,
										8
									]
								},
								"down": {
									"uv": [
										56,
										0
									],
									"uv_size": [
										8,
										8
									]
								}
							}
						},
						{
							"origin": [
								1,
								32,
								-1
							],
							"size": [
								3,
								8,
								1
							],
							"uv": {
								"north": {
									"uv": [
										48,
										8
									],
									"uv_size": [
										8,
										-8
									]
								},
								"east": {
									"uv": [
										56,
										8
									],
									"uv_size": [
										8,
										-8
									]
								},
								"south": {
									"uv": [
										56,
										8
									],
									"uv_size": [
										8,
										-8
									]
								},
								"west": {
									"uv": [
										56,
										8
									],
									"uv_size": [
										8,
										-8
									]
								},
								"up": {
									"uv": [
										64,
										0
									],
									"uv_size": [
										-8,
										8
									]
								},
								"down": {
									"uv": [
										64,
										0
									],
									"uv_size": [
										-8,
										8
									]
								}
							}
						}
					]
				},
				{
					"name": "body",
					"pivot": [
						0,
						24,
						0
					],
					"cubes": [
						{
							"origin": [
								-4,
								12,
								-2
							],
							"size": [
								8,
								12,
								4
							],
							"uv": {
								"north": {
									"uv": [
										44,
										52
									],
									"uv_size": [
										8,
										12
									]
								},
								"east": {
									"uv": [
										40,
										52
									],
									"uv_size": [
										4,
										12
									]
								},
								"south": {
									"uv": [
										56,
										52
									],
									"uv_size": [
										8,
										12
									]
								},
								"west": {
									"uv": [
										52,
										52
									],
									"uv_size": [
										4,
										12
									]
								},
								"up": {
									"uv": [
										44,
										48
									],
									"uv_size": [
										8,
										4
									]
								},
								"down": {
									"uv": [
										52,
										52
									],
									"uv_size": [
										8,
										-4
									]
								}
							}
						}
					]
				},
				{
					"name": "rightArm",
					"pivot": [
						-6,
						23,
						0
					],
					"cubes": [
						{
							"origin": [
								-8,
								18,
								-2
							],
							"size": [
								4,
								6,
								4
							],
							"uv": {
								"north": {
									"uv": [
										4,
										58
									],
									"uv_size": [
										4,
										6
									]
								},
								"east": {
									"uv": [
										0,
										58
									],
									"uv_size": [
										4,
										6
									]
								},
								"south": {
									"uv": [
										12,
										58
									],
									"uv_size": [
										4,
										6
									]
								},
								"west": {
									"uv": [
										8,
										58
									],
									"uv_size": [
										4,
										6
									]
								},
								"up": {
									"uv": [
										4,
										54
									],
									"uv_size": [
										4,
										4
									]
								},
								"down": {
									"uv": [
										8,
										58
									],
									"uv_size": [
										4,
										-4
									]
								}
							}
						}
					]
				},
				{
					"name": "leftArm2",
					"parent": "rightArm",
					"pivot": [
						-5,
						16,
						0
					],
					"cubes": [
						{
							"origin": [
								-8,
								12,
								-2
							],
							"size": [
								4,
								6,
								4
							],
							"uv": {
								"north": {
									"uv": [
										17,
										58
									],
									"uv_size": [
										4,
										6
									]
								},
								"east": {
									"uv": [
										13,
										58
									],
									"uv_size": [
										4,
										6
									]
								},
								"south": {
									"uv": [
										25,
										58
									],
									"uv_size": [
										4,
										6
									]
								},
								"west": {
									"uv": [
										21,
										58
									],
									"uv_size": [
										4,
										6
									]
								},
								"up": {
									"uv": [
										17,
										54
									],
									"uv_size": [
										4,
										4
									]
								},
								"down": {
									"uv": [
										21,
										58
									],
									"uv_size": [
										4,
										-4
									]
								}
							}
						}
					]
				},
				{
					"name": "rightLeg",
					"pivot": [
						-1.9,
						12,
						0
					],
					"cubes": [
						{
							"origin": [
								-3.9,
								6,
								-2
							],
							"size": [
								4,
								6,
								4
							],
							"uv": {
								"north": {
									"uv": [
										40,
										58
									],
									"uv_size": [
										4,
										6
									]
								},
								"east": {
									"uv": [
										36,
										58
									],
									"uv_size": [
										4,
										6
									]
								},
								"south": {
									"uv": [
										48,
										58
									],
									"uv_size": [
										4,
										6
									]
								},
								"west": {
									"uv": [
										44,
										58
									],
									"uv_size": [
										4,
										6
									]
								},
								"up": {
									"uv": [
										40,
										54
									],
									"uv_size": [
										4,
										4
									]
								},
								"down": {
									"uv": [
										44,
										58
									],
									"uv_size": [
										4,
										-4
									]
								}
							}
						}
					]
				},
				{
					"name": "rightLeg2",
					"parent": "rightLeg",
					"pivot": [
						-1.9,
						6,
						0
					],
					"cubes": [
						{
							"origin": [
								-3.9,
								0,
								-2
							],
							"size": [
								4,
								6,
								4
							],
							"uv": {
								"north": {
									"uv": [
										8,
										58
									],
									"uv_size": [
										4,
										6
									]
								},
								"east": {
									"uv": [
										4,
										58
									],
									"uv_size": [
										4,
										6
									]
								},
								"south": {
									"uv": [
										16,
										58
									],
									"uv_size": [
										4,
										6
									]
								},
								"west": {
									"uv": [
										12,
										58
									],
									"uv_size": [
										4,
										6
									]
								},
								"up": {
									"uv": [
										8,
										54
									],
									"uv_size": [
										4,
										4
									]
								},
								"down": {
									"uv": [
										12,
										58
									],
									"uv_size": [
										4,
										-4
									]
								}
							}
						}
					]
				},
				{
					"name": "leftLeg",
					"pivot": [
						1.9,
						12,
						0
					],
					"cubes": [
						{
							"origin": [
								-0.1,
								6,
								-2
							],
							"size": [
								4,
								6,
								4
							],
							"uv": {
								"north": {
									"uv": [
										28,
										58
									],
									"uv_size": [
										4,
										6
									]
								},
								"east": {
									"uv": [
										24,
										58
									],
									"uv_size": [
										4,
										6
									]
								},
								"south": {
									"uv": [
										36,
										58
									],
									"uv_size": [
										4,
										6
									]
								},
								"west": {
									"uv": [
										32,
										58
									],
									"uv_size": [
										4,
										6
									]
								},
								"up": {
									"uv": [
										28,
										54
									],
									"uv_size": [
										4,
										4
									]
								},
								"down": {
									"uv": [
										32,
										58
									],
									"uv_size": [
										4,
										-4
									]
								}
							}
						}
					]
				},
				{
					"name": "leftLeg4",
					"parent": "leftLeg",
					"pivot": [
						1.9,
						6,
						0
					],
					"cubes": [
						{
							"origin": [
								-0.1,
								0,
								-2
							],
							"size": [
								4,
								6,
								4
							],
							"uv": {
								"north": {
									"uv": [
										29,
										58
									],
									"uv_size": [
										4,
										6
									]
								},
								"east": {
									"uv": [
										25,
										58
									],
									"uv_size": [
										4,
										6
									]
								},
								"south": {
									"uv": [
										37,
										58
									],
									"uv_size": [
										4,
										6
									]
								},
								"west": {
									"uv": [
										33,
										58
									],
									"uv_size": [
										4,
										6
									]
								},
								"up": {
									"uv": [
										29,
										54
									],
									"uv_size": [
										4,
										4
									]
								},
								"down": {
									"uv": [
										33,
										58
									],
									"uv_size": [
										4,
										-4
									]
								}
							}
						}
					]
				},
				{
					"name": "leftArm",
					"pivot": [
						6,
						23,
						0
					],
					"cubes": [
						{
							"origin": [
								4,
								18,
								-2
							],
							"size": [
								4,
								6,
								4
							],
							"uv": {
								"north": {
									"uv": [
										28,
										58
									],
									"uv_size": [
										4,
										6
									]
								},
								"east": {
									"uv": [
										24,
										58
									],
									"uv_size": [
										4,
										6
									]
								},
								"south": {
									"uv": [
										36,
										58
									],
									"uv_size": [
										4,
										6
									]
								},
								"west": {
									"uv": [
										32,
										58
									],
									"uv_size": [
										4,
										6
									]
								},
								"up": {
									"uv": [
										28,
										54
									],
									"uv_size": [
										4,
										4
									]
								},
								"down": {
									"uv": [
										32,
										58
									],
									"uv_size": [
										4,
										-4
									]
								}
							}
						}
					]
				},
				{
					"name": "rightArm3",
					"parent": "leftArm",
					"pivot": [
						5,
						16,
						0
					],
					"cubes": [
						{
							"origin": [
								4,
								12,
								-2
							],
							"size": [
								4,
								6,
								4
							],
							"uv": {
								"north": {
									"uv": [
										35,
										58
									],
									"uv_size": [
										4,
										6
									]
								},
								"east": {
									"uv": [
										31,
										58
									],
									"uv_size": [
										4,
										6
									]
								},
								"south": {
									"uv": [
										43,
										58
									],
									"uv_size": [
										4,
										6
									]
								},
								"west": {
									"uv": [
										39,
										58
									],
									"uv_size": [
										4,
										6
									]
								},
								"up": {
									"uv": [
										35,
										54
									],
									"uv_size": [
										4,
										4
									]
								},
								"down": {
									"uv": [
										39,
										58
									],
									"uv_size": [
										4,
										-4
									]
								}
							}
						}
					]
				}
			]
		}
	]
}