{
	"format_version": "1.12.0",
	"minecraft:geometry": [
		{
			"description": {
				"identifier": "geometry.mochi_barrage",
				"texture_width": 64,
				"texture_height": 64,
				"visible_bounds_width": 6,
				"visible_bounds_height": 4,
				"visible_bounds_offset": [0, 2, 0]
			},
			"bones": [
				{
					"name": "root",
					"pivot": [0, 0, 0]
				},
				{
					"name": "waist",
					"parent": "root",
					"pivot": [0, 12, 0]
				},
				{
					"name": "body",
					"parent": "waist",
					"pivot": [0, 24, 0]
				},
				{
					"name": "head",
					"parent": "body",
					"pivot": [0, 24, 0]
				},
				{
					"name": "hat",
					"parent": "head",
					"pivot": [0, 24, 0]
				},
				{
					"name": "cape",
					"parent": "body",
					"pivot": [0, 24, 3]
				},
				{
					"name": "leftArm",
					"parent": "body",
					"pivot": [5, 22, 0]
				},
				{
					"name": "leftSleeve",
					"parent": "leftArm",
					"pivot": [5, 22, 0]
				},
				{
					"name": "leftItem",
					"parent": "leftArm",
					"pivot": [6, 15, 1]
				},
				{
					"name": "rightArm",
					"parent": "body",
					"pivot": [-5, 22, 0]
				},
				{
					"name": "rightSleeve",
					"parent": "rightArm",
					"pivot": [-5, 22, 0]
				},
				{
					"name": "rightItem",
					"parent": "rightArm",
					"pivot": [-6, 15, 1],
					"locators": {
						"lead_hold": [-6, 15, 1]
					}
				},
				{
					"name": "jacket",
					"parent": "body",
					"pivot": [0, 24, 0]
				},
				{
					"name": "bone",
					"parent": "jacket",
					"pivot": [-2, 21, 3],
					"cubes": [
						{
							"origin": [-3, 20, 3],
							"size": [2, 2, 4],
							"inflate": 0.25,
							"uv": {
								"north": {"uv": [14, 13], "uv_size": [-14, -13]},
								"east": {"uv": [14, 13], "uv_size": [-14, -13]},
								"south": {"uv": [14, 13], "uv_size": [-14, -13]},
								"west": {"uv": [14, 13], "uv_size": [-14, -13]},
								"up": {"uv": [0, 0], "uv_size": [14, 13]},
								"down": {"uv": [0, 0], "uv_size": [14, 13]}
							}
						},
						{
							"origin": [-3.755, 19.665, 6.485],
							"size": [3.35, 3.35, 6.43],
							"inflate": 0.25,
							"pivot": [-2.08, 21.34, 4.7],
							"rotation": [0, -35, 0],
							"uv": {
								"north": {"uv": [14, 13], "uv_size": [-14, -13]},
								"east": {"uv": [14, 13], "uv_size": [-14, -13]},
								"south": {"uv": [14, 13], "uv_size": [-14, -13]},
								"west": {"uv": [14, 13], "uv_size": [-14, -13]},
								"up": {"uv": [0, 0], "uv_size": [14, 13]},
								"down": {"uv": [0, 0], "uv_size": [14, 13]}
							}
						},
						{
							"origin": [-1.43313, 18.665, 62.26586],
							"size": [5.35, 5.35, 14.43],
							"inflate": 0.25,
							"pivot": [-3.67813, 0, 34.78086],
							"rotation": [0, -140, 0],
							"uv": {
								"north": {"uv": [14, 13], "uv_size": [-14, -13]},
								"east": {"uv": [14, 13], "uv_size": [-14, -13]},
								"south": {"uv": [14, 13], "uv_size": [-14, -13]},
								"west": {"uv": [14, 13], "uv_size": [-14, -13]},
								"up": {"uv": [0, 0], "uv_size": [14, 13]},
								"down": {"uv": [0, 0], "uv_size": [14, 13]}
							}
						},
						{
							"origin": [3.245, 18.665, 12.485],
							"size": [5.35, 5.35, 14.43],
							"inflate": 0.25,
							"pivot": [0, 0, 0],
							"rotation": [0, -62.5, 0],
							"uv": {
								"north": {"uv": [14, 13], "uv_size": [-14, -13]},
								"east": {"uv": [14, 13], "uv_size": [-14, -13]},
								"south": {"uv": [14, 13], "uv_size": [-14, -13]},
								"west": {"uv": [14, 13], "uv_size": [-14, -13]},
								"up": {"uv": [0, 0], "uv_size": [14, 13]},
								"down": {"uv": [0, 0], "uv_size": [14, 13]}
							}
						}
					]
				},
				{
					"name": "bone2",
					"parent": "bone",
					"pivot": [-35.43146, 21.34, 3.1083],
					"cubes": [
						{
							"origin": [-37.78435, 18.665, 2.5821],
							"size": [5.35, 5.35, 14.43],
							"inflate": 0.25,
							"pivot": [-35.10935, 21.34, 2.7971],
							"rotation": [0, 170, 0],
							"uv": {
								"north": {"uv": [33, 8], "uv_size": [-5, -8]},
								"east": {"uv": [33, 8], "uv_size": [-5, -8]},
								"south": {"uv": [33, 8], "uv_size": [-5, -8]},
								"west": {"uv": [33, 8], "uv_size": [-5, -8]},
								"up": {"uv": [28, 0], "uv_size": [5, 8]},
								"down": {"uv": [28, 0], "uv_size": [5, 8]}
							}
						}
					]
				},
				{
					"name": "bone3",
					"parent": "jacket",
					"pivot": [2, 21, 3],
					"cubes": [
						{
							"origin": [1, 20, 3],
							"size": [2, 2, 4],
							"inflate": 0.25,
							"uv": {
								"north": {"uv": [0, 13], "uv_size": [14, -13]},
								"east": {"uv": [0, 13], "uv_size": [14, -13]},
								"south": {"uv": [0, 13], "uv_size": [14, -13]},
								"west": {"uv": [0, 13], "uv_size": [14, -13]},
								"up": {"uv": [14, 0], "uv_size": [-14, 13]},
								"down": {"uv": [14, 0], "uv_size": [-14, 13]}
							}
						},
						{
							"origin": [0.405, 19.665, 6.485],
							"size": [3.35, 3.35, 6.43],
							"inflate": 0.25,
							"pivot": [2.08, 21.34, 4.7],
							"rotation": [0, 35, 0],
							"uv": {
								"north": {"uv": [0, 13], "uv_size": [14, -13]},
								"east": {"uv": [0, 13], "uv_size": [14, -13]},
								"south": {"uv": [0, 13], "uv_size": [14, -13]},
								"west": {"uv": [0, 13], "uv_size": [14, -13]},
								"up": {"uv": [14, 0], "uv_size": [-14, 13]},
								"down": {"uv": [14, 0], "uv_size": [-14, 13]}
							}
						},
						{
							"origin": [-3.91687, 18.665, 62.26586],
							"size": [5.35, 5.35, 14.43],
							"inflate": 0.25,
							"pivot": [3.67813, 0, 34.78086],
							"rotation": [0, 140, 0],
							"uv": {
								"north": {"uv": [0, 13], "uv_size": [14, -13]},
								"east": {"uv": [0, 13], "uv_size": [14, -13]},
								"south": {"uv": [0, 13], "uv_size": [14, -13]},
								"west": {"uv": [0, 13], "uv_size": [14, -13]},
								"up": {"uv": [14, 0], "uv_size": [-14, 13]},
								"down": {"uv": [14, 0], "uv_size": [-14, 13]}
							}
						},
						{
							"origin": [-8.595, 18.665, 12.485],
							"size": [5.35, 5.35, 14.43],
							"inflate": 0.25,
							"pivot": [0, 0, 0],
							"rotation": [0, 62.5, 0],
							"uv": {
								"north": {"uv": [0, 13], "uv_size": [14, -13]},
								"east": {"uv": [0, 13], "uv_size": [14, -13]},
								"south": {"uv": [0, 13], "uv_size": [14, -13]},
								"west": {"uv": [0, 13], "uv_size": [14, -13]},
								"up": {"uv": [14, 0], "uv_size": [-14, 13]},
								"down": {"uv": [14, 0], "uv_size": [-14, 13]}
							}
						}
					]
				},
				{
					"name": "bone4",
					"parent": "bone3",
					"pivot": [35.43146, 21.34, 3.1083],
					"cubes": [
						{
							"origin": [32.43435, 18.665, 2.5821],
							"size": [5.35, 5.35, 14.43],
							"inflate": 0.25,
							"pivot": [35.10935, 21.34, 2.7971],
							"rotation": [0, -170, 0],
							"uv": {
								"north": {"uv": [28, 8], "uv_size": [5, -8]},
								"east": {"uv": [28, 8], "uv_size": [5, -8]},
								"south": {"uv": [28, 8], "uv_size": [5, -8]},
								"west": {"uv": [28, 8], "uv_size": [5, -8]},
								"up": {"uv": [33, 0], "uv_size": [-5, 8]},
								"down": {"uv": [33, 0], "uv_size": [-5, 8]}
							}
						}
					]
				},
				{
					"name": "bone5",
					"parent": "jacket",
					"pivot": [2, 15, 3],
					"rotation": [0, 0, 25],
					"cubes": [
						{
							"origin": [1, 14, 3],
							"size": [2, 2, 4],
							"inflate": 0.25,
							"uv": {
								"north": {"uv": [0, 13], "uv_size": [14, -13]},
								"east": {"uv": [0, 13], "uv_size": [14, -13]},
								"south": {"uv": [0, 13], "uv_size": [14, -13]},
								"west": {"uv": [0, 13], "uv_size": [14, -13]},
								"up": {"uv": [14, 0], "uv_size": [-14, 13]},
								"down": {"uv": [14, 0], "uv_size": [-14, 13]}
							}
						},
						{
							"origin": [0.405, 13.665, 6.485],
							"size": [3.35, 3.35, 6.43],
							"inflate": 0.25,
							"pivot": [2.08, 15.34, 4.7],
							"rotation": [0, 35, 0],
							"uv": {
								"north": {"uv": [0, 13], "uv_size": [14, -13]},
								"east": {"uv": [0, 13], "uv_size": [14, -13]},
								"south": {"uv": [0, 13], "uv_size": [14, -13]},
								"west": {"uv": [0, 13], "uv_size": [14, -13]},
								"up": {"uv": [14, 0], "uv_size": [-14, 13]},
								"down": {"uv": [14, 0], "uv_size": [-14, 13]}
							}
						},
						{
							"origin": [-3.91687, 12.665, 62.26586],
							"size": [5.35, 5.35, 14.43],
							"inflate": 0.25,
							"pivot": [3.67813, -6, 34.78086],
							"rotation": [0, 140, 0],
							"uv": {
								"north": {"uv": [0, 13], "uv_size": [14, -13]},
								"east": {"uv": [0, 13], "uv_size": [14, -13]},
								"south": {"uv": [0, 13], "uv_size": [14, -13]},
								"west": {"uv": [0, 13], "uv_size": [14, -13]},
								"up": {"uv": [14, 0], "uv_size": [-14, 13]},
								"down": {"uv": [14, 0], "uv_size": [-14, 13]}
							}
						},
						{
							"origin": [-8.595, 12.665, 12.485],
							"size": [5.35, 5.35, 14.43],
							"inflate": 0.25,
							"pivot": [0, -6, 0],
							"rotation": [0, 62.5, 0],
							"uv": {
								"north": {"uv": [0, 13], "uv_size": [14, -13]},
								"east": {"uv": [0, 13], "uv_size": [14, -13]},
								"south": {"uv": [0, 13], "uv_size": [14, -13]},
								"west": {"uv": [0, 13], "uv_size": [14, -13]},
								"up": {"uv": [14, 0], "uv_size": [-14, 13]},
								"down": {"uv": [14, 0], "uv_size": [-14, 13]}
							}
						}
					]
				},
				{
					"name": "bone6",
					"parent": "bone5",
					"pivot": [35.43146, 15.34, 3.1083],
					"cubes": [
						{
							"origin": [32.43435, 12.665, 2.5821],
							"size": [5.35, 5.35, 14.43],
							"inflate": 0.25,
							"pivot": [35.10935, 15.34, 2.7971],
							"rotation": [0, -170, 0],
							"uv": {
								"north": {"uv": [28, 8], "uv_size": [5, -8]},
								"east": {"uv": [28, 8], "uv_size": [5, -8]},
								"south": {"uv": [28, 8], "uv_size": [5, -8]},
								"west": {"uv": [28, 8], "uv_size": [5, -8]},
								"up": {"uv": [33, 0], "uv_size": [-5, 8]},
								"down": {"uv": [33, 0], "uv_size": [-5, 8]}
							}
						}
					]
				},
				{
					"name": "bone7",
					"parent": "jacket",
					"pivot": [-2, 15, 3],
					"rotation": [0, 0, -25],
					"cubes": [
						{
							"origin": [-3, 14, 3],
							"size": [2, 2, 4],
							"inflate": 0.25,
							"uv": {
								"north": {"uv": [14, 13], "uv_size": [-14, -13]},
								"east": {"uv": [14, 13], "uv_size": [-14, -13]},
								"south": {"uv": [14, 13], "uv_size": [-14, -13]},
								"west": {"uv": [14, 13], "uv_size": [-14, -13]},
								"up": {"uv": [0, 0], "uv_size": [14, 13]},
								"down": {"uv": [0, 0], "uv_size": [14, 13]}
							}
						},
						{
							"origin": [-3.755, 13.665, 6.485],
							"size": [3.35, 3.35, 6.43],
							"inflate": 0.25,
							"pivot": [-2.08, 15.34, 4.7],
							"rotation": [0, -35, 0],
							"uv": {
								"north": {"uv": [14, 13], "uv_size": [-14, -13]},
								"east": {"uv": [14, 13], "uv_size": [-14, -13]},
								"south": {"uv": [14, 13], "uv_size": [-14, -13]},
								"west": {"uv": [14, 13], "uv_size": [-14, -13]},
								"up": {"uv": [0, 0], "uv_size": [14, 13]},
								"down": {"uv": [0, 0], "uv_size": [14, 13]}
							}
						},
						{
							"origin": [-1.43313, 12.665, 62.26586],
							"size": [5.35, 5.35, 14.43],
							"inflate": 0.25,
							"pivot": [-3.67813, -6, 34.78086],
							"rotation": [0, -140, 0],
							"uv": {
								"north": {"uv": [14, 13], "uv_size": [-14, -13]},
								"east": {"uv": [14, 13], "uv_size": [-14, -13]},
								"south": {"uv": [14, 13], "uv_size": [-14, -13]},
								"west": {"uv": [14, 13], "uv_size": [-14, -13]},
								"up": {"uv": [0, 0], "uv_size": [14, 13]},
								"down": {"uv": [0, 0], "uv_size": [14, 13]}
							}
						},
						{
							"origin": [3.245, 12.665, 12.485],
							"size": [5.35, 5.35, 14.43],
							"inflate": 0.25,
							"pivot": [0, -6, 0],
							"rotation": [0, -62.5, 0],
							"uv": {
								"north": {"uv": [14, 13], "uv_size": [-14, -13]},
								"east": {"uv": [14, 13], "uv_size": [-14, -13]},
								"south": {"uv": [14, 13], "uv_size": [-14, -13]},
								"west": {"uv": [14, 13], "uv_size": [-14, -13]},
								"up": {"uv": [0, 0], "uv_size": [14, 13]},
								"down": {"uv": [0, 0], "uv_size": [14, 13]}
							}
						}
					]
				},
				{
					"name": "bone8",
					"parent": "bone7",
					"pivot": [-35.43146, 15.34, 3.1083],
					"cubes": [
						{
							"origin": [-37.78435, 12.665, 2.5821],
							"size": [5.35, 5.35, 14.43],
							"inflate": 0.25,
							"pivot": [-35.10935, 15.34, 2.7971],
							"rotation": [0, 170, 0],
							"uv": {
								"north": {"uv": [33, 8], "uv_size": [-5, -8]},
								"east": {"uv": [33, 8], "uv_size": [-5, -8]},
								"south": {"uv": [33, 8], "uv_size": [-5, -8]},
								"west": {"uv": [33, 8], "uv_size": [-5, -8]},
								"up": {"uv": [28, 0], "uv_size": [5, 8]},
								"down": {"uv": [28, 0], "uv_size": [5, 8]}
							}
						}
					]
				},
				{
					"name": "bone9",
					"parent": "jacket",
					"pivot": [-2, 24, 3],
					"rotation": [0, 0, 25],
					"cubes": [
						{
							"origin": [-3, 23, 3],
							"size": [2, 2, 4],
							"inflate": 0.25,
							"uv": {
								"north": {"uv": [14, 0], "uv_size": [-14, 13]},
								"east": {"uv": [14, 0], "uv_size": [-14, 13]},
								"south": {"uv": [14, 0], "uv_size": [-14, 13]},
								"west": {"uv": [14, 0], "uv_size": [-14, 13]},
								"up": {"uv": [0, 13], "uv_size": [14, -13]},
								"down": {"uv": [0, 13], "uv_size": [14, -13]}
							}
						},
						{
							"origin": [-3.755, 21.985, 6.485],
							"size": [3.35, 3.35, 6.43],
							"inflate": 0.25,
							"pivot": [-2.08, 23.66, 4.7],
							"rotation": [0, -35, 0],
							"uv": {
								"north": {"uv": [14, 0], "uv_size": [-14, 13]},
								"east": {"uv": [14, 0], "uv_size": [-14, 13]},
								"south": {"uv": [14, 0], "uv_size": [-14, 13]},
								"west": {"uv": [14, 0], "uv_size": [-14, 13]},
								"up": {"uv": [0, 13], "uv_size": [14, -13]},
								"down": {"uv": [0, 13], "uv_size": [14, -13]}
							}
						},
						{
							"origin": [-1.43313, 20.985, 62.26586],
							"size": [5.35, 5.35, 14.43],
							"inflate": 0.25,
							"pivot": [-3.67813, 45, 34.78086],
							"rotation": [0, -140, 0],
							"uv": {
								"north": {"uv": [14, 0], "uv_size": [-14, 13]},
								"east": {"uv": [14, 0], "uv_size": [-14, 13]},
								"south": {"uv": [14, 0], "uv_size": [-14, 13]},
								"west": {"uv": [14, 0], "uv_size": [-14, 13]},
								"up": {"uv": [0, 13], "uv_size": [14, -13]},
								"down": {"uv": [0, 13], "uv_size": [14, -13]}
							}
						},
						{
							"origin": [3.245, 20.985, 12.485],
							"size": [5.35, 5.35, 14.43],
							"inflate": 0.25,
							"pivot": [0, 45, 0],
							"rotation": [0, -62.5, 0],
							"uv": {
								"north": {"uv": [14, 0], "uv_size": [-14, 13]},
								"east": {"uv": [14, 0], "uv_size": [-14, 13]},
								"south": {"uv": [14, 0], "uv_size": [-14, 13]},
								"west": {"uv": [14, 0], "uv_size": [-14, 13]},
								"up": {"uv": [0, 13], "uv_size": [14, -13]},
								"down": {"uv": [0, 13], "uv_size": [14, -13]}
							}
						}
					]
				},
				{
					"name": "bone10",
					"parent": "bone9",
					"pivot": [-35.43146, 23.66, 3.1083],
					"cubes": [
						{
							"origin": [-37.78435, 20.985, 2.5821],
							"size": [5.35, 5.35, 14.43],
							"inflate": 0.25,
							"pivot": [-35.10935, 23.66, 2.7971],
							"rotation": [0, 170, 0],
							"uv": {
								"north": {"uv": [33, 0], "uv_size": [-5, 8]},
								"east": {"uv": [33, 0], "uv_size": [-5, 8]},
								"south": {"uv": [33, 0], "uv_size": [-5, 8]},
								"west": {"uv": [33, 0], "uv_size": [-5, 8]},
								"up": {"uv": [28, 8], "uv_size": [5, -8]},
								"down": {"uv": [28, 8], "uv_size": [5, -8]}
							}
						}
					]
				},
				{
					"name": "bone11",
					"parent": "jacket",
					"pivot": [2, 24, 3],
					"rotation": [0, 0, -25],
					"cubes": [
						{
							"origin": [1, 23, 3],
							"size": [2, 2, 4],
							"inflate": 0.25,
							"uv": {
								"north": {"uv": [0, 0], "uv_size": [14, 13]},
								"east": {"uv": [0, 0], "uv_size": [14, 13]},
								"south": {"uv": [0, 0], "uv_size": [14, 13]},
								"west": {"uv": [0, 0], "uv_size": [14, 13]},
								"up": {"uv": [14, 13], "uv_size": [-14, -13]},
								"down": {"uv": [14, 13], "uv_size": [-14, -13]}
							}
						},
						{
							"origin": [0.405, 21.985, 6.485],
							"size": [3.35, 3.35, 6.43],
							"inflate": 0.25,
							"pivot": [2.08, 23.66, 4.7],
							"rotation": [0, 35, 0],
							"uv": {
								"north": {"uv": [0, 0], "uv_size": [14, 13]},
								"east": {"uv": [0, 0], "uv_size": [14, 13]},
								"south": {"uv": [0, 0], "uv_size": [14, 13]},
								"west": {"uv": [0, 0], "uv_size": [14, 13]},
								"up": {"uv": [14, 13], "uv_size": [-14, -13]},
								"down": {"uv": [14, 13], "uv_size": [-14, -13]}
							}
						},
						{
							"origin": [-3.91687, 20.985, 62.26586],
							"size": [5.35, 5.35, 14.43],
							"inflate": 0.25,
							"pivot": [3.67813, 45, 34.78086],
							"rotation": [0, 140, 0],
							"uv": {
								"north": {"uv": [0, 0], "uv_size": [14, 13]},
								"east": {"uv": [0, 0], "uv_size": [14, 13]},
								"south": {"uv": [0, 0], "uv_size": [14, 13]},
								"west": {"uv": [0, 0], "uv_size": [14, 13]},
								"up": {"uv": [14, 13], "uv_size": [-14, -13]},
								"down": {"uv": [14, 13], "uv_size": [-14, -13]}
							}
						},
						{
							"origin": [-8.595, 20.985, 12.485],
							"size": [5.35, 5.35, 14.43],
							"inflate": 0.25,
							"pivot": [0, 45, 0],
							"rotation": [0, 62.5, 0],
							"uv": {
								"north": {"uv": [0, 0], "uv_size": [14, 13]},
								"east": {"uv": [0, 0], "uv_size": [14, 13]},
								"south": {"uv": [0, 0], "uv_size": [14, 13]},
								"west": {"uv": [0, 0], "uv_size": [14, 13]},
								"up": {"uv": [14, 13], "uv_size": [-14, -13]},
								"down": {"uv": [14, 13], "uv_size": [-14, -13]}
							}
						}
					]
				},
				{
					"name": "bone12",
					"parent": "bone11",
					"pivot": [35.43146, 23.66, 3.1083],
					"cubes": [
						{
							"origin": [32.43435, 20.985, 2.5821],
							"size": [5.35, 5.35, 14.43],
							"inflate": 0.25,
							"pivot": [35.10935, 23.66, 2.7971],
							"rotation": [0, -170, 0],
							"uv": {
								"north": {"uv": [28, 0], "uv_size": [5, 8]},
								"east": {"uv": [28, 0], "uv_size": [5, 8]},
								"south": {"uv": [28, 0], "uv_size": [5, 8]},
								"west": {"uv": [28, 0], "uv_size": [5, 8]},
								"up": {"uv": [33, 8], "uv_size": [-5, -8]},
								"down": {"uv": [33, 8], "uv_size": [-5, -8]}
							}
						}
					]
				},
				{
					"name": "leftLeg",
					"parent": "root",
					"pivot": [1.9, 12, 0]
				},
				{
					"name": "leftPants",
					"parent": "leftLeg",
					"pivot": [1.9, 12, 0]
				},
				{
					"name": "rightLeg",
					"parent": "root",
					"pivot": [-1.9, 12, 0]
				},
				{
					"name": "rightPants",
					"parent": "rightLeg",
					"pivot": [-1.9, 12, 0]
				}
			]
		}
	]
}