{
	"format_version": "1.12.0",
	"minecraft:geometry": [
		{
			"description": {
				"identifier": "geometry.slash",
				"texture_width": 128,
				"texture_height": 128,
				"visible_bounds_width": 8,
				"visible_bounds_height": 7,
				"visible_bounds_offset": [0, 0.5, 0]
			},
			"bones": [
				{
					"name": "bone",
					"pivot": [0, 0, -0.10302],
					"cubes": [
						{"origin": [-1, -63.10088, 29.98782], "size": [2, 9, 6], "pivot": [0, -44.10088, 32.98782], "rotation": [95, 0, 0], "uv": [0, 0]},
						{"origin": [-1, 54.10088, 29.98782], "size": [2, 9, 6], "pivot": [0, 44.10088, 32.98782], "rotation": [-95, 0, 0], "uv": [20, 0]},
						{"origin": [-1, -54.10088, 28.98782], "size": [2, 20, 8], "pivot": [0, -44.10088, 32.98782], "rotation": [95, 0, 0], "uv": [70, 32]},
						{"origin": [-1, 34.10088, 28.98782], "size": [2, 20, 8], "pivot": [0, 44.10088, 32.98782], "rotation": [-95, 0, 0], "uv": [28, 74]},
						{"origin": [-1, -54.1914, 8.85225], "size": [2, 20, 12], "pivot": [0, -44.1914, 14.35225], "rotation": [82.5, 0, 0], "uv": [54, 54]},
						{"origin": [-1, 34.1914, 8.85225], "size": [2, 20, 12], "pivot": [0, 44.1914, 14.35225], "rotation": [-82.5, 0, 0], "uv": [66, 0]},
						{"origin": [-1, -46.11756, 0.61258], "size": [2, 20, 13], "pivot": [0, -42.61756, 7.61258], "rotation": [32.5, 0, 0], "uv": [36, 0]},
						{"origin": [-1, 26.11756, 0.61258], "size": [2, 20, 13], "pivot": [0, 42.61756, 7.61258], "rotation": [-32.5, 0, 0], "uv": [36, 33]},
						{"origin": [-1, -33, -8], "size": [2, 66, 16], "uv": [0, 0]}
					]
				}
			]
		}
	]
}