{
	"format_version": "1.12.0",
	"minecraft:geometry": [
		{
			"description": {
				"identifier": "geometry.source",
				"texture_width": 64,
				"texture_height": 64,
				"visible_bounds_width": 2,
				"visible_bounds_height": 6.5,
				"visible_bounds_offset": [0, 2.75, 0]
			},
			"bones": [
				{
					"name": "bone",
					"pivot": [0, 0, 0],
					"cubes": [
						{
							"origin": [-1, 23, -1],
							"size": [2, 56, 2],
							"uv": {
								"north": {"uv": [0, 34], "uv_size": [10, 5]},
								"east": {"uv": [0, 34], "uv_size": [10, 5]},
								"south": {"uv": [0, 34], "uv_size": [10, 5]},
								"west": {"uv": [0, 34], "uv_size": [10, 5]},
								"up": {"uv": [10, 39], "uv_size": [-10, -5]},
								"down": {"uv": [10, 39], "uv_size": [-10, -5]}
							}
						},
						{
							"origin": [-2, 23, -2],
							"size": [4, 43, 4],
							"uv": {
								"north": {"uv": [0, 10], "uv_size": [10, 23]},
								"east": {"uv": [0, 10], "uv_size": [10, 23]},
								"south": {"uv": [0, 10], "uv_size": [10, 23]},
								"west": {"uv": [0, 10], "uv_size": [10, 23]},
								"up": {"uv": [6, 38], "uv_size": [-6, -3]},
								"down": {"uv": [10, 33], "uv_size": [-10, -23]}
							}
						},
						{
							"origin": [-3, 23, -3],
							"size": [6, 30, 6],
							"uv": {
								"north": {"uv": [10, 10], "uv_size": [10, 23]},
								"east": {"uv": [10, 10], "uv_size": [10, 23]},
								"south": {"uv": [10, 10], "uv_size": [10, 23]},
								"west": {"uv": [10, 10], "uv_size": [10, 23]},
								"up": {"uv": [20, 33], "uv_size": [-10, -23]},
								"down": {"uv": [20, 33], "uv_size": [-10, -23]}
							}
						},
						{
							"origin": [-4, 23, -4],
							"size": [8, 16, 8],
							"uv": {
								"north": {"uv": [10, 10], "uv_size": [10, 23]},
								"east": {"uv": [10, 10], "uv_size": [10, 23]},
								"south": {"uv": [10, 10], "uv_size": [10, 23]},
								"west": {"uv": [10, 10], "uv_size": [10, 23]},
								"up": {"uv": [20, 33], "uv_size": [-10, -23]},
								"down": {"uv": [20, 33], "uv_size": [-10, -23]}
							}
						},
						{
							"origin": [-5, 0, -5],
							"size": [10, 23, 10],
							"uv": {
								"north": {"uv": [10, 10], "uv_size": [10, 23]},
								"east": {"uv": [10, 10], "uv_size": [10, 23]},
								"south": {"uv": [10, 10], "uv_size": [10, 23]},
								"west": {"uv": [10, 10], "uv_size": [10, 23]},
								"up": {"uv": [20, 33], "uv_size": [-10, -23]},
								"down": {"uv": [20, 33], "uv_size": [-10, -23]}
							}
						}
					]
				},
				{
					"name": "bone2",
					"pivot": [0, 0, 0],
					"cubes": [
						{
							"origin": [-1, 23, -1],
							"size": [2, 56, 2],
							"uv": {
								"north": {"uv": [0, 34], "uv_size": [10, 5]},
								"east": {"uv": [0, 34], "uv_size": [10, 5]},
								"south": {"uv": [0, 34], "uv_size": [10, 5]},
								"west": {"uv": [0, 34], "uv_size": [10, 5]},
								"up": {"uv": [10, 39], "uv_size": [-10, -5]},
								"down": {"uv": [10, 39], "uv_size": [-10, -5]}
							}
						},
						{
							"origin": [-2, 23, -2],
							"size": [4, 43, 4],
							"uv": {
								"north": {"uv": [0, 10], "uv_size": [10, 23]},
								"east": {"uv": [0, 10], "uv_size": [10, 23]},
								"south": {"uv": [0, 10], "uv_size": [10, 23]},
								"west": {"uv": [0, 10], "uv_size": [10, 23]},
								"up": {"uv": [6, 38], "uv_size": [-6, -3]},
								"down": {"uv": [10, 33], "uv_size": [-10, -23]}
							}
						},
						{
							"origin": [-3, 23, -3],
							"size": [6, 30, 6],
							"uv": {
								"north": {"uv": [10, 10], "uv_size": [10, 23]},
								"east": {"uv": [10, 10], "uv_size": [10, 23]},
								"south": {"uv": [10, 10], "uv_size": [10, 23]},
								"west": {"uv": [10, 10], "uv_size": [10, 23]},
								"up": {"uv": [20, 33], "uv_size": [-10, -23]},
								"down": {"uv": [20, 33], "uv_size": [-10, -23]}
							}
						},
						{
							"origin": [-4, 23, -4],
							"size": [8, 16, 8],
							"uv": {
								"north": {"uv": [10, 10], "uv_size": [10, 23]},
								"east": {"uv": [10, 10], "uv_size": [10, 23]},
								"south": {"uv": [10, 10], "uv_size": [10, 23]},
								"west": {"uv": [10, 10], "uv_size": [10, 23]},
								"up": {"uv": [20, 33], "uv_size": [-10, -23]},
								"down": {"uv": [20, 33], "uv_size": [-10, -23]}
							}
						},
						{
							"origin": [-5, 0, -5],
							"size": [10, 23, 10],
							"uv": {
								"north": {"uv": [10, 10], "uv_size": [10, 23]},
								"east": {"uv": [10, 10], "uv_size": [10, 23]},
								"south": {"uv": [10, 10], "uv_size": [10, 23]},
								"west": {"uv": [10, 10], "uv_size": [10, 23]},
								"up": {"uv": [20, 33], "uv_size": [-10, -23]},
								"down": {"uv": [20, 33], "uv_size": [-10, -23]}
							}
						}
					]
				},
				{
					"name": "bone3",
					"pivot": [0, 0, 0],
					"cubes": [
						{
							"origin": [-1, 23, -1],
							"size": [2, 56, 2],
							"uv": {
								"north": {"uv": [0, 34], "uv_size": [10, 5]},
								"east": {"uv": [0, 34], "uv_size": [10, 5]},
								"south": {"uv": [0, 34], "uv_size": [10, 5]},
								"west": {"uv": [0, 34], "uv_size": [10, 5]},
								"up": {"uv": [10, 39], "uv_size": [-10, -5]},
								"down": {"uv": [10, 39], "uv_size": [-10, -5]}
							}
						},
						{
							"origin": [-2, 23, -2],
							"size": [4, 43, 4],
							"uv": {
								"north": {"uv": [0, 10], "uv_size": [10, 23]},
								"east": {"uv": [0, 10], "uv_size": [10, 23]},
								"south": {"uv": [0, 10], "uv_size": [10, 23]},
								"west": {"uv": [0, 10], "uv_size": [10, 23]},
								"up": {"uv": [6, 38], "uv_size": [-6, -3]},
								"down": {"uv": [10, 33], "uv_size": [-10, -23]}
							}
						},
						{
							"origin": [-3, 23, -3],
							"size": [6, 30, 6],
							"uv": {
								"north": {"uv": [10, 10], "uv_size": [10, 23]},
								"east": {"uv": [10, 10], "uv_size": [10, 23]},
								"south": {"uv": [10, 10], "uv_size": [10, 23]},
								"west": {"uv": [10, 10], "uv_size": [10, 23]},
								"up": {"uv": [20, 33], "uv_size": [-10, -23]},
								"down": {"uv": [20, 33], "uv_size": [-10, -23]}
							}
						},
						{
							"origin": [-4, 23, -4],
							"size": [8, 16, 8],
							"uv": {
								"north": {"uv": [10, 10], "uv_size": [10, 23]},
								"east": {"uv": [10, 10], "uv_size": [10, 23]},
								"south": {"uv": [10, 10], "uv_size": [10, 23]},
								"west": {"uv": [10, 10], "uv_size": [10, 23]},
								"up": {"uv": [20, 33], "uv_size": [-10, -23]},
								"down": {"uv": [20, 33], "uv_size": [-10, -23]}
							}
						},
						{
							"origin": [-5, 0, -5],
							"size": [10, 23, 10],
							"uv": {
								"north": {"uv": [10, 10], "uv_size": [10, 23]},
								"east": {"uv": [10, 10], "uv_size": [10, 23]},
								"south": {"uv": [10, 10], "uv_size": [10, 23]},
								"west": {"uv": [10, 10], "uv_size": [10, 23]},
								"up": {"uv": [20, 33], "uv_size": [-10, -23]},
								"down": {"uv": [20, 33], "uv_size": [-10, -23]}
							}
						}
					]
				},
				{
					"name": "bone4",
					"pivot": [0, 0, 0],
					"cubes": [
						{
							"origin": [-1, 23, -1],
							"size": [2, 56, 2],
							"uv": {
								"north": {"uv": [0, 34], "uv_size": [10, 5]},
								"east": {"uv": [0, 34], "uv_size": [10, 5]},
								"south": {"uv": [0, 34], "uv_size": [10, 5]},
								"west": {"uv": [0, 34], "uv_size": [10, 5]},
								"up": {"uv": [10, 39], "uv_size": [-10, -5]},
								"down": {"uv": [10, 39], "uv_size": [-10, -5]}
							}
						},
						{
							"origin": [-2, 23, -2],
							"size": [4, 43, 4],
							"uv": {
								"north": {"uv": [0, 10], "uv_size": [10, 23]},
								"east": {"uv": [0, 10], "uv_size": [10, 23]},
								"south": {"uv": [0, 10], "uv_size": [10, 23]},
								"west": {"uv": [0, 10], "uv_size": [10, 23]},
								"up": {"uv": [6, 38], "uv_size": [-6, -3]},
								"down": {"uv": [10, 33], "uv_size": [-10, -23]}
							}
						},
						{
							"origin": [-3, 23, -3],
							"size": [6, 30, 6],
							"uv": {
								"north": {"uv": [10, 10], "uv_size": [10, 23]},
								"east": {"uv": [10, 10], "uv_size": [10, 23]},
								"south": {"uv": [10, 10], "uv_size": [10, 23]},
								"west": {"uv": [10, 10], "uv_size": [10, 23]},
								"up": {"uv": [20, 33], "uv_size": [-10, -23]},
								"down": {"uv": [20, 33], "uv_size": [-10, -23]}
							}
						},
						{
							"origin": [-4, 23, -4],
							"size": [8, 16, 8],
							"uv": {
								"north": {"uv": [10, 10], "uv_size": [10, 23]},
								"east": {"uv": [10, 10], "uv_size": [10, 23]},
								"south": {"uv": [10, 10], "uv_size": [10, 23]},
								"west": {"uv": [10, 10], "uv_size": [10, 23]},
								"up": {"uv": [20, 33], "uv_size": [-10, -23]},
								"down": {"uv": [20, 33], "uv_size": [-10, -23]}
							}
						},
						{
							"origin": [-5, 0, -5],
							"size": [10, 23, 10],
							"uv": {
								"north": {"uv": [10, 10], "uv_size": [10, 23]},
								"east": {"uv": [10, 10], "uv_size": [10, 23]},
								"south": {"uv": [10, 10], "uv_size": [10, 23]},
								"west": {"uv": [10, 10], "uv_size": [10, 23]},
								"up": {"uv": [20, 33], "uv_size": [-10, -23]},
								"down": {"uv": [20, 33], "uv_size": [-10, -23]}
							}
						}
					]
				},
				{
					"name": "bone5",
					"pivot": [0, 0, 0],
					"cubes": [
						{
							"origin": [-1, 23, -1],
							"size": [2, 56, 2],
							"uv": {
								"north": {"uv": [0, 34], "uv_size": [10, 5]},
								"east": {"uv": [0, 34], "uv_size": [10, 5]},
								"south": {"uv": [0, 34], "uv_size": [10, 5]},
								"west": {"uv": [0, 34], "uv_size": [10, 5]},
								"up": {"uv": [10, 39], "uv_size": [-10, -5]},
								"down": {"uv": [10, 39], "uv_size": [-10, -5]}
							}
						},
						{
							"origin": [-2, 23, -2],
							"size": [4, 43, 4],
							"uv": {
								"north": {"uv": [0, 10], "uv_size": [10, 23]},
								"east": {"uv": [0, 10], "uv_size": [10, 23]},
								"south": {"uv": [0, 10], "uv_size": [10, 23]},
								"west": {"uv": [0, 10], "uv_size": [10, 23]},
								"up": {"uv": [6, 38], "uv_size": [-6, -3]},
								"down": {"uv": [10, 33], "uv_size": [-10, -23]}
							}
						},
						{
							"origin": [-3, 23, -3],
							"size": [6, 30, 6],
							"uv": {
								"north": {"uv": [10, 10], "uv_size": [10, 23]},
								"east": {"uv": [10, 10], "uv_size": [10, 23]},
								"south": {"uv": [10, 10], "uv_size": [10, 23]},
								"west": {"uv": [10, 10], "uv_size": [10, 23]},
								"up": {"uv": [20, 33], "uv_size": [-10, -23]},
								"down": {"uv": [20, 33], "uv_size": [-10, -23]}
							}
						},
						{
							"origin": [-4, 23, -4],
							"size": [8, 16, 8],
							"uv": {
								"north": {"uv": [10, 10], "uv_size": [10, 23]},
								"east": {"uv": [10, 10], "uv_size": [10, 23]},
								"south": {"uv": [10, 10], "uv_size": [10, 23]},
								"west": {"uv": [10, 10], "uv_size": [10, 23]},
								"up": {"uv": [20, 33], "uv_size": [-10, -23]},
								"down": {"uv": [20, 33], "uv_size": [-10, -23]}
							}
						},
						{
							"origin": [-5, 0, -5],
							"size": [10, 23, 10],
							"uv": {
								"north": {"uv": [10, 10], "uv_size": [10, 23]},
								"east": {"uv": [10, 10], "uv_size": [10, 23]},
								"south": {"uv": [10, 10], "uv_size": [10, 23]},
								"west": {"uv": [10, 10], "uv_size": [10, 23]},
								"up": {"uv": [20, 33], "uv_size": [-10, -23]},
								"down": {"uv": [20, 33], "uv_size": [-10, -23]}
							}
						}
					]
				},
				{
					"name": "bone6",
					"pivot": [0, 0, 0],
					"cubes": [
						{
							"origin": [-1, 23, -1],
							"size": [2, 56, 2],
							"uv": {
								"north": {"uv": [0, 34], "uv_size": [10, 5]},
								"east": {"uv": [0, 34], "uv_size": [10, 5]},
								"south": {"uv": [0, 34], "uv_size": [10, 5]},
								"west": {"uv": [0, 34], "uv_size": [10, 5]},
								"up": {"uv": [10, 39], "uv_size": [-10, -5]},
								"down": {"uv": [10, 39], "uv_size": [-10, -5]}
							}
						},
						{
							"origin": [-2, 23, -2],
							"size": [4, 43, 4],
							"uv": {
								"north": {"uv": [0, 10], "uv_size": [10, 23]},
								"east": {"uv": [0, 10], "uv_size": [10, 23]},
								"south": {"uv": [0, 10], "uv_size": [10, 23]},
								"west": {"uv": [0, 10], "uv_size": [10, 23]},
								"up": {"uv": [6, 38], "uv_size": [-6, -3]},
								"down": {"uv": [10, 33], "uv_size": [-10, -23]}
							}
						},
						{
							"origin": [-3, 23, -3],
							"size": [6, 30, 6],
							"uv": {
								"north": {"uv": [10, 10], "uv_size": [10, 23]},
								"east": {"uv": [10, 10], "uv_size": [10, 23]},
								"south": {"uv": [10, 10], "uv_size": [10, 23]},
								"west": {"uv": [10, 10], "uv_size": [10, 23]},
								"up": {"uv": [20, 33], "uv_size": [-10, -23]},
								"down": {"uv": [20, 33], "uv_size": [-10, -23]}
							}
						},
						{
							"origin": [-4, 23, -4],
							"size": [8, 16, 8],
							"uv": {
								"north": {"uv": [10, 10], "uv_size": [10, 23]},
								"east": {"uv": [10, 10], "uv_size": [10, 23]},
								"south": {"uv": [10, 10], "uv_size": [10, 23]},
								"west": {"uv": [10, 10], "uv_size": [10, 23]},
								"up": {"uv": [20, 33], "uv_size": [-10, -23]},
								"down": {"uv": [20, 33], "uv_size": [-10, -23]}
							}
						},
						{
							"origin": [-5, 0, -5],
							"size": [10, 23, 10],
							"uv": {
								"north": {"uv": [10, 10], "uv_size": [10, 23]},
								"east": {"uv": [10, 10], "uv_size": [10, 23]},
								"south": {"uv": [10, 10], "uv_size": [10, 23]},
								"west": {"uv": [10, 10], "uv_size": [10, 23]},
								"up": {"uv": [20, 33], "uv_size": [-10, -23]},
								"down": {"uv": [20, 33], "uv_size": [-10, -23]}
							}
						}
					]
				},
				{
					"name": "bone7",
					"pivot": [0, 0, 0],
					"cubes": [
						{
							"origin": [-1, 23, -1],
							"size": [2, 56, 2],
							"uv": {
								"north": {"uv": [0, 34], "uv_size": [10, 5]},
								"east": {"uv": [0, 34], "uv_size": [10, 5]},
								"south": {"uv": [0, 34], "uv_size": [10, 5]},
								"west": {"uv": [0, 34], "uv_size": [10, 5]},
								"up": {"uv": [10, 39], "uv_size": [-10, -5]},
								"down": {"uv": [10, 39], "uv_size": [-10, -5]}
							}
						},
						{
							"origin": [-2, 23, -2],
							"size": [4, 43, 4],
							"uv": {
								"north": {"uv": [0, 10], "uv_size": [10, 23]},
								"east": {"uv": [0, 10], "uv_size": [10, 23]},
								"south": {"uv": [0, 10], "uv_size": [10, 23]},
								"west": {"uv": [0, 10], "uv_size": [10, 23]},
								"up": {"uv": [6, 38], "uv_size": [-6, -3]},
								"down": {"uv": [10, 33], "uv_size": [-10, -23]}
							}
						},
						{
							"origin": [-3, 23, -3],
							"size": [6, 30, 6],
							"uv": {
								"north": {"uv": [10, 10], "uv_size": [10, 23]},
								"east": {"uv": [10, 10], "uv_size": [10, 23]},
								"south": {"uv": [10, 10], "uv_size": [10, 23]},
								"west": {"uv": [10, 10], "uv_size": [10, 23]},
								"up": {"uv": [20, 33], "uv_size": [-10, -23]},
								"down": {"uv": [20, 33], "uv_size": [-10, -23]}
							}
						},
						{
							"origin": [-4, 23, -4],
							"size": [8, 16, 8],
							"uv": {
								"north": {"uv": [10, 10], "uv_size": [10, 23]},
								"east": {"uv": [10, 10], "uv_size": [10, 23]},
								"south": {"uv": [10, 10], "uv_size": [10, 23]},
								"west": {"uv": [10, 10], "uv_size": [10, 23]},
								"up": {"uv": [20, 33], "uv_size": [-10, -23]},
								"down": {"uv": [20, 33], "uv_size": [-10, -23]}
							}
						},
						{
							"origin": [-5, 0, -5],
							"size": [10, 23, 10],
							"uv": {
								"north": {"uv": [10, 10], "uv_size": [10, 23]},
								"east": {"uv": [10, 10], "uv_size": [10, 23]},
								"south": {"uv": [10, 10], "uv_size": [10, 23]},
								"west": {"uv": [10, 10], "uv_size": [10, 23]},
								"up": {"uv": [20, 33], "uv_size": [-10, -23]},
								"down": {"uv": [20, 33], "uv_size": [-10, -23]}
							}
						}
					]
				},
				{
					"name": "bone8",
					"pivot": [0, 0, 0],
					"cubes": [
						{
							"origin": [-1, 23, -1],
							"size": [2, 56, 2],
							"uv": {
								"north": {"uv": [0, 34], "uv_size": [10, 5]},
								"east": {"uv": [0, 34], "uv_size": [10, 5]},
								"south": {"uv": [0, 34], "uv_size": [10, 5]},
								"west": {"uv": [0, 34], "uv_size": [10, 5]},
								"up": {"uv": [10, 39], "uv_size": [-10, -5]},
								"down": {"uv": [10, 39], "uv_size": [-10, -5]}
							}
						},
						{
							"origin": [-2, 23, -2],
							"size": [4, 43, 4],
							"uv": {
								"north": {"uv": [0, 10], "uv_size": [10, 23]},
								"east": {"uv": [0, 10], "uv_size": [10, 23]},
								"south": {"uv": [0, 10], "uv_size": [10, 23]},
								"west": {"uv": [0, 10], "uv_size": [10, 23]},
								"up": {"uv": [6, 38], "uv_size": [-6, -3]},
								"down": {"uv": [10, 33], "uv_size": [-10, -23]}
							}
						},
						{
							"origin": [-3, 23, -3],
							"size": [6, 30, 6],
							"uv": {
								"north": {"uv": [10, 10], "uv_size": [10, 23]},
								"east": {"uv": [10, 10], "uv_size": [10, 23]},
								"south": {"uv": [10, 10], "uv_size": [10, 23]},
								"west": {"uv": [10, 10], "uv_size": [10, 23]},
								"up": {"uv": [20, 33], "uv_size": [-10, -23]},
								"down": {"uv": [20, 33], "uv_size": [-10, -23]}
							}
						},
						{
							"origin": [-4, 23, -4],
							"size": [8, 16, 8],
							"uv": {
								"north": {"uv": [10, 10], "uv_size": [10, 23]},
								"east": {"uv": [10, 10], "uv_size": [10, 23]},
								"south": {"uv": [10, 10], "uv_size": [10, 23]},
								"west": {"uv": [10, 10], "uv_size": [10, 23]},
								"up": {"uv": [20, 33], "uv_size": [-10, -23]},
								"down": {"uv": [20, 33], "uv_size": [-10, -23]}
							}
						},
						{
							"origin": [-5, 0, -5],
							"size": [10, 23, 10],
							"uv": {
								"north": {"uv": [10, 10], "uv_size": [10, 23]},
								"east": {"uv": [10, 10], "uv_size": [10, 23]},
								"south": {"uv": [10, 10], "uv_size": [10, 23]},
								"west": {"uv": [10, 10], "uv_size": [10, 23]},
								"up": {"uv": [20, 33], "uv_size": [-10, -23]},
								"down": {"uv": [20, 33], "uv_size": [-10, -23]}
							}
						}
					]
				}
			]
		}
	]
}