{
	"format_version": "1.12.0",
	"minecraft:geometry": [
		{
			"description": {
				"identifier": "geometry.katana3",
				"texture_width": 64,
				"texture_height": 64,
				"visible_bounds_width": 5,
				"visible_bounds_height": 3.5,
				"visible_bounds_offset": [
					0,
					1.25,
					0
				]
			},
			"bones": [
				{
					"name": "rightArm",
					"pivot": [
						-5,
						22,
						0
					],
					"cubes": [
						{
							"origin": [
								-8,
								12,
								-2
							],
							"size": [
								4,
								12,
								4
							],
							"uv": {
								"north": {
									"uv": [
										64,
										0
									],
									"uv_size": [
										0,
										0
									]
								},
								"east": {
									"uv": [
										64,
										0
									],
									"uv_size": [
										0,
										0
									]
								},
								"south": {
									"uv": [
										64,
										0
									],
									"uv_size": [
										0,
										0
									]
								},
								"west": {
									"uv": [
										64,
										0
									],
									"uv_size": [
										0,
										0
									]
								},
								"up": {
									"uv": [
										64,
										0
									],
									"uv_size": [
										0,
										0
									]
								},
								"down": {
									"uv": [
										64,
										0
									],
									"uv_size": [
										0,
										0
									]
								}
							}
						},
						{
							"origin": [
								-6,
								12,
								-29
							],
							"size": [
								0,
								4,
								24
							],
							"uv": {
								"north": {
									"uv": [
										24,
										24
									],
									"uv_size": [
										0,
										4
									]
								},
								"east": {
									"uv": [
										0,
										28
									],
									"uv_size": [
										24,
										4
									]
								},
								"south": {
									"uv": [
										48,
										24
									],
									"uv_size": [
										0,
										4
									]
								},
								"west": {
									"uv": [
										24,
										24
									],
									"uv_size": [
										24,
										4
									]
								},
								"up": {
									"uv": [
										24,
										0
									],
									"uv_size": [
										0,
										24
									]
								},
								"down": {
									"uv": [
										24,
										24
									],
									"uv_size": [
										0,
										-24
									]
								}
							}
						},
						{
							"origin": [
								-7,
								13,
								-4
							],
							"size": [
								2,
								2,
								9
							],
							"pivot": [
								-6,
								14,
								0
							],
							"rotation": [
								0,
								0,
								40
							],
							"uv": {
								"north": {
									"uv": [
										9,
										9
									],
									"uv_size": [
										2,
										2
									]
								},
								"east": {
									"uv": [
										0,
										9
									],
									"uv_size": [
										9,
										2
									]
								},
								"south": {
									"uv": [
										20,
										9
									],
									"uv_size": [
										2,
										2
									]
								},
								"west": {
									"uv": [
										11,
										9
									],
									"uv_size": [
										9,
										2
									]
								},
								"up": {
									"uv": [
										9,
										0
									],
									"uv_size": [
										2,
										9
									]
								},
								"down": {
									"uv": [
										11,
										9
									],
									"uv_size": [
										2,
										-9
									]
								}
							}
						},
						{
							"origin": [
								-8,
								12,
								-5
							],
							"size": [
								4,
								4,
								1
							],
							"pivot": [
								-6,
								14,
								0
							],
							"rotation": [
								0,
								0,
								40
							],
							"uv": {
								"north": {
									"uv": [
										1,
										12
									],
									"uv_size": [
										4,
										4
									]
								},
								"east": {
									"uv": [
										1,
										12
									],
									"uv_size": [
										4,
										4
									]
								},
								"south": {
									"uv": [
										1,
										12
									],
									"uv_size": [
										4,
										4
									]
								},
								"west": {
									"uv": [
										1,
										12
									],
									"uv_size": [
										4,
										4
									]
								},
								"up": {
									"uv": [
										5,
										16
									],
									"uv_size": [
										-4,
										-4
									]
								},
								"down": {
									"uv": [
										5,
										16
									],
									"uv_size": [
										-4,
										-4
									]
								}
							}
						}
					]
				},
				{
					"name": "leftArm",
					"pivot": [
						5,
						22,
						0
					]
				},
				{
					"name": "bone",
					"parent": "leftArm",
					"pivot": [
						0,
						0,
						0
					],
					"cubes": [
						{
							"origin": [
								4,
								12,
								-5
							],
							"size": [
								4,
								4,
								1
							],
							"pivot": [
								6,
								14,
								0
							],
							"rotation": [
								0,
								0,
								-40
							],
							"uv": {
								"north": {
									"uv": [
										5,
										12
									],
									"uv_size": [
										-4,
										4
									]
								},
								"east": {
									"uv": [
										5,
										12
									],
									"uv_size": [
										-4,
										4
									]
								},
								"south": {
									"uv": [
										5,
										12
									],
									"uv_size": [
										-4,
										4
									]
								},
								"west": {
									"uv": [
										5,
										12
									],
									"uv_size": [
										-4,
										4
									]
								},
								"up": {
									"uv": [
										1,
										16
									],
									"uv_size": [
										4,
										-4
									]
								},
								"down": {
									"uv": [
										1,
										16
									],
									"uv_size": [
										4,
										-4
									]
								}
							}
						},
						{
							"origin": [
								5,
								13,
								-4
							],
							"size": [
								2,
								2,
								9
							],
							"pivot": [
								6,
								14,
								0
							],
							"rotation": [
								0,
								0,
								-40
							],
							"uv": {
								"north": {
									"uv": [
										11,
										9
									],
									"uv_size": [
										-2,
										2
									]
								},
								"east": {
									"uv": [
										20,
										9
									],
									"uv_size": [
										-9,
										2
									]
								},
								"south": {
									"uv": [
										22,
										9
									],
									"uv_size": [
										-2,
										2
									]
								},
								"west": {
									"uv": [
										9,
										9
									],
									"uv_size": [
										-9,
										2
									]
								},
								"up": {
									"uv": [
										11,
										0
									],
									"uv_size": [
										-2,
										9
									]
								},
								"down": {
									"uv": [
										13,
										9
									],
									"uv_size": [
										-2,
										-9
									]
								}
							}
						},
						{
							"origin": [
								6,
								12,
								-29
							],
							"size": [
								0,
								4,
								24
							],
							"uv": {
								"north": {
									"uv": [
										24,
										24
									],
									"uv_size": [
										0,
										4
									]
								},
								"east": {
									"uv": [
										48,
										24
									],
									"uv_size": [
										-24,
										4
									]
								},
								"south": {
									"uv": [
										48,
										24
									],
									"uv_size": [
										0,
										4
									]
								},
								"west": {
									"uv": [
										24,
										28
									],
									"uv_size": [
										-24,
										4
									]
								},
								"up": {
									"uv": [
										24,
										0
									],
									"uv_size": [
										0,
										24
									]
								},
								"down": {
									"uv": [
										24,
										24
									],
									"uv_size": [
										0,
										-24
									]
								}
							}
						},
						{
							"origin": [
								4,
								12,
								-2
							],
							"size": [
								4,
								12,
								4
							],
							"uv": {
								"north": {
									"uv": [
										64,
										0
									],
									"uv_size": [
										0,
										0
									]
								},
								"east": {
									"uv": [
										64,
										0
									],
									"uv_size": [
										0,
										0
									]
								},
								"south": {
									"uv": [
										64,
										0
									],
									"uv_size": [
										0,
										0
									]
								},
								"west": {
									"uv": [
										64,
										0
									],
									"uv_size": [
										0,
										0
									]
								},
								"up": {
									"uv": [
										64,
										0
									],
									"uv_size": [
										0,
										0
									]
								},
								"down": {
									"uv": [
										64,
										0
									],
									"uv_size": [
										0,
										0
									]
								}
							}
						}
					]
				},
				{
					"name": "head",
					"pivot": [
						0,
						24,
						0
					]
				},
				{
					"name": "bone2",
					"parent": "head",
					"pivot": [
						-6,
						25,
						-3.25
					],
					"rotation": [
						-92.88614,
						29.96852,
						-91.44261
					],
					"cubes": [
						{
							"origin": [
								-8,
								22,
								-3
							],
							"size": [
								4,
								4,
								1
							],
							"pivot": [
								-6,
								24,
								2
							],
							"rotation": [
								0,
								0,
								-40
							],
							"uv": {
								"north": {
									"uv": [
										5,
										12
									],
									"uv_size": [
										-4,
										4
									]
								},
								"east": {
									"uv": [
										5,
										12
									],
									"uv_size": [
										-4,
										4
									]
								},
								"south": {
									"uv": [
										5,
										12
									],
									"uv_size": [
										-4,
										4
									]
								},
								"west": {
									"uv": [
										5,
										12
									],
									"uv_size": [
										-4,
										4
									]
								},
								"up": {
									"uv": [
										1,
										16
									],
									"uv_size": [
										4,
										-4
									]
								},
								"down": {
									"uv": [
										1,
										16
									],
									"uv_size": [
										4,
										-4
									]
								}
							}
						},
						{
							"origin": [
								-7,
								23,
								-2
							],
							"size": [
								2,
								2,
								9
							],
							"pivot": [
								-6,
								24,
								2
							],
							"rotation": [
								0,
								0,
								-40
							],
							"uv": {
								"north": {
									"uv": [
										11,
										9
									],
									"uv_size": [
										-2,
										2
									]
								},
								"east": {
									"uv": [
										20,
										9
									],
									"uv_size": [
										-9,
										2
									]
								},
								"south": {
									"uv": [
										22,
										9
									],
									"uv_size": [
										-2,
										2
									]
								},
								"west": {
									"uv": [
										9,
										9
									],
									"uv_size": [
										-9,
										2
									]
								},
								"up": {
									"uv": [
										11,
										0
									],
									"uv_size": [
										-2,
										9
									]
								},
								"down": {
									"uv": [
										13,
										9
									],
									"uv_size": [
										-2,
										-9
									]
								}
							}
						},
						{
							"origin": [
								-6,
								22,
								-27
							],
							"size": [
								0,
								4,
								24
							],
							"uv": {
								"north": {
									"uv": [
										24,
										24
									],
									"uv_size": [
										0,
										4
									]
								},
								"east": {
									"uv": [
										48,
										24
									],
									"uv_size": [
										-24,
										4
									]
								},
								"south": {
									"uv": [
										48,
										24
									],
									"uv_size": [
										0,
										4
									]
								},
								"west": {
									"uv": [
										24,
										28
									],
									"uv_size": [
										-24,
										4
									]
								},
								"up": {
									"uv": [
										24,
										0
									],
									"uv_size": [
										0,
										24
									]
								},
								"down": {
									"uv": [
										24,
										24
									],
									"uv_size": [
										0,
										-24
									]
								}
							}
						},
						{
							"origin": [
								-8,
								22,
								0
							],
							"size": [
								4,
								12,
								4
							],
							"uv": {
								"north": {
									"uv": [
										64,
										0
									],
									"uv_size": [
										0,
										0
									]
								},
								"east": {
									"uv": [
										64,
										0
									],
									"uv_size": [
										0,
										0
									]
								},
								"south": {
									"uv": [
										64,
										0
									],
									"uv_size": [
										0,
										0
									]
								},
								"west": {
									"uv": [
										64,
										0
									],
									"uv_size": [
										0,
										0
									]
								},
								"up": {
									"uv": [
										64,
										0
									],
									"uv_size": [
										0,
										0
									]
								},
								"down": {
									"uv": [
										64,
										0
									],
									"uv_size": [
										0,
										0
									]
								}
							}
						}
					]
				}
			]
		}
	]
}