{
	"file_path": "C:\\Users\\fiddy\\AppData\\Local\\Packages\\Microsoft.MinecraftUWP_8wekyb3d8bbwe\\LocalState\\games\\com.mojang\\development_behavior_packs\\H_DecorB\\recipes\\bone_pile.json",
	"file_type": "recipe",
	"format_version": 1,
	"file_uuid": "aa38ddff_d077_4c34_926b_3e905034f4ca",
	"file_version": 7,
	"cache_content": {
		"children": [
			{
				"data": "1.12",
				"key": "format_version"
			},
			{
				"open": {
					"format_version": 1.12,
					"minecraft:recipe_shaped": {
						"description": {
							"identifier": "boi:bone_pile"
						},
						"tags": [
							"hall_table"
						],
						"pattern": [
							"SS",
							"SS",
							"SS"
						],
						"key": {
							"S": {
								"item": "minecraft:bone"
							}
						},
						"result": {
							"item": "boi:bone_pile",
							"count": 6
						}
					}
				},
				"key": "minecraft:recipe_shaped",
				"children": [
					{
						"open": {
							"description": {
								"identifier": "boi:bone_pile"
							},
							"tags": [
								"hall_table"
							],
							"pattern": [
								"SS",
								"SS",
								"SS"
							],
							"key": {
								"S": {
									"item": "minecraft:bone"
								}
							},
							"result": {
								"item": "boi:bone_pile",
								"count": 6
							}
						},
						"key": "description",
						"is_minified": true,
						"children": {
							"identifier": "boi:bone_pile"
						}
					},
					{
						"key": "tags",
						"is_minified": true,
						"children": [
							"hall_table"
						]
					},
					{
						"key": "pattern",
						"is_minified": true,
						"children": [
							"SS",
							"SS",
							"SS"
						]
					},
					{
						"key": "key",
						"children": [
							{
								"open": {
									"S": {
										"item": "minecraft:bone"
									}
								},
								"key": "S",
								"is_minified": true,
								"children": {
									"item": "minecraft:bone"
								}
							}
						]
					},
					{
						"open": {
							"description": {
								"identifier": "boi:bone_pile"
							},
							"tags": [
								"hall_table"
							],
							"pattern": [
								"SS",
								"SS",
								"SS"
							],
							"key": {
								"S": {
									"item": "minecraft:bone"
								}
							},
							"result": {
								"item": "boi:bone_pile",
								"count": 6
							}
						},
						"key": "result",
						"is_minified": true,
						"children": {
							"item": "boi:bone_pile",
							"count": 6
						}
					}
				]
			}
		]
	}
}