{
	"file_path": "C:\\Users\\fiddy\\AppData\\Local\\Packages\\Microsoft.MinecraftUWP_8wekyb3d8bbwe\\LocalState\\games\\com.mojang\\development_behavior_packs\\H_DecorB\\recipes\\decoration_boards.json",
	"file_type": "recipe",
	"format_version": 1,
	"file_uuid": "d7ba7780_0547_443b_9764_3b5402459bcc",
	"file_version": 20,
	"cache_content": {
		"children": [
			{
				"data": "1.12",
				"key": "format_version"
			},
			{
				"open": {
					"format_version": 1.12,
					"minecraft:recipe_shaped": {
						"description": {
							"identifier": "boi:decoration_boards"
						},
						"tags": [
							"hall_table"
						],
						"pattern": [
							"AA"
						],
						"key": {
							"A": {
								"item": "minecraft:planks"
							}
						},
						"result": {
							"item": "boi:decoration_boards",
							"count": 1
						}
					}
				},
				"key": "minecraft:recipe_shaped",
				"children": [
					{
						"open": {
							"description": {
								"identifier": "boi:decoration_boards"
							},
							"tags": [
								"hall_table"
							],
							"pattern": [
								"AA"
							],
							"key": {
								"A": {
									"item": "minecraft:planks"
								}
							},
							"result": {
								"item": "boi:decoration_boards",
								"count": 1
							}
						},
						"key": "description",
						"is_minified": true,
						"children": {
							"identifier": "boi:decoration_boards"
						}
					},
					{
						"key": "tags",
						"is_minified": true,
						"children": [
							"hall_table"
						]
					},
					{
						"open": {
							"description": {
								"identifier": "boi:decoration_boards"
							},
							"tags": [
								"hall_table"
							],
							"pattern": [
								"AA"
							],
							"key": {
								"A": {
									"item": "minecraft:planks"
								}
							},
							"result": {
								"item": "boi:decoration_boards",
								"count": 1
							}
						},
						"key": "pattern",
						"is_minified": true,
						"children": [
							"AA"
						]
					},
					{
						"open": {
							"description": {
								"identifier": "boi:decoration_boards"
							},
							"tags": [
								"hall_table"
							],
							"pattern": [
								"AA"
							],
							"key": {
								"A": {
									"item": "minecraft:planks"
								}
							},
							"result": {
								"item": "boi:decoration_boards",
								"count": 1
							}
						},
						"key": "key",
						"children": [
							{
								"open": {
									"A": {
										"item": "minecraft:planks"
									}
								},
								"key": "A",
								"is_minified": true,
								"children": {
									"item": "minecraft:planks"
								}
							}
						]
					},
					{
						"open": {
							"description": {
								"identifier": "boi:decoration_boards"
							},
							"tags": [
								"hall_table"
							],
							"pattern": [
								"AA"
							],
							"key": {
								"A": {
									"item": "minecraft:planks"
								}
							},
							"result": {
								"item": "boi:decoration_boards",
								"count": 1
							}
						},
						"key": "result",
						"is_minified": true,
						"children": {
							"item": "boi:decoration_boards",
							"count": 1
						}
					}
				]
			}
		]
	}
}