{
	"file_path": "C:\\Users\\fiddy\\AppData\\Local\\Packages\\Microsoft.MinecraftUWP_8wekyb3d8bbwe\\LocalState\\games\\com.mojang\\development_behavior_packs\\H_DecorB\\recipes\\decoration_zombie.json",
	"file_type": "recipe",
	"format_version": 1,
	"file_uuid": "f614827f_b2d0_462a_9440_8b7f988678ea",
	"file_version": 19,
	"cache_content": {
		"children": [
			{
				"data": "1.12",
				"key": "format_version"
			},
			{
				"open": {
					"format_version": 1.12,
					"minecraft:recipe_shaped": {
						"description": {
							"identifier": "boi:decoration_zombie"
						},
						"tags": [
							"hall_table"
						],
						"pattern": [
							" A ",
							"ABA",
							" A"
						],
						"key": {
							"A": {
								"item": "minecraft:rotten_flesh"
							},
							"B": {
								"item": "minecraft:stick"
							}
						},
						"result": {
							"item": "boi:disguised_zombie",
							"count": 1
						}
					}
				},
				"key": "minecraft:recipe_shaped",
				"children": [
					{
						"open": {
							"description": {
								"identifier": "boi:decoration_zombie"
							},
							"tags": [
								"hall_table"
							],
							"pattern": [
								" A ",
								"ABA",
								" A"
							],
							"key": {
								"A": {
									"item": "minecraft:rotten_flesh"
								},
								"B": {
									"item": "minecraft:stick"
								}
							},
							"result": {
								"item": "boi:disguised_zombie",
								"count": 1
							}
						},
						"key": "description",
						"is_minified": true,
						"children": {
							"identifier": "boi:decoration_zombie"
						}
					},
					{
						"key": "tags",
						"is_minified": true,
						"children": [
							"hall_table"
						]
					},
					{
						"open": {
							"description": {
								"identifier": "boi:decoration_zombie"
							},
							"tags": [
								"hall_table"
							],
							"pattern": [
								" A ",
								"ABA",
								" A"
							],
							"key": {
								"A": {
									"item": "minecraft:rotten_flesh"
								},
								"B": {
									"item": "minecraft:stick"
								}
							},
							"result": {
								"item": "boi:disguised_zombie",
								"count": 1
							}
						},
						"key": "pattern",
						"is_minified": true,
						"children": [
							" A ",
							"ABA",
							" A"
						]
					},
					{
						"open": {
							"description": {
								"identifier": "boi:decoration_zombie"
							},
							"tags": [
								"hall_table"
							],
							"pattern": [
								" A ",
								"ABA",
								" A"
							],
							"key": {
								"A": {
									"item": "minecraft:rotten_flesh"
								},
								"B": {
									"item": "minecraft:stick"
								}
							},
							"result": {
								"item": "boi:disguised_zombie",
								"count": 1
							}
						},
						"key": "key",
						"children": [
							{
								"open": {
									"A": {
										"item": "minecraft:rotten_flesh"
									},
									"B": {
										"item": "minecraft:stick"
									}
								},
								"key": "A",
								"is_minified": true,
								"children": {
									"item": "minecraft:rotten_flesh"
								}
							},
							{
								"open": {
									"A": {
										"item": "minecraft:rotten_flesh"
									},
									"B": {
										"item": "minecraft:stick"
									}
								},
								"key": "B",
								"is_minified": true,
								"children": {
									"item": "minecraft:stick"
								}
							}
						]
					},
					{
						"open": {
							"description": {
								"identifier": "boi:decoration_zombie"
							},
							"tags": [
								"hall_table"
							],
							"pattern": [
								" A ",
								"ABA",
								" A"
							],
							"key": {
								"A": {
									"item": "minecraft:rotten_flesh"
								},
								"B": {
									"item": "minecraft:stick"
								}
							},
							"result": {
								"item": "boi:disguised_zombie",
								"count": 1
							}
						},
						"key": "result",
						"is_minified": true,
						"children": {
							"item": "boi:disguised_zombie",
							"count": 1
						}
					}
				]
			}
		]
	}
}