{
	"file_path": "C:\\Users\\fiddy\\AppData\\Local\\Packages\\Microsoft.MinecraftUWP_8wekyb3d8bbwe\\LocalState\\games\\com.mojang\\development_behavior_packs\\H_DecorB\\recipes\\eye_jar.json",
	"file_type": "recipe",
	"format_version": 1,
	"file_uuid": "3b168789_9d3d_4a42_ab51_149d9ccff501",
	"file_version": 10,
	"cache_content": {
		"children": [
			{
				"data": "1.12",
				"key": "format_version"
			},
			{
				"open": {
					"format_version": 1.12,
					"minecraft:recipe_shaped": {
						"description": {
							"identifier": "boi:eye_jar"
						},
						"tags": [
							"hall_table"
						],
						"pattern": [
							"G",
							"R"
						],
						"key": {
							"G": {
								"item": "minecraft:glass"
							},
							"R": {
								"item": "minecraft:spider_eye"
							}
						},
						"result": {
							"item": "boi:eye_jar",
							"count": 1
						}
					}
				},
				"key": "minecraft:recipe_shaped",
				"children": [
					{
						"open": {
							"description": {
								"identifier": "boi:eye_jar"
							},
							"tags": [
								"hall_table"
							],
							"pattern": [
								"G",
								"R"
							],
							"key": {
								"G": {
									"item": "minecraft:glass"
								},
								"R": {
									"item": "minecraft:spider_eye"
								}
							},
							"result": {
								"item": "boi:eye_jar",
								"count": 1
							}
						},
						"key": "description",
						"is_minified": true,
						"children": {
							"identifier": "boi:eye_jar"
						}
					},
					{
						"key": "tags",
						"is_minified": true,
						"children": [
							"hall_table"
						]
					},
					{
						"open": {
							"description": {
								"identifier": "boi:eye_jar"
							},
							"tags": [
								"hall_table"
							],
							"pattern": [
								"G",
								"R"
							],
							"key": {
								"G": {
									"item": "minecraft:glass"
								},
								"R": {
									"item": "minecraft:spider_eye"
								}
							},
							"result": {
								"item": "boi:eye_jar",
								"count": 1
							}
						},
						"key": "pattern",
						"is_minified": true,
						"children": [
							"G",
							"R"
						]
					},
					{
						"open": {
							"description": {
								"identifier": "boi:eye_jar"
							},
							"tags": [
								"hall_table"
							],
							"pattern": [
								"G",
								"R"
							],
							"key": {
								"G": {
									"item": "minecraft:glass"
								},
								"R": {
									"item": "minecraft:spider_eye"
								}
							},
							"result": {
								"item": "boi:eye_jar",
								"count": 1
							}
						},
						"key": "key",
						"children": [
							{
								"open": {
									"G": {
										"item": "minecraft:glass"
									},
									"R": {
										"item": "minecraft:spider_eye"
									}
								},
								"key": "G",
								"is_minified": true,
								"children": {
									"item": "minecraft:glass"
								}
							},
							{
								"open": {
									"G": {
										"item": "minecraft:glass"
									},
									"R": {
										"item": "minecraft:spider_eye"
									}
								},
								"key": "R",
								"is_minified": true,
								"children": {
									"item": "minecraft:spider_eye"
								}
							}
						]
					},
					{
						"open": {
							"description": {
								"identifier": "boi:eye_jar"
							},
							"tags": [
								"hall_table"
							],
							"pattern": [
								"G",
								"R"
							],
							"key": {
								"G": {
									"item": "minecraft:glass"
								},
								"R": {
									"item": "minecraft:spider_eye"
								}
							},
							"result": {
								"item": "boi:eye_jar",
								"count": 1
							}
						},
						"key": "result",
						"is_minified": true,
						"children": {
							"item": "boi:eye_jar",
							"count": 1
						}
					}
				]
			}
		]
	}
}