{
	"file_path": "C:\\Users\\fiddy\\AppData\\Local\\Packages\\Microsoft.MinecraftUWP_8wekyb3d8bbwe\\LocalState\\games\\com.mojang\\development_behavior_packs\\H_DecorB\\recipes\\lantern_ghost.json",
	"file_type": "recipe",
	"format_version": 1,
	"file_uuid": "9e0f34ba_178d_4835_90e8_ff78b17418c1",
	"file_version": 21,
	"cache_content": {
		"children": [
			{
				"data": "1.12",
				"key": "format_version"
			},
			{
				"open": {
					"format_version": 1.12,
					"minecraft:recipe_shaped": {
						"description": {
							"identifier": "boi:lantern_ghost"
						},
						"tags": [
							"hall_table"
						],
						"pattern": [
							"A",
							"B"
						],
						"key": {
							"A": {
								"item": "minecraft:wool"
							},
							"B": {
								"item": "minecraft:lantern"
							}
						},
						"result": {
							"item": "boi:lantern_ghost",
							"count": 1
						}
					}
				},
				"key": "minecraft:recipe_shaped",
				"children": [
					{
						"open": {
							"description": {
								"identifier": "boi:lantern_ghost"
							},
							"tags": [
								"hall_table"
							],
							"pattern": [
								"A",
								"B"
							],
							"key": {
								"A": {
									"item": "minecraft:wool"
								},
								"B": {
									"item": "minecraft:lantern"
								}
							},
							"result": {
								"item": "boi:lantern_ghost",
								"count": 1
							}
						},
						"key": "description",
						"is_minified": true,
						"children": {
							"identifier": "boi:lantern_ghost"
						}
					},
					{
						"key": "tags",
						"is_minified": true,
						"children": [
							"hall_table"
						]
					},
					{
						"key": "pattern",
						"is_minified": true,
						"children": [
							"A",
							"B"
						]
					},
					{
						"open": {
							"description": {
								"identifier": "boi:lantern_ghost"
							},
							"tags": [
								"hall_table"
							],
							"pattern": [
								"A",
								"B"
							],
							"key": {
								"A": {
									"item": "minecraft:wool"
								},
								"B": {
									"item": "minecraft:lantern"
								}
							},
							"result": {
								"item": "boi:lantern_ghost",
								"count": 1
							}
						},
						"key": "key",
						"children": [
							{
								"open": {
									"A": {
										"item": "minecraft:wool"
									},
									"B": {
										"item": "minecraft:lantern"
									}
								},
								"key": "A",
								"is_minified": true,
								"children": {
									"item": "minecraft:wool"
								}
							},
							{
								"open": {
									"A": {
										"item": "minecraft:wool"
									},
									"B": {
										"item": "minecraft:lantern"
									}
								},
								"key": "B",
								"is_minified": true,
								"children": {
									"item": "minecraft:lantern"
								}
							}
						]
					},
					{
						"open": {
							"description": {
								"identifier": "boi:lantern_ghost"
							},
							"tags": [
								"hall_table"
							],
							"pattern": [
								"A",
								"B"
							],
							"key": {
								"A": {
									"item": "minecraft:wool"
								},
								"B": {
									"item": "minecraft:lantern"
								}
							},
							"result": {
								"item": "boi:lantern_ghost",
								"count": 1
							}
						},
						"key": "result",
						"is_minified": true,
						"children": {
							"item": "boi:lantern_ghost",
							"count": 1
						}
					}
				]
			}
		]
	}
}