{
	"file_path": "C:\\Users\\fiddy\\AppData\\Local\\Packages\\Microsoft.MinecraftUWP_8wekyb3d8bbwe\\LocalState\\games\\com.mojang\\development_behavior_packs\\SeasonalDecorBP\\recipes\\leaves_pile_from_leaves.json",
	"file_type": "recipe",
	"format_version": 1,
	"file_uuid": "fb3ae2f1_6ff1_4a2d_95a2_5b70b5901bba",
	"file_version": 7,
	"cache_content": {
		"children": [
			{
				"data": "1.12",
				"key": "format_version"
			},
			{
				"open": {
					"format_version": 1.12,
					"minecraft:recipe_shaped": {
						"description": {
							"identifier": "boi:leaves_pile_from_leaves"
						},
						"tags": [
							"hall_table"
						],
						"pattern": [
							"SSS"
						],
						"key": {
							"S": {
								"item": "boi:autumn_leaves"
							}
						},
						"result": {
							"item": "boi:autumn_leaves_pile",
							"count": 9
						}
					}
				},
				"key": "minecraft:recipe_shaped",
				"children": [
					{
						"open": {
							"description": {
								"identifier": "boi:leaves_pile_from_leaves"
							},
							"tags": [
								"hall_table"
							],
							"pattern": [
								"SSS"
							],
							"key": {
								"S": {
									"item": "boi:autumn_leaves"
								}
							},
							"result": {
								"item": "boi:autumn_leaves_pile",
								"count": 9
							}
						},
						"key": "description",
						"is_minified": true,
						"children": {
							"identifier": "boi:leaves_pile_from_leaves"
						}
					},
					{
						"open": {
							"description": {
								"identifier": "boi:leaves_pile_from_leaves"
							},
							"tags": [
								"hall_table"
							],
							"pattern": [
								"SSS"
							],
							"key": {
								"S": {
									"item": "boi:autumn_leaves"
								}
							},
							"result": {
								"item": "boi:autumn_leaves_pile",
								"count": 9
							}
						},
						"key": "tags",
						"is_minified": true,
						"children": [
							"hall_table"
						]
					},
					{
						"key": "pattern",
						"is_minified": true,
						"children": [
							"SSS"
						]
					},
					{
						"open": {
							"description": {
								"identifier": "boi:leaves_pile_from_leaves"
							},
							"tags": [
								"hall_table"
							],
							"pattern": [
								"SSS"
							],
							"key": {
								"S": {
									"item": "boi:autumn_leaves"
								}
							},
							"result": {
								"item": "boi:autumn_leaves_pile",
								"count": 9
							}
						},
						"key": "key",
						"children": [
							{
								"open": {
									"S": {
										"item": "boi:autumn_leaves"
									}
								},
								"key": "S",
								"is_minified": true,
								"children": {
									"item": "boi:autumn_leaves"
								}
							}
						]
					},
					{
						"open": {
							"description": {
								"identifier": "boi:leaves_pile_from_leaves"
							},
							"tags": [
								"hall_table"
							],
							"pattern": [
								"SSS"
							],
							"key": {
								"S": {
									"item": "boi:autumn_leaves"
								}
							},
							"result": {
								"item": "boi:autumn_leaves_pile",
								"count": 9
							}
						},
						"key": "result",
						"is_minified": true,
						"children": {
							"item": "boi:autumn_leaves_pile",
							"count": 9
						}
					}
				]
			}
		]
	}
}