{
	"file_path": "C:\\Users\\fiddy\\AppData\\Local\\Packages\\Microsoft.MinecraftUWP_8wekyb3d8bbwe\\LocalState\\games\\com.mojang\\development_behavior_packs\\H_DecorB\\recipes\\sound_block_ambient_crickets0.json",
	"file_type": "recipe",
	"format_version": 1,
	"file_uuid": "64538b2c_61f9_4021_b1d3_679ada8edda6",
	"file_version": 2,
	"cache_content": {
		"children": [
			{
				"data": "1.12",
				"key": "format_version"
			},
			{
				"open": {
					"format_version": 1.12,
					"minecraft:recipe_shapeless": {
						"description": {
							"identifier": "boi:sound_block_ambient_crickets0"
						},
						"tags": [
							"hall_table"
						],
						"ingredients": [
							{
								"item": "minecraft:noteblock"
							},
							{
								"item": "minecraft:leaves"
							}
						],
						"result": {
							"item": "boi:sound_block_ambient_crickets"
						}
					}
				},
				"key": "minecraft:recipe_shapeless",
				"children": [
					{
						"open": {
							"description": {
								"identifier": "boi:sound_block_ambient_crickets0"
							},
							"tags": [
								"hall_table"
							],
							"ingredients": [
								{
									"item": "minecraft:noteblock"
								},
								{
									"item": "minecraft:leaves"
								}
							],
							"result": {
								"item": "boi:sound_block_ambient_crickets"
							}
						},
						"key": "description",
						"is_minified": true,
						"children": {
							"identifier": "boi:sound_block_ambient_crickets0"
						}
					},
					{
						"open": {
							"description": {
								"identifier": "boi:sound_block_ambient_crickets0"
							},
							"tags": [
								"hall_table"
							],
							"ingredients": [
								{
									"item": "minecraft:noteblock"
								},
								{
									"item": "minecraft:leaves"
								}
							],
							"result": {
								"item": "boi:sound_block_ambient_crickets"
							}
						},
						"key": "tags",
						"is_minified": true,
						"children": [
							"hall_table"
						]
					},
					{
						"open": {
							"description": {
								"identifier": "boi:sound_block_ambient_crickets0"
							},
							"tags": [
								"hall_table"
							],
							"ingredients": [
								{
									"item": "minecraft:noteblock"
								},
								{
									"item": "minecraft:leaves"
								}
							],
							"result": {
								"item": "boi:sound_block_ambient_crickets"
							}
						},
						"key": "ingredients",
						"children": [
							{
								"open": [
									{
										"item": "minecraft:noteblock"
									},
									{
										"item": "minecraft:leaves"
									}
								],
								"is_minified": true,
								"children": {
									"item": "minecraft:noteblock"
								}
							},
							{
								"open": [
									{
										"item": "minecraft:noteblock"
									},
									{
										"item": "minecraft:leaves"
									}
								],
								"is_minified": true,
								"children": {
									"item": "minecraft:leaves"
								}
							}
						]
					},
					{
						"open": {
							"description": {
								"identifier": "boi:sound_block_ambient_crickets0"
							},
							"tags": [
								"hall_table"
							],
							"ingredients": [
								{
									"item": "minecraft:noteblock"
								},
								{
									"item": "minecraft:leaves"
								}
							],
							"result": {
								"item": "boi:sound_block_ambient_crickets"
							}
						},
						"key": "result",
						"is_minified": true,
						"children": {
							"item": "boi:sound_block_ambient_crickets"
						}
					}
				]
			}
		]
	}
}