{
	"file_path": "C:\\Users\\fiddy\\AppData\\Local\\Packages\\Microsoft.MinecraftUWP_8wekyb3d8bbwe\\LocalState\\games\\com.mojang\\development_behavior_packs\\H_DecorB\\recipes\\tesla_coil.json",
	"file_type": "recipe",
	"format_version": 1,
	"file_uuid": "c145dbdf_ce9e_490b_899c_b6c6aec9b681",
	"file_version": 19,
	"cache_content": {
		"children": [
			{
				"data": "1.12",
				"key": "format_version"
			},
			{
				"open": {
					"format_version": 1.12,
					"minecraft:recipe_shaped": {
						"description": {
							"identifier": "boi:tesla_coil"
						},
						"tags": [
							"hall_table"
						],
						"pattern": [
							" A",
							" A",
							"AAA"
						],
						"key": {
							"A": {
								"item": "minecraft:copper_ingot"
							}
						},
						"result": {
							"item": "boi:tesla_coil",
							"count": 1
						}
					}
				},
				"key": "minecraft:recipe_shaped",
				"children": [
					{
						"open": {
							"description": {
								"identifier": "boi:tesla_coil"
							},
							"tags": [
								"hall_table"
							],
							"pattern": [
								" A",
								" A",
								"AAA"
							],
							"key": {
								"A": {
									"item": "minecraft:copper_ingot"
								}
							},
							"result": {
								"item": "boi:tesla_coil",
								"count": 1
							}
						},
						"key": "description",
						"is_minified": true,
						"children": {
							"identifier": "boi:tesla_coil"
						}
					},
					{
						"key": "tags",
						"is_minified": true,
						"children": [
							"hall_table"
						]
					},
					{
						"open": {
							"description": {
								"identifier": "boi:tesla_coil"
							},
							"tags": [
								"hall_table"
							],
							"pattern": [
								" A",
								" A",
								"AAA"
							],
							"key": {
								"A": {
									"item": "minecraft:copper_ingot"
								}
							},
							"result": {
								"item": "boi:tesla_coil",
								"count": 1
							}
						},
						"key": "pattern",
						"is_minified": true,
						"children": [
							" A",
							" A",
							"AAA"
						]
					},
					{
						"open": {
							"description": {
								"identifier": "boi:tesla_coil"
							},
							"tags": [
								"hall_table"
							],
							"pattern": [
								" A",
								" A",
								"AAA"
							],
							"key": {
								"A": {
									"item": "minecraft:copper_ingot"
								}
							},
							"result": {
								"item": "boi:tesla_coil",
								"count": 1
							}
						},
						"key": "key",
						"children": [
							{
								"open": {
									"A": {
										"item": "minecraft:copper_ingot"
									}
								},
								"key": "A",
								"is_minified": true,
								"children": {
									"item": "minecraft:copper_ingot"
								}
							}
						]
					},
					{
						"open": {
							"description": {
								"identifier": "boi:tesla_coil"
							},
							"tags": [
								"hall_table"
							],
							"pattern": [
								" A",
								" A",
								"AAA"
							],
							"key": {
								"A": {
									"item": "minecraft:copper_ingot"
								}
							},
							"result": {
								"item": "boi:tesla_coil",
								"count": 1
							}
						},
						"key": "result",
						"is_minified": true,
						"children": {
							"item": "boi:tesla_coil",
							"count": 1
						}
					}
				]
			}
		]
	}
}