{
	"file_path": "C:\\Users\\fiddy\\AppData\\Local\\Packages\\Microsoft.MinecraftUWP_8wekyb3d8bbwe\\LocalState\\games\\com.mojang\\development_behavior_packs\\H_DecorB\\recipes\\valve.json",
	"file_type": "recipe",
	"format_version": 1,
	"file_uuid": "a830c2df_07e2_4c95_8006_c00024ad4c84",
	"file_version": 17,
	"cache_content": {
		"children": [
			{
				"data": "1.12",
				"key": "format_version"
			},
			{
				"open": {
					"format_version": 1.12,
					"minecraft:recipe_shaped": {
						"description": {
							"identifier": "boi:valve"
						},
						"tags": [
							"hall_table"
						],
						"pattern": [
							"AAA",
							" A"
						],
						"key": {
							"A": {
								"item": "minecraft:copper_ingot"
							}
						},
						"result": {
							"item": "boi:valve",
							"count": 4
						}
					}
				},
				"key": "minecraft:recipe_shaped",
				"children": [
					{
						"open": {
							"description": {
								"identifier": "boi:valve"
							},
							"tags": [
								"hall_table"
							],
							"pattern": [
								"AAA",
								" A"
							],
							"key": {
								"A": {
									"item": "minecraft:copper_ingot"
								}
							},
							"result": {
								"item": "boi:valve",
								"count": 4
							}
						},
						"key": "description",
						"is_minified": true,
						"children": {
							"identifier": "boi:valve"
						}
					},
					{
						"key": "tags",
						"is_minified": true,
						"children": [
							"hall_table"
						]
					},
					{
						"open": {
							"description": {
								"identifier": "boi:valve"
							},
							"tags": [
								"hall_table"
							],
							"pattern": [
								"AAA",
								" A"
							],
							"key": {
								"A": {
									"item": "minecraft:copper_ingot"
								}
							},
							"result": {
								"item": "boi:valve",
								"count": 4
							}
						},
						"key": "pattern",
						"is_minified": true,
						"children": [
							"AAA",
							" A"
						]
					},
					{
						"open": {
							"description": {
								"identifier": "boi:valve"
							},
							"tags": [
								"hall_table"
							],
							"pattern": [
								"AAA",
								" A"
							],
							"key": {
								"A": {
									"item": "minecraft:copper_ingot"
								}
							},
							"result": {
								"item": "boi:valve",
								"count": 4
							}
						},
						"key": "key",
						"children": [
							{
								"open": {
									"A": {
										"item": "minecraft:copper_ingot"
									}
								},
								"key": "A",
								"is_minified": true,
								"children": {
									"item": "minecraft:copper_ingot"
								}
							}
						]
					},
					{
						"open": {
							"description": {
								"identifier": "boi:valve"
							},
							"tags": [
								"hall_table"
							],
							"pattern": [
								"AAA",
								" A"
							],
							"key": {
								"A": {
									"item": "minecraft:copper_ingot"
								}
							},
							"result": {
								"item": "boi:valve",
								"count": 4
							}
						},
						"key": "result",
						"is_minified": true,
						"children": {
							"item": "boi:valve",
							"count": 4
						}
					}
				]
			}
		]
	}
}