{
	"file_path": "C:\\Users\\fiddy\\AppData\\Local\\Packages\\Microsoft.MinecraftUWP_8wekyb3d8bbwe\\LocalState\\games\\com.mojang\\development_behavior_packs\\H_DecorB\\recipes\\web_layer_from_string_hall.json",
	"file_type": "recipe",
	"format_version": 1,
	"file_uuid": "45ce663e_9cc0_4b87_87cd_5f97598078e9",
	"file_version": 4,
	"cache_content": {
		"children": [
			{
				"data": "1.12",
				"key": "format_version"
			},
			{
				"open": {
					"format_version": 1.12,
					"minecraft:recipe_shaped": {
						"description": {
							"identifier": "boi:web_layer_from_string_hall"
						},
						"tags": [
							"hall_table"
						],
						"pattern": [
							"SSS"
						],
						"key": {
							"S": {
								"item": "minecraft:string"
							}
						},
						"result": {
							"item": "boi:web_layer",
							"count": 3
						}
					}
				},
				"key": "minecraft:recipe_shaped",
				"children": [
					{
						"open": {
							"description": {
								"identifier": "boi:web_layer_from_string_hall"
							},
							"tags": [
								"hall_table"
							],
							"pattern": [
								"SSS"
							],
							"key": {
								"S": {
									"item": "minecraft:string"
								}
							},
							"result": {
								"item": "boi:web_layer",
								"count": 3
							}
						},
						"key": "description",
						"is_minified": true,
						"children": {
							"identifier": "boi:web_layer_from_string_hall"
						}
					},
					{
						"open": {
							"description": {
								"identifier": "boi:web_layer_from_string_hall"
							},
							"tags": [
								"hall_table"
							],
							"pattern": [
								"SSS"
							],
							"key": {
								"S": {
									"item": "minecraft:string"
								}
							},
							"result": {
								"item": "boi:web_layer",
								"count": 3
							}
						},
						"key": "tags",
						"is_minified": true,
						"children": [
							"hall_table"
						]
					},
					{
						"key": "pattern",
						"is_minified": true,
						"children": [
							"SSS"
						]
					},
					{
						"key": "key",
						"is_minified": true,
						"children": {
							"S": {
								"item": "minecraft:string"
							}
						}
					},
					{
						"key": "result",
						"is_minified": true,
						"children": {
							"item": "boi:web_layer",
							"count": 3
						}
					}
				]
			}
		]
	}
}