{
	"file_path": "C:\\Users\\fiddy\\AppData\\Local\\Packages\\Microsoft.MinecraftUWP_8wekyb3d8bbwe\\LocalState\\games\\com.mojang\\development_resource_packs\\SeasonalDecorRP\\render_controllers\\ghost_pet_controller.json",
	"file_type": "render_controller",
	"format_version": 1,
	"file_uuid": "10ae9947_0579_432a_84f7_7fd64ae4a303",
	"file_version": 8,
	"cache_content": {
		"children": [
			{
				"data": "1.8.0",
				"key": "format_version"
			},
			{
				"open": {
					"format_version": "1.8.0",
					"render_controllers": {
						"controller.render.ghost_pet": {
							"arrays": {
								"textures": {
									"Array.skins": [
										"Texture.a",
										"Texture.b",
										"Texture.c"
									]
								}
							},
							"geometry": "Geometry.default",
							"materials": [
								{
									"*": "Material.default"
								}
							],
							"textures": [
								"Array.skins[query.variant]"
							]
						}
					}
				},
				"key": "render_controllers",
				"children": [
					{
						"open": {
							"controller.render.ghost_pet": {
								"arrays": {
									"textures": {
										"Array.skins": [
											"Texture.a",
											"Texture.b",
											"Texture.c"
										]
									}
								},
								"geometry": "Geometry.default",
								"materials": [
									{
										"*": "Material.default"
									}
								],
								"textures": [
									"Array.skins[query.variant]"
								]
							}
						},
						"key": "controller.render.ghost_pet",
						"children": [
							{
								"open": {
									"arrays": {
										"textures": {
											"Array.skins": [
												"Texture.a",
												"Texture.b",
												"Texture.c"
											]
										}
									},
									"geometry": "Geometry.default",
									"materials": [
										{
											"*": "Material.default"
										}
									],
									"textures": [
										"Array.skins[query.variant]"
									]
								},
								"key": "arrays",
								"children": [
									{
										"open": {
											"textures": {
												"Array.skins": [
													"Texture.a",
													"Texture.b",
													"Texture.c"
												]
											}
										},
										"key": "textures",
										"children": [
											{
												"open": {
													"Array.skins": [
														"Texture.a",
														"Texture.b",
														"Texture.c"
													]
												},
												"key": "Array.skins",
												"is_minified": true,
												"children": [
													"Texture.a",
													"Texture.b",
													"Texture.c"
												]
											}
										]
									}
								]
							},
							{
								"open": {
									"arrays": {
										"textures": {
											"Array.skins": [
												"Texture.a",
												"Texture.b",
												"Texture.c"
											]
										}
									},
									"geometry": "Geometry.default",
									"materials": [
										{
											"*": "Material.default"
										}
									],
									"textures": [
										"Array.skins[query.variant]"
									]
								},
								"data": "Geometry.default",
								"key": "geometry"
							},
							{
								"open": {
									"arrays": {
										"textures": {
											"Array.skins": [
												"Texture.a",
												"Texture.b",
												"Texture.c"
											]
										}
									},
									"geometry": "Geometry.default",
									"materials": [
										{
											"*": "Material.default"
										}
									],
									"textures": [
										"Array.skins[query.variant]"
									]
								},
								"key": "materials",
								"children": [
									{
										"open": [
											{
												"*": "Material.default"
											}
										],
										"is_minified": true,
										"children": {
											"*": "Material.default"
										}
									}
								]
							},
							{
								"open": {
									"arrays": {
										"textures": {
											"Array.skins": [
												"Texture.a",
												"Texture.b",
												"Texture.c"
											]
										}
									},
									"geometry": "Geometry.default",
									"materials": [
										{
											"*": "Material.default"
										}
									],
									"textures": [
										"Array.skins[query.variant]"
									]
								},
								"key": "textures",
								"is_minified": true,
								"children": [
									"Array.skins[query.variant]"
								]
							}
						]
					}
				]
			}
		]
	}
}