{
	"file_path": "C:\\Users\\fiddy\\AppData\\Local\\Packages\\Microsoft.MinecraftUWP_8wekyb3d8bbwe\\LocalState\\games\\com.mojang\\development_resource_packs\\SeasonalDecorRP\\render_controllers\\pumpkin_pet_face_controller.json",
	"file_type": "render_controller",
	"format_version": 1,
	"file_uuid": "39f07cc8_56dd_4f7e_943d_d882866ea118",
	"file_version": 4,
	"cache_content": {
		"children": [
			{
				"data": "1.8.0",
				"key": "format_version"
			},
			{
				"open": {
					"format_version": "1.8.0",
					"render_controllers": {
						"controller.render.pumpkin_face": {
							"arrays": {
								"textures": {
									"Array.skins": [
										"Texture.first",
										"Texture.second",
										"Texture.third",
										"Texture.fourth",
										"Texture.fifth"
									]
								}
							},
							"geometry": "Geometry.armor",
							"materials": [
								{
									"*": "Material.outer"
								}
							],
							"textures": [
								"Array.skins[query.variant]"
							]
						}
					}
				},
				"key": "render_controllers",
				"children": [
					{
						"open": {
							"controller.render.pumpkin_face": {
								"arrays": {
									"textures": {
										"Array.skins": [
											"Texture.first",
											"Texture.second",
											"Texture.third",
											"Texture.fourth",
											"Texture.fifth"
										]
									}
								},
								"geometry": "Geometry.armor",
								"materials": [
									{
										"*": "Material.outer"
									}
								],
								"textures": [
									"Array.skins[query.variant]"
								]
							}
						},
						"key": "controller.render.pumpkin_face",
						"children": [
							{
								"open": {
									"arrays": {
										"textures": {
											"Array.skins": [
												"Texture.first",
												"Texture.second",
												"Texture.third",
												"Texture.fourth",
												"Texture.fifth"
											]
										}
									},
									"geometry": "Geometry.armor",
									"materials": [
										{
											"*": "Material.outer"
										}
									],
									"textures": [
										"Array.skins[query.variant]"
									]
								},
								"key": "arrays",
								"children": [
									{
										"open": {
											"textures": {
												"Array.skins": [
													"Texture.first",
													"Texture.second",
													"Texture.third",
													"Texture.fourth",
													"Texture.fifth"
												]
											}
										},
										"key": "textures",
										"children": [
											{
												"open": {
													"Array.skins": [
														"Texture.first",
														"Texture.second",
														"Texture.third",
														"Texture.fourth",
														"Texture.fifth"
													]
												},
												"key": "Array.skins",
												"is_minified": true,
												"children": [
													"Texture.first",
													"Texture.second",
													"Texture.third",
													"Texture.fourth",
													"Texture.fifth"
												]
											}
										]
									}
								]
							},
							{
								"data": "Geometry.armor",
								"key": "geometry"
							},
							{
								"key": "materials",
								"children": [
									{
										"open": [
											{
												"*": "Material.outer"
											}
										],
										"is_minified": true,
										"children": {
											"*": "Material.outer"
										}
									}
								]
							},
							{
								"open": {
									"arrays": {
										"textures": {
											"Array.skins": [
												"Texture.first",
												"Texture.second",
												"Texture.third",
												"Texture.fourth",
												"Texture.fifth"
											]
										}
									},
									"geometry": "Geometry.armor",
									"materials": [
										{
											"*": "Material.outer"
										}
									],
									"textures": [
										"Array.skins[query.variant]"
									]
								},
								"key": "textures",
								"is_minified": true,
								"children": [
									"Array.skins[query.variant]"
								]
							}
						]
					}
				]
			}
		]
	}
}