{
    "format_version": 1,
    "header": {
            "description": "Seasonal decorations to breathe life into your worlds. Made by the Big Onion Institute",
        "name": "Big Onion's Seasonal Decorations Behaviors",
        "uuid": "bdfbc471-0778-4555-9471-e724b1ae446a",
        "version": [0, 0, 4],
        "min_engine_version": [ 1, 8, 0 ]
    },
    "modules": [
        {
            "description": "Example vanilla behavior pack",
            "type": "data",
            "uuid": "4fbcb6fd-db6c-4d61-af7b-8ae6c8bb3dd2",
            "version": [0, 0, 1]
        }
    ],
    "dependencies": [
        {
            "uuid": "6e4c7ed0-5e66-4b64-a74e-66c9a76a959e",
            "version": [0, 0, 4]
        }
    ]
}