{
  "format_version":"1.16.100",
  "animation_controllers":{
    "controller.animation.teach":{
      "states":{
        "default":{
          "transitions":[
            {"k":"query.variant == 27000"},
            {"teach1":"query.has_target && !query.is_in_water"}
          ]
        },
        "teach1":{
          "transitions":[
            {"teach2":"v.time = (v.time ?? 0);v.time = v.time < 10 ? v.time + 1:0;return v.time == 0;"}
          ],
          "on_entry":[
            "/execute @e[type=op_asa:teach] ~~~ tp @e[rm=1,r=10,family=devil] ^^^2",
            "/execute @e[type=op_asa:teach] ~~~ tp @e[rm=1,r=10,tag=devil] ^^^2"
          ],
          "on_exit":[
            "/execute @e[op_asa:teach] ~~~ effect @e[r=4,family=!yamiyami,tag=!yamiyami] instant_damage 1 2 true"
          ]
        },
        "teach2":{
          "transitions":[
            {"default":"v.time = (v.time ?? 0);v.time = v.time < 80 ? v.time + 1:0;return v.time == 0;"}
          ]
        },
        "k":{}
      }
    }
  }
}