{
	"ftl_sc.huggy.attack": {
		"sounds": [
			"sounds/ftl_sc/chapter1/huggy_wuggy/huggy_attack"
		]
	},
	"ftl_sc.huggy.step": {
		"sounds": [
			"sounds/ftl_sc/chapter1/huggy_wuggy/huggy_step"
		]
	},
	"ftl_sc.bunzo.attack": {
		"sounds": [
			"sounds/ftl_sc/chapter2/bunzo/bunzo_attack"
		]
	},
	"ftl_sc.bunzo.step": {
		"sounds": [
			"sounds/ftl_sc/chapter2/bunzo/bunzo_step"
		]
	},
	"ftl_sc.bunzo.death": {
		"sounds": [
			"sounds/ftl_sc/chapter2/bunzo/bunzo_death"
		]
	},
	"ftl_sc.mini_huggy.idle": {
		"sounds": [
			"sounds/ftl_sc/chapter2/mini_huggy/mini_huggy_idle"
		]
	},
	"ftl_sc.mini_huggy.attack": {
		"sounds": [
			"sounds/ftl_sc/chapter2/mini_huggy/mini_huggy_attack"
		]
	},
	"ftl_sc.mini_huggy.death": {
		"sounds": [
			"sounds/ftl_sc/chapter2/mini_huggy/mini_huggy_death"
		]
	},
	"ftl_sc.pj.attack": {
		"sounds": [
			"sounds/ftl_sc/chapter2/pj/pj_attack"
		]
	},
	"sc.grabpack.sound1": {
		"sounds": [
			"sounds/sc/grabpack/sound1"
		]
	},
	"ftl_sc.mommy.attack": {
		"sounds": [
			"sounds/ftl_sc/chapter2/mommy/mommy_attack"
		]
	},
	"ftl_sc.mommy.death": {
		"sounds": [
			"sounds/ftl_sc/chapter2/mommy/mommy_death"
		]
	},
	"sc.mommy.chase": {
        "max_distance": 500.0,
		"sounds": [
			"sounds/ftl_sc/chapter2/mommy/chase1",
			"sounds/ftl_sc/chapter2/mommy/chase2"
		]
	},
	"sc.pj.chasetest": {
        "max_distance": 500.0,
		"sounds": [
			"sounds/ftl_sc/chapter2/pj/chasetest"
		]
	},
	"ftl_sc.poppy.idle": {
		"sounds": [
			"sounds/ftl_sc/chapter2/poppy/poppy_idle1"
		]
	},
	"ftl_sc.poppy.death": {
		"sounds": [
			"sounds/ftl_sc/chapter2/poppy/poppy_death"
		]
	},
	"sc.huggy.chase": {
		"max_distance": 500.0,
		"sounds": [
			"sounds/ftl_sc/chapter1/huggy_wuggy/chase"
		]
	}
}