{
  "format_version":"1.16.100",
  "animation_controllers":{
    "controller.animation.trabol":{
      "states":{
        "default":{
          "transitions":[
            {"0":"(1.0)"}
          ]
        },
        "0":{
          "transitions":[
            {"00":"(1.0)"}
          ],
          "on_entry":[
            "/event entity @s op_asa:be_wild"
          ]
        },
        "00":{
          "transitions":[
            {"k":"query.variant == 27000"},
            {"1":"query.has_target && query.variant == 1 && !query.is_in_water"}
          ]
        },
        "1":{
          "transitions":[
            {"k":"query.variant == 27000"},
            {"00":"v.time = (v.time ?? 0);v.time = v.time < 60 ? v.time + 1:0;return v.time == 0;"}
          ],
          "on_entry":[
            "/fill ~5~-1~5 ~-5~-1~-5 op_asa:betabeta_block 0 replace air",
            "/fill ~4~~4 ~-4~~-4 op_asa:betabeta_block 0 replace air"
          ]
        },
        "k":{}
      }
    }
  }
}