{
	"file_path": "C:\\Users\\fiddy\\AppData\\Local\\Packages\\Microsoft.MinecraftUWP_8wekyb3d8bbwe\\LocalState\\games\\com.mojang\\development_resource_packs\\H_DecorR\\particles\\brain_bubble.json",
	"file_type": "particle",
	"format_version": 1,
	"file_uuid": "44180bb1_007c_4090_9b3f_fbba03916f07",
	"file_version": 10,
	"cache_content": {
		"children": [
			{
				"data": "1.10.0",
				"key": "format_version"
			},
			{
				"open": {
					"format_version": "1.10.0",
					"particle_effect": {
						"description": {
							"identifier": "boi:brain_bubble",
							"basic_render_parameters": {
								"material": "particles_alpha",
								"texture": "textures/particle/particles"
							}
						},
						"components": {
							"minecraft:emitter_rate_manual": {
								"max_particles": 100
							},
							"minecraft:emitter_lifetime_expression": {
								"activation_expression": 1,
								"expiration_expression": 0
							},
							"minecraft:emitter_shape_sphere": {
								"radius": 0.025,
								"direction": [
									0,
									0.1,
									0
								]
							},
							"minecraft:particle_initial_speed": 0.2,
							"minecraft:particle_lifetime_expression": {
								"max_lifetime": "Math.random(2.8, 3)"
							},
							"minecraft:particle_motion_dynamic": {
								"linear_drag_coefficient": 0
							},
							"minecraft:particle_appearance_lighting": {},
							"minecraft:particle_appearance_billboard": {
								"size": [
									"(0.08*variable.particle_random_1+0.1)*(variable.particle_random_2*0.3+0.2)",
									"(0.08*variable.particle_random_1+0.1)*(variable.particle_random_2*0.3+0.2)"
								],
								"facing_camera_mode": "lookat_xyz",
								"uv": {
									"texture_width": 128,
									"texture_height": 128,
									"uv": [
										0,
										16
									],
									"uv_size": [
										8,
										8
									]
								}
							},
							"minecraft:particle_expire_if_in_blocks": [
								"minecraft:air"
							]
						}
					}
				},
				"key": "particle_effect",
				"children": [
					{
						"key": "description",
						"is_minified": true,
						"children": {
							"identifier": "boi:brain_bubble",
							"basic_render_parameters": {
								"material": "particles_alpha",
								"texture": "textures/particle/particles"
							}
						}
					},
					{
						"open": {
							"description": {
								"identifier": "boi:brain_bubble",
								"basic_render_parameters": {
									"material": "particles_alpha",
									"texture": "textures/particle/particles"
								}
							},
							"components": {
								"minecraft:emitter_rate_manual": {
									"max_particles": 100
								},
								"minecraft:emitter_lifetime_expression": {
									"activation_expression": 1,
									"expiration_expression": 0
								},
								"minecraft:emitter_shape_sphere": {
									"radius": 0.025,
									"direction": [
										0,
										0.1,
										0
									]
								},
								"minecraft:particle_initial_speed": 0.2,
								"minecraft:particle_lifetime_expression": {
									"max_lifetime": "Math.random(2.8, 3)"
								},
								"minecraft:particle_motion_dynamic": {
									"linear_drag_coefficient": 0
								},
								"minecraft:particle_appearance_lighting": {},
								"minecraft:particle_appearance_billboard": {
									"size": [
										"(0.08*variable.particle_random_1+0.1)*(variable.particle_random_2*0.3+0.2)",
										"(0.08*variable.particle_random_1+0.1)*(variable.particle_random_2*0.3+0.2)"
									],
									"facing_camera_mode": "lookat_xyz",
									"uv": {
										"texture_width": 128,
										"texture_height": 128,
										"uv": [
											0,
											16
										],
										"uv_size": [
											8,
											8
										]
									}
								},
								"minecraft:particle_expire_if_in_blocks": [
									"minecraft:air"
								]
							}
						},
						"key": "components",
						"children": [
							{
								"key": "minecraft:emitter_rate_manual",
								"is_minified": true,
								"children": {
									"max_particles": 100
								}
							},
							{
								"key": "minecraft:emitter_lifetime_expression",
								"is_minified": true,
								"children": {
									"activation_expression": 1,
									"expiration_expression": 0
								}
							},
							{
								"key": "minecraft:emitter_shape_sphere",
								"is_minified": true,
								"children": {
									"radius": 0.025,
									"direction": [
										0,
										0.1,
										0
									]
								}
							},
							{
								"data": "0.2",
								"key": "minecraft:particle_initial_speed"
							},
							{
								"key": "minecraft:particle_lifetime_expression",
								"is_minified": true,
								"children": {
									"max_lifetime": "Math.random(2.8, 3)"
								}
							},
							{
								"key": "minecraft:particle_motion_dynamic",
								"is_minified": true,
								"children": {
									"linear_drag_coefficient": 0
								}
							},
							{
								"key": "minecraft:particle_appearance_lighting",
								"is_minified": true,
								"children": {}
							},
							{
								"key": "minecraft:particle_appearance_billboard",
								"children": [
									{
										"open": {
											"size": [
												"(0.08*variable.particle_random_1+0.1)*(variable.particle_random_2*0.3+0.2)",
												"(0.08*variable.particle_random_1+0.1)*(variable.particle_random_2*0.3+0.2)"
											],
											"facing_camera_mode": "lookat_xyz",
											"uv": {
												"texture_width": 128,
												"texture_height": 128,
												"uv": [
													0,
													16
												],
												"uv_size": [
													8,
													8
												]
											}
										},
										"key": "size",
										"is_minified": true,
										"children": [
											"(0.08*variable.particle_random_1+0.1)*(variable.particle_random_2*0.3+0.2)",
											"(0.08*variable.particle_random_1+0.1)*(variable.particle_random_2*0.3+0.2)"
										]
									},
									{
										"data": "lookat_xyz",
										"key": "facing_camera_mode"
									},
									{
										"key": "uv",
										"is_minified": true,
										"children": {
											"texture_width": 128,
											"texture_height": 128,
											"uv": [
												0,
												16
											],
											"uv_size": [
												8,
												8
											]
										}
									}
								]
							},
							{
								"key": "minecraft:particle_expire_if_in_blocks",
								"is_minified": true,
								"children": [
									"minecraft:air"
								]
							}
						]
					}
				]
			}
		]
	}
}