{
	"file_path": "C:\\Users\\fiddy\\AppData\\Local\\Packages\\Microsoft.MinecraftUWP_8wekyb3d8bbwe\\LocalState\\games\\com.mojang\\development_resource_packs\\H_DecorR\\particles\\broomstick_trail.json",
	"file_type": "particle",
	"format_version": 1,
	"file_uuid": "a5a8ece9_8923_4be6_909b_442fcf3fa88a",
	"file_version": 12,
	"cache_content": {
		"children": [
			{
				"data": "1.10.0",
				"key": "format_version"
			},
			{
				"open": {
					"format_version": "1.10.0",
					"particle_effect": {
						"description": {
							"identifier": "boi:broomstick_trail",
							"basic_render_parameters": {
								"material": "particles_alpha",
								"texture": "textures/particle/particles"
							}
						},
						"components": {
							"minecraft:emitter_lifetime_expression": {
								"activation_expression": 1,
								"expiration_expression": 0
							},
							"minecraft:emitter_shape_custom": {
								"offset": [
									"Math.random(-0.3, 0.3)",
									"Math.random(-0.3, 0.3)0",
									"Math.random(-0.3, 0.3)"
								],
								"direction": [
									"Math.random(-0.5, 0.5)",
									"Math.random(0, 1)",
									"Math.random(-0.5, 0.5)"
								]
							},
							"minecraft:particle_initial_speed": [
								"0.2* Math.random(-1.0, 1.0)",
								"0.2* Math.random(-1.0, 1.0)",
								"0.2* Math.random(-1.0, 1.0)"
							],
							"minecraft:particle_lifetime_expression": {
								"max_lifetime": "Math.random(0.7, 1.0)"
							},
							"minecraft:particle_motion_dynamic": {
								"linear_acceleration": [
									0,
									2,
									0
								],
								"linear_drag_coefficient": 0.5
							},
							"minecraft:particle_appearance_billboard": {
								"size": [
									0.105,
									0.105
								],
								"facing_camera_mode": "lookat_xyz",
								"uv": {
									"texture_width": 128,
									"texture_height": 128,
									"flipbook": {
										"base_UV": [
											64,
											64
										],
										"size_UV": [
											8,
											8
										],
										"step_UV": [
											-8,
											0
										],
										"frames_per_second": 10,
										"max_frame": 8,
										"stretch_to_lifetime": true,
										"loop": false
									}
								}
							},
							"minecraft:particle_appearance_tinting": {
								"color": [
									0.498,
									0.5137,
									0.5725,
									1
								]
							},
							"minecraft:particle_appearance_lighting": {},
							"minecraft:emitter_rate_instant": {
								"num_particles": 4
							}
						}
					}
				},
				"key": "particle_effect",
				"children": [
					{
						"open": {
							"description": {
								"identifier": "boi:broomstick_trail",
								"basic_render_parameters": {
									"material": "particles_alpha",
									"texture": "textures/particle/particles"
								}
							},
							"components": {
								"minecraft:emitter_lifetime_expression": {
									"activation_expression": 1,
									"expiration_expression": 0
								},
								"minecraft:emitter_shape_custom": {
									"offset": [
										"Math.random(-0.3, 0.3)",
										"Math.random(-0.3, 0.3)0",
										"Math.random(-0.3, 0.3)"
									],
									"direction": [
										"Math.random(-0.5, 0.5)",
										"Math.random(0, 1)",
										"Math.random(-0.5, 0.5)"
									]
								},
								"minecraft:particle_initial_speed": [
									"0.2* Math.random(-1.0, 1.0)",
									"0.2* Math.random(-1.0, 1.0)",
									"0.2* Math.random(-1.0, 1.0)"
								],
								"minecraft:particle_lifetime_expression": {
									"max_lifetime": "Math.random(0.7, 1.0)"
								},
								"minecraft:particle_motion_dynamic": {
									"linear_acceleration": [
										0,
										2,
										0
									],
									"linear_drag_coefficient": 0.5
								},
								"minecraft:particle_appearance_billboard": {
									"size": [
										0.105,
										0.105
									],
									"facing_camera_mode": "lookat_xyz",
									"uv": {
										"texture_width": 128,
										"texture_height": 128,
										"flipbook": {
											"base_UV": [
												64,
												64
											],
											"size_UV": [
												8,
												8
											],
											"step_UV": [
												-8,
												0
											],
											"frames_per_second": 10,
											"max_frame": 8,
											"stretch_to_lifetime": true,
											"loop": false
										}
									}
								},
								"minecraft:particle_appearance_tinting": {
									"color": [
										0.498,
										0.5137,
										0.5725,
										1
									]
								},
								"minecraft:particle_appearance_lighting": {},
								"minecraft:emitter_rate_instant": {
									"num_particles": 4
								}
							}
						},
						"key": "description",
						"is_minified": true,
						"children": {
							"identifier": "boi:broomstick_trail",
							"basic_render_parameters": {
								"material": "particles_alpha",
								"texture": "textures/particle/particles"
							}
						}
					},
					{
						"open": {
							"description": {
								"identifier": "boi:broomstick_trail",
								"basic_render_parameters": {
									"material": "particles_alpha",
									"texture": "textures/particle/particles"
								}
							},
							"components": {
								"minecraft:emitter_lifetime_expression": {
									"activation_expression": 1,
									"expiration_expression": 0
								},
								"minecraft:emitter_shape_custom": {
									"offset": [
										"Math.random(-0.3, 0.3)",
										"Math.random(-0.3, 0.3)0",
										"Math.random(-0.3, 0.3)"
									],
									"direction": [
										"Math.random(-0.5, 0.5)",
										"Math.random(0, 1)",
										"Math.random(-0.5, 0.5)"
									]
								},
								"minecraft:particle_initial_speed": [
									"0.2* Math.random(-1.0, 1.0)",
									"0.2* Math.random(-1.0, 1.0)",
									"0.2* Math.random(-1.0, 1.0)"
								],
								"minecraft:particle_lifetime_expression": {
									"max_lifetime": "Math.random(0.7, 1.0)"
								},
								"minecraft:particle_motion_dynamic": {
									"linear_acceleration": [
										0,
										2,
										0
									],
									"linear_drag_coefficient": 0.5
								},
								"minecraft:particle_appearance_billboard": {
									"size": [
										0.105,
										0.105
									],
									"facing_camera_mode": "lookat_xyz",
									"uv": {
										"texture_width": 128,
										"texture_height": 128,
										"flipbook": {
											"base_UV": [
												64,
												64
											],
											"size_UV": [
												8,
												8
											],
											"step_UV": [
												-8,
												0
											],
											"frames_per_second": 10,
											"max_frame": 8,
											"stretch_to_lifetime": true,
											"loop": false
										}
									}
								},
								"minecraft:particle_appearance_tinting": {
									"color": [
										0.498,
										0.5137,
										0.5725,
										1
									]
								},
								"minecraft:particle_appearance_lighting": {},
								"minecraft:emitter_rate_instant": {
									"num_particles": 4
								}
							}
						},
						"key": "components",
						"children": [
							{
								"key": "minecraft:emitter_lifetime_expression",
								"is_minified": true,
								"children": {
									"activation_expression": 1,
									"expiration_expression": 0
								}
							},
							{
								"key": "minecraft:emitter_shape_custom",
								"children": [
									{
										"open": {
											"offset": [
												"Math.random(-0.3, 0.3)",
												"Math.random(-0.3, 0.3)0",
												"Math.random(-0.3, 0.3)"
											],
											"direction": [
												"Math.random(-0.5, 0.5)",
												"Math.random(0, 1)",
												"Math.random(-0.5, 0.5)"
											]
										},
										"key": "offset",
										"is_minified": true,
										"children": [
											"Math.random(-0.3, 0.3)",
											"Math.random(-0.3, 0.3)0",
											"Math.random(-0.3, 0.3)"
										]
									},
									{
										"key": "direction",
										"is_minified": true,
										"children": [
											"Math.random(-0.5, 0.5)",
											"Math.random(0, 1)",
											"Math.random(-0.5, 0.5)"
										]
									}
								]
							},
							{
								"key": "minecraft:particle_initial_speed",
								"is_minified": true,
								"children": [
									"0.2* Math.random(-1.0, 1.0)",
									"0.2* Math.random(-1.0, 1.0)",
									"0.2* Math.random(-1.0, 1.0)"
								]
							},
							{
								"key": "minecraft:particle_lifetime_expression",
								"is_minified": true,
								"children": {
									"max_lifetime": "Math.random(0.7, 1.0)"
								}
							},
							{
								"key": "minecraft:particle_motion_dynamic",
								"is_minified": true,
								"children": {
									"linear_acceleration": [
										0,
										2,
										0
									],
									"linear_drag_coefficient": 0.5
								}
							},
							{
								"key": "minecraft:particle_appearance_billboard",
								"children": [
									{
										"open": {
											"size": [
												0.105,
												0.105
											],
											"facing_camera_mode": "lookat_xyz",
											"uv": {
												"texture_width": 128,
												"texture_height": 128,
												"flipbook": {
													"base_UV": [
														64,
														64
													],
													"size_UV": [
														8,
														8
													],
													"step_UV": [
														-8,
														0
													],
													"frames_per_second": 10,
													"max_frame": 8,
													"stretch_to_lifetime": true,
													"loop": false
												}
											}
										},
										"key": "size",
										"is_minified": true,
										"children": [
											0.105,
											0.105
										]
									},
									{
										"data": "lookat_xyz",
										"key": "facing_camera_mode"
									},
									{
										"key": "uv",
										"is_minified": true,
										"children": {
											"texture_width": 128,
											"texture_height": 128,
											"flipbook": {
												"base_UV": [
													64,
													64
												],
												"size_UV": [
													8,
													8
												],
												"step_UV": [
													-8,
													0
												],
												"frames_per_second": 10,
												"max_frame": 8,
												"stretch_to_lifetime": true,
												"loop": false
											}
										}
									}
								]
							},
							{
								"key": "minecraft:particle_appearance_tinting",
								"children": [
									{
										"open": {
											"color": [
												0.498,
												0.5137,
												0.5725,
												1
											]
										},
										"key": "color",
										"is_minified": true,
										"children": [
											0.498,
											0.5137,
											0.5725,
											1
										]
									}
								]
							},
							{
								"key": "minecraft:particle_appearance_lighting",
								"is_minified": true,
								"children": {}
							},
							{
								"key": "minecraft:emitter_rate_instant",
								"is_minified": true,
								"children": {
									"num_particles": 4
								}
							}
						]
					}
				]
			}
		]
	}
}