{
	"file_path": "C:\\Users\\fiddy\\AppData\\Local\\Packages\\Microsoft.MinecraftUWP_8wekyb3d8bbwe\\LocalState\\games\\com.mojang\\development_resource_packs\\H_DecorR\\particles\\candelabra_fire.json",
	"file_type": "particle",
	"format_version": 1,
	"file_uuid": "57af2725_d8ec_48c1_90a5_8439b10d9f81",
	"file_version": 13,
	"cache_content": {
		"children": [
			{
				"data": "1.10.0",
				"key": "format_version"
			},
			{
				"open": {
					"format_version": "1.10.0",
					"particle_effect": {
						"description": {
							"identifier": "boi:candelabra_fire",
							"basic_render_parameters": {
								"material": "particles_alpha",
								"texture": "textures/particle/particles"
							}
						},
						"components": {
							"minecraft:emitter_rate_manual": {
								"max_particles": 100
							},
							"minecraft:emitter_lifetime_expression": {
								"activation_expression": 1,
								"expiration_expression": 0
							},
							"minecraft:emitter_shape_sphere": {
								"radius": 0.025,
								"direction": [
									0,
									0,
									0
								]
							},
							"minecraft:particle_lifetime_expression": {
								"max_lifetime": "Math.random(2.6, 3.0)"
							},
							"minecraft:particle_appearance_billboard": {
								"size": [
									"(0.1 + variable.particle_random_1*0.1) - (0.01 * variable.particle_age)",
									"(0.1 + variable.particle_random_1*0.1) - (0.01 * variable.particle_age)"
								],
								"facing_camera_mode": "lookat_xyz",
								"uv": {
									"texture_width": 128,
									"texture_height": 128,
									"uv": [
										0,
										24
									],
									"uv_size": [
										8,
										8
									]
								}
							}
						}
					}
				},
				"key": "particle_effect",
				"children": [
					{
						"open": {
							"description": {
								"identifier": "boi:candelabra_fire",
								"basic_render_parameters": {
									"material": "particles_alpha",
									"texture": "textures/particle/particles"
								}
							},
							"components": {
								"minecraft:emitter_rate_manual": {
									"max_particles": 100
								},
								"minecraft:emitter_lifetime_expression": {
									"activation_expression": 1,
									"expiration_expression": 0
								},
								"minecraft:emitter_shape_sphere": {
									"radius": 0.025,
									"direction": [
										0,
										0,
										0
									]
								},
								"minecraft:particle_lifetime_expression": {
									"max_lifetime": "Math.random(2.6, 3.0)"
								},
								"minecraft:particle_appearance_billboard": {
									"size": [
										"(0.1 + variable.particle_random_1*0.1) - (0.01 * variable.particle_age)",
										"(0.1 + variable.particle_random_1*0.1) - (0.01 * variable.particle_age)"
									],
									"facing_camera_mode": "lookat_xyz",
									"uv": {
										"texture_width": 128,
										"texture_height": 128,
										"uv": [
											0,
											24
										],
										"uv_size": [
											8,
											8
										]
									}
								}
							}
						},
						"key": "description",
						"is_minified": true,
						"children": {
							"identifier": "boi:candelabra_fire",
							"basic_render_parameters": {
								"material": "particles_alpha",
								"texture": "textures/particle/particles"
							}
						}
					},
					{
						"open": {
							"description": {
								"identifier": "boi:candelabra_fire",
								"basic_render_parameters": {
									"material": "particles_alpha",
									"texture": "textures/particle/particles"
								}
							},
							"components": {
								"minecraft:emitter_rate_manual": {
									"max_particles": 100
								},
								"minecraft:emitter_lifetime_expression": {
									"activation_expression": 1,
									"expiration_expression": 0
								},
								"minecraft:emitter_shape_sphere": {
									"radius": 0.025,
									"direction": [
										0,
										0,
										0
									]
								},
								"minecraft:particle_lifetime_expression": {
									"max_lifetime": "Math.random(2.6, 3.0)"
								},
								"minecraft:particle_appearance_billboard": {
									"size": [
										"(0.1 + variable.particle_random_1*0.1) - (0.01 * variable.particle_age)",
										"(0.1 + variable.particle_random_1*0.1) - (0.01 * variable.particle_age)"
									],
									"facing_camera_mode": "lookat_xyz",
									"uv": {
										"texture_width": 128,
										"texture_height": 128,
										"uv": [
											0,
											24
										],
										"uv_size": [
											8,
											8
										]
									}
								}
							}
						},
						"key": "components",
						"children": [
							{
								"key": "minecraft:emitter_rate_manual",
								"is_minified": true,
								"children": {
									"max_particles": 100
								}
							},
							{
								"key": "minecraft:emitter_lifetime_expression",
								"is_minified": true,
								"children": {
									"activation_expression": 1,
									"expiration_expression": 0
								}
							},
							{
								"key": "minecraft:emitter_shape_sphere",
								"is_minified": true,
								"children": {
									"radius": 0.025,
									"direction": [
										0,
										0,
										0
									]
								}
							},
							{
								"open": {
									"minecraft:emitter_rate_manual": {
										"max_particles": 100
									},
									"minecraft:emitter_lifetime_expression": {
										"activation_expression": 1,
										"expiration_expression": 0
									},
									"minecraft:emitter_shape_sphere": {
										"radius": 0.025,
										"direction": [
											0,
											0,
											0
										]
									},
									"minecraft:particle_lifetime_expression": {
										"max_lifetime": "Math.random(2.6, 3.0)"
									},
									"minecraft:particle_appearance_billboard": {
										"size": [
											"(0.1 + variable.particle_random_1*0.1) - (0.01 * variable.particle_age)",
											"(0.1 + variable.particle_random_1*0.1) - (0.01 * variable.particle_age)"
										],
										"facing_camera_mode": "lookat_xyz",
										"uv": {
											"texture_width": 128,
											"texture_height": 128,
											"uv": [
												0,
												24
											],
											"uv_size": [
												8,
												8
											]
										}
									}
								},
								"key": "minecraft:particle_lifetime_expression",
								"is_minified": true,
								"children": {
									"max_lifetime": "Math.random(2.6, 3.0)"
								}
							},
							{
								"open": {
									"minecraft:emitter_rate_manual": {
										"max_particles": 100
									},
									"minecraft:emitter_lifetime_expression": {
										"activation_expression": 1,
										"expiration_expression": 0
									},
									"minecraft:emitter_shape_sphere": {
										"radius": 0.025,
										"direction": [
											0,
											0,
											0
										]
									},
									"minecraft:particle_lifetime_expression": {
										"max_lifetime": "Math.random(2.6, 3.0)"
									},
									"minecraft:particle_appearance_billboard": {
										"size": [
											"(0.1 + variable.particle_random_1*0.1) - (0.01 * variable.particle_age)",
											"(0.1 + variable.particle_random_1*0.1) - (0.01 * variable.particle_age)"
										],
										"facing_camera_mode": "lookat_xyz",
										"uv": {
											"texture_width": 128,
											"texture_height": 128,
											"uv": [
												0,
												24
											],
											"uv_size": [
												8,
												8
											]
										}
									}
								},
								"key": "minecraft:particle_appearance_billboard",
								"children": [
									{
										"open": {
											"size": [
												"(0.1 + variable.particle_random_1*0.1) - (0.01 * variable.particle_age)",
												"(0.1 + variable.particle_random_1*0.1) - (0.01 * variable.particle_age)"
											],
											"facing_camera_mode": "lookat_xyz",
											"uv": {
												"texture_width": 128,
												"texture_height": 128,
												"uv": [
													0,
													24
												],
												"uv_size": [
													8,
													8
												]
											}
										},
										"key": "size",
										"is_minified": true,
										"children": [
											"(0.1 + variable.particle_random_1*0.1) - (0.01 * variable.particle_age)",
											"(0.1 + variable.particle_random_1*0.1) - (0.01 * variable.particle_age)"
										]
									},
									{
										"data": "lookat_xyz",
										"key": "facing_camera_mode"
									},
									{
										"key": "uv",
										"is_minified": true,
										"children": {
											"texture_width": 128,
											"texture_height": 128,
											"uv": [
												0,
												24
											],
											"uv_size": [
												8,
												8
											]
										}
									}
								]
							}
						]
					}
				]
			}
		]
	}
}