{
	"file_path": "C:\\Users\\fiddy\\AppData\\Local\\Packages\\Microsoft.MinecraftUWP_8wekyb3d8bbwe\\LocalState\\games\\com.mojang\\development_resource_packs\\SeasonalDecorRP\\particles\\ghost_projectile.json",
	"file_type": "particle",
	"format_version": 1,
	"file_uuid": "b66a2916_c245_4bfb_931d_c64aeda022b0",
	"file_version": 21,
	"cache_content": {
		"children": [
			{
				"data": "1.10.0",
				"key": "format_version"
			},
			{
				"open": {
					"format_version": "1.10.0",
					"particle_effect": {
						"description": {
							"identifier": "boi:ghost_projectile_particle",
							"basic_render_parameters": {
								"material": "particles_alpha",
								"texture": "textures/particle/particles"
							}
						},
						"components": {
							"minecraft:emitter_rate_instant": {
								"num_particles": 3
							},
							"minecraft:emitter_lifetime_once": {},
							"minecraft:emitter_shape_point": {
								"direction": [
									"variable.emitter_random_1 * 0.02 + Math.random(-0.05, 0.05)",
									"variable.emitter_random_2 * 0.02 + Math.random(-0.05, 0.05)",
									"variable.emitter_random_3 * 0.02 + Math.random(-0.05, 0.05)"
								]
							},
							"minecraft:particle_initial_speed": 3,
							"minecraft:particle_lifetime_expression": {
								"max_lifetime": "1 / Math.Random(1, 5) + 0.1"
							},
							"minecraft:particle_motion_dynamic": {
								"linear_acceleration": [
									0,
									1,
									0
								],
								"linear_drag_coefficient": 5.25
							},
							"minecraft:particle_motion_collision": {
								"coefficient_of_restitution": 0.1,
								"collision_drag": 10,
								"collision_radius": 0.1
							},
							"minecraft:particle_appearance_billboard": {
								"size": [
									"variable.particle_random_1 * variable.particle_random_2 * 0.3 + 0.1",
									"variable.particle_random_1 * variable.particle_random_2 * 0.3 + 0.1"
								],
								"facing_camera_mode": "lookat_xyz",
								"uv": {
									"texture_width": 128,
									"texture_height": 128,
									"flipbook": {
										"base_UV": [
											56,
											0
										],
										"size_UV": [
											8,
											8
										],
										"step_UV": [
											-8,
											0
										],
										"frames_per_second": 8,
										"max_frame": 8,
										"stretch_to_lifetime": true,
										"loop": false
									}
								}
							},
							"minecraft:particle_appearance_tinting": {
								"color": [
									"variable.particle_random_1 * 0.3 + 0.4",
									"variable.particle_random_1 * 0.3 + 0.7",
									"variable.particle_random_1 * 0.3 + 0.6",
									0
								]
							},
							"minecraft:particle_appearance_lighting": {}
						}
					}
				},
				"key": "particle_effect",
				"children": [
					{
						"open": {
							"description": {
								"identifier": "boi:ghost_projectile_particle",
								"basic_render_parameters": {
									"material": "particles_alpha",
									"texture": "textures/particle/particles"
								}
							},
							"components": {
								"minecraft:emitter_rate_instant": {
									"num_particles": 3
								},
								"minecraft:emitter_lifetime_once": {},
								"minecraft:emitter_shape_point": {
									"direction": [
										"variable.emitter_random_1 * 0.02 + Math.random(-0.05, 0.05)",
										"variable.emitter_random_2 * 0.02 + Math.random(-0.05, 0.05)",
										"variable.emitter_random_3 * 0.02 + Math.random(-0.05, 0.05)"
									]
								},
								"minecraft:particle_initial_speed": 3,
								"minecraft:particle_lifetime_expression": {
									"max_lifetime": "1 / Math.Random(1, 5) + 0.1"
								},
								"minecraft:particle_motion_dynamic": {
									"linear_acceleration": [
										0,
										1,
										0
									],
									"linear_drag_coefficient": 5.25
								},
								"minecraft:particle_motion_collision": {
									"coefficient_of_restitution": 0.1,
									"collision_drag": 10,
									"collision_radius": 0.1
								},
								"minecraft:particle_appearance_billboard": {
									"size": [
										"variable.particle_random_1 * variable.particle_random_2 * 0.3 + 0.1",
										"variable.particle_random_1 * variable.particle_random_2 * 0.3 + 0.1"
									],
									"facing_camera_mode": "lookat_xyz",
									"uv": {
										"texture_width": 128,
										"texture_height": 128,
										"flipbook": {
											"base_UV": [
												56,
												0
											],
											"size_UV": [
												8,
												8
											],
											"step_UV": [
												-8,
												0
											],
											"frames_per_second": 8,
											"max_frame": 8,
											"stretch_to_lifetime": true,
											"loop": false
										}
									}
								},
								"minecraft:particle_appearance_tinting": {
									"color": [
										"variable.particle_random_1 * 0.3 + 0.4",
										"variable.particle_random_1 * 0.3 + 0.7",
										"variable.particle_random_1 * 0.3 + 0.6",
										0
									]
								},
								"minecraft:particle_appearance_lighting": {}
							}
						},
						"key": "description",
						"is_minified": true,
						"children": {
							"identifier": "boi:ghost_projectile_particle",
							"basic_render_parameters": {
								"material": "particles_alpha",
								"texture": "textures/particle/particles"
							}
						}
					},
					{
						"open": {
							"description": {
								"identifier": "boi:ghost_projectile_particle",
								"basic_render_parameters": {
									"material": "particles_alpha",
									"texture": "textures/particle/particles"
								}
							},
							"components": {
								"minecraft:emitter_rate_instant": {
									"num_particles": 3
								},
								"minecraft:emitter_lifetime_once": {},
								"minecraft:emitter_shape_point": {
									"direction": [
										"variable.emitter_random_1 * 0.02 + Math.random(-0.05, 0.05)",
										"variable.emitter_random_2 * 0.02 + Math.random(-0.05, 0.05)",
										"variable.emitter_random_3 * 0.02 + Math.random(-0.05, 0.05)"
									]
								},
								"minecraft:particle_initial_speed": 3,
								"minecraft:particle_lifetime_expression": {
									"max_lifetime": "1 / Math.Random(1, 5) + 0.1"
								},
								"minecraft:particle_motion_dynamic": {
									"linear_acceleration": [
										0,
										1,
										0
									],
									"linear_drag_coefficient": 5.25
								},
								"minecraft:particle_motion_collision": {
									"coefficient_of_restitution": 0.1,
									"collision_drag": 10,
									"collision_radius": 0.1
								},
								"minecraft:particle_appearance_billboard": {
									"size": [
										"variable.particle_random_1 * variable.particle_random_2 * 0.3 + 0.1",
										"variable.particle_random_1 * variable.particle_random_2 * 0.3 + 0.1"
									],
									"facing_camera_mode": "lookat_xyz",
									"uv": {
										"texture_width": 128,
										"texture_height": 128,
										"flipbook": {
											"base_UV": [
												56,
												0
											],
											"size_UV": [
												8,
												8
											],
											"step_UV": [
												-8,
												0
											],
											"frames_per_second": 8,
											"max_frame": 8,
											"stretch_to_lifetime": true,
											"loop": false
										}
									}
								},
								"minecraft:particle_appearance_tinting": {
									"color": [
										"variable.particle_random_1 * 0.3 + 0.4",
										"variable.particle_random_1 * 0.3 + 0.7",
										"variable.particle_random_1 * 0.3 + 0.6",
										0
									]
								},
								"minecraft:particle_appearance_lighting": {}
							}
						},
						"key": "components",
						"children": [
							{
								"open": {
									"minecraft:emitter_rate_instant": {
										"num_particles": 3
									},
									"minecraft:emitter_lifetime_once": {},
									"minecraft:emitter_shape_point": {
										"direction": [
											"variable.emitter_random_1 * 0.02 + Math.random(-0.05, 0.05)",
											"variable.emitter_random_2 * 0.02 + Math.random(-0.05, 0.05)",
											"variable.emitter_random_3 * 0.02 + Math.random(-0.05, 0.05)"
										]
									},
									"minecraft:particle_initial_speed": 3,
									"minecraft:particle_lifetime_expression": {
										"max_lifetime": "1 / Math.Random(1, 5) + 0.1"
									},
									"minecraft:particle_motion_dynamic": {
										"linear_acceleration": [
											0,
											1,
											0
										],
										"linear_drag_coefficient": 5.25
									},
									"minecraft:particle_motion_collision": {
										"coefficient_of_restitution": 0.1,
										"collision_drag": 10,
										"collision_radius": 0.1
									},
									"minecraft:particle_appearance_billboard": {
										"size": [
											"variable.particle_random_1 * variable.particle_random_2 * 0.3 + 0.1",
											"variable.particle_random_1 * variable.particle_random_2 * 0.3 + 0.1"
										],
										"facing_camera_mode": "lookat_xyz",
										"uv": {
											"texture_width": 128,
											"texture_height": 128,
											"flipbook": {
												"base_UV": [
													56,
													0
												],
												"size_UV": [
													8,
													8
												],
												"step_UV": [
													-8,
													0
												],
												"frames_per_second": 8,
												"max_frame": 8,
												"stretch_to_lifetime": true,
												"loop": false
											}
										}
									},
									"minecraft:particle_appearance_tinting": {
										"color": [
											"variable.particle_random_1 * 0.3 + 0.4",
											"variable.particle_random_1 * 0.3 + 0.7",
											"variable.particle_random_1 * 0.3 + 0.6",
											0
										]
									},
									"minecraft:particle_appearance_lighting": {}
								},
								"key": "minecraft:emitter_rate_instant",
								"is_minified": true,
								"children": {
									"num_particles": 3
								}
							},
							{
								"key": "minecraft:emitter_lifetime_once",
								"is_minified": true,
								"children": {}
							},
							{
								"key": "minecraft:emitter_shape_point",
								"is_minified": true,
								"children": {
									"direction": [
										"variable.emitter_random_1 * 0.02 + Math.random(-0.05, 0.05)",
										"variable.emitter_random_2 * 0.02 + Math.random(-0.05, 0.05)",
										"variable.emitter_random_3 * 0.02 + Math.random(-0.05, 0.05)"
									]
								}
							},
							{
								"open": {
									"minecraft:emitter_rate_instant": {
										"num_particles": 3
									},
									"minecraft:emitter_lifetime_once": {},
									"minecraft:emitter_shape_point": {
										"direction": [
											"variable.emitter_random_1 * 0.02 + Math.random(-0.05, 0.05)",
											"variable.emitter_random_2 * 0.02 + Math.random(-0.05, 0.05)",
											"variable.emitter_random_3 * 0.02 + Math.random(-0.05, 0.05)"
										]
									},
									"minecraft:particle_initial_speed": 3,
									"minecraft:particle_lifetime_expression": {
										"max_lifetime": "1 / Math.Random(1, 5) + 0.1"
									},
									"minecraft:particle_motion_dynamic": {
										"linear_acceleration": [
											0,
											1,
											0
										],
										"linear_drag_coefficient": 5.25
									},
									"minecraft:particle_motion_collision": {
										"coefficient_of_restitution": 0.1,
										"collision_drag": 10,
										"collision_radius": 0.1
									},
									"minecraft:particle_appearance_billboard": {
										"size": [
											"variable.particle_random_1 * variable.particle_random_2 * 0.3 + 0.1",
											"variable.particle_random_1 * variable.particle_random_2 * 0.3 + 0.1"
										],
										"facing_camera_mode": "lookat_xyz",
										"uv": {
											"texture_width": 128,
											"texture_height": 128,
											"flipbook": {
												"base_UV": [
													56,
													0
												],
												"size_UV": [
													8,
													8
												],
												"step_UV": [
													-8,
													0
												],
												"frames_per_second": 8,
												"max_frame": 8,
												"stretch_to_lifetime": true,
												"loop": false
											}
										}
									},
									"minecraft:particle_appearance_tinting": {
										"color": [
											"variable.particle_random_1 * 0.3 + 0.4",
											"variable.particle_random_1 * 0.3 + 0.7",
											"variable.particle_random_1 * 0.3 + 0.6",
											0
										]
									},
									"minecraft:particle_appearance_lighting": {}
								},
								"data": "3",
								"key": "minecraft:particle_initial_speed"
							},
							{
								"open": {
									"minecraft:emitter_rate_instant": {
										"num_particles": 3
									},
									"minecraft:emitter_lifetime_once": {},
									"minecraft:emitter_shape_point": {
										"direction": [
											"variable.emitter_random_1 * 0.02 + Math.random(-0.05, 0.05)",
											"variable.emitter_random_2 * 0.02 + Math.random(-0.05, 0.05)",
											"variable.emitter_random_3 * 0.02 + Math.random(-0.05, 0.05)"
										]
									},
									"minecraft:particle_initial_speed": 3,
									"minecraft:particle_lifetime_expression": {
										"max_lifetime": "1 / Math.Random(1, 5) + 0.1"
									},
									"minecraft:particle_motion_dynamic": {
										"linear_acceleration": [
											0,
											1,
											0
										],
										"linear_drag_coefficient": 5.25
									},
									"minecraft:particle_motion_collision": {
										"coefficient_of_restitution": 0.1,
										"collision_drag": 10,
										"collision_radius": 0.1
									},
									"minecraft:particle_appearance_billboard": {
										"size": [
											"variable.particle_random_1 * variable.particle_random_2 * 0.3 + 0.1",
											"variable.particle_random_1 * variable.particle_random_2 * 0.3 + 0.1"
										],
										"facing_camera_mode": "lookat_xyz",
										"uv": {
											"texture_width": 128,
											"texture_height": 128,
											"flipbook": {
												"base_UV": [
													56,
													0
												],
												"size_UV": [
													8,
													8
												],
												"step_UV": [
													-8,
													0
												],
												"frames_per_second": 8,
												"max_frame": 8,
												"stretch_to_lifetime": true,
												"loop": false
											}
										}
									},
									"minecraft:particle_appearance_tinting": {
										"color": [
											"variable.particle_random_1 * 0.3 + 0.4",
											"variable.particle_random_1 * 0.3 + 0.7",
											"variable.particle_random_1 * 0.3 + 0.6",
											0
										]
									},
									"minecraft:particle_appearance_lighting": {}
								},
								"key": "minecraft:particle_lifetime_expression",
								"is_minified": true,
								"children": {
									"max_lifetime": "1 / Math.Random(1, 5) + 0.1"
								}
							},
							{
								"key": "minecraft:particle_motion_dynamic",
								"children": [
									{
										"open": {
											"linear_acceleration": [
												0,
												1,
												0
											],
											"linear_drag_coefficient": 5.25
										},
										"key": "linear_acceleration",
										"is_minified": true,
										"children": [
											0,
											1,
											0
										]
									},
									{
										"data": "5.25",
										"key": "linear_drag_coefficient"
									}
								]
							},
							{
								"key": "minecraft:particle_motion_collision",
								"is_minified": true,
								"children": {
									"coefficient_of_restitution": 0.1,
									"collision_drag": 10,
									"collision_radius": 0.1
								}
							},
							{
								"key": "minecraft:particle_appearance_billboard",
								"children": [
									{
										"open": {
											"size": [
												"variable.particle_random_1 * variable.particle_random_2 * 0.3 + 0.1",
												"variable.particle_random_1 * variable.particle_random_2 * 0.3 + 0.1"
											],
											"facing_camera_mode": "lookat_xyz",
											"uv": {
												"texture_width": 128,
												"texture_height": 128,
												"flipbook": {
													"base_UV": [
														56,
														0
													],
													"size_UV": [
														8,
														8
													],
													"step_UV": [
														-8,
														0
													],
													"frames_per_second": 8,
													"max_frame": 8,
													"stretch_to_lifetime": true,
													"loop": false
												}
											}
										},
										"key": "size",
										"is_minified": true,
										"children": [
											"variable.particle_random_1 * variable.particle_random_2 * 0.3 + 0.1",
											"variable.particle_random_1 * variable.particle_random_2 * 0.3 + 0.1"
										]
									},
									{
										"data": "lookat_xyz",
										"key": "facing_camera_mode"
									},
									{
										"key": "uv",
										"is_minified": true,
										"children": {
											"texture_width": 128,
											"texture_height": 128,
											"flipbook": {
												"base_UV": [
													56,
													0
												],
												"size_UV": [
													8,
													8
												],
												"step_UV": [
													-8,
													0
												],
												"frames_per_second": 8,
												"max_frame": 8,
												"stretch_to_lifetime": true,
												"loop": false
											}
										}
									}
								]
							},
							{
								"key": "minecraft:particle_appearance_tinting",
								"children": [
									{
										"open": {
											"color": [
												"variable.particle_random_1 * 0.3 + 0.4",
												"variable.particle_random_1 * 0.3 + 0.7",
												"variable.particle_random_1 * 0.3 + 0.6",
												0
											]
										},
										"key": "color",
										"is_minified": true,
										"children": [
											"variable.particle_random_1 * 0.3 + 0.4",
											"variable.particle_random_1 * 0.3 + 0.7",
											"variable.particle_random_1 * 0.3 + 0.6",
											0
										]
									}
								]
							},
							{
								"key": "minecraft:particle_appearance_lighting",
								"is_minified": true,
								"children": {}
							}
						]
					}
				]
			}
		]
	}
}