{
	"file_path": "C:\\Users\\fiddy\\AppData\\Local\\Packages\\Microsoft.MinecraftUWP_8wekyb3d8bbwe\\LocalState\\games\\com.mojang\\development_resource_packs\\SeasonalDecorRP\\particles\\ghost_particle.json",
	"file_type": "particle",
	"format_version": 1,
	"file_uuid": "da4bca13_e698_4e71_926a_cad622805ca8",
	"file_version": 10,
	"cache_content": {
		"children": [
			{
				"data": "1.10.0",
				"key": "format_version"
			},
			{
				"open": {
					"format_version": "1.10.0",
					"particle_effect": {
						"description": {
							"identifier": "boi:ghost_particle",
							"basic_render_parameters": {
								"material": "particles_alpha",
								"texture": "textures/particle/particles"
							}
						},
						"components": {
							"minecraft:emitter_rate_instant": {
								"num_particles": 1
							},
							"minecraft:emitter_lifetime_once": {},
							"minecraft:emitter_shape_point": {
								"direction": [
									"(variable.particle_random_1 * variable.direction.x) - (variable.direction.x / 2.0)",
									"(variable.particle_random_2 * variable.direction.y) - (variable.direction.y / 2.0)",
									"(variable.particle_random_3 * variable.direction.z) - (variable.direction.z / 2.0)"
								]
							},
							"minecraft:emitter_initialization": {
								"creation_expression": "variable.size = Math.random(0.1, 0.2);"
							},
							"minecraft:particle_initial_speed": 0,
							"minecraft:particle_lifetime_expression": {
								"max_lifetime": "((variable.particle_random_1 * 2) + 30) / 10"
							},
							"minecraft:particle_motion_dynamic": {
								"linear_acceleration": [
									0,
									-0.3,
									0
								],
								"linear_drag_coefficient": 1.3
							},
							"minecraft:particle_appearance_billboard": {
								"size": [
									"variable.size*0.3",
									"variable.size*0.3"
								],
								"facing_camera_mode": "lookat_xyz",
								"uv": {
									"texture_width": 128,
									"texture_height": 128,
									"uv": [
										16,
										48
									],
									"uv_size": [
										8,
										8
									]
								}
							},
							"minecraft:particle_appearance_tinting": {
								"color": [
									0.6,
									0.9,
									1,
									1
								]
							},
							"minecraft:particle_appearance_lighting": {}
						}
					}
				},
				"key": "particle_effect",
				"children": [
					{
						"key": "description",
						"is_minified": true,
						"children": {
							"identifier": "boi:ghost_particle",
							"basic_render_parameters": {
								"material": "particles_alpha",
								"texture": "textures/particle/particles"
							}
						}
					},
					{
						"open": {
							"description": {
								"identifier": "boi:ghost_particle",
								"basic_render_parameters": {
									"material": "particles_alpha",
									"texture": "textures/particle/particles"
								}
							},
							"components": {
								"minecraft:emitter_rate_instant": {
									"num_particles": 1
								},
								"minecraft:emitter_lifetime_once": {},
								"minecraft:emitter_shape_point": {
									"direction": [
										"(variable.particle_random_1 * variable.direction.x) - (variable.direction.x / 2.0)",
										"(variable.particle_random_2 * variable.direction.y) - (variable.direction.y / 2.0)",
										"(variable.particle_random_3 * variable.direction.z) - (variable.direction.z / 2.0)"
									]
								},
								"minecraft:emitter_initialization": {
									"creation_expression": "variable.size = Math.random(0.1, 0.2);"
								},
								"minecraft:particle_initial_speed": 0,
								"minecraft:particle_lifetime_expression": {
									"max_lifetime": "((variable.particle_random_1 * 2) + 30) / 10"
								},
								"minecraft:particle_motion_dynamic": {
									"linear_acceleration": [
										0,
										-0.3,
										0
									],
									"linear_drag_coefficient": 1.3
								},
								"minecraft:particle_appearance_billboard": {
									"size": [
										"variable.size*0.3",
										"variable.size*0.3"
									],
									"facing_camera_mode": "lookat_xyz",
									"uv": {
										"texture_width": 128,
										"texture_height": 128,
										"uv": [
											16,
											48
										],
										"uv_size": [
											8,
											8
										]
									}
								},
								"minecraft:particle_appearance_tinting": {
									"color": [
										0.6,
										0.9,
										1,
										1
									]
								},
								"minecraft:particle_appearance_lighting": {}
							}
						},
						"key": "components",
						"children": [
							{
								"key": "minecraft:emitter_rate_instant",
								"is_minified": true,
								"children": {
									"num_particles": 1
								}
							},
							{
								"key": "minecraft:emitter_lifetime_once",
								"is_minified": true,
								"children": {}
							},
							{
								"key": "minecraft:emitter_shape_point",
								"children": [
									{
										"open": {
											"direction": [
												"(variable.particle_random_1 * variable.direction.x) - (variable.direction.x / 2.0)",
												"(variable.particle_random_2 * variable.direction.y) - (variable.direction.y / 2.0)",
												"(variable.particle_random_3 * variable.direction.z) - (variable.direction.z / 2.0)"
											]
										},
										"key": "direction",
										"is_minified": true,
										"children": [
											"(variable.particle_random_1 * variable.direction.x) - (variable.direction.x / 2.0)",
											"(variable.particle_random_2 * variable.direction.y) - (variable.direction.y / 2.0)",
											"(variable.particle_random_3 * variable.direction.z) - (variable.direction.z / 2.0)"
										]
									}
								]
							},
							{
								"key": "minecraft:emitter_initialization",
								"is_minified": true,
								"children": {
									"creation_expression": "variable.size = Math.random(0.1, 0.2);"
								}
							},
							{
								"data": "0",
								"key": "minecraft:particle_initial_speed"
							},
							{
								"key": "minecraft:particle_lifetime_expression",
								"is_minified": true,
								"children": {
									"max_lifetime": "((variable.particle_random_1 * 2) + 30) / 10"
								}
							},
							{
								"key": "minecraft:particle_motion_dynamic",
								"children": [
									{
										"open": {
											"linear_acceleration": [
												0,
												-0.3,
												0
											],
											"linear_drag_coefficient": 1.3
										},
										"key": "linear_acceleration",
										"is_minified": true,
										"children": [
											0,
											-0.3,
											0
										]
									},
									{
										"open": {
											"linear_acceleration": [
												0,
												-0.3,
												0
											],
											"linear_drag_coefficient": 1.3
										},
										"data": "1.3",
										"key": "linear_drag_coefficient"
									}
								]
							},
							{
								"key": "minecraft:particle_appearance_billboard",
								"children": [
									{
										"open": {
											"size": [
												"variable.size*0.3",
												"variable.size*0.3"
											],
											"facing_camera_mode": "lookat_xyz",
											"uv": {
												"texture_width": 128,
												"texture_height": 128,
												"uv": [
													16,
													48
												],
												"uv_size": [
													8,
													8
												]
											}
										},
										"key": "size",
										"is_minified": true,
										"children": [
											"variable.size*0.3",
											"variable.size*0.3"
										]
									},
									{
										"data": "lookat_xyz",
										"key": "facing_camera_mode"
									},
									{
										"key": "uv",
										"is_minified": true,
										"children": {
											"texture_width": 128,
											"texture_height": 128,
											"uv": [
												16,
												48
											],
											"uv_size": [
												8,
												8
											]
										}
									}
								]
							},
							{
								"open": {
									"minecraft:emitter_rate_instant": {
										"num_particles": 1
									},
									"minecraft:emitter_lifetime_once": {},
									"minecraft:emitter_shape_point": {
										"direction": [
											"(variable.particle_random_1 * variable.direction.x) - (variable.direction.x / 2.0)",
											"(variable.particle_random_2 * variable.direction.y) - (variable.direction.y / 2.0)",
											"(variable.particle_random_3 * variable.direction.z) - (variable.direction.z / 2.0)"
										]
									},
									"minecraft:emitter_initialization": {
										"creation_expression": "variable.size = Math.random(0.1, 0.2);"
									},
									"minecraft:particle_initial_speed": 0,
									"minecraft:particle_lifetime_expression": {
										"max_lifetime": "((variable.particle_random_1 * 2) + 30) / 10"
									},
									"minecraft:particle_motion_dynamic": {
										"linear_acceleration": [
											0,
											-0.3,
											0
										],
										"linear_drag_coefficient": 1.3
									},
									"minecraft:particle_appearance_billboard": {
										"size": [
											"variable.size*0.3",
											"variable.size*0.3"
										],
										"facing_camera_mode": "lookat_xyz",
										"uv": {
											"texture_width": 128,
											"texture_height": 128,
											"uv": [
												16,
												48
											],
											"uv_size": [
												8,
												8
											]
										}
									},
									"minecraft:particle_appearance_tinting": {
										"color": [
											0.6,
											0.9,
											1,
											1
										]
									},
									"minecraft:particle_appearance_lighting": {}
								},
								"key": "minecraft:particle_appearance_tinting",
								"children": [
									{
										"open": {
											"color": [
												0.6,
												0.9,
												1,
												1
											]
										},
										"key": "color",
										"is_minified": true,
										"children": [
											0.6,
											0.9,
											1,
											1
										]
									}
								]
							},
							{
								"key": "minecraft:particle_appearance_lighting",
								"is_minified": true,
								"children": {}
							}
						]
					}
				]
			}
		]
	}
}