{
	"file_path": "C:\\Users\\fiddy\\AppData\\Local\\Packages\\Microsoft.MinecraftUWP_8wekyb3d8bbwe\\LocalState\\games\\com.mojang\\development_resource_packs\\H_DecorR\\particles\\spark0.json",
	"file_type": "particle",
	"format_version": 1,
	"file_uuid": "11531280_3503_4fb3_91bf_c1f7fd9896e8",
	"file_version": 25,
	"cache_content": {
		"children": [
			{
				"data": "1.10.0",
				"key": "format_version"
			},
			{
				"open": {
					"format_version": "1.10.0",
					"particle_effect": {
						"description": {
							"identifier": "boi:spark0",
							"basic_render_parameters": {
								"material": "particles_alpha",
								"texture": "textures/particles/spark0"
							}
						},
						"components": {
							"minecraft:emitter_rate_manual": {
								"max_particles": 100
							},
							"minecraft:emitter_lifetime_expression": {
								"activation_expression": 1,
								"expiration_expression": 0
							},
							"minecraft:emitter_shape_sphere": {
								"radius": 0.025,
								"direction": [
									0,
									0.1,
									0
								]
							},
							"minecraft:particle_initial_speed": 0,
							"minecraft:particle_lifetime_expression": {
								"max_lifetime": 0.2
							},
							"minecraft:particle_motion_dynamic": {
								"linear_drag_coefficient": 0
							},
							"minecraft:particle_appearance_billboard": {
								"size": [
									2,
									2
								],
								"facing_camera_mode": "lookat_xyz",
								"uv": {
									"texture_width": 16,
									"texture_height": 16,
									"uv": [
										0,
										0
									],
									"uv_size": [
										16,
										16
									]
								}
							}
						}
					}
				},
				"key": "particle_effect",
				"children": [
					{
						"open": {
							"description": {
								"identifier": "boi:spark0",
								"basic_render_parameters": {
									"material": "particles_alpha",
									"texture": "textures/particles/spark0"
								}
							},
							"components": {
								"minecraft:emitter_rate_manual": {
									"max_particles": 100
								},
								"minecraft:emitter_lifetime_expression": {
									"activation_expression": 1,
									"expiration_expression": 0
								},
								"minecraft:emitter_shape_sphere": {
									"radius": 0.025,
									"direction": [
										0,
										0.1,
										0
									]
								},
								"minecraft:particle_initial_speed": 0,
								"minecraft:particle_lifetime_expression": {
									"max_lifetime": 0.2
								},
								"minecraft:particle_motion_dynamic": {
									"linear_drag_coefficient": 0
								},
								"minecraft:particle_appearance_billboard": {
									"size": [
										2,
										2
									],
									"facing_camera_mode": "lookat_xyz",
									"uv": {
										"texture_width": 16,
										"texture_height": 16,
										"uv": [
											0,
											0
										],
										"uv_size": [
											16,
											16
										]
									}
								}
							}
						},
						"key": "description",
						"children": [
							{
								"data": "boi:spark0",
								"key": "identifier"
							},
							{
								"open": {
									"identifier": "boi:spark0",
									"basic_render_parameters": {
										"material": "particles_alpha",
										"texture": "textures/particles/spark0"
									}
								},
								"key": "basic_render_parameters",
								"is_minified": true,
								"children": {
									"material": "particles_alpha",
									"texture": "textures/particles/spark0"
								}
							}
						]
					},
					{
						"open": {
							"description": {
								"identifier": "boi:spark0",
								"basic_render_parameters": {
									"material": "particles_alpha",
									"texture": "textures/particles/spark0"
								}
							},
							"components": {
								"minecraft:emitter_rate_manual": {
									"max_particles": 100
								},
								"minecraft:emitter_lifetime_expression": {
									"activation_expression": 1,
									"expiration_expression": 0
								},
								"minecraft:emitter_shape_sphere": {
									"radius": 0.025,
									"direction": [
										0,
										0.1,
										0
									]
								},
								"minecraft:particle_initial_speed": 0,
								"minecraft:particle_lifetime_expression": {
									"max_lifetime": 0.2
								},
								"minecraft:particle_motion_dynamic": {
									"linear_drag_coefficient": 0
								},
								"minecraft:particle_appearance_billboard": {
									"size": [
										2,
										2
									],
									"facing_camera_mode": "lookat_xyz",
									"uv": {
										"texture_width": 16,
										"texture_height": 16,
										"uv": [
											0,
											0
										],
										"uv_size": [
											16,
											16
										]
									}
								}
							}
						},
						"key": "components",
						"children": [
							{
								"key": "minecraft:emitter_rate_manual",
								"is_minified": true,
								"children": {
									"max_particles": 100
								}
							},
							{
								"key": "minecraft:emitter_lifetime_expression",
								"is_minified": true,
								"children": {
									"activation_expression": 1,
									"expiration_expression": 0
								}
							},
							{
								"key": "minecraft:emitter_shape_sphere",
								"is_minified": true,
								"children": {
									"radius": 0.025,
									"direction": [
										0,
										0.1,
										0
									]
								}
							},
							{
								"data": "0",
								"key": "minecraft:particle_initial_speed"
							},
							{
								"open": {
									"minecraft:emitter_rate_manual": {
										"max_particles": 100
									},
									"minecraft:emitter_lifetime_expression": {
										"activation_expression": 1,
										"expiration_expression": 0
									},
									"minecraft:emitter_shape_sphere": {
										"radius": 0.025,
										"direction": [
											0,
											0.1,
											0
										]
									},
									"minecraft:particle_initial_speed": 0,
									"minecraft:particle_lifetime_expression": {
										"max_lifetime": 0.2
									},
									"minecraft:particle_motion_dynamic": {
										"linear_drag_coefficient": 0
									},
									"minecraft:particle_appearance_billboard": {
										"size": [
											2,
											2
										],
										"facing_camera_mode": "lookat_xyz",
										"uv": {
											"texture_width": 16,
											"texture_height": 16,
											"uv": [
												0,
												0
											],
											"uv_size": [
												16,
												16
											]
										}
									}
								},
								"key": "minecraft:particle_lifetime_expression",
								"is_minified": true,
								"children": {
									"max_lifetime": 0.2
								}
							},
							{
								"key": "minecraft:particle_motion_dynamic",
								"is_minified": true,
								"children": {
									"linear_drag_coefficient": 0
								}
							},
							{
								"key": "minecraft:particle_appearance_billboard",
								"children": [
									{
										"open": {
											"size": [
												2,
												2
											],
											"facing_camera_mode": "lookat_xyz",
											"uv": {
												"texture_width": 16,
												"texture_height": 16,
												"uv": [
													0,
													0
												],
												"uv_size": [
													16,
													16
												]
											}
										},
										"key": "size",
										"is_minified": true,
										"children": [
											2,
											2
										]
									},
									{
										"data": "lookat_xyz",
										"key": "facing_camera_mode"
									},
									{
										"open": {
											"size": [
												2,
												2
											],
											"facing_camera_mode": "lookat_xyz",
											"uv": {
												"texture_width": 16,
												"texture_height": 16,
												"uv": [
													0,
													0
												],
												"uv_size": [
													16,
													16
												]
											}
										},
										"key": "uv",
										"is_minified": true,
										"children": {
											"texture_width": 16,
											"texture_height": 16,
											"uv": [
												0,
												0
											],
											"uv_size": [
												16,
												16
											]
										}
									}
								]
							}
						]
					}
				]
			}
		]
	}
}