{
	"file_path": "C:\\Users\\fiddy\\AppData\\Local\\Packages\\Microsoft.MinecraftUWP_8wekyb3d8bbwe\\LocalState\\games\\com.mojang\\development_resource_packs\\H_DecorR\\particles\\spooky_fog1.json",
	"file_type": "particle",
	"format_version": 1,
	"file_uuid": "92eba5e3_f910_413a_84e0_e1d688f18ae2",
	"file_version": 72,
	"cache_content": {
		"children": [
			{
				"data": "1.10.0",
				"key": "format_version"
			},
			{
				"open": {
					"format_version": "1.10.0",
					"particle_effect": {
						"description": {
							"identifier": "boi:spooky_fog1",
							"basic_render_parameters": {
								"texture": "textures/particles/spooky_fog1",
								"material": "particles_blend"
							}
						},
						"components": {
							"minecraft:emitter_rate_manual": {
								"max_particles": 100
							},
							"minecraft:emitter_lifetime_expression": {
								"activation_expression": 1,
								"expiration_expression": 0
							},
							"minecraft:emitter_shape_sphere": {
								"radius": 0.025,
								"direction": [
									0,
									0.1,
									0
								]
							},
							"minecraft:particle_initial_speed": -0.2,
							"minecraft:particle_motion_dynamic": {
								"linear_drag_coefficient": 15
							},
							"minecraft:particle_appearance_billboard": {
								"size": [
									2,
									2
								],
								"facing_camera_mode": "direction_z",
								"uv": {
									"texture_width": 16,
									"texture_height": 16,
									"uv_size": [
										16,
										16
									],
									"uv": [
										0,
										0
									]
								}
							},
							"minecraft:particle_appearance_lighting": {},
							"minecraft:particle_lifetime_expression": {
								"max_lifetime": 5
							}
						}
					}
				},
				"key": "particle_effect",
				"children": [
					{
						"open": {
							"description": {
								"identifier": "boi:spooky_fog1",
								"basic_render_parameters": {
									"texture": "textures/particles/spooky_fog1",
									"material": "particles_blend"
								}
							},
							"components": {
								"minecraft:emitter_rate_manual": {
									"max_particles": 100
								},
								"minecraft:emitter_lifetime_expression": {
									"activation_expression": 1,
									"expiration_expression": 0
								},
								"minecraft:emitter_shape_sphere": {
									"radius": 0.025,
									"direction": [
										0,
										0.1,
										0
									]
								},
								"minecraft:particle_initial_speed": -0.2,
								"minecraft:particle_motion_dynamic": {
									"linear_drag_coefficient": 15
								},
								"minecraft:particle_appearance_billboard": {
									"size": [
										2,
										2
									],
									"facing_camera_mode": "direction_z",
									"uv": {
										"texture_width": 16,
										"texture_height": 16,
										"uv_size": [
											16,
											16
										],
										"uv": [
											0,
											0
										]
									}
								},
								"minecraft:particle_appearance_lighting": {},
								"minecraft:particle_lifetime_expression": {
									"max_lifetime": 5
								}
							}
						},
						"key": "description",
						"children": [
							{
								"open": {
									"identifier": "boi:spooky_fog1",
									"basic_render_parameters": {
										"texture": "textures/particles/spooky_fog1",
										"material": "particles_blend"
									}
								},
								"data": "boi:spooky_fog1",
								"key": "identifier"
							},
							{
								"open": {
									"identifier": "boi:spooky_fog1",
									"basic_render_parameters": {
										"texture": "textures/particles/spooky_fog1",
										"material": "particles_blend"
									}
								},
								"key": "basic_render_parameters",
								"is_minified": true,
								"children": {
									"texture": "textures/particles/spooky_fog1",
									"material": "particles_blend"
								}
							}
						]
					},
					{
						"open": {
							"description": {
								"identifier": "boi:spooky_fog1",
								"basic_render_parameters": {
									"texture": "textures/particles/spooky_fog1",
									"material": "particles_blend"
								}
							},
							"components": {
								"minecraft:emitter_rate_manual": {
									"max_particles": 100
								},
								"minecraft:emitter_lifetime_expression": {
									"activation_expression": 1,
									"expiration_expression": 0
								},
								"minecraft:emitter_shape_sphere": {
									"radius": 0.025,
									"direction": [
										0,
										0.1,
										0
									]
								},
								"minecraft:particle_initial_speed": -0.2,
								"minecraft:particle_motion_dynamic": {
									"linear_drag_coefficient": 15
								},
								"minecraft:particle_appearance_billboard": {
									"size": [
										2,
										2
									],
									"facing_camera_mode": "direction_z",
									"uv": {
										"texture_width": 16,
										"texture_height": 16,
										"uv_size": [
											16,
											16
										],
										"uv": [
											0,
											0
										]
									}
								},
								"minecraft:particle_appearance_lighting": {},
								"minecraft:particle_lifetime_expression": {
									"max_lifetime": 5
								}
							}
						},
						"key": "components",
						"children": [
							{
								"key": "minecraft:emitter_rate_manual",
								"is_minified": true,
								"children": {
									"max_particles": 100
								}
							},
							{
								"key": "minecraft:emitter_lifetime_expression",
								"is_minified": true,
								"children": {
									"activation_expression": 1,
									"expiration_expression": 0
								}
							},
							{
								"key": "minecraft:emitter_shape_sphere",
								"is_minified": true,
								"children": {
									"radius": 0.025,
									"direction": [
										0,
										0.1,
										0
									]
								}
							},
							{
								"data": "-0.2",
								"key": "minecraft:particle_initial_speed"
							},
							{
								"key": "minecraft:particle_motion_dynamic",
								"is_minified": true,
								"children": {
									"linear_drag_coefficient": 15
								}
							},
							{
								"key": "minecraft:particle_appearance_billboard",
								"children": [
									{
										"open": {
											"size": [
												2,
												2
											],
											"facing_camera_mode": "direction_z",
											"uv": {
												"texture_width": 16,
												"texture_height": 16,
												"uv_size": [
													16,
													16
												],
												"uv": [
													0,
													0
												]
											}
										},
										"key": "size",
										"is_minified": true,
										"children": [
											2,
											2
										]
									},
									{
										"open": {
											"size": [
												2,
												2
											],
											"facing_camera_mode": "direction_z",
											"uv": {
												"texture_width": 16,
												"texture_height": 16,
												"uv_size": [
													16,
													16
												],
												"uv": [
													0,
													0
												]
											}
										},
										"data": "direction_z",
										"key": "facing_camera_mode"
									},
									{
										"open": {
											"size": [
												2,
												2
											],
											"facing_camera_mode": "direction_z",
											"uv": {
												"texture_width": 16,
												"texture_height": 16,
												"uv_size": [
													16,
													16
												],
												"uv": [
													0,
													0
												]
											}
										},
										"key": "uv",
										"children": [
											{
												"data": "16",
												"key": "texture_width"
											},
											{
												"data": "16",
												"key": "texture_height"
											},
											{
												"open": {
													"texture_width": 16,
													"texture_height": 16,
													"uv_size": [
														16,
														16
													],
													"uv": [
														0,
														0
													]
												},
												"key": "uv_size",
												"is_minified": true,
												"children": [
													16,
													16
												]
											},
											{
												"key": "uv",
												"is_minified": true,
												"children": [
													0,
													0
												]
											}
										]
									}
								]
							},
							{
								"key": "minecraft:particle_appearance_lighting",
								"is_minified": true,
								"children": {}
							},
							{
								"key": "minecraft:particle_lifetime_expression",
								"is_minified": true,
								"children": {
									"max_lifetime": 5
								}
							}
						]
					}
				]
			}
		]
	}
}