{
  "format_version": "1.16.0",
  "minecraft:entity": {
    "description": {
      "identifier": "op_asa:knockup_stream_e",
      "is_spawnable": false,
      "is_summonable": true,
      "is_experimental": false
    },
    "component_groups": {
    },
    "components": {
      "minecraft:timer": {
        "looping": true,
        "randomInterval": false,
        "time": 0.2,
        "time_down_event": {
         "event": "op_asa:timer_event",
         "target": "self"
        }
      },
      "minecraft:type_family": {
        "family": [ "feature" ]
      },
      "minecraft:breathable": {
        "total_supply": 1000,
        "suffocate_time": 0,
        "breathes_air": true,
        "breathes_water": true
      },
      "minecraft:collision_box": {
        "width": 0.6,
        "height": 1.8
      },
      "minecraft:navigation.walk": {
        "is_amphibious": true,
        "can_pass_doors":true,
        "can_break_doors":false,
        "can_walk":true,
        "can_open_doors": true,
        "can_path_over_water": true
      },
      "minecraft:movement": {
        "value": 0.4
      },
      "minecraft:movement.basic": {
      },
      "minecraft:jump.static": {},
      "minecraft:can_climb": {
      },
      "minecraft:physics": {
      },
      "minecraft:pushable": {
        "is_pushable": false,
        "is_pushable_by_piston": false
      },
      "minecraft:behavior.float": {
        "priority": 0
      },
      "minecraft:transformation": {
        "into": "op_asa:despawn",
        "delay": 8.6
      },
      "minecraft:conditional_bandwidth_optimization": {
      }
    },


    "events": {
      "minecraft:entity_spawned": {
        "sequence":[
          {
            "run_command":{
              "command":"effect @s levitation 9 27 true"
            }
          },
          {
            "run_command":{
              "command":"effect @e[type=!op_asa:knockup_stream_e,r=12] levitation 9 30 true"
            }
          }
        ]
      },
      "op_asa:timer_event":{
        "run_command":{
          "command":"particle op_asa:knockup_stream_particle ~~~"
        }
      }
    }
  }
}
