{
  "format_version": "1.12.0",
 "minecraft:entity": {
  "description": {
    "identifier": "op_asa:prometheus_neo_p",
    "is_spawnable": false,
    "is_summonable": false,
    "is_experimental": false,
    "runtime_identifier": "minecraft:snowball"
  },
  "component_groups": {
  },
  "components": {
    "minecraft:timer": {
      "looping": true,
      "randomInterval": false,
      "time": 0,
      "time_down_event": {
       "event": "op_asa:timer_event",
       "target": "self"
      }
    },
   "minecraft:collision_box": {
    "width": 0,
    "height": 0
   },
   "minecraft:projectile": {
    "on_hit": {
      "remove_on_hit": {},
      "impact_damage": {
        "damage": 10,
        "knockback": false,
        "semi_random_diff_damage":false,
        "destroy_on_hit": true
      }
    },
    "power": 1,
    "gravity": 0.00,
    "angle_offset": 0.0,
    "inertia": 1,
    "knockback":false,
    "multiple_targets":true,
    "liquid_inertia": 0,
    "offset": [ 0, 0, 0 ],
    "reflect_on_hurt": false,
    "catch_fire": true
   },
   "minecraft:physics": {
   },
   "minecraft:pushable": {
    "is_pushable": false,
    "is_pushable_by_piston": false
   },
   "minecraft:transformation": {
    "into": "op_asa:despawn",
    "delay": 3
  },
   "minecraft:conditional_bandwidth_optimization": {
    "default_values": {
      "max_optimized_distance": 80.0,
      "max_dropped_ticks": 7,
      "use_motion_prediction_hints": true
    }
  }
  },
  "events": {
    "op_asa:timer_event":{
      "run_command":{
        "command":[
          "particle op_asa:prometheus_p_particle ~~~",
          "damage @e[tag=!sorusoru,family=!sorusoru,r=1,type=!item,type=!xp_orb] 4 fire",
          "fill ~1~1~1 ~-1~-1~-1 fire 0 replace air"
        ]
      }
    }
  }
 }
}