{
  "format_version":"1.16.100",
  "animation_controllers":{
    "controller.animation.goro_mamaragan1":{
      "states":{
        "default":{
          "transitions":[
            {"1":"v.time = (v.time ?? 0);v.time = v.time < 20 ? v.time + 1:0;return v.time == 0;"}
          ]
        },
        "1":{
          "transitions":[
            {"2":"v.time = (v.time ?? 0);v.time = v.time < 4 ? v.time + 1:0;return v.time == 0;"}
          ],
          "on_entry":[
            "/execute @s ~~~ execute @e[c=1,type=!xp_orb,type=!item,type=!op_asa:goro_mamaragan,tag=!gorogoro,family=!gorogoro] ~~~ summon lightning_bolt"
          ]
        },
        "2":{
          "transitions":[
            {"3":"v.time = (v.time ?? 0);v.time = v.time < 4 ? v.time + 1:0;return v.time == 0;"}
          ],
          "on_entry":[
            "/execute @s ~16~~16 execute @e[c=1,type=!xp_orb,type=!item,type=!op_asa:goro_mamaragan,tag=!gorogoro,family=!gorogoro] ~~~ summon lightning_bolt"
          ]
        },
        "3":{
          "transitions":[
            {"4":"v.time = (v.time ?? 0);v.time = v.time < 4 ? v.time + 1:0;return v.time == 0;"}
          ],
          "on_entry":[
            "/execute @s ~16~~-16 execute @e[c=1,type=!xp_orb,type=!item,type=!op_asa:goro_mamaragan,tag=!gorogoro,family=!gorogoro] ~~~ summon lightning_bolt"
          ]
        },
        "4":{
          "transitions":[
            {"5":"v.time = (v.time ?? 0);v.time = v.time < 4 ? v.time + 1:0;return v.time == 0;"}
          ],
          "on_entry":[
            "/execute @s ~-16~~16 execute @e[c=1,type=!xp_orb,type=!item,type=!op_asa:goro_mamaragan,tag=!gorogoro,family=!gorogoro] ~~~ summon lightning_bolt"
          ]
        },
        "5":{
          "transitions":[
            {"default":"v.time = (v.time ?? 0);v.time = v.time < 4 ? v.time + 1:0;return v.time == 0;"}
          ],
          "on_entry":[
            "/execute @s ~-16~~-16 execute @e[c=1,type=!xp_orb,type=!item,type=!op_asa:goro_mamaragan,tag=!gorogoro,family=!gorogoro] ~~~ summon lightning_bolt"
          ]
        }
      }
    },
    "controller.animation.goro_mamaragan2":{
      "states":{
        "default":{
          "transitions":[
            {"start":"1.0"}
          ]
        },
        "start":{
          "transitions":[
            {"state":"1.0"}
          ],
          "on_entry":[
            "/fill ~3~-1~3 ~-3~-1~-3 op_asa:blackmamba_block"
          ]
        },
        "state":{
          "transitions":[
            {"loop":"v.p = (v.p ?? 0);v.p = v.p < 16 ? v.p + 1:0;return v.p == 0;"}
          ],
          "on_entry":[
            "/particle op_asa:goro_mamaragan_particle ~~~"
          ]
        },
        "loop":{
          "transitions":[
            {"state":"1.0"}
          ]
        }
      }
    }
  }
}