{"format_version":"1.8.0","render_controllers":{"controller.render.tuff_golem":{"arrays":{"textures":{"Array.skins":["Texture.default","Texture.sleep"]}},"geometry":"Geometry.default","materials":[{"*":"Material.default"}],"textures":["Array.skins[query.skin_id]"]},"controller.render.tuff_golem_masked":{"arrays":{"textures":{"Array.decor":["Texture.decor_none","Texture.decor_white","Texture.decor_orange","Texture.decor_magenta","Texture.decor_light_blue","Texture.decor_yellow","Texture.decor_lime","Texture.decor_pink","Texture.decor_gray","Texture.decor_silver","Texture.decor_cyan","Texture.decor_purple","Texture.decor_blue","Texture.decor_brown","Texture.decor_green","Texture.decor_red","Texture.decor_black"]}},"geometry":"Geometry.cloth","materials":[{"*":"Material.clothes"}],"textures":["Array.decor[query.mark_variant]"]}}}