{
  "format_version":"1.16.100",
  "animation_controllers":{
    "controller.animation.guragura_p":{
      "states":{
        "default":{
          "transitions":[
            {"1":"v.time = (v.time ?? 0);v.time = v.time < 1 ? v.time + 1:0;return v.time == 0;"}
          ]
        },
        "1":{
          "transitions":[
            {"2":"v.time = (v.time ?? 0);v.time = v.time < 2 ? v.time + 1:0;return v.time == 0;"}
          ],
          "on_entry":[
            "/particle op_asa:guragura_particle1",
            "/summon op_asa:guragura_attack3"
          ]
        },
        "2":{
          "transitions":[
            {"3":"v.time = (v.time ?? 0);v.time = v.time < 2 ? v.time + 1:0;return v.time == 0;"}
          ],
          "on_entry":[
            "/particle op_asa:guragura_particle2",
            "/summon op_asa:guragura_attack1"
          ]
        },
        "3":{
          "transitions":[
            {"4":"v.time = (v.time ?? 0);v.time = v.time < 2 ? v.time + 1:0;return v.time == 0;"}
          ],
          "on_entry":[
            "/particle op_asa:guragura_particle3",
            "/summon op_asa:guragura_attack2"
          ]
        },
        "4":{
          "transitions":[
            {"5":"v.time = (v.time ?? 0);v.time = v.time < 2 ? v.time + 1:0;return v.time == 0;"}
          ],
          "on_entry":[
            "/particle op_asa:guragura_particle4",
            "/summon op_asa:guragura_attack2"
          ]
        },
        "5":{
          "transitions":[
            {"6":"v.time = (v.time ?? 0);v.time = v.time < 2 ? v.time + 1:0;return v.time == 0;"}
          ],
          "on_entry":[
            "/particle op_asa:guragura_particle5",
            "/summon op_asa:guragura_attack2"
          ]
        },
        "6":{
          "transitions":[
            {"7":"(1.0)"}
          ],
          "on_entry":[
            "/particle op_asa:guragura_particle6",
            "/summon op_asa:guragura_attack2"
          ]
        },
        "7":{
          "transitions":[
            {"8":"(1.0)"}
          ],
          "on_entry":[
            "/summon op_asa:guragura_attack2"
          ]
        },
        "8":{
          "transitions":[
            {"7":"(1.0)"}
          ],
          "on_entry":[
            "/summon op_asa:guragura_attack2"
          ]
        }
      }
    }
  }
}