{
  "format_version":"1.16.100",
  "animation_controllers":{
    "controller.animation.guragura_attack4":{
      "states":{
        "default":{
          "transitions":[
            {"1":"(1.0)"}
          ]
        },
        "1":{
          "transitions":[
            {"2":"v.time = (v.time ?? 0);v.time = v.time < 1 ? v.time + 1:0;return v.time == 0;"}
          ],
          "on_entry":[
            "/summon op_asa:guragura_ex_m ~2~~",
            "/summon op_asa:guragura_ex_m ~-2~~"
          ]
        },
        "2":{
          "transitions":[
            {"3":"v.time = (v.time ?? 0);v.time = v.time < 1 ? v.time + 1:0;return v.time == 0;"}
          ],
          "on_entry":[
            "/summon op_asa:guragura_ex_m ~~2~",
            "/summon op_asa:guragura_ex_m ~~-2~"
          ]
        },
        "3":{
          "on_entry":[
            "/summon op_asa:guragura_ex_m ~~~2",
            "/summon op_asa:guragura_ex_m ~~~-2"
          ]
        }
      }
    }
  }
}