{
	"format_version": "1.16.100",
	"minecraft:item": {
		"description": {
			"identifier": "sc:huggy_invisible",
			"category": "equipment"
		},
		"components": {
			"minecraft:cooldown": {
				"category": "jumpscare",
				"duration": 20
			},
			"minecraft:max_stack_size": 1,
			"minecraft:use_duration": 0.1,
			"minecraft:icon": {
				"texture": "huggy_inv"
			},
			"minecraft:display_name": {
				"value": "§lInvisible"
			},
			"minecraft:on_use": {
				"on_use": {
					"event": "sc:huggy",
					"target": "self"
				}
			},
			"minecraft:hand_equipped": true,
			"minecraft:creative_category": {
				"parent": "itemGroup.name.arrow"
			},
			"minecraft:render_offsets": {
				"main_hand": {
					"third_person": {
						"scale": [
							0,
							0,
							0
						]
					},
					"first_person": {
						"scale": [
							0.002,
							0.002,
							0.002
						]
					}
				}
			},
			"minecraft:foil": true
		},
		"events": {
			"sc:huggy": {
				"run_command": {
					"command": [
						"particle minecraft:egg_destroy_emitter ~~1~",
						"playsound mob.wither.spawn @s",
						"camerashake add @s 0.5 20 positional",
						"effect @s weakness 20 50 true",
						"effect @s invisibility 20 1 true",
						"effect @s darkness 20 1 true",
						"title @s actionbar §lYou are now invisible for 20 seconds"
					],
					"target": "holder"
				}
			}
		}
	}
}