{
  "format_version": "1.12",
  "minecraft:recipe_shaped": {
    "description": {
      "identifier": "candy_b53fe50d"
    },
    "tags": [
      "crafting_table"
    ],
    "pattern": [
      " A ",
      "BCD",
      " A "
    ],
    "key": {
      "A": {
        "item": "minecraft:yellow_flower",
        "data": 0
      },
      "B": {
        "item": "minecraft:dye",
        "data": 13
      },
      "C": {
        "item": "minecraft:sugar",
        "data": 0
      },
      "D": {
        "item": "minecraft:dye",
        "data": 9
      }
    },
    "result": {
      "item": "mr:candy",
      "count": 1
    }
  }
}