{
  "format_version": "1.12",
  "minecraft:recipe_shaped": {
    "description": {
      "identifier": "choco_bar_95d6da5f"
    },
    "tags": [
      "crafting_table"
    ],
    "pattern": [
      " A ",
      "BCB",
      " C "
    ],
    "key": {
      "A": {
        "item": "minecraft:sugar",
        "data": 0
      },
      "B": {
        "item": "minecraft:wheat",
        "data": 0
      },
      "C": {
        "item": "minecraft:dye",
        "data": 3
      }
    },
    "result": {
      "item": "mr:choco_bar",
      "count": 1
    }
  }
}