{
  "format_version": "1.12",
  "minecraft:recipe_shaped": {
    "description": {
      "identifier": "grim_cosplay_99c0eca2"
    },
    "tags": [
      "crafting_table"
    ],
    "pattern": [
      " A ",
      "ABA",
      " C "
    ],
    "key": {
      "A": {
        "item": "minecraft:wool",
        "data": 11
      },
      "B": {
        "item": "minecraft:bone_block",
        "data": 0
      },
      "C": {
        "item": "mr:candy",
        "data": 0
      }
    },
    "result": {
      "item": "mr:grim_cosplay",
      "count": 1
    }
  }
}