{
  "format_version": "1.12",
  "minecraft:recipe_shaped": {
    "description": {
      "identifier": "killer_cosplay_a1fa69e3"
    },
    "tags": [
      "crafting_table"
    ],
    "pattern": [
      " A ",
      "BCB",
      " D "
    ],
    "key": {
      "A": {
        "item": "minecraft:wool",
        "data": 12
      },
      "B": {
        "item": "minecraft:dye",
        "data": 19
      },
      "C": {
        "item": "minecraft:iron_helmet",
        "data": 0
      },
      "D": {
        "item": "minecraft:wool",
        "data": 0
      }
    },
    "result": {
      "item": "mr:killer_cosplay",
      "count": 1
    }
  }
}