{
  "format_version": "1.12",
  "minecraft:recipe_shaped": {
    "description": {
      "identifier": "skull_scythe_ab1e48b7"
    },
    "tags": [
      "crafting_table"
    ],
    "pattern": [
      "AB ",
      " C ",
      " C "
    ],
    "key": {
      "A": {
        "item": "minecraft:bone",
        "data": 0
      },
      "B": {
        "item": "mr:halloween_soul",
        "data": 0
      },
      "C": {
        "item": "minecraft:stick",
        "data": 0
      }
    },
    "result": {
      "item": "mr:skull_scythe",
      "count": 1
    }
  }
}