{
	"format_version": "1.12.0",
	"minecraft:geometry": [
		{
			"description": {
				"identifier": "geometry.ink_demon",
				"texture_width": 256,
				"texture_height": 256,
				"visible_bounds_width": 5,
				"visible_bounds_height": 6.5,
				"visible_bounds_offset": [0, 2.75, 0]
			},
			"bones": [
				{
					"name": "main",
					"pivot": [0, 66, 0]
				},
				{
					"name": "body",
					"parent": "main",
					"pivot": [0, 46, 2],
					"rotation": [20, 0, 0],
					"cubes": [
						{"origin": [-9, 60.47789, 0.96102], "size": [18, 12, 12], "uv": [0, 0]},
						{"origin": [5, 66.47789, 12.96102], "size": [1, 1, 4], "pivot": [5.5, 67.10099, 13.77793], "rotation": [0, 24, 0], "uv": [78, 17]},
						{"origin": [5, 67.78781, 16.5035], "size": [1, 1, 4], "pivot": [5.5, 67.10099, 13.77793], "rotation": [-25, 24, 0], "uv": [72, 16]},
						{"origin": [-6, 67.78781, 16.5035], "size": [1, 1, 4], "pivot": [-5.5, 67.10099, 13.77793], "rotation": [-25, -24, 0], "uv": [56, 0]},
						{"origin": [-6, 66.47789, 12.96102], "size": [1, 1, 4], "pivot": [-5.5, 67.10099, 13.77793], "rotation": [0, -24, 0], "uv": [60, 16]},
						{"origin": [-2.4, 70.78781, 16.5035], "size": [1, 1, 4], "pivot": [-1.9, 70.10099, 13.77793], "rotation": [-47.07598, -4.63509, 1.87713], "uv": [32, 53]},
						{"origin": [-2.4, 69.47789, 12.96102], "size": [1, 1, 4], "pivot": [-1.9, 70.10099, 13.77793], "rotation": [-22.07598, -4.63509, 1.87713], "uv": [38, 54]},
						{"origin": [3, 65.08781, 16.1035], "size": [1, 1, 4], "pivot": [3.5, 64.40099, 13.37793], "rotation": [-56.52537, -15.44911, -1.64883], "uv": [66, 17]},
						{"origin": [3, 63.77789, 12.56102], "size": [1, 1, 4], "pivot": [3.5, 64.40099, 13.37793], "rotation": [-31.52537, -15.44911, -1.64883], "uv": [52, 69]},
						{"origin": [-11, 66.47789, 0.86102], "size": [6, 5, 12.2], "pivot": [0, 65.47789, 6.96102], "rotation": [0, 0, 10], "uv": [76, 58]},
						{"origin": [5, 66.47789, 0.86102], "size": [6, 5, 12.2], "pivot": [0, 65.47789, 6.96102], "rotation": [0, 0, -10], "uv": [75, 41]},
						{"origin": [-7, 60.47789, 1.16102], "size": [17, 2.7, 11.6], "pivot": [0, 65.47789, 6.96102], "rotation": [0, 0, 15], "uv": [42, 24]},
						{"origin": [-10, 60.47789, 1.16102], "size": [17, 2.7, 11.6], "pivot": [0, 65.47789, 6.96102], "rotation": [0, 0, -15], "uv": [31, 40]},
						{"origin": [-6, 44.47789, 4.96102], "size": [12, 18, 9], "pivot": [0, 65.47789, 6.96102], "rotation": [-20, 0, 0], "uv": [0, 24]},
						{"origin": [-6, 43.97789, 4.86102], "size": [3, 4.5, 9.2], "pivot": [0, 65.47789, 6.96102], "rotation": [-19.8423, 2.55868, 7.05239], "uv": [124, 81]},
						{"origin": [3, 43.97789, 4.86102], "size": [3, 4.5, 9.2], "pivot": [0, 65.47789, 6.96102], "rotation": [-19.8423, -2.55868, -7.05239], "uv": [20, 122]}
					]
				},
				{
					"name": "arm2",
					"parent": "body",
					"pivot": [11, 72.47789, 6.96102],
					"rotation": [15, 0, 0],
					"cubes": [
						{"origin": [8, 44.47789, 2.96102], "size": [6, 26, 6], "pivot": [0, 67.47789, 6.96102], "rotation": [9.99067, -0.43399, -15.03793], "uv": [34, 69]},
						{"origin": [7.7, 40.47789, 2.26102], "size": [6.6, 6, 7.4], "pivot": [0, 67.47789, 6.96102], "rotation": [9.99067, -0.43399, -15.03793], "uv": [111, 45]}
					]
				},
				{
					"name": "bone7",
					"parent": "arm2",
					"pivot": [16.68863, 46.32404, 9.8773],
					"cubes": [
						{"origin": [14.71852, 20.87, 6.41503], "size": [5.2, 26.6, 5.2], "pivot": [6.31852, 43.87, 10.01503], "rotation": [-42.50933, -0.43399, -15.03793], "uv": [0, 71]}
					]
				},
				{
					"name": "bone8",
					"parent": "bone7",
					"pivot": [21.38863, 32.62404, -8.3227],
					"cubes": [
						{"origin": [14.31852, 13.87, 6.41503], "size": [6, 7, 2.2], "pivot": [6.31852, 43.87, 10.01503], "rotation": [-42.50933, -0.43399, -15.03793], "uv": [33, 24]},
						{"origin": [21.99378, 21.31658, -9.77336], "size": [2, 8, 2.2], "pivot": [22.78863, 30.12404, -6.7227], "rotation": [-46.49614, -19.39664, -18.88487], "uv": [20, 87]},
						{"origin": [21.99378, 16.02189, -13.76839], "size": [2, 8, 2.2], "pivot": [22.78863, 30.12404, -6.7227], "rotation": [-16.49614, -19.39664, -18.88487], "uv": [80, 58]},
						{"origin": [22.59378, 14.42189, -15.86839], "size": [2, 8, 2.2], "pivot": [23.38863, 28.52404, -8.8227], "rotation": [-3.02841, 3.3157, -13.10618], "uv": [26, 79]},
						{"origin": [22.59378, 19.71658, -11.87336], "size": [2, 8, 2.2], "pivot": [23.38863, 28.52404, -8.8227], "rotation": [-33.02841, 3.3157, -13.10618], "uv": [76, 37]},
						{"origin": [19.09378, 14.22189, -15.86839], "size": [2, 8, 2.2], "pivot": [19.88863, 28.32404, -8.8227], "rotation": [-3.02841, 3.3157, -13.10618], "uv": [20, 71]},
						{"origin": [19.09378, 19.51658, -11.87336], "size": [2, 8, 2.2], "pivot": [19.88863, 28.32404, -8.8227], "rotation": [-33.02841, 3.3157, -13.10618], "uv": [0, 51]},
						{"origin": [19.49378, 15.42189, -13.76839], "size": [2, 8, 2.2], "pivot": [20.28863, 29.52404, -6.7227], "rotation": [1.7333, 17.05017, 1.15551], "uv": [48, 0]},
						{"origin": [19.49378, 20.71658, -9.77336], "size": [2, 8, 2.2], "pivot": [20.28863, 29.52404, -6.7227], "rotation": [-28.2667, 17.05017, 1.15551], "uv": [0, 0]}
					]
				},
				{
					"name": "arm",
					"parent": "body",
					"pivot": [-11, 72.47789, 6.96102],
					"rotation": [15, 0, 0],
					"cubes": [
						{"origin": [-14, 44.47789, 2.96102], "size": [6, 26, 6], "pivot": [0, 67.47789, 6.96102], "rotation": [9.99067, 0.43399, 15.03793], "uv": [58, 69]},
						{"origin": [-14.3, 40.47789, 2.26102], "size": [6.6, 6, 7.4], "pivot": [0, 67.47789, 6.96102], "rotation": [9.99067, 0.43399, 15.03793], "uv": [95, 113]}
					]
				},
				{
					"name": "bone5",
					"parent": "arm",
					"pivot": [-16.68863, 46.32404, 9.8773],
					"cubes": [
						{"origin": [-19.91852, 20.87, 6.41503], "size": [5.2, 26.6, 5.2], "pivot": [-6.31852, 43.87, 10.01503], "rotation": [-42.50933, 0.43399, 15.03793], "uv": [82, 87]}
					]
				},
				{
					"name": "bone6",
					"parent": "bone5",
					"pivot": [-21.38863, 32.62404, -8.3227],
					"cubes": [
						{"origin": [-20.31852, 13.87, 6.41503], "size": [6, 7, 2.2], "pivot": [-6.31852, 43.87, 10.01503], "rotation": [-42.50933, 0.43399, 15.03793], "uv": [55, 101]},
						{"origin": [-23.99378, 21.31658, -9.77336], "size": [2, 8, 2.2], "pivot": [-22.78863, 30.12404, -6.7227], "rotation": [-46.49614, 19.39664, 18.88487], "uv": [98, 138]},
						{"origin": [-23.99378, 16.02189, -13.76839], "size": [2, 8, 2.2], "pivot": [-22.78863, 30.12404, -6.7227], "rotation": [-16.49614, 19.39664, 18.88487], "uv": [137, 44]},
						{"origin": [-24.59378, 14.42189, -15.86839], "size": [2, 8, 2.2], "pivot": [-23.38863, 28.52404, -8.8227], "rotation": [-3.02841, -3.3157, 13.10618], "uv": [8, 136]},
						{"origin": [-24.59378, 19.71658, -11.87336], "size": [2, 8, 2.2], "pivot": [-23.38863, 28.52404, -8.8227], "rotation": [-33.02841, -3.3157, 13.10618], "uv": [136, 106]},
						{"origin": [-21.09378, 14.22189, -15.86839], "size": [2, 8, 2.2], "pivot": [-19.88863, 28.32404, -8.8227], "rotation": [-3.02841, -3.3157, 13.10618], "uv": [26, 135]},
						{"origin": [-21.09378, 19.51658, -11.87336], "size": [2, 8, 2.2], "pivot": [-19.88863, 28.32404, -8.8227], "rotation": [-33.02841, -3.3157, 13.10618], "uv": [0, 136]},
						{"origin": [-21.49378, 15.42189, -13.76839], "size": [2, 8, 2.2], "pivot": [-20.28863, 29.52404, -6.7227], "rotation": [1.7333, -17.05017, -1.15551], "uv": [0, 102]},
						{"origin": [-21.49378, 20.71658, -9.77336], "size": [2, 8, 2.2], "pivot": [-20.28863, 29.52404, -6.7227], "rotation": [-28.2667, -17.05017, -1.15551], "uv": [18, 135]}
					]
				},
				{
					"name": "neck",
					"parent": "body",
					"pivot": [0, 72, 5],
					"cubes": [
						{"origin": [-4, 67, 1], "size": [8, 6, 8], "pivot": [0, 73, 7], "rotation": [-35, 0, 0], "uv": [87, 16]}
					]
				},
				{
					"name": "head",
					"parent": "neck",
					"pivot": [0, 74, 1],
					"rotation": [12.5, 0, 0],
					"cubes": [
						{"origin": [-7.73392, 63.71747, -12.13393], "size": [12, 8, 8], "pivot": [8.26608, 65.71747, 13.86607], "rotation": [-9.7531, 32.89358, 30.08016], "uv": [60, 0]},
						{"origin": [-11.66204, 59.84571, -13.78076], "size": [7, 5, 8], "pivot": [4.33796, 60.84571, 13.21924], "rotation": [5.27544, 33.79171, 57.06909], "uv": [102, 100]},
						{"origin": [-6.1067, 58.52502, -17.48329], "size": [7, 4, 8], "pivot": [9.8933, 58.52502, 9.51671], "rotation": [-3.16628, 34.02331, 41.99672], "uv": [55, 110]},
						{"origin": [-11.19471, 64.65041, -9.60502], "size": [8, 6, 5], "pivot": [0.80529, 66.65041, 16.39498], "rotation": [6.79519, 43.64756, 58.45749], "uv": [50, 122]},
						{"origin": [-0.8933, 58.52502, -17.48329], "size": [7, 4, 8], "pivot": [-9.8933, 58.52502, 9.51671], "rotation": [-3.16628, -34.02331, -41.99672], "uv": [100, 58]},
						{"origin": [4.66204, 59.84571, -13.78076], "size": [7, 5, 8], "pivot": [-4.33796, 60.84571, 13.21924], "rotation": [5.27544, -33.79171, -57.06909], "uv": [102, 87]},
						{"origin": [3.19471, 64.65041, -9.60502], "size": [8, 6, 5], "pivot": [-0.80529, 66.65041, 16.39498], "rotation": [6.79519, -43.64756, -58.45749], "uv": [114, 70]},
						{"origin": [-4.26608, 63.71747, -12.13393], "size": [12, 8, 8], "pivot": [-8.26608, 65.71747, 13.86607], "rotation": [-9.7531, -32.89358, -30.08016], "uv": [40, 53]},
						{"origin": [-7.26608, 67.71747, -11.13393], "size": [7, 8, 7], "pivot": [-8.26608, 65.71747, 13.86607], "rotation": [-24.48882, -24.58464, -0.05098], "uv": [100, 0]},
						{"origin": [0.26608, 67.71747, -11.13393], "size": [7, 8, 7], "pivot": [8.26608, 65.71747, 13.86607], "rotation": [-24.48882, 24.58464, 0.05098], "uv": [99, 30]},
						{"origin": [-6, 61, -5.6], "size": [12, 10, 8.6], "pivot": [0, 74, 21], "rotation": [-30, 0, 0], "uv": [0, 53]},
						{"origin": [-6, 71.44167, -8.38269], "size": [12, 4.8, 8.5], "uv": [82, 75]}
					]
				},
				{
					"name": "leg",
					"parent": "main",
					"pivot": [5, 46, 2],
					"rotation": [0, 0, -7.5],
					"cubes": [
						{"origin": [2, 43, 3], "size": [6, 4, 6], "pivot": [0, 66, 0], "rotation": [-12.5, 0, 0], "uv": [130, 58]},
						{"origin": [2.5, 23, 3.5], "size": [5, 20, 5], "pivot": [0, 66, 0], "rotation": [-12.5, 0, 0], "uv": [35, 101]},
						{"origin": [2.2, 20, 3.3], "size": [5.6, 5, 5.4], "pivot": [0, 66, 0], "rotation": [-12.5, 0, 0], "uv": [58, 133]}
					]
				},
				{
					"name": "bone",
					"parent": "leg",
					"pivot": [5.3, 22.3765, -4.50672],
					"rotation": [-0.5836, -0.38299, 6.9671],
					"cubes": [
						{"origin": [2.5, -1.14545, -22.50891], "size": [5, 14, 5], "pivot": [0, 37.85455, -24.00891], "rotation": [42.5, 0, 0], "uv": [121, 113]}
					]
				},
				{
					"name": "bone2",
					"parent": "bone",
					"pivot": [4.9, 14.4765, 3.99328],
					"cubes": [
						{"origin": [2.3, 0.0765, 12.19328], "size": [5.4, 14, 5], "pivot": [0, 39.0765, 10.69328], "rotation": [-22.5, 0, 0], "uv": [80, 121]},
						{"origin": [2.3, 0.0765, -6.80672], "size": [3.4, 4, 8], "pivot": [0, 39.0765, 10.69328], "rotation": [0, -10, 0], "uv": [128, 0]},
						{"origin": [4.3, 0.0765, -4.80672], "size": [3.4, 4, 8], "pivot": [0, 39.0765, 10.69328], "rotation": [0, 10, 0], "uv": [36, 127]}
					]
				},
				{
					"name": "leg2",
					"parent": "main",
					"pivot": [-5, 46, 2],
					"rotation": [0, 0, 7.5],
					"cubes": [
						{"origin": [-8, 43, 3], "size": [6, 4, 6], "pivot": [0, 66, 0], "rotation": [-12.5, 0, 0], "uv": [127, 34]},
						{"origin": [-7.5, 23, 3.5], "size": [5, 20, 5], "pivot": [0, 66, 0], "rotation": [-12.5, 0, 0], "uv": [15, 97]},
						{"origin": [-7.8, 20, 3.3], "size": [5.6, 5, 5.4], "pivot": [0, 66, 0], "rotation": [-12.5, 0, 0], "uv": [122, 132]}
					]
				},
				{
					"name": "bone3",
					"parent": "leg2",
					"pivot": [-5.3, 22.3765, -4.50672],
					"rotation": [-0.5836, 0.38299, -6.9671],
					"cubes": [
						{"origin": [-7.5, -1.14545, -22.50891], "size": [5, 14, 5], "pivot": [0, 37.85455, -24.00891], "rotation": [42.5, 0, 0], "uv": [120, 15]}
					]
				},
				{
					"name": "bone4",
					"parent": "bone3",
					"pivot": [-4.9, 14.4765, 3.99328],
					"cubes": [
						{"origin": [-7.7, 0.0765, 12.19328], "size": [5.4, 14, 5], "pivot": [0, 39.0765, 10.69328], "rotation": [-22.5, 0, 0], "uv": [0, 117]},
						{"origin": [-5.7, 0.0765, -6.80672], "size": [3.4, 4, 8], "pivot": [0, 39.0765, 10.69328], "rotation": [0, 10, 0], "uv": [100, 126]},
						{"origin": [-7.7, 0.0765, -4.80672], "size": [3.4, 4, 8], "pivot": [0, 39.0765, 10.69328], "rotation": [0, -10, 0], "uv": [124, 94]}
					]
				}
			]
		}
	]
}