{
	"format_version": "1.12.0",
	"minecraft:geometry": [
		{
			"description": {
				"identifier": "geometry.keepers",
				"texture_width": 128,
				"texture_height": 128,
				"visible_bounds_width": 4,
				"visible_bounds_height": 6.5,
				"visible_bounds_offset": [0, 2.75, 0]
			},
			"bones": [
				{
					"name": "main",
					"pivot": [0, 50, 0]
				},
				{
					"name": "body",
					"parent": "main",
					"pivot": [0, 30, 0],
					"cubes": [
						{"origin": [-6, 50, -5], "size": [12, 12, 10], "pivot": [0, 50, 0], "rotation": [5, 0, 0], "uv": [0, 29]},
						{"origin": [-6, 29, -5], "size": [12, 19, 10], "uv": [0, 0]},
						{"origin": [-5, 48, -5], "size": [10, 2, 10], "uv": [34, 19]}
					]
				},
				{
					"name": "head",
					"parent": "body",
					"pivot": [0, 62, 0],
					"cubes": [
						{"origin": [-4, 61, -5], "size": [8, 12, 8], "uv": [36, 43]}
					]
				},
				{
					"name": "arm",
					"parent": "body",
					"pivot": [-7, 62, 0],
					"rotation": [0, 0, 15],
					"cubes": [
						{"origin": [-9.5469, 51.77113, -3], "size": [5, 10, 5], "uv": [60, 31]},
						{"origin": [-9.59503, 38.85763, -3.20814], "size": [5, 15, 5], "pivot": [1.40497, 52.85763, -0.20814], "rotation": [-17.5, 0, -7.5], "uv": [20, 58]},
						{"origin": [-9.59503, 33.85763, -2.20814], "size": [3, 5, 4], "pivot": [1.40497, 52.85763, -0.20814], "rotation": [-17.5, 0, -7.5], "uv": [92, 75]},
						{"origin": [-10.59503, 28.85763, -2.20814], "size": [4, 5, 3], "pivot": [1.40497, 52.85763, -0.20814], "rotation": [-17.5, 0, -7.5], "uv": [16, 95]},
						{"origin": [-5.35347, 17.90504, -3.38799], "size": [2, 9, 1], "pivot": [7.64653, 49.90504, -1.38799], "rotation": [-16.93839, 4.46375, 6.83501], "uv": [96, 28]},
						{"origin": [-8.08815, 13.95965, -24.5324], "size": [2, 4, 1], "pivot": [4.91185, 40.95965, -22.5324], "rotation": [30.56161, 4.46375, 6.83501], "uv": [52, 31]},
						{"origin": [-9.35347, 22.90504, -9.38799], "size": [2, 9, 1], "pivot": [7.64653, 49.90504, -1.38799], "rotation": [0, 0, -7.5], "uv": [96, 0]},
						{"origin": [-8.3289, 20.12265, -21.99887], "size": [2, 4, 1], "pivot": [8.6711, 42.12265, -13.99887], "rotation": [37.5, 0, -7.5], "uv": [58, 31]},
						{"origin": [-11.35347, 26.90504, -9.38799], "size": [2, 9, 1], "pivot": [7.64653, 49.90504, -1.38799], "rotation": [0, 0, -22.5], "uv": [64, 17]},
						{"origin": [-8.57006, 24.1853, -20.94804], "size": [2, 5, 1], "pivot": [10.42994, 43.1853, -12.94804], "rotation": [42.5, 0, -22.5], "uv": [20, 51]}
					]
				},
				{
					"name": "arm2",
					"parent": "body",
					"pivot": [7, 62, 0],
					"rotation": [0, 0, -15],
					"cubes": [
						{"origin": [4.5469, 51.77113, -3], "size": [5, 10, 5], "uv": [44, 0]},
						{"origin": [4.59503, 38.85763, -3.20814], "size": [5, 15, 5], "pivot": [-1.40497, 52.85763, -0.20814], "rotation": [-17.5, 0, 7.5], "uv": [0, 51]},
						{"origin": [6.59503, 33.85763, -2.20814], "size": [3, 5, 4], "pivot": [-1.40497, 52.85763, -0.20814], "rotation": [-17.5, 0, 7.5], "uv": [91, 19]},
						{"origin": [6.59503, 28.85763, -2.20814], "size": [4, 5, 3], "pivot": [-1.40497, 52.85763, -0.20814], "rotation": [-17.5, 0, 7.5], "uv": [93, 94]},
						{"origin": [3.35347, 17.90504, -3.38799], "size": [2, 9, 1], "pivot": [-7.64653, 49.90504, -1.38799], "rotation": [-16.93839, -4.46375, -6.83501], "uv": [34, 0]},
						{"origin": [6.08815, 13.95965, -24.5324], "size": [2, 4, 1], "pivot": [-4.91185, 40.95965, -22.5324], "rotation": [30.56161, -4.46375, -6.83501], "uv": [26, 51]},
						{"origin": [7.35347, 22.90504, -9.38799], "size": [2, 9, 1], "pivot": [-7.64653, 49.90504, -1.38799], "rotation": [0, 0, 7.5], "uv": [0, 29]},
						{"origin": [6.3289, 20.12265, -21.99887], "size": [2, 4, 1], "pivot": [-8.6711, 42.12265, -13.99887], "rotation": [37.5, 0, 7.5], "uv": [40, 0]},
						{"origin": [9.35347, 26.90504, -9.38799], "size": [2, 9, 1], "pivot": [-7.64653, 49.90504, -1.38799], "rotation": [0, 0, 22.5], "uv": [0, 0]},
						{"origin": [6.57006, 24.1853, -20.94804], "size": [2, 5, 1], "pivot": [-10.42994, 43.1853, -12.94804], "rotation": [42.5, 0, 22.5], "uv": [34, 31]}
					]
				},
				{
					"name": "legs",
					"parent": "main",
					"pivot": [4, 29, 0],
					"cubes": [
						{"origin": [2, 16, -1], "size": [4, 13, 4], "uv": [0, 88]},
						{"origin": [2, 1.65341, -10.63687], "size": [4, 13, 4], "pivot": [3, 42.65341, -9.63687], "rotation": [20, 0, 0], "uv": [84, 34]},
						{"origin": [2, -31.36905, -24.95471], "size": [4, 13, 4], "pivot": [3, 9.63095, -23.95471], "rotation": [80, 0, 0], "uv": [80, 80]},
						{"origin": [1, -33.36905, -25.95471], "size": [6, 2, 6], "pivot": [3, 9.63095, -23.95471], "rotation": [80, 0, 0], "uv": [90, 11]}
					]
				},
				{
					"name": "legs2",
					"parent": "main",
					"pivot": [-3, 29, 0],
					"rotation": [0, -32.5, 0],
					"cubes": [
						{"origin": [-5, 16, -1], "size": [4, 13, 4], "uv": [64, 80]},
						{"origin": [-5, 1.65341, -10.63687], "size": [4, 13, 4], "pivot": [-4, 42.65341, -9.63687], "rotation": [20, 0, 0], "uv": [48, 80]},
						{"origin": [-5, -31.36905, -24.95471], "size": [4, 13, 4], "pivot": [-4, 9.63095, -23.95471], "rotation": [80, 0, 0], "uv": [32, 80]},
						{"origin": [-6, -33.36905, -25.95471], "size": [6, 2, 6], "pivot": [-4, 9.63095, -23.95471], "rotation": [80, 0, 0], "uv": [88, 67]}
					]
				},
				{
					"name": "legs3",
					"parent": "main",
					"pivot": [0, 29, -4],
					"rotation": [-7.5, 0, 0],
					"cubes": [
						{"origin": [-2, 16, -5], "size": [4, 13, 4], "uv": [80, 0]},
						{"origin": [-2, 1.65341, -14.63687], "size": [4, 13, 4], "pivot": [-1, 42.65341, -13.63687], "rotation": [20, 0, 0], "uv": [16, 78]},
						{"origin": [-2, -31.36905, -28.95471], "size": [4, 13, 4], "pivot": [-1, 9.63095, -27.95471], "rotation": [80, 0, 0], "uv": [75, 17]},
						{"origin": [-3, -33.36905, -29.95471], "size": [6, 2, 6], "pivot": [-1, 9.63095, -27.95471], "rotation": [80, 0, 0], "uv": [84, 59]}
					]
				},
				{
					"name": "legs4",
					"parent": "main",
					"pivot": [4, 29, -1],
					"rotation": [-9.42205, 37.12482, -5.71946],
					"cubes": [
						{"origin": [2, 16, -2], "size": [4, 13, 4], "uv": [72, 63]},
						{"origin": [2, 1.65341, -11.63687], "size": [4, 13, 4], "pivot": [3, 42.65341, -10.63687], "rotation": [20, 0, 0], "uv": [0, 71]},
						{"origin": [2, -31.36905, -25.95471], "size": [4, 13, 4], "pivot": [3, 9.63095, -24.95471], "rotation": [80, 0, 0], "uv": [68, 46]},
						{"origin": [1, -33.36905, -26.95471], "size": [6, 2, 6], "pivot": [3, 9.63095, -24.95471], "rotation": [80, 0, 0], "uv": [84, 51]}
					]
				},
				{
					"name": "legs5",
					"parent": "main",
					"pivot": [-4, 29, -1],
					"rotation": [-9.42205, -37.12482, 5.71946],
					"cubes": [
						{"origin": [-6, 16, -2], "size": [4, 13, 4], "uv": [64, 0]},
						{"origin": [-6, 1.65341, -11.63687], "size": [4, 13, 4], "pivot": [-3, 42.65341, -10.63687], "rotation": [20, 0, 0], "uv": [56, 63]},
						{"origin": [-6, -31.36905, -25.95471], "size": [4, 13, 4], "pivot": [-3, 9.63095, -24.95471], "rotation": [80, 0, 0], "uv": [40, 63]},
						{"origin": [-7, -33.36905, -26.95471], "size": [6, 2, 6], "pivot": [-3, 9.63095, -24.95471], "rotation": [80, 0, 0], "uv": [34, 31]}
					]
				}
			]
		}
	]
}