{
	"format_version": "1.12.0",
	"minecraft:geometry": [
		{
			"description": {
				"identifier": "geometry.lost_ones",
				"texture_width": 128,
				"texture_height": 128,
				"visible_bounds_width": 3,
				"visible_bounds_height": 4.5,
				"visible_bounds_offset": [0, 1.75, 0]
			},
			"bones": [
				{
					"name": "main",
					"pivot": [0, 23, 0]
				},
				{
					"name": "body",
					"parent": "main",
					"pivot": [0, 25, 0],
					"cubes": [
						{"origin": [-6, 35.0019, -4.08724], "size": [12, 8, 8], "uv": [0, 0]},
						{"origin": [-4, 27.0019, -4.08724], "size": [8, 8, 8], "uv": [0, 16]},
						{"origin": [-5, 26.0019, -4.08724], "size": [10, 1, 8], "uv": [24, 24]}
					]
				},
				{
					"name": "nek",
					"parent": "body",
					"pivot": [0, 43.0019, -0.08724],
					"cubes": [
						{"origin": [-2, 43.0019, -2.08724], "size": [4, 2, 4], "uv": [24, 18]}
					]
				},
				{
					"name": "head",
					"parent": "nek",
					"pivot": [0, 45.0019, -0.08724],
					"cubes": [
						{"origin": [-2.6, 45.0019, -2.08724], "size": [5.2, 3, 4.6], "uv": [60, 30]},
						{"origin": [-3, 48.0019, -3.48724], "size": [6, 5, 6], "uv": [0, 32]},
						{"origin": [-3, 45.0019, -3.48724], "size": [6, 3, 1], "uv": [32, 0]}
					]
				},
				{
					"name": "arm",
					"parent": "body",
					"pivot": [-7, 43.0019, -0.08724],
					"cubes": [
						{"origin": [-10, 32.0019, -2.08724], "size": [4, 10, 4], "pivot": [0, 23.0019, -0.08724], "rotation": [0, 0, 7.5], "uv": [60, 57]},
						{"origin": [-9.93682, 22.48179, -3.61969], "size": [4, 10, 4], "pivot": [0.06318, 23.48179, -1.61969], "rotation": [-10, 0, 7.5], "uv": [0, 60]},
						{"origin": [-9.90771, 12.70291, -3.43045], "size": [4, 10, 4], "pivot": [0.09229, 23.70291, -1.43045], "rotation": [-17.5, 0, 7.5], "uv": [28, 59]},
						{"origin": [-9.90771, 7.70291, -3.43045], "size": [2, 5, 4], "pivot": [0.09229, 23.70291, -1.43045], "rotation": [-17.5, 0, 7.5], "uv": [44, 61]},
						{"origin": [-9.90771, 5.70291, -3.43045], "size": [1, 4, 1], "pivot": [0.09229, 23.70291, -1.43045], "rotation": [-5, 0, 7.5], "uv": [56, 61]},
						{"origin": [-9.90771, 4.70291, -2.43045], "size": [1, 4, 1], "pivot": [0.09229, 23.70291, -1.43045], "rotation": [-12.5, 0, 7.5], "uv": [48, 18]},
						{"origin": [-9.90771, 4.70291, -3.63045], "size": [1, 4, 1], "pivot": [0.09229, 23.70291, -1.43045], "rotation": [-12.5, 0, 7.5], "uv": [44, 18]},
						{"origin": [-17.27193, 4.51124, -3.88567], "size": [1, 4, 1], "pivot": [-7.27193, 23.51124, -1.68567], "rotation": [-11.36081, -5.24826, -16.97761], "uv": [26, 33]},
						{"origin": [-9.90771, 4.70291, -2.43045], "size": [1, 4, 1], "pivot": [0.09229, 23.70291, -1.43045], "rotation": [-20, 0, 7.5], "uv": [40, 33]},
						{"origin": [-9.90771, 5.70291, -2.43045], "size": [1, 3, 1], "pivot": [0.09229, 23.70291, -1.43045], "rotation": [-25, 0, 7.5], "uv": [40, 4]},
						{"origin": [-18.67297, 6.84808, -2.43451], "size": [1, 3, 1], "pivot": [-8.67297, 24.84808, -1.43451], "rotation": [-21.99054, -12.19908, -20.12113], "uv": [36, 18]},
						{"origin": [-18.02705, 4.75072, -2.79892], "size": [1, 4, 1], "pivot": [-8.02705, 23.75072, -1.79892], "rotation": [-17.89244, -9.08661, -18.56663], "uv": [40, 18]},
						{"origin": [-17.27193, 4.51124, -2.68567], "size": [1, 4, 1], "pivot": [-7.27193, 23.51124, -1.68567], "rotation": [-11.36081, -5.24826, -16.97761], "uv": [44, 33]},
						{"origin": [-13.85014, 4.67343, -2.50006], "size": [1, 4, 1], "pivot": [-3.85014, 22.67343, -4.50006], "rotation": [-6.93839, -4.46375, -6.83501], "uv": [44, 59]}
					]
				},
				{
					"name": "arm2",
					"parent": "body",
					"pivot": [7, 43.0019, -0.08724],
					"cubes": [
						{"origin": [6, 32.0019, -2.08724], "size": [4, 10, 4], "pivot": [0, 23.0019, -0.08724], "rotation": [0, 0, -7.5], "uv": [52, 16]},
						{"origin": [5.93682, 22.48179, -3.61969], "size": [4, 10, 4], "pivot": [-0.06318, 23.48179, -1.61969], "rotation": [-10, 0, -7.5], "uv": [48, 47]},
						{"origin": [5.90771, 12.70291, -3.43045], "size": [4, 10, 4], "pivot": [-0.09229, 23.70291, -1.43045], "rotation": [-17.5, 0, -7.5], "uv": [48, 33]},
						{"origin": [7.90771, 7.70291, -3.43045], "size": [2, 5, 4], "pivot": [-0.09229, 23.70291, -1.43045], "rotation": [-17.5, 0, -7.5], "uv": [16, 60]},
						{"origin": [8.90771, 5.70291, -3.43045], "size": [1, 4, 1], "pivot": [-0.09229, 23.70291, -1.43045], "rotation": [-5, 0, -7.5], "uv": [22, 33]},
						{"origin": [8.90771, 4.70291, -2.43045], "size": [1, 4, 1], "pivot": [-0.09229, 23.70291, -1.43045], "rotation": [-12.5, 0, -7.5], "uv": [18, 32]},
						{"origin": [8.90771, 4.70291, -3.63045], "size": [1, 4, 1], "pivot": [-0.09229, 23.70291, -1.43045], "rotation": [-12.5, 0, -7.5], "uv": [0, 32]},
						{"origin": [16.27193, 4.51124, -3.88567], "size": [1, 4, 1], "pivot": [7.27193, 23.51124, -1.68567], "rotation": [-11.36081, 5.24826, 16.97761], "uv": [24, 16]},
						{"origin": [8.90771, 4.70291, -2.43045], "size": [1, 4, 1], "pivot": [-0.09229, 23.70291, -1.43045], "rotation": [-20, 0, -7.5], "uv": [4, 16]},
						{"origin": [8.90771, 5.70291, -2.43045], "size": [1, 3, 1], "pivot": [-0.09229, 23.70291, -1.43045], "rotation": [-25, 0, -7.5], "uv": [36, 4]},
						{"origin": [17.67297, 6.84808, -2.43451], "size": [1, 3, 1], "pivot": [8.67297, 24.84808, -1.43451], "rotation": [-21.99054, 12.19908, 20.12113], "uv": [32, 4]},
						{"origin": [17.02705, 4.75072, -2.79892], "size": [1, 4, 1], "pivot": [8.02705, 23.75072, -1.79892], "rotation": [-17.89244, 9.08661, 18.56663], "uv": [0, 16]},
						{"origin": [16.27193, 4.51124, -2.68567], "size": [1, 4, 1], "pivot": [7.27193, 23.51124, -1.68567], "rotation": [-11.36081, 5.24826, 16.97761], "uv": [4, 0]},
						{"origin": [12.85014, 4.67343, -2.50006], "size": [1, 4, 1], "pivot": [3.85014, 22.67343, -4.50006], "rotation": [-6.93839, 4.46375, 6.83501], "uv": [0, 0]}
					]
				},
				{
					"name": "leh",
					"parent": "main",
					"pivot": [-3, 26, 0],
					"cubes": [
						{"origin": [-5, 14, -2], "size": [4, 12, 4], "uv": [48, 0]}
					]
				},
				{
					"name": "bone",
					"parent": "leh",
					"pivot": [-4, 14, 0],
					"cubes": [
						{"origin": [-5, 1, -2], "size": [4, 13, 4], "uv": [16, 43]},
						{"origin": [-5.1, 0, -6], "size": [4.2, 2, 8], "uv": [24, 33]}
					]
				},
				{
					"name": "leh2",
					"parent": "main",
					"pivot": [3, 26, 0],
					"cubes": [
						{"origin": [1, 14, -2], "size": [4, 12, 4], "uv": [32, 43]}
					]
				},
				{
					"name": "bone2",
					"parent": "leh2",
					"pivot": [4, 14, 0],
					"cubes": [
						{"origin": [1, 1, -2], "size": [4, 13, 4], "uv": [0, 43]},
						{"origin": [0.9, 0, -6], "size": [4.2, 2, 8], "uv": [32, 8]}
					]
				}
			]
		}
	]
}