{
  "format_version": "1.16.0",
  "minecraft:geometry": [
    {
      "description": {
        "identifier": "geometry.zm_gent_pipe",
        "texture_width": 64,
        "texture_height": 64,
        "visible_bounds_width": 2,
        "visible_bounds_height": 3.5,
        "visible_bounds_offset": [
          0,
          1.25,
          0
        ]
      },
      "bones": [
        {
          "name": "rightitem",
          "binding": "q.item_slot_to_bone_name(c.item_slot)",
          "cubes": [
            {
              "origin": [
                -2.8,
                -0.5,
                -3.0
              ],
              "size": [
                5.6,
                3.0,
                6.0
              ],
              "uv": [
                16,
                34
              ],
              "inflate": 0
            },
            {
              "origin": [
                -7.7,
                9.5,
                -3.0
              ],
              "size": [
                5.2,
                3.0,
                6.0
              ],
              "uv": [
                26,
                25
              ],
              "inflate": 0
            },
            {
              "origin": [
                -35.1,
                0.5,
                -3.0
              ],
              "size": [
                5.2,
                3.0,
                6.0
              ],
              "pivot": [
                0.0,
                0.0,
                0.0
              ],
              "rotation": [
                0.0,
                0.0,
                90.0
              ],
              "uv": [
                0,
                26
              ],
              "inflate": 0
            },
            {
              "origin": [
                2.4,
                22.5,
                -3.0
              ],
              "size": [
                5.4,
                3.0,
                6.0
              ],
              "pivot": [
                0.0,
                0.0,
                0.0
              ],
              "rotation": [
                0.0,
                0.0,
                -12.5
              ],
              "uv": [
                32,
                9
              ],
              "inflate": 0
            },
            {
              "origin": [
                -7.8,
                15.5,
                -3.0
              ],
              "size": [
                10.6,
                3.0,
                6.0
              ],
              "uv": [
                16,
                0
              ],
              "inflate": 0
            },
            {
              "origin": [
                -2.3,
                2.5,
                -2.4
              ],
              "size": [
                4.6,
                22.0,
                4.8
              ],
              "uv": [
                0,
                0
              ],
              "inflate": 0
            },
            {
              "origin": [
                -7.3,
                12.5,
                -2.4
              ],
              "size": [
                4.6,
                18.0,
                4.8
              ],
              "uv": [
                16,
                9
              ],
              "inflate": 0
            },
            {
              "origin": [
                -7.03526,
                28.37115,
                -2.4
              ],
              "size": [
                4.6,
                5.0,
                4.8
              ],
              "pivot": [
                -4.03194,
                29.82553,
                0.0
              ],
              "rotation": [
                0.0,
                0.0,
                37.5
              ],
              "uv": [
                38,
                34
              ],
              "inflate": 0
            },
            {
              "origin": [
                -5.67551,
                30.07537,
                -2.4
              ],
              "size": [
                4.6,
                5.0,
                4.8
              ],
              "pivot": [
                -2.6722,
                31.52975,
                0.0
              ],
              "rotation": [
                0.0,
                0.0,
                87.5
              ],
              "uv": [
                0,
                35
              ],
              "inflate": 0
            }
          ]
        }
      ]
    }
  ]
}