{
	"format_version" : "1.16.100",
	"minecraft:block" : {
		"description" : {
			"identifier" : "mobvote:egg_sniffer_cracked"
		},
		"components" : {
			"minecraft:ticking" : {
				"looping" : true,
				"range" : [ 60, 120 ],
				"on_tick" : {
					"event" : "egg_sniffer_cracked"
				}
			},
			"minecraft:destroy_time" : 0.7,
			"minecraft:map_color" : "#610413",
			"minecraft:explosion_resistance" : 0.0,
			"minecraft:block_light_absorption" : 1.0,
			"minecraft:block_light_emission" : 0.0,
			"minecraft:material_instances" : {
				"side" : {
					"texture" : "egg_sniffer_cracked",
					"render_method" : "opaque"
				},
				"down" : "side",
				"up" : "side",
				"north" : "side",
				"south" : "side",
				"west" : "side",
				"east" : "side"
			},
			"minecraft:entity_collision" : {
				"origin" : [ -8, 0, -8 ],
				"size" : [ 16, 16, 16 ]
			},
			"minecraft:pick_collision" : {
				"origin" : [ -8, 0, -8 ],
				"size" : [ 16, 16, 16 ]
			},
			"minecraft:geometry" : "geometry.egg_sniffer"
		},
		"events" : {
			"egg_sniffer_cracked" : {
				"set_block" : {
					"block_type" : "mobvote:egg_sniffer_life"
				}
			}
		}
	}
}
