{
	"format_version" : "1.16.100",
	"minecraft:block" : {
		"description" : {
			"identifier" : "mobvote:sniffer_plant"
		},
		"components" : {
			"minecraft:geometry" : "geometry.sniffer_plant",
			"minecraft:material_instances" : {
				"*" : {
					"texture" : "sniffer_plant",
					"render_method" : "alpha_test"
				}
			},
			"minecraft:pick_collision" : {
				"origin" : [ -8, 0, -8 ],
				"size" : [ 16, 16, 16 ]
			},
			"minecraft:entity_collision" : {
				"origin" : [ -8, 0, -8 ],
				"size" : [ 0, 0, 0 ]
			},
			"minecraft:destroy_time" : 0,
			"minecraft:friction" : 0.6,
			"minecraft:loot" : "loot_tables/blocks/sniffer_plant.json",
			"minecraft:block_light_absorption" : 0,
			"minecraft:placement_filter" : {
				"conditions" : [
					{
						"block_filter" : [ "sand" ],
						"allowed_faces" : [ "up" ]
					}
				]
			}
		}
	}
}
