{"format_version":"1.16.100","minecraft:block":{"description":{"identifier":"mobvote:tuff_polished"},"components":{"minecraft:material_instances":{"*":{"texture":"tuff_polished","render_method":"blend"}},"minecraft:destroy_time":3,"minecraft:ticking":{"looping":true,"range":[0,0],"on_tick":{"event":"golem","target":"self"}},"minecraft:friction":0.6,"minecraft:block_light_absorption":1,"minecraft:unit_cube":{}},"events":{"golem":{"sequence":[{"condition":"q.block_neighbor_has_any_tag(0,1,0, 'pumpkin')","run_command":{"command":["fill ~~+1 ~ ~~~ air","summon mobvote:tuff_golem ~~~"]}},{"condition":"!q.block_neighbor_has_any_tag(0,1,0, 'pumpkin')"}]}}}}