{
  "format_version":"1.16.100",
  "animation_controllers":{
    "controller.animation.kaizoku_pikapika":{
      "states":{
        "default":{
          "transitions":[
            {"1":"query.has_target && !query.is_in_water"}
          ]
        },
        "1":{
          "transitions":[
            {"default":"(1.0)"}
          ],
          "on_entry":[
            "/particle op_asa:pikapika_particle ~1~1~",
            "/particle op_asa:pikapika_particle ~-1~1~",
            "/particle op_asa:pikapika_particle ~~1~1",
            "/particle op_asa:pikapika_particle ~~1~-1",
            "/particle op_asa:pikapika_particle ~~1~"
          ]
        }
      }
    }
  }
}