{
  "format_version":"1.16.100",
  "animation_controllers":{
    "controller.animation.kaizoku_meramera":{
      "states":{
        "default":{
          "transitions":[
            {"1":"query.has_target"}
          ]
        },
        "1":{
          "transitions":[
            {"default":"v.time = (v.time ?? 0);v.time = v.time < 60 ? v.time + 1:0;return v.time == 0;"}
          ],
          "on_entry":[
            "/fill ~-1~~-1 ~1~~1 fire 0 replace air"
          ]
        }
      }
    }
  }
}