{
  "format_version":"1.16.100",
  "animation_controllers":{
    "controller.animation.kaizoku_zusizusi":{
      "states":{
        "default":{
          "transitions":[
            {"1":"query.has_target && !query.is_in_water"}
          ]
        },
        "1":{
          "transitions":[
            {"default":"(1.0)"}
          ],
          "on_entry":[
            "/effect @e[r=7,family=!zusizusi] slowness 10 4 true",
            "/effect @e[r=7,family=!zusizusi] mining_fatigue 10 4 true"
          ]
        }
      }
    }
  }
}