{"format_version":"1.10.0","minecraft:client_entity":{"description":{"identifier":"yg:ink_demon","materials":{"default":"witch"},"textures":{"default":"textures/entity/yg_ink_demon"},"geometry":{"default":"geometry.yg_ink_demon"},"spawn_egg":{"base_color":"#000000","overlay_color":"#D49506"},"render_controllers":["controller.render.witch"],"scripts":{"animate":["move","general","attack_controllers","looking_at"],"pre_animation":["variable.attack = Math.sin(variable.attack_time * 30.0);"]},"animations":{"attack":"animation.yg_ink_demon.attack","attack_controllers":"controller.animation.yg_ink_demon.attack","general":"controller.animation.yg_ink_demon.general","gazo_general":"animation.yg_ink_demon.general","looking":"animation.yg_ink_demon.looking","looking_at":"controller.animation.yg_ink_demon.looking_at","move":"controller.animation.yg_ink_demon.move","moving":"animation.yg_ink_demon.move"},"particle_effects":{"ink":"yg:rush_particle"}}}}