{
  "format_version": "1.10.0",
  "animation_controllers": {
    "controller.animation.attack": {
      "initial_state": "default",
      "states": {
        "default": {
          "transitions": [
            {
              "attacking": "variable.attack_time > 0"
            }
          ],
          "on_entry": [
            "null"
          ]
        },
        "attacking": {
          "transitions": [
            {
              "default": "variable.attack_time > 0"
            }
          ],
          "on_entry": [
            "/summon zm:attack",
            "/summon zm:attack ~ ~ ~"
          ]
        }
      }
    }
  }
}