{
	"format_version": "1.10.0",
	"animation_controllers": {
		"controller.animation.hie": {
			"states": {
				"default": {
					"transitions": [
						{
							"walking": "1"
						}
					],
					"on_entry": [
						"/execute @s[tag=hie] ~~~ detect ~~-1~ water -1 /fill ~-1~-1~-1~+1~~+1 ice 0 replace water -1",
						"/execute @s[tag=hie] ~~~ detect ~1~-1~ water -1 /fill ~-1~-1~-1~+1~~+1 ice 0 replace water -1",
						"/execute @s[tag=hie] ~~~ detect ~~-1~1 water -1 /fill ~-1~-1~-1~+1~~+1 ice 0 replace water -1",
						"/execute @s[tag=hie] ~~~ detect ~-1~-1~ water -1 /fill ~-1~-1~-1~+1~~+1 ice 0 replace water -1",
						"/execute @s[tag=hie] ~~~ detect ~~-1~-1 water -1 /fill ~-1~-1~-1~+1~~+1 ice 0 replace water -1"
					]
				},
				"walking": {
					"transitions": [
						{
							"default": "1"
						}
					],
					"on_entry": [
						"/execute @s[tag=hie] ~~~ detect ~~-1~ water -1 /fill ~-1~-1~-1~+1~~+1 ice 0 replace water -1",
						"/execute @s[tag=hie] ~~~ detect ~1~-1~ water -1 /fill ~-1~-1~-1~+1~~+1 ice 0 replace water -1",
						"/execute @s[tag=hie] ~~~ detect ~~-1~1 water -1 /fill ~-1~-1~-1~+1~~+1 ice 0 replace water -1",
						"/execute @s[tag=hie] ~~~ detect ~-1~-1~ water -1 /fill ~-1~-1~-1~+1~~+1 ice 0 replace water -1",
						"/execute @s[tag=hie] ~~~ detect ~~-1~-1 water -1 /fill ~-1~-1~-1~+1~~+1 ice 0 replace water -1"
					]
				}
			}
		}
	}
}