{
	"format_version": "1.10.0",
	"animation_controllers": {
		"controller.animation.wipc": {
			"states": {
				"default": {
					"transitions": [
						{
							"water": "query.is_in_water"
						}
					],
					"on_entry": [
						"/execute @s[tag=df] ~~~ effect @s poison 1 3",
						"/execute @s[tag=df] ~~~ effect @s nausea 10 10",
						"/execute @s[tag=df] ~~~ effect @s slowness 1 225","/function particle_inu",
						"/function particle_fenix",
						"/function particle_moku",
						"/function particle_kage",
						"/function particle_soru",
						"/function particle_sea",
						"/function particle_nikyu",
						"/function particle_pika",
						"/function particle_goro",
						"/function particle_mera"
					]
				},
				"water": {
					"transitions": [
						{
							"default": "query.is_in_water"
						}
					],
					"on_entry": [
						"/execute @s[tag=df] ~~~ effect @s poison 1 3",
						"/execute @s[tag=df] ~~~ effect @s nausea 10 10",
						"/execute @s[tag=df] ~~~ effect @s slowness 1 225","/function particle_inu",
						"/function particle_fenix",
						"/function particle_moku",
						"/function particle_kage",
						"/function particle_soru",
						"/function particle_sea",
						"/function particle_nikyu",
						"/function particle_pika",
						"/function particle_goro",
						"/function particle_mera"
					]
				}
			}
		}
	}
}