{
	"format_version": "1.8.0",
	"animations": {
		"animation.sniffer.sniff": {
			"loop": true,
			"animation_length": 2,
			"bones": {
				"head": {
					"rotation": {
						"0.0": [0, 0, 0],
						"0.5": [-30, 0, 0],
						"1.7083": [-30, 0, 0],
						"2.0": [0, 0, 0]
					},
					"position": {
						"0.0": [0, 0, 0],
						"2.0": [0, 0, 0]
					},
					"scale": {
						"0.0": [1, 1, 1],
						"2.0": [1, 1, 1]
					}
				},
				"nose": {
					"rotation": [0, 0, 0],
					"position": {
						"0.0": [0, 0, 0],
						"0.4167": [0, 0, 0],
						"0.5": [0, 1, 0],
						"1.0": [0, 0, 0],
						"1.5": [0, 1, 0],
						"2.0": [0, 0, 0]
					},
					"scale": {
						"0.0": [1, 1, 1],
						"0.4167": [1, 1, 1],
						"0.5": [1, 1.2, 1],
						"1.0": [1, 1, 1],
						"1.5": [1, 1.2, 1],
						"2.0": [1, 1, 1]
					}
				}
			}
		},
		"animation.sniffer.move": {
			"loop": true,
			"bones": {
				"leg1": {
					"rotation": ["math.cos(query.anim_time * 38.17) * -80.0", 0, 0]
				},
				"leg2": {
					"rotation": ["math.cos(query.anim_time * 38.17) * 80.0", 0, 0]
				},
				"leg3": {
					"rotation": ["math.cos(query.anim_time * 38.17) * -80.0", 0, 0]
				},
				"leg4": {
					"rotation": ["math.cos(query.anim_time * 38.17) * 80.0", 0, 0]
				},
				"leg5": {
					"rotation": ["math.cos(query.anim_time * 38.17) * -80.0", 0, 0]
				},
				"leg6": {
					"rotation": ["math.cos(query.anim_time * 38.17) * 80.0", 0, 0]
				}
			}
		},
		"animation.sniffer.dig": {
			"animation_length": 2.5,
			"bones": {
				"head": {
					"rotation": {
						"0.0": [0, 0, 0],
						"0.5": [-37.5, 0, 0],
						"1.0": [-25, 0, 0],
						"1.5": [-37.5, 0, 0],
						"2.0": [-25, 0, 0],
						"2.5": [-37.5, 0, 0]
					},
					"position": [0, 0, 0],
					"scale": 1
				},
				"legs": {
					"rotation": {
						"0.0": [0, 0, 0],
						"0.5": [0, 0, 90]
					},
					"position": {
						"0.0": [0, 0, 0],
						"0.5": [-5, 6, 0]
					}
				},
				"legs2": {
					"rotation": {
						"0.0": [0, 0, 0],
						"0.5": [0, 0, -90]
					},
					"position": {
						"0.0": [0, 0, 0],
						"0.5": [2, 9, 0]
					}
				},
				"waist": {
					"position": {
						"0.0": [0, 0, 0],
						"0.2917": [0, 4, 0],
						"0.5": [0, -12, 0]
					}
				}
			},
			"particle_effects": {
				"0.0": {
					"effect": "digging",
					"pre_effect_script": "variable.dig_particle_texture_coordinate = query.surface_particle_texture_coordinate; variable.dig_particle_texture_size = query.surface_particle_texture_size; variable.dig_particle_color = query.surface_particle_color;"
				}
			},
			"loop": true
		},
		"animation.sniffer.static": {
			"loop": true,
			"animation_length": 1,
			"bones": {
				"mouth": {
					"rotation": {
						"0.0": [0, 0, 0],
						"0.5": [-2.5, 0, 0],
						"1.0": [0, 0, 0]
					}
				}
			}
		}
	}
}