{
	"file_path": "C:\\Users\\fiddy\\AppData\\Local\\Packages\\Microsoft.MinecraftUWP_8wekyb3d8bbwe\\LocalState\\games\\com.mojang\\development_resource_packs\\H_DecorR\\entity\\broomstick.entity.json",
	"file_type": "client_entity",
	"format_version": 1,
	"file_uuid": "a81e7de4_c1ed_442b_b8f2_54527ab5a9b4",
	"file_version": 24,
	"cache_content": {
		"children": [
			{
				"data": "1.10.0",
				"key": "format_version"
			},
			{
				"open": {
					"format_version": "1.10.0",
					"minecraft:client_entity": {
						"description": {
							"identifier": "boi:broomstick",
							"min_engine_version": "1.8.0",
							"materials": {
								"default": "cow"
							},
							"textures": {
								"default": "textures/entity/boi/broomstick"
							},
							"geometry": {
								"default": "geometry.broomstick.boi"
							},
							"animations": {
								"setup": "animation.broomstick.boi.smoke",
								"walk": "animation.quadruped.walk",
								"look_at_target": "animation.common.look_at_target",
								"baby_transform": "animation.broomstick.boi.idle"
							},
							"scripts": {
								"animate": [
									{
										"walk": "query.modified_move_speed"
									},
									{
										"baby_transform": 0.2
									},
									{
										"look_at_target": 0.8
									},
									{
										"setup": "query.ground_speed>2"
									}
								]
							},
							"render_controllers": [
								"controller.render.cow"
							],
							"spawn_egg": {
								"texture": "spawn_egg",
								"texture_index": 1
							},
							"particle_effects": {
								"stun_particles": "boi:broomstick_trail"
							}
						}
					}
				},
				"key": "minecraft:client_entity",
				"children": [
					{
						"open": {
							"description": {
								"identifier": "boi:broomstick",
								"min_engine_version": "1.8.0",
								"materials": {
									"default": "cow"
								},
								"textures": {
									"default": "textures/entity/boi/broomstick"
								},
								"geometry": {
									"default": "geometry.broomstick.boi"
								},
								"animations": {
									"setup": "animation.broomstick.boi.smoke",
									"walk": "animation.quadruped.walk",
									"look_at_target": "animation.common.look_at_target",
									"baby_transform": "animation.broomstick.boi.idle"
								},
								"scripts": {
									"animate": [
										{
											"walk": "query.modified_move_speed"
										},
										{
											"baby_transform": 0.2
										},
										{
											"look_at_target": 0.8
										},
										{
											"setup": "query.ground_speed>2"
										}
									]
								},
								"render_controllers": [
									"controller.render.cow"
								],
								"spawn_egg": {
									"texture": "spawn_egg",
									"texture_index": 1
								},
								"particle_effects": {
									"stun_particles": "boi:broomstick_trail"
								}
							}
						},
						"key": "description",
						"children": [
							{
								"data": "boi:broomstick",
								"key": "identifier"
							},
							{
								"data": "1.8.0",
								"key": "min_engine_version"
							},
							{
								"key": "materials",
								"is_minified": true,
								"children": {
									"default": "cow"
								}
							},
							{
								"key": "textures",
								"is_minified": true,
								"children": {
									"default": "textures/entity/boi/broomstick"
								}
							},
							{
								"key": "geometry",
								"is_minified": true,
								"children": {
									"default": "geometry.broomstick.boi"
								}
							},
							{
								"open": {
									"identifier": "boi:broomstick",
									"min_engine_version": "1.8.0",
									"materials": {
										"default": "cow"
									},
									"textures": {
										"default": "textures/entity/boi/broomstick"
									},
									"geometry": {
										"default": "geometry.broomstick.boi"
									},
									"animations": {
										"setup": "animation.broomstick.boi.smoke",
										"walk": "animation.quadruped.walk",
										"look_at_target": "animation.common.look_at_target",
										"baby_transform": "animation.broomstick.boi.idle"
									},
									"scripts": {
										"animate": [
											{
												"walk": "query.modified_move_speed"
											},
											{
												"baby_transform": 0.2
											},
											{
												"look_at_target": 0.8
											},
											{
												"setup": "query.ground_speed>2"
											}
										]
									},
									"render_controllers": [
										"controller.render.cow"
									],
									"spawn_egg": {
										"texture": "spawn_egg",
										"texture_index": 1
									},
									"particle_effects": {
										"stun_particles": "boi:broomstick_trail"
									}
								},
								"key": "animations",
								"is_minified": true,
								"children": {
									"setup": "animation.broomstick.boi.smoke",
									"walk": "animation.quadruped.walk",
									"look_at_target": "animation.common.look_at_target",
									"baby_transform": "animation.broomstick.boi.idle"
								}
							},
							{
								"open": {
									"identifier": "boi:broomstick",
									"min_engine_version": "1.8.0",
									"materials": {
										"default": "cow"
									},
									"textures": {
										"default": "textures/entity/boi/broomstick"
									},
									"geometry": {
										"default": "geometry.broomstick.boi"
									},
									"animations": {
										"setup": "animation.broomstick.boi.smoke",
										"walk": "animation.quadruped.walk",
										"look_at_target": "animation.common.look_at_target",
										"baby_transform": "animation.broomstick.boi.idle"
									},
									"scripts": {
										"animate": [
											{
												"walk": "query.modified_move_speed"
											},
											{
												"baby_transform": 0.2
											},
											{
												"look_at_target": 0.8
											},
											{
												"setup": "query.ground_speed>2"
											}
										]
									},
									"render_controllers": [
										"controller.render.cow"
									],
									"spawn_egg": {
										"texture": "spawn_egg",
										"texture_index": 1
									},
									"particle_effects": {
										"stun_particles": "boi:broomstick_trail"
									}
								},
								"key": "scripts",
								"children": [
									{
										"open": {
											"animate": [
												{
													"walk": "query.modified_move_speed"
												},
												{
													"baby_transform": 0.2
												},
												{
													"look_at_target": 0.8
												},
												{
													"setup": "query.ground_speed>2"
												}
											]
										},
										"key": "animate",
										"children": [
											{
												"is_minified": true,
												"children": {
													"walk": "query.modified_move_speed"
												}
											},
											{
												"open": [
													{
														"walk": "query.modified_move_speed"
													},
													{
														"baby_transform": 0.2
													},
													{
														"look_at_target": 0.8
													},
													{
														"setup": "query.ground_speed>2"
													}
												],
												"is_minified": true,
												"children": {
													"baby_transform": 0.2
												}
											},
											{
												"is_minified": true,
												"children": {
													"look_at_target": 0.8
												}
											},
											{
												"is_minified": true,
												"children": {
													"setup": "query.ground_speed>2"
												}
											}
										]
									}
								]
							},
							{
								"key": "render_controllers",
								"is_minified": true,
								"children": [
									"controller.render.cow"
								]
							},
							{
								"key": "spawn_egg",
								"is_minified": true,
								"children": {
									"texture": "spawn_egg",
									"texture_index": 1
								}
							},
							{
								"key": "particle_effects",
								"is_minified": true,
								"children": {
									"stun_particles": "boi:broomstick_trail"
								}
							}
						]
					}
				]
			}
		]
	}
}