{
	"file_path": "C:\\Users\\fiddy\\AppData\\Local\\Packages\\Microsoft.MinecraftUWP_8wekyb3d8bbwe\\LocalState\\games\\com.mojang\\development_resource_packs\\SeasonalDecorRP\\entity\\ghost_projectile.json",
	"file_type": "client_entity",
	"format_version": 1,
	"file_uuid": "d8adfec7_97ca_47ec_89ba_34e80bd7becd",
	"file_version": 0,
	"cache_content": {
		"children": [
			{
				"data": "1.10.0",
				"key": "format_version"
			},
			{
				"open": {
					"format_version": "1.10.0",
					"minecraft:client_entity": {
						"description": {
							"identifier": "boi:ghost_projectile",
							"materials": {
								"default": "snowball"
							},
							"textures": {
								"default": "textures/items/snowball"
							},
							"geometry": {
								"default": "geometry.item_sprite"
							},
							"render_controllers": [
								"controller.render.item_sprite"
							],
							"animations": {
								"flying": "animation.actor.billboard"
							},
							"scripts": {
								"animate": [
									"flying"
								]
							}
						}
					}
				},
				"key": "minecraft:client_entity",
				"children": [
					{
						"open": {
							"description": {
								"identifier": "boi:ghost_projectile",
								"materials": {
									"default": "snowball"
								},
								"textures": {
									"default": "textures/items/snowball"
								},
								"geometry": {
									"default": "geometry.item_sprite"
								},
								"render_controllers": [
									"controller.render.item_sprite"
								],
								"animations": {
									"flying": "animation.actor.billboard"
								},
								"scripts": {
									"animate": [
										"flying"
									]
								}
							}
						},
						"key": "description",
						"is_minified": true,
						"children": {
							"identifier": "boi:ghost_projectile",
							"materials": {
								"default": "snowball"
							},
							"textures": {
								"default": "textures/items/snowball"
							},
							"geometry": {
								"default": "geometry.item_sprite"
							},
							"render_controllers": [
								"controller.render.item_sprite"
							],
							"animations": {
								"flying": "animation.actor.billboard"
							},
							"scripts": {
								"animate": [
									"flying"
								]
							}
						}
					}
				]
			}
		]
	}
}