{
	"file_path": "C:\\Users\\fiddy\\AppData\\Local\\Packages\\Microsoft.MinecraftUWP_8wekyb3d8bbwe\\LocalState\\games\\com.mojang\\development_resource_packs\\SeasonalDecorRP\\entity\\ghost_pet.json",
	"file_type": "client_entity",
	"format_version": 1,
	"file_uuid": "167f6c1f_cf02_4c61_bde3_3ba5128ceb4d",
	"file_version": 38,
	"cache_content": {
		"children": [
			{
				"open": {
					"format_version": "1.10.0",
					"minecraft:client_entity": {
						"description": {
							"identifier": "boi:ghost_pet",
							"min_engine_version": "1.8.0",
							"materials": {
								"default": "slime_outer"
							},
							"textures": {
								"a": "textures/entity/ghost_pet_a",
								"b": "textures/entity/ghost_pet_b",
								"c": "textures/entity/ghost_pet_c",
								"default": "textures/entity/ghost_pet_c"
							},
							"geometry": {
								"default": "geometry.ghost.pet"
							},
							"animations": {
								"setup": "animation.cow.setup",
								"walk": "animation.quadruped.walk",
								"look_at_target": "animation.common.look_at_target",
								"sit": "animation.ghost.pet.sit",
								"float": "animation.ghost.pet.float"
							},
							"scripts": {
								"animate": [
									"setup",
									{
										"walk": "query.modified_move_speed"
									},
									{
										"look_at_target": 0.6
									},
									{
										"sit": "query.is_sitting"
									},
									"float"
								]
							},
							"render_controllers": [
								"controller.render.ghost_pet"
							],
							"spawn_egg": {
								"texture": "spawn_egg",
								"texture_index": 1
							}
						}
					}
				},
				"data": "1.10.0",
				"key": "format_version"
			},
			{
				"open": {
					"format_version": "1.10.0",
					"minecraft:client_entity": {
						"description": {
							"identifier": "boi:ghost_pet",
							"min_engine_version": "1.8.0",
							"materials": {
								"default": "slime_outer"
							},
							"textures": {
								"a": "textures/entity/ghost_pet_a",
								"b": "textures/entity/ghost_pet_b",
								"c": "textures/entity/ghost_pet_c",
								"default": "textures/entity/ghost_pet_c"
							},
							"geometry": {
								"default": "geometry.ghost.pet"
							},
							"animations": {
								"setup": "animation.cow.setup",
								"walk": "animation.quadruped.walk",
								"look_at_target": "animation.common.look_at_target",
								"sit": "animation.ghost.pet.sit",
								"float": "animation.ghost.pet.float"
							},
							"scripts": {
								"animate": [
									"setup",
									{
										"walk": "query.modified_move_speed"
									},
									{
										"look_at_target": 0.6
									},
									{
										"sit": "query.is_sitting"
									},
									"float"
								]
							},
							"render_controllers": [
								"controller.render.ghost_pet"
							],
							"spawn_egg": {
								"texture": "spawn_egg",
								"texture_index": 1
							}
						}
					}
				},
				"key": "minecraft:client_entity",
				"children": [
					{
						"open": {
							"description": {
								"identifier": "boi:ghost_pet",
								"min_engine_version": "1.8.0",
								"materials": {
									"default": "slime_outer"
								},
								"textures": {
									"a": "textures/entity/ghost_pet_a",
									"b": "textures/entity/ghost_pet_b",
									"c": "textures/entity/ghost_pet_c",
									"default": "textures/entity/ghost_pet_c"
								},
								"geometry": {
									"default": "geometry.ghost.pet"
								},
								"animations": {
									"setup": "animation.cow.setup",
									"walk": "animation.quadruped.walk",
									"look_at_target": "animation.common.look_at_target",
									"sit": "animation.ghost.pet.sit",
									"float": "animation.ghost.pet.float"
								},
								"scripts": {
									"animate": [
										"setup",
										{
											"walk": "query.modified_move_speed"
										},
										{
											"look_at_target": 0.6
										},
										{
											"sit": "query.is_sitting"
										},
										"float"
									]
								},
								"render_controllers": [
									"controller.render.ghost_pet"
								],
								"spawn_egg": {
									"texture": "spawn_egg",
									"texture_index": 1
								}
							}
						},
						"key": "description",
						"children": [
							{
								"data": "boi:ghost_pet",
								"key": "identifier"
							},
							{
								"data": "1.8.0",
								"key": "min_engine_version"
							},
							{
								"open": {
									"identifier": "boi:ghost_pet",
									"min_engine_version": "1.8.0",
									"materials": {
										"default": "slime_outer"
									},
									"textures": {
										"a": "textures/entity/ghost_pet_a",
										"b": "textures/entity/ghost_pet_b",
										"c": "textures/entity/ghost_pet_c",
										"default": "textures/entity/ghost_pet_c"
									},
									"geometry": {
										"default": "geometry.ghost.pet"
									},
									"animations": {
										"setup": "animation.cow.setup",
										"walk": "animation.quadruped.walk",
										"look_at_target": "animation.common.look_at_target",
										"sit": "animation.ghost.pet.sit",
										"float": "animation.ghost.pet.float"
									},
									"scripts": {
										"animate": [
											"setup",
											{
												"walk": "query.modified_move_speed"
											},
											{
												"look_at_target": 0.6
											},
											{
												"sit": "query.is_sitting"
											},
											"float"
										]
									},
									"render_controllers": [
										"controller.render.ghost_pet"
									],
									"spawn_egg": {
										"texture": "spawn_egg",
										"texture_index": 1
									}
								},
								"key": "materials",
								"is_minified": true,
								"children": {
									"default": "slime_outer"
								}
							},
							{
								"open": {
									"identifier": "boi:ghost_pet",
									"min_engine_version": "1.8.0",
									"materials": {
										"default": "slime_outer"
									},
									"textures": {
										"a": "textures/entity/ghost_pet_a",
										"b": "textures/entity/ghost_pet_b",
										"c": "textures/entity/ghost_pet_c",
										"default": "textures/entity/ghost_pet_c"
									},
									"geometry": {
										"default": "geometry.ghost.pet"
									},
									"animations": {
										"setup": "animation.cow.setup",
										"walk": "animation.quadruped.walk",
										"look_at_target": "animation.common.look_at_target",
										"sit": "animation.ghost.pet.sit",
										"float": "animation.ghost.pet.float"
									},
									"scripts": {
										"animate": [
											"setup",
											{
												"walk": "query.modified_move_speed"
											},
											{
												"look_at_target": 0.6
											},
											{
												"sit": "query.is_sitting"
											},
											"float"
										]
									},
									"render_controllers": [
										"controller.render.ghost_pet"
									],
									"spawn_egg": {
										"texture": "spawn_egg",
										"texture_index": 1
									}
								},
								"key": "textures",
								"is_minified": true,
								"children": {
									"a": "textures/entity/ghost_pet_a",
									"b": "textures/entity/ghost_pet_b",
									"c": "textures/entity/ghost_pet_c",
									"default": "textures/entity/ghost_pet_c"
								}
							},
							{
								"key": "geometry",
								"is_minified": true,
								"children": {
									"default": "geometry.ghost.pet"
								}
							},
							{
								"open": {
									"identifier": "boi:ghost_pet",
									"min_engine_version": "1.8.0",
									"materials": {
										"default": "slime_outer"
									},
									"textures": {
										"a": "textures/entity/ghost_pet_a",
										"b": "textures/entity/ghost_pet_b",
										"c": "textures/entity/ghost_pet_c",
										"default": "textures/entity/ghost_pet_c"
									},
									"geometry": {
										"default": "geometry.ghost.pet"
									},
									"animations": {
										"setup": "animation.cow.setup",
										"walk": "animation.quadruped.walk",
										"look_at_target": "animation.common.look_at_target",
										"sit": "animation.ghost.pet.sit",
										"float": "animation.ghost.pet.float"
									},
									"scripts": {
										"animate": [
											"setup",
											{
												"walk": "query.modified_move_speed"
											},
											{
												"look_at_target": 0.6
											},
											{
												"sit": "query.is_sitting"
											},
											"float"
										]
									},
									"render_controllers": [
										"controller.render.ghost_pet"
									],
									"spawn_egg": {
										"texture": "spawn_egg",
										"texture_index": 1
									}
								},
								"key": "animations",
								"is_minified": true,
								"children": {
									"setup": "animation.cow.setup",
									"walk": "animation.quadruped.walk",
									"look_at_target": "animation.common.look_at_target",
									"sit": "animation.ghost.pet.sit",
									"float": "animation.ghost.pet.float"
								}
							},
							{
								"open": {
									"identifier": "boi:ghost_pet",
									"min_engine_version": "1.8.0",
									"materials": {
										"default": "slime_outer"
									},
									"textures": {
										"a": "textures/entity/ghost_pet_a",
										"b": "textures/entity/ghost_pet_b",
										"c": "textures/entity/ghost_pet_c",
										"default": "textures/entity/ghost_pet_c"
									},
									"geometry": {
										"default": "geometry.ghost.pet"
									},
									"animations": {
										"setup": "animation.cow.setup",
										"walk": "animation.quadruped.walk",
										"look_at_target": "animation.common.look_at_target",
										"sit": "animation.ghost.pet.sit",
										"float": "animation.ghost.pet.float"
									},
									"scripts": {
										"animate": [
											"setup",
											{
												"walk": "query.modified_move_speed"
											},
											{
												"look_at_target": 0.6
											},
											{
												"sit": "query.is_sitting"
											},
											"float"
										]
									},
									"render_controllers": [
										"controller.render.ghost_pet"
									],
									"spawn_egg": {
										"texture": "spawn_egg",
										"texture_index": 1
									}
								},
								"key": "scripts",
								"children": [
									{
										"open": {
											"animate": [
												"setup",
												{
													"walk": "query.modified_move_speed"
												},
												{
													"look_at_target": 0.6
												},
												{
													"sit": "query.is_sitting"
												},
												"float"
											]
										},
										"key": "animate",
										"is_minified": true,
										"children": [
											"setup",
											{
												"walk": "query.modified_move_speed"
											},
											{
												"look_at_target": 0.6
											},
											{
												"sit": "query.is_sitting"
											},
											"float"
										]
									}
								]
							},
							{
								"open": {
									"identifier": "boi:ghost_pet",
									"min_engine_version": "1.8.0",
									"materials": {
										"default": "slime_outer"
									},
									"textures": {
										"a": "textures/entity/ghost_pet_a",
										"b": "textures/entity/ghost_pet_b",
										"c": "textures/entity/ghost_pet_c",
										"default": "textures/entity/ghost_pet_c"
									},
									"geometry": {
										"default": "geometry.ghost.pet"
									},
									"animations": {
										"setup": "animation.cow.setup",
										"walk": "animation.quadruped.walk",
										"look_at_target": "animation.common.look_at_target",
										"sit": "animation.ghost.pet.sit",
										"float": "animation.ghost.pet.float"
									},
									"scripts": {
										"animate": [
											"setup",
											{
												"walk": "query.modified_move_speed"
											},
											{
												"look_at_target": 0.6
											},
											{
												"sit": "query.is_sitting"
											},
											"float"
										]
									},
									"render_controllers": [
										"controller.render.ghost_pet"
									],
									"spawn_egg": {
										"texture": "spawn_egg",
										"texture_index": 1
									}
								},
								"key": "render_controllers",
								"is_minified": true,
								"children": [
									"controller.render.ghost_pet"
								]
							},
							{
								"key": "spawn_egg",
								"is_minified": true,
								"children": {
									"texture": "spawn_egg",
									"texture_index": 1
								}
							}
						]
					}
				]
			}
		]
	}
}