{
	"file_path": "C:\\Users\\fiddy\\AppData\\Local\\Packages\\Microsoft.MinecraftUWP_8wekyb3d8bbwe\\LocalState\\games\\com.mojang\\development_resource_packs\\SeasonalDecorRP\\entity\\ghost_cat.json",
	"file_type": "client_entity",
	"format_version": 1,
	"file_uuid": "28f1f769_8435_468d_9417_edab20ccd64d",
	"file_version": 13,
	"cache_content": {
		"children": [
			{
				"data": "1.8.0",
				"key": "format_version"
			},
			{
				"open": {
					"format_version": "1.8.0",
					"minecraft:client_entity": {
						"description": {
							"identifier": "boi:ghost_cat",
							"materials": {
								"default": "slime_outer"
							},
							"textures": {
								"white": "textures/entity/ghost_cat",
								"black": "textures/entity/cat/tuxedo",
								"red": "textures/entity/cat/redtabby",
								"siamese": "textures/entity/cat/siamesecat",
								"british": "textures/entity/cat/britishshorthair",
								"calico": "textures/entity/cat/calico",
								"persian": "textures/entity/cat/persian",
								"ragdoll": "textures/entity/cat/ragdoll",
								"tabby": "textures/entity/cat/tabby",
								"jellie": "textures/entity/cat/jellie",
								"all_black": "textures/entity/cat/allblackcat",
								"white_tame": "textures/entity/ghost_cat",
								"black_tame": "textures/entity/cat/tuxedo_tame",
								"red_tame": "textures/entity/cat/redtabby_tame",
								"siamese_tame": "textures/entity/cat/siamesecat_tame",
								"british_tame": "textures/entity/cat/britishshorthair_tame",
								"calico_tame": "textures/entity/cat/calico_tame",
								"persian_tame": "textures/entity/cat/persian_tame",
								"ragdoll_tame": "textures/entity/cat/ragdoll_tame",
								"tabby_tame": "textures/entity/cat/tabby_tame",
								"all_black_tame": "textures/entity/cat/allblackcat_tame",
								"jellie_tame": "textures/entity/cat/jellie_tame"
							},
							"geometry": {
								"default": "geometry.ghost_cat"
							},
							"animations": {
								"sneak": "animation.cat.sneak",
								"walk": "animation.cat.walk",
								"sprint": "animation.cat.sprint",
								"sit": "animation.cat.sit",
								"look_at_target": "animation.common.look_at_target",
								"baby_transform": "animation.cat.baby_transform",
								"lie_down": "animation.cat.lie_down",
								"ghost_float": "animation.ghost_cat.float"
							},
							"animation_controllers": [
								{
									"look_at_target": "controller.animation.cat.look_at_target"
								},
								{
									"move": "controller.animation.ghost_cat.move"
								},
								{
									"baby": "controller.animation.cat.baby"
								}
							],
							"render_controllers": [
								"controller.render.cat"
							],
							"spawn_egg": {
								"texture": "spawn_egg",
								"texture_index": 53
							}
						}
					}
				},
				"key": "minecraft:client_entity",
				"children": [
					{
						"open": {
							"description": {
								"identifier": "boi:ghost_cat",
								"materials": {
									"default": "slime_outer"
								},
								"textures": {
									"white": "textures/entity/ghost_cat",
									"black": "textures/entity/cat/tuxedo",
									"red": "textures/entity/cat/redtabby",
									"siamese": "textures/entity/cat/siamesecat",
									"british": "textures/entity/cat/britishshorthair",
									"calico": "textures/entity/cat/calico",
									"persian": "textures/entity/cat/persian",
									"ragdoll": "textures/entity/cat/ragdoll",
									"tabby": "textures/entity/cat/tabby",
									"jellie": "textures/entity/cat/jellie",
									"all_black": "textures/entity/cat/allblackcat",
									"white_tame": "textures/entity/ghost_cat",
									"black_tame": "textures/entity/cat/tuxedo_tame",
									"red_tame": "textures/entity/cat/redtabby_tame",
									"siamese_tame": "textures/entity/cat/siamesecat_tame",
									"british_tame": "textures/entity/cat/britishshorthair_tame",
									"calico_tame": "textures/entity/cat/calico_tame",
									"persian_tame": "textures/entity/cat/persian_tame",
									"ragdoll_tame": "textures/entity/cat/ragdoll_tame",
									"tabby_tame": "textures/entity/cat/tabby_tame",
									"all_black_tame": "textures/entity/cat/allblackcat_tame",
									"jellie_tame": "textures/entity/cat/jellie_tame"
								},
								"geometry": {
									"default": "geometry.ghost_cat"
								},
								"animations": {
									"sneak": "animation.cat.sneak",
									"walk": "animation.cat.walk",
									"sprint": "animation.cat.sprint",
									"sit": "animation.cat.sit",
									"look_at_target": "animation.common.look_at_target",
									"baby_transform": "animation.cat.baby_transform",
									"lie_down": "animation.cat.lie_down",
									"ghost_float": "animation.ghost_cat.float"
								},
								"animation_controllers": [
									{
										"look_at_target": "controller.animation.cat.look_at_target"
									},
									{
										"move": "controller.animation.ghost_cat.move"
									},
									{
										"baby": "controller.animation.cat.baby"
									}
								],
								"render_controllers": [
									"controller.render.cat"
								],
								"spawn_egg": {
									"texture": "spawn_egg",
									"texture_index": 53
								}
							}
						},
						"key": "description",
						"children": [
							{
								"data": "boi:ghost_cat",
								"key": "identifier"
							},
							{
								"key": "materials",
								"is_minified": true,
								"children": {
									"default": "slime_outer"
								}
							},
							{
								"open": {
									"identifier": "boi:ghost_cat",
									"materials": {
										"default": "slime_outer"
									},
									"textures": {
										"white": "textures/entity/ghost_cat",
										"black": "textures/entity/cat/tuxedo",
										"red": "textures/entity/cat/redtabby",
										"siamese": "textures/entity/cat/siamesecat",
										"british": "textures/entity/cat/britishshorthair",
										"calico": "textures/entity/cat/calico",
										"persian": "textures/entity/cat/persian",
										"ragdoll": "textures/entity/cat/ragdoll",
										"tabby": "textures/entity/cat/tabby",
										"jellie": "textures/entity/cat/jellie",
										"all_black": "textures/entity/cat/allblackcat",
										"white_tame": "textures/entity/ghost_cat",
										"black_tame": "textures/entity/cat/tuxedo_tame",
										"red_tame": "textures/entity/cat/redtabby_tame",
										"siamese_tame": "textures/entity/cat/siamesecat_tame",
										"british_tame": "textures/entity/cat/britishshorthair_tame",
										"calico_tame": "textures/entity/cat/calico_tame",
										"persian_tame": "textures/entity/cat/persian_tame",
										"ragdoll_tame": "textures/entity/cat/ragdoll_tame",
										"tabby_tame": "textures/entity/cat/tabby_tame",
										"all_black_tame": "textures/entity/cat/allblackcat_tame",
										"jellie_tame": "textures/entity/cat/jellie_tame"
									},
									"geometry": {
										"default": "geometry.ghost_cat"
									},
									"animations": {
										"sneak": "animation.cat.sneak",
										"walk": "animation.cat.walk",
										"sprint": "animation.cat.sprint",
										"sit": "animation.cat.sit",
										"look_at_target": "animation.common.look_at_target",
										"baby_transform": "animation.cat.baby_transform",
										"lie_down": "animation.cat.lie_down",
										"ghost_float": "animation.ghost_cat.float"
									},
									"animation_controllers": [
										{
											"look_at_target": "controller.animation.cat.look_at_target"
										},
										{
											"move": "controller.animation.ghost_cat.move"
										},
										{
											"baby": "controller.animation.cat.baby"
										}
									],
									"render_controllers": [
										"controller.render.cat"
									],
									"spawn_egg": {
										"texture": "spawn_egg",
										"texture_index": 53
									}
								},
								"key": "textures",
								"is_minified": true,
								"children": {
									"white": "textures/entity/ghost_cat",
									"black": "textures/entity/cat/tuxedo",
									"red": "textures/entity/cat/redtabby",
									"siamese": "textures/entity/cat/siamesecat",
									"british": "textures/entity/cat/britishshorthair",
									"calico": "textures/entity/cat/calico",
									"persian": "textures/entity/cat/persian",
									"ragdoll": "textures/entity/cat/ragdoll",
									"tabby": "textures/entity/cat/tabby",
									"jellie": "textures/entity/cat/jellie",
									"all_black": "textures/entity/cat/allblackcat",
									"white_tame": "textures/entity/ghost_cat",
									"black_tame": "textures/entity/cat/tuxedo_tame",
									"red_tame": "textures/entity/cat/redtabby_tame",
									"siamese_tame": "textures/entity/cat/siamesecat_tame",
									"british_tame": "textures/entity/cat/britishshorthair_tame",
									"calico_tame": "textures/entity/cat/calico_tame",
									"persian_tame": "textures/entity/cat/persian_tame",
									"ragdoll_tame": "textures/entity/cat/ragdoll_tame",
									"tabby_tame": "textures/entity/cat/tabby_tame",
									"all_black_tame": "textures/entity/cat/allblackcat_tame",
									"jellie_tame": "textures/entity/cat/jellie_tame"
								}
							},
							{
								"key": "geometry",
								"is_minified": true,
								"children": {
									"default": "geometry.ghost_cat"
								}
							},
							{
								"open": {
									"identifier": "boi:ghost_cat",
									"materials": {
										"default": "slime_outer"
									},
									"textures": {
										"white": "textures/entity/ghost_cat",
										"black": "textures/entity/cat/tuxedo",
										"red": "textures/entity/cat/redtabby",
										"siamese": "textures/entity/cat/siamesecat",
										"british": "textures/entity/cat/britishshorthair",
										"calico": "textures/entity/cat/calico",
										"persian": "textures/entity/cat/persian",
										"ragdoll": "textures/entity/cat/ragdoll",
										"tabby": "textures/entity/cat/tabby",
										"jellie": "textures/entity/cat/jellie",
										"all_black": "textures/entity/cat/allblackcat",
										"white_tame": "textures/entity/ghost_cat",
										"black_tame": "textures/entity/cat/tuxedo_tame",
										"red_tame": "textures/entity/cat/redtabby_tame",
										"siamese_tame": "textures/entity/cat/siamesecat_tame",
										"british_tame": "textures/entity/cat/britishshorthair_tame",
										"calico_tame": "textures/entity/cat/calico_tame",
										"persian_tame": "textures/entity/cat/persian_tame",
										"ragdoll_tame": "textures/entity/cat/ragdoll_tame",
										"tabby_tame": "textures/entity/cat/tabby_tame",
										"all_black_tame": "textures/entity/cat/allblackcat_tame",
										"jellie_tame": "textures/entity/cat/jellie_tame"
									},
									"geometry": {
										"default": "geometry.ghost_cat"
									},
									"animations": {
										"sneak": "animation.cat.sneak",
										"walk": "animation.cat.walk",
										"sprint": "animation.cat.sprint",
										"sit": "animation.cat.sit",
										"look_at_target": "animation.common.look_at_target",
										"baby_transform": "animation.cat.baby_transform",
										"lie_down": "animation.cat.lie_down",
										"ghost_float": "animation.ghost_cat.float"
									},
									"animation_controllers": [
										{
											"look_at_target": "controller.animation.cat.look_at_target"
										},
										{
											"move": "controller.animation.ghost_cat.move"
										},
										{
											"baby": "controller.animation.cat.baby"
										}
									],
									"render_controllers": [
										"controller.render.cat"
									],
									"spawn_egg": {
										"texture": "spawn_egg",
										"texture_index": 53
									}
								},
								"key": "animations",
								"is_minified": true,
								"children": {
									"sneak": "animation.cat.sneak",
									"walk": "animation.cat.walk",
									"sprint": "animation.cat.sprint",
									"sit": "animation.cat.sit",
									"look_at_target": "animation.common.look_at_target",
									"baby_transform": "animation.cat.baby_transform",
									"lie_down": "animation.cat.lie_down",
									"ghost_float": "animation.ghost_cat.float"
								}
							},
							{
								"open": {
									"identifier": "boi:ghost_cat",
									"materials": {
										"default": "slime_outer"
									},
									"textures": {
										"white": "textures/entity/ghost_cat",
										"black": "textures/entity/cat/tuxedo",
										"red": "textures/entity/cat/redtabby",
										"siamese": "textures/entity/cat/siamesecat",
										"british": "textures/entity/cat/britishshorthair",
										"calico": "textures/entity/cat/calico",
										"persian": "textures/entity/cat/persian",
										"ragdoll": "textures/entity/cat/ragdoll",
										"tabby": "textures/entity/cat/tabby",
										"jellie": "textures/entity/cat/jellie",
										"all_black": "textures/entity/cat/allblackcat",
										"white_tame": "textures/entity/ghost_cat",
										"black_tame": "textures/entity/cat/tuxedo_tame",
										"red_tame": "textures/entity/cat/redtabby_tame",
										"siamese_tame": "textures/entity/cat/siamesecat_tame",
										"british_tame": "textures/entity/cat/britishshorthair_tame",
										"calico_tame": "textures/entity/cat/calico_tame",
										"persian_tame": "textures/entity/cat/persian_tame",
										"ragdoll_tame": "textures/entity/cat/ragdoll_tame",
										"tabby_tame": "textures/entity/cat/tabby_tame",
										"all_black_tame": "textures/entity/cat/allblackcat_tame",
										"jellie_tame": "textures/entity/cat/jellie_tame"
									},
									"geometry": {
										"default": "geometry.ghost_cat"
									},
									"animations": {
										"sneak": "animation.cat.sneak",
										"walk": "animation.cat.walk",
										"sprint": "animation.cat.sprint",
										"sit": "animation.cat.sit",
										"look_at_target": "animation.common.look_at_target",
										"baby_transform": "animation.cat.baby_transform",
										"lie_down": "animation.cat.lie_down",
										"ghost_float": "animation.ghost_cat.float"
									},
									"animation_controllers": [
										{
											"look_at_target": "controller.animation.cat.look_at_target"
										},
										{
											"move": "controller.animation.ghost_cat.move"
										},
										{
											"baby": "controller.animation.cat.baby"
										}
									],
									"render_controllers": [
										"controller.render.cat"
									],
									"spawn_egg": {
										"texture": "spawn_egg",
										"texture_index": 53
									}
								},
								"key": "animation_controllers",
								"children": [
									{
										"is_minified": true,
										"children": {
											"look_at_target": "controller.animation.cat.look_at_target"
										}
									},
									{
										"open": [
											{
												"look_at_target": "controller.animation.cat.look_at_target"
											},
											{
												"move": "controller.animation.ghost_cat.move"
											},
											{
												"baby": "controller.animation.cat.baby"
											}
										],
										"is_minified": true,
										"children": {
											"move": "controller.animation.ghost_cat.move"
										}
									},
									{
										"is_minified": true,
										"children": {
											"baby": "controller.animation.cat.baby"
										}
									}
								]
							},
							{
								"key": "render_controllers",
								"is_minified": true,
								"children": [
									"controller.render.cat"
								]
							},
							{
								"key": "spawn_egg",
								"is_minified": true,
								"children": {
									"texture": "spawn_egg",
									"texture_index": 53
								}
							}
						]
					}
				]
			}
		]
	}
}