{
	"file_path": "C:\\Users\\fiddy\\AppData\\Local\\Packages\\Microsoft.MinecraftUWP_8wekyb3d8bbwe\\LocalState\\games\\com.mojang\\development_resource_packs\\H_DecorR\\entity\\halloween_trader.entity.json",
	"file_type": "client_entity",
	"format_version": 1,
	"file_uuid": "c5741d99_d6fb_4bee_a5c0_4231141f0214",
	"file_version": 0,
	"cache_content": {
		"children": [
			{
				"data": "1.8.0",
				"key": "format_version"
			},
			{
				"open": {
					"format_version": "1.8.0",
					"minecraft:client_entity": {
						"description": {
							"identifier": "boi:halloween_trader",
							"min_engine_version": "1.8.0",
							"materials": {
								"default": "witch"
							},
							"textures": {
								"default": "textures/entity/halloween_trader"
							},
							"geometry": {
								"default": "geometry.villager.witch.v1.8"
							},
							"scripts": {
								"scale": 0.9375
							},
							"animations": {
								"villager_general": "animation.villager.general",
								"look_at_target": "animation.common.look_at_target",
								"move": "animation.villager.move",
								"general": "animation.witch.general"
							},
							"animation_controllers": [
								{
									"general": "controller.animation.witch.general"
								},
								{
									"move": "controller.animation.villager.move"
								}
							],
							"render_controllers": [
								"controller.render.witch"
							],
							"spawn_egg": {
								"texture": "egg_halloween_trader"
							}
						}
					}
				},
				"key": "minecraft:client_entity",
				"children": [
					{
						"open": {
							"description": {
								"identifier": "boi:halloween_trader",
								"min_engine_version": "1.8.0",
								"materials": {
									"default": "witch"
								},
								"textures": {
									"default": "textures/entity/halloween_trader"
								},
								"geometry": {
									"default": "geometry.villager.witch.v1.8"
								},
								"scripts": {
									"scale": 0.9375
								},
								"animations": {
									"villager_general": "animation.villager.general",
									"look_at_target": "animation.common.look_at_target",
									"move": "animation.villager.move",
									"general": "animation.witch.general"
								},
								"animation_controllers": [
									{
										"general": "controller.animation.witch.general"
									},
									{
										"move": "controller.animation.villager.move"
									}
								],
								"render_controllers": [
									"controller.render.witch"
								],
								"spawn_egg": {
									"texture": "egg_halloween_trader"
								}
							}
						},
						"key": "description",
						"children": [
							{
								"data": "boi:halloween_trader",
								"key": "identifier"
							},
							{
								"data": "1.8.0",
								"key": "min_engine_version"
							},
							{
								"key": "materials",
								"is_minified": true,
								"children": {
									"default": "witch"
								}
							},
							{
								"key": "textures",
								"is_minified": true,
								"children": {
									"default": "textures/entity/halloween_trader"
								}
							},
							{
								"key": "geometry",
								"is_minified": true,
								"children": {
									"default": "geometry.villager.witch.v1.8"
								}
							},
							{
								"key": "scripts",
								"is_minified": true,
								"children": {
									"scale": 0.9375
								}
							},
							{
								"key": "animations",
								"is_minified": true,
								"children": {
									"villager_general": "animation.villager.general",
									"look_at_target": "animation.common.look_at_target",
									"move": "animation.villager.move",
									"general": "animation.witch.general"
								}
							},
							{
								"key": "animation_controllers",
								"is_minified": true,
								"children": [
									{
										"general": "controller.animation.witch.general"
									},
									{
										"move": "controller.animation.villager.move"
									}
								]
							},
							{
								"key": "render_controllers",
								"is_minified": true,
								"children": [
									"controller.render.witch"
								]
							},
							{
								"open": {
									"identifier": "boi:halloween_trader",
									"min_engine_version": "1.8.0",
									"materials": {
										"default": "witch"
									},
									"textures": {
										"default": "textures/entity/halloween_trader"
									},
									"geometry": {
										"default": "geometry.villager.witch.v1.8"
									},
									"scripts": {
										"scale": 0.9375
									},
									"animations": {
										"villager_general": "animation.villager.general",
										"look_at_target": "animation.common.look_at_target",
										"move": "animation.villager.move",
										"general": "animation.witch.general"
									},
									"animation_controllers": [
										{
											"general": "controller.animation.witch.general"
										},
										{
											"move": "controller.animation.villager.move"
										}
									],
									"render_controllers": [
										"controller.render.witch"
									],
									"spawn_egg": {
										"texture": "egg_halloween_trader"
									}
								},
								"key": "spawn_egg",
								"is_minified": true,
								"children": {
									"texture": "egg_halloween_trader"
								}
							}
						]
					}
				]
			}
		]
	}
}