{
	"file_path": "C:\\Users\\fiddy\\AppData\\Local\\Packages\\Microsoft.MinecraftUWP_8wekyb3d8bbwe\\LocalState\\games\\com.mojang\\development_resource_packs\\SeasonalDecorRP\\entity\\pumpkin_pet.json",
	"file_type": "client_entity",
	"format_version": 1,
	"file_uuid": "dae63ccd_fbaf_4be1_8fbb_cf230fcac7bd",
	"file_version": 29,
	"cache_content": {
		"children": [
			{
				"open": {
					"format_version": "1.10.0",
					"minecraft:client_entity": {
						"description": {
							"identifier": "boi:pumpkin_pet",
							"materials": {
								"default": "wolf",
								"outer": "enderman"
							},
							"textures": {
								"default": "textures/entity/pumpkin_pet",
								"first": "textures/entity/pumpkin_face0",
								"second": "textures/entity/pumpkin_face1",
								"third": "textures/entity/pumpkin_face2",
								"fourth": "textures/entity/pumpkin_face3",
								"fifth": "textures/entity/pumpkin_face4"
							},
							"geometry": {
								"default": "geometry.pumpkin.pet",
								"armor": "geometry.pumpkin.face"
							},
							"animations": {
								"walk": "animation.pumpkin.pet.hop",
								"look_at_target": "animation.common.look_at_target",
								"sit": "animation.pumpkin.pet.sit"
							},
							"scripts": {
								"animate": [
									{
										"walk": "query.modified_move_speed *1.7"
									},
									"look_at_target",
									{
										"sit": "query.is_sitting*0.7"
									}
								]
							},
							"render_controllers": [
								"controller.render.cow",
								"controller.render.pumpkin_face"
							],
							"spawn_egg": {
								"texture": "spawn_egg",
								"texture_index": 1
							},
							"min_engine_version": "1.8.0"
						}
					}
				},
				"data": "1.10.0",
				"key": "format_version"
			},
			{
				"open": {
					"format_version": "1.10.0",
					"minecraft:client_entity": {
						"description": {
							"identifier": "boi:pumpkin_pet",
							"materials": {
								"default": "wolf",
								"outer": "enderman"
							},
							"textures": {
								"default": "textures/entity/pumpkin_pet",
								"first": "textures/entity/pumpkin_face0",
								"second": "textures/entity/pumpkin_face1",
								"third": "textures/entity/pumpkin_face2",
								"fourth": "textures/entity/pumpkin_face3",
								"fifth": "textures/entity/pumpkin_face4"
							},
							"geometry": {
								"default": "geometry.pumpkin.pet",
								"armor": "geometry.pumpkin.face"
							},
							"animations": {
								"walk": "animation.pumpkin.pet.hop",
								"look_at_target": "animation.common.look_at_target",
								"sit": "animation.pumpkin.pet.sit"
							},
							"scripts": {
								"animate": [
									{
										"walk": "query.modified_move_speed *1.7"
									},
									"look_at_target",
									{
										"sit": "query.is_sitting*0.7"
									}
								]
							},
							"render_controllers": [
								"controller.render.cow",
								"controller.render.pumpkin_face"
							],
							"spawn_egg": {
								"texture": "spawn_egg",
								"texture_index": 1
							},
							"min_engine_version": "1.8.0"
						}
					}
				},
				"key": "minecraft:client_entity",
				"children": [
					{
						"open": {
							"description": {
								"identifier": "boi:pumpkin_pet",
								"materials": {
									"default": "wolf",
									"outer": "enderman"
								},
								"textures": {
									"default": "textures/entity/pumpkin_pet",
									"first": "textures/entity/pumpkin_face0",
									"second": "textures/entity/pumpkin_face1",
									"third": "textures/entity/pumpkin_face2",
									"fourth": "textures/entity/pumpkin_face3",
									"fifth": "textures/entity/pumpkin_face4"
								},
								"geometry": {
									"default": "geometry.pumpkin.pet",
									"armor": "geometry.pumpkin.face"
								},
								"animations": {
									"walk": "animation.pumpkin.pet.hop",
									"look_at_target": "animation.common.look_at_target",
									"sit": "animation.pumpkin.pet.sit"
								},
								"scripts": {
									"animate": [
										{
											"walk": "query.modified_move_speed *1.7"
										},
										"look_at_target",
										{
											"sit": "query.is_sitting*0.7"
										}
									]
								},
								"render_controllers": [
									"controller.render.cow",
									"controller.render.pumpkin_face"
								],
								"spawn_egg": {
									"texture": "spawn_egg",
									"texture_index": 1
								},
								"min_engine_version": "1.8.0"
							}
						},
						"key": "description",
						"children": [
							{
								"open": {
									"identifier": "boi:pumpkin_pet",
									"materials": {
										"default": "wolf",
										"outer": "enderman"
									},
									"textures": {
										"default": "textures/entity/pumpkin_pet",
										"first": "textures/entity/pumpkin_face0",
										"second": "textures/entity/pumpkin_face1",
										"third": "textures/entity/pumpkin_face2",
										"fourth": "textures/entity/pumpkin_face3",
										"fifth": "textures/entity/pumpkin_face4"
									},
									"geometry": {
										"default": "geometry.pumpkin.pet",
										"armor": "geometry.pumpkin.face"
									},
									"animations": {
										"walk": "animation.pumpkin.pet.hop",
										"look_at_target": "animation.common.look_at_target",
										"sit": "animation.pumpkin.pet.sit"
									},
									"scripts": {
										"animate": [
											{
												"walk": "query.modified_move_speed *1.7"
											},
											"look_at_target",
											{
												"sit": "query.is_sitting*0.7"
											}
										]
									},
									"render_controllers": [
										"controller.render.cow",
										"controller.render.pumpkin_face"
									],
									"spawn_egg": {
										"texture": "spawn_egg",
										"texture_index": 1
									},
									"min_engine_version": "1.8.0"
								},
								"data": "boi:pumpkin_pet",
								"key": "identifier"
							},
							{
								"open": {
									"identifier": "boi:pumpkin_pet",
									"materials": {
										"default": "wolf",
										"outer": "enderman"
									},
									"textures": {
										"default": "textures/entity/pumpkin_pet",
										"first": "textures/entity/pumpkin_face0",
										"second": "textures/entity/pumpkin_face1",
										"third": "textures/entity/pumpkin_face2",
										"fourth": "textures/entity/pumpkin_face3",
										"fifth": "textures/entity/pumpkin_face4"
									},
									"geometry": {
										"default": "geometry.pumpkin.pet",
										"armor": "geometry.pumpkin.face"
									},
									"animations": {
										"walk": "animation.pumpkin.pet.hop",
										"look_at_target": "animation.common.look_at_target",
										"sit": "animation.pumpkin.pet.sit"
									},
									"scripts": {
										"animate": [
											{
												"walk": "query.modified_move_speed *1.7"
											},
											"look_at_target",
											{
												"sit": "query.is_sitting*0.7"
											}
										]
									},
									"render_controllers": [
										"controller.render.cow",
										"controller.render.pumpkin_face"
									],
									"spawn_egg": {
										"texture": "spawn_egg",
										"texture_index": 1
									},
									"min_engine_version": "1.8.0"
								},
								"key": "materials",
								"is_minified": true,
								"children": {
									"default": "wolf",
									"outer": "enderman"
								}
							},
							{
								"open": {
									"identifier": "boi:pumpkin_pet",
									"materials": {
										"default": "wolf",
										"outer": "enderman"
									},
									"textures": {
										"default": "textures/entity/pumpkin_pet",
										"first": "textures/entity/pumpkin_face0",
										"second": "textures/entity/pumpkin_face1",
										"third": "textures/entity/pumpkin_face2",
										"fourth": "textures/entity/pumpkin_face3",
										"fifth": "textures/entity/pumpkin_face4"
									},
									"geometry": {
										"default": "geometry.pumpkin.pet",
										"armor": "geometry.pumpkin.face"
									},
									"animations": {
										"walk": "animation.pumpkin.pet.hop",
										"look_at_target": "animation.common.look_at_target",
										"sit": "animation.pumpkin.pet.sit"
									},
									"scripts": {
										"animate": [
											{
												"walk": "query.modified_move_speed *1.7"
											},
											"look_at_target",
											{
												"sit": "query.is_sitting*0.7"
											}
										]
									},
									"render_controllers": [
										"controller.render.cow",
										"controller.render.pumpkin_face"
									],
									"spawn_egg": {
										"texture": "spawn_egg",
										"texture_index": 1
									},
									"min_engine_version": "1.8.0"
								},
								"key": "textures",
								"is_minified": true,
								"children": {
									"default": "textures/entity/pumpkin_pet",
									"first": "textures/entity/pumpkin_face0",
									"second": "textures/entity/pumpkin_face1",
									"third": "textures/entity/pumpkin_face2",
									"fourth": "textures/entity/pumpkin_face3",
									"fifth": "textures/entity/pumpkin_face4"
								}
							},
							{
								"open": {
									"identifier": "boi:pumpkin_pet",
									"materials": {
										"default": "wolf",
										"outer": "enderman"
									},
									"textures": {
										"default": "textures/entity/pumpkin_pet",
										"first": "textures/entity/pumpkin_face0",
										"second": "textures/entity/pumpkin_face1",
										"third": "textures/entity/pumpkin_face2",
										"fourth": "textures/entity/pumpkin_face3",
										"fifth": "textures/entity/pumpkin_face4"
									},
									"geometry": {
										"default": "geometry.pumpkin.pet",
										"armor": "geometry.pumpkin.face"
									},
									"animations": {
										"walk": "animation.pumpkin.pet.hop",
										"look_at_target": "animation.common.look_at_target",
										"sit": "animation.pumpkin.pet.sit"
									},
									"scripts": {
										"animate": [
											{
												"walk": "query.modified_move_speed *1.7"
											},
											"look_at_target",
											{
												"sit": "query.is_sitting*0.7"
											}
										]
									},
									"render_controllers": [
										"controller.render.cow",
										"controller.render.pumpkin_face"
									],
									"spawn_egg": {
										"texture": "spawn_egg",
										"texture_index": 1
									},
									"min_engine_version": "1.8.0"
								},
								"key": "geometry",
								"is_minified": true,
								"children": {
									"default": "geometry.pumpkin.pet",
									"armor": "geometry.pumpkin.face"
								}
							},
							{
								"key": "animations",
								"is_minified": true,
								"children": {
									"walk": "animation.pumpkin.pet.hop",
									"look_at_target": "animation.common.look_at_target",
									"sit": "animation.pumpkin.pet.sit"
								}
							},
							{
								"open": {
									"identifier": "boi:pumpkin_pet",
									"materials": {
										"default": "wolf",
										"outer": "enderman"
									},
									"textures": {
										"default": "textures/entity/pumpkin_pet",
										"first": "textures/entity/pumpkin_face0",
										"second": "textures/entity/pumpkin_face1",
										"third": "textures/entity/pumpkin_face2",
										"fourth": "textures/entity/pumpkin_face3",
										"fifth": "textures/entity/pumpkin_face4"
									},
									"geometry": {
										"default": "geometry.pumpkin.pet",
										"armor": "geometry.pumpkin.face"
									},
									"animations": {
										"walk": "animation.pumpkin.pet.hop",
										"look_at_target": "animation.common.look_at_target",
										"sit": "animation.pumpkin.pet.sit"
									},
									"scripts": {
										"animate": [
											{
												"walk": "query.modified_move_speed *1.7"
											},
											"look_at_target",
											{
												"sit": "query.is_sitting*0.7"
											}
										]
									},
									"render_controllers": [
										"controller.render.cow",
										"controller.render.pumpkin_face"
									],
									"spawn_egg": {
										"texture": "spawn_egg",
										"texture_index": 1
									},
									"min_engine_version": "1.8.0"
								},
								"key": "scripts",
								"children": [
									{
										"open": {
											"animate": [
												{
													"walk": "query.modified_move_speed *1.7"
												},
												"look_at_target",
												{
													"sit": "query.is_sitting*0.7"
												}
											]
										},
										"key": "animate",
										"is_minified": true,
										"children": [
											{
												"walk": "query.modified_move_speed *1.7"
											},
											"look_at_target",
											{
												"sit": "query.is_sitting*0.7"
											}
										]
									}
								]
							},
							{
								"open": {
									"identifier": "boi:pumpkin_pet",
									"materials": {
										"default": "wolf",
										"outer": "enderman"
									},
									"textures": {
										"default": "textures/entity/pumpkin_pet",
										"first": "textures/entity/pumpkin_face0",
										"second": "textures/entity/pumpkin_face1",
										"third": "textures/entity/pumpkin_face2",
										"fourth": "textures/entity/pumpkin_face3",
										"fifth": "textures/entity/pumpkin_face4"
									},
									"geometry": {
										"default": "geometry.pumpkin.pet",
										"armor": "geometry.pumpkin.face"
									},
									"animations": {
										"walk": "animation.pumpkin.pet.hop",
										"look_at_target": "animation.common.look_at_target",
										"sit": "animation.pumpkin.pet.sit"
									},
									"scripts": {
										"animate": [
											{
												"walk": "query.modified_move_speed *1.7"
											},
											"look_at_target",
											{
												"sit": "query.is_sitting*0.7"
											}
										]
									},
									"render_controllers": [
										"controller.render.cow",
										"controller.render.pumpkin_face"
									],
									"spawn_egg": {
										"texture": "spawn_egg",
										"texture_index": 1
									},
									"min_engine_version": "1.8.0"
								},
								"key": "render_controllers",
								"is_minified": true,
								"children": [
									"controller.render.cow",
									"controller.render.pumpkin_face"
								]
							},
							{
								"key": "spawn_egg",
								"is_minified": true,
								"children": {
									"texture": "spawn_egg",
									"texture_index": 1
								}
							},
							{
								"data": "1.8.0",
								"key": "min_engine_version"
							}
						]
					}
				]
			}
		]
	}
}