{
	"file_path": "C:\\Users\\fiddy\\AppData\\Local\\Packages\\Microsoft.MinecraftUWP_8wekyb3d8bbwe\\LocalState\\games\\com.mojang\\development_resource_packs\\SeasonalDecorRP\\entity\\skeleton_wolf.json",
	"file_type": "client_entity",
	"format_version": 1,
	"file_uuid": "5e5a231c_e8e9_4dab_988b_ecc104724c03",
	"file_version": 18,
	"cache_content": {
		"children": [
			{
				"data": "1.8.0",
				"key": "format_version"
			},
			{
				"open": {
					"format_version": "1.8.0",
					"minecraft:client_entity": {
						"description": {
							"identifier": "boi:skeleton_wolf",
							"materials": {
								"default": "villager",
								"outer": "wolf"
							},
							"textures": {
								"default": "textures/entity/skeleton_wolf",
								"angry": "textures/entity/wolf/wolf_angry",
								"tame": "textures/entity/skeleton_wolf"
							},
							"geometry": {
								"default": "geometry.wolf",
								"armor": "geometry.skel_wolf_collar"
							},
							"scripts": {
								"pre_animation": [
									"variable.body_shake_angle = 0.05 * query.frame_alpha + query.shake_angle;",
									"variable.body_roll_progress = Math.clamp((variable.body_shake_angle - 0.16) / 1.8, 0, 1);",
									"variable.body_rot_z = Math.sin(variable.body_roll_progress * 180) * Math.sin(variable.body_roll_progress * 1980) * 27;",
									"variable.upper_body_roll_progress = Math.clamp((variable.body_shake_angle - 0.08) / 1.8, 0, 1);",
									"variable.upper_body_rot_z = (Math.sin(variable.upper_body_roll_progress * 180) * Math.sin(variable.upper_body_roll_progress * 1980) * 27) - variable.body_rot_z;",
									"variable.tail_roll_progress = Math.clamp((variable.body_shake_angle - 0.2) / 1.8, 0, 1);",
									"variable.tail_rot_z = (Math.sin(variable.tail_roll_progress * 180) * Math.sin(variable.tail_roll_progress * 1980) * 27) - variable.body_rot_z;",
									"variable.head_roll_progress = Math.clamp(variable.body_shake_angle / 1.8, 0, 1);",
									"variable.head_rot_z = (Math.sin(variable.head_roll_progress * 180) * Math.sin(variable.head_roll_progress * 1980) * 27) - variable.body_rot_z;"
								]
							},
							"animations": {
								"wolf_setup": "animation.wolf.setup",
								"wolf_baby_scaling": "animation.wolf.baby_scaling",
								"wolf_look_at": "animation.common.look_at_target",
								"wolf_head_rot_z": "animation.wolf.head_rot_z",
								"wolf_tail_default": "animation.wolf.tail_default",
								"wolf_angry": "animation.wolf.angry",
								"wolf_sitting": "animation.wolf.sitting",
								"wolf_shaking": "animation.wolf.shaking",
								"wolf_leg_default": "animation.wolf.leg_default"
							},
							"animation_controllers": [
								{
									"wolf_setup": "controller.animation.wolf.setup"
								},
								{
									"wolf_look_at": "controller.animation.wolf.look_at"
								},
								{
									"wolf_baby_scaling": "controller.animation.wolf.baby_scaling"
								},
								{
									"wolf_head_rot_z": "controller.animation.wolf.head_rot_z"
								},
								{
									"wolf_tail_default": "controller.animation.wolf.tail_default"
								},
								{
									"wolf_angry": "controller.animation.wolf.angry"
								},
								{
									"wolf_sitting": "controller.animation.wolf.sitting"
								},
								{
									"wolf_shaking": "controller.animation.wolf.shaking"
								}
							],
							"render_controllers": [
								"controller.render.wolf",
								"controller.render.slime_armor"
							],
							"spawn_egg": {
								"texture": "spawn_egg",
								"texture_index": 4
							}
						}
					}
				},
				"key": "minecraft:client_entity",
				"children": [
					{
						"open": {
							"description": {
								"identifier": "boi:skeleton_wolf",
								"materials": {
									"default": "villager",
									"outer": "wolf"
								},
								"textures": {
									"default": "textures/entity/skeleton_wolf",
									"angry": "textures/entity/wolf/wolf_angry",
									"tame": "textures/entity/skeleton_wolf"
								},
								"geometry": {
									"default": "geometry.wolf",
									"armor": "geometry.skel_wolf_collar"
								},
								"scripts": {
									"pre_animation": [
										"variable.body_shake_angle = 0.05 * query.frame_alpha + query.shake_angle;",
										"variable.body_roll_progress = Math.clamp((variable.body_shake_angle - 0.16) / 1.8, 0, 1);",
										"variable.body_rot_z = Math.sin(variable.body_roll_progress * 180) * Math.sin(variable.body_roll_progress * 1980) * 27;",
										"variable.upper_body_roll_progress = Math.clamp((variable.body_shake_angle - 0.08) / 1.8, 0, 1);",
										"variable.upper_body_rot_z = (Math.sin(variable.upper_body_roll_progress * 180) * Math.sin(variable.upper_body_roll_progress * 1980) * 27) - variable.body_rot_z;",
										"variable.tail_roll_progress = Math.clamp((variable.body_shake_angle - 0.2) / 1.8, 0, 1);",
										"variable.tail_rot_z = (Math.sin(variable.tail_roll_progress * 180) * Math.sin(variable.tail_roll_progress * 1980) * 27) - variable.body_rot_z;",
										"variable.head_roll_progress = Math.clamp(variable.body_shake_angle / 1.8, 0, 1);",
										"variable.head_rot_z = (Math.sin(variable.head_roll_progress * 180) * Math.sin(variable.head_roll_progress * 1980) * 27) - variable.body_rot_z;"
									]
								},
								"animations": {
									"wolf_setup": "animation.wolf.setup",
									"wolf_baby_scaling": "animation.wolf.baby_scaling",
									"wolf_look_at": "animation.common.look_at_target",
									"wolf_head_rot_z": "animation.wolf.head_rot_z",
									"wolf_tail_default": "animation.wolf.tail_default",
									"wolf_angry": "animation.wolf.angry",
									"wolf_sitting": "animation.wolf.sitting",
									"wolf_shaking": "animation.wolf.shaking",
									"wolf_leg_default": "animation.wolf.leg_default"
								},
								"animation_controllers": [
									{
										"wolf_setup": "controller.animation.wolf.setup"
									},
									{
										"wolf_look_at": "controller.animation.wolf.look_at"
									},
									{
										"wolf_baby_scaling": "controller.animation.wolf.baby_scaling"
									},
									{
										"wolf_head_rot_z": "controller.animation.wolf.head_rot_z"
									},
									{
										"wolf_tail_default": "controller.animation.wolf.tail_default"
									},
									{
										"wolf_angry": "controller.animation.wolf.angry"
									},
									{
										"wolf_sitting": "controller.animation.wolf.sitting"
									},
									{
										"wolf_shaking": "controller.animation.wolf.shaking"
									}
								],
								"render_controllers": [
									"controller.render.wolf",
									"controller.render.slime_armor"
								],
								"spawn_egg": {
									"texture": "spawn_egg",
									"texture_index": 4
								}
							}
						},
						"key": "description",
						"children": [
							{
								"open": {
									"identifier": "boi:skeleton_wolf",
									"materials": {
										"default": "villager",
										"outer": "wolf"
									},
									"textures": {
										"default": "textures/entity/skeleton_wolf",
										"angry": "textures/entity/wolf/wolf_angry",
										"tame": "textures/entity/skeleton_wolf"
									},
									"geometry": {
										"default": "geometry.wolf",
										"armor": "geometry.skel_wolf_collar"
									},
									"scripts": {
										"pre_animation": [
											"variable.body_shake_angle = 0.05 * query.frame_alpha + query.shake_angle;",
											"variable.body_roll_progress = Math.clamp((variable.body_shake_angle - 0.16) / 1.8, 0, 1);",
											"variable.body_rot_z = Math.sin(variable.body_roll_progress * 180) * Math.sin(variable.body_roll_progress * 1980) * 27;",
											"variable.upper_body_roll_progress = Math.clamp((variable.body_shake_angle - 0.08) / 1.8, 0, 1);",
											"variable.upper_body_rot_z = (Math.sin(variable.upper_body_roll_progress * 180) * Math.sin(variable.upper_body_roll_progress * 1980) * 27) - variable.body_rot_z;",
											"variable.tail_roll_progress = Math.clamp((variable.body_shake_angle - 0.2) / 1.8, 0, 1);",
											"variable.tail_rot_z = (Math.sin(variable.tail_roll_progress * 180) * Math.sin(variable.tail_roll_progress * 1980) * 27) - variable.body_rot_z;",
											"variable.head_roll_progress = Math.clamp(variable.body_shake_angle / 1.8, 0, 1);",
											"variable.head_rot_z = (Math.sin(variable.head_roll_progress * 180) * Math.sin(variable.head_roll_progress * 1980) * 27) - variable.body_rot_z;"
										]
									},
									"animations": {
										"wolf_setup": "animation.wolf.setup",
										"wolf_baby_scaling": "animation.wolf.baby_scaling",
										"wolf_look_at": "animation.common.look_at_target",
										"wolf_head_rot_z": "animation.wolf.head_rot_z",
										"wolf_tail_default": "animation.wolf.tail_default",
										"wolf_angry": "animation.wolf.angry",
										"wolf_sitting": "animation.wolf.sitting",
										"wolf_shaking": "animation.wolf.shaking",
										"wolf_leg_default": "animation.wolf.leg_default"
									},
									"animation_controllers": [
										{
											"wolf_setup": "controller.animation.wolf.setup"
										},
										{
											"wolf_look_at": "controller.animation.wolf.look_at"
										},
										{
											"wolf_baby_scaling": "controller.animation.wolf.baby_scaling"
										},
										{
											"wolf_head_rot_z": "controller.animation.wolf.head_rot_z"
										},
										{
											"wolf_tail_default": "controller.animation.wolf.tail_default"
										},
										{
											"wolf_angry": "controller.animation.wolf.angry"
										},
										{
											"wolf_sitting": "controller.animation.wolf.sitting"
										},
										{
											"wolf_shaking": "controller.animation.wolf.shaking"
										}
									],
									"render_controllers": [
										"controller.render.wolf",
										"controller.render.slime_armor"
									],
									"spawn_egg": {
										"texture": "spawn_egg",
										"texture_index": 4
									}
								},
								"data": "boi:skeleton_wolf",
								"key": "identifier"
							},
							{
								"open": {
									"identifier": "boi:skeleton_wolf",
									"materials": {
										"default": "villager",
										"outer": "wolf"
									},
									"textures": {
										"default": "textures/entity/skeleton_wolf",
										"angry": "textures/entity/wolf/wolf_angry",
										"tame": "textures/entity/skeleton_wolf"
									},
									"geometry": {
										"default": "geometry.wolf",
										"armor": "geometry.skel_wolf_collar"
									},
									"scripts": {
										"pre_animation": [
											"variable.body_shake_angle = 0.05 * query.frame_alpha + query.shake_angle;",
											"variable.body_roll_progress = Math.clamp((variable.body_shake_angle - 0.16) / 1.8, 0, 1);",
											"variable.body_rot_z = Math.sin(variable.body_roll_progress * 180) * Math.sin(variable.body_roll_progress * 1980) * 27;",
											"variable.upper_body_roll_progress = Math.clamp((variable.body_shake_angle - 0.08) / 1.8, 0, 1);",
											"variable.upper_body_rot_z = (Math.sin(variable.upper_body_roll_progress * 180) * Math.sin(variable.upper_body_roll_progress * 1980) * 27) - variable.body_rot_z;",
											"variable.tail_roll_progress = Math.clamp((variable.body_shake_angle - 0.2) / 1.8, 0, 1);",
											"variable.tail_rot_z = (Math.sin(variable.tail_roll_progress * 180) * Math.sin(variable.tail_roll_progress * 1980) * 27) - variable.body_rot_z;",
											"variable.head_roll_progress = Math.clamp(variable.body_shake_angle / 1.8, 0, 1);",
											"variable.head_rot_z = (Math.sin(variable.head_roll_progress * 180) * Math.sin(variable.head_roll_progress * 1980) * 27) - variable.body_rot_z;"
										]
									},
									"animations": {
										"wolf_setup": "animation.wolf.setup",
										"wolf_baby_scaling": "animation.wolf.baby_scaling",
										"wolf_look_at": "animation.common.look_at_target",
										"wolf_head_rot_z": "animation.wolf.head_rot_z",
										"wolf_tail_default": "animation.wolf.tail_default",
										"wolf_angry": "animation.wolf.angry",
										"wolf_sitting": "animation.wolf.sitting",
										"wolf_shaking": "animation.wolf.shaking",
										"wolf_leg_default": "animation.wolf.leg_default"
									},
									"animation_controllers": [
										{
											"wolf_setup": "controller.animation.wolf.setup"
										},
										{
											"wolf_look_at": "controller.animation.wolf.look_at"
										},
										{
											"wolf_baby_scaling": "controller.animation.wolf.baby_scaling"
										},
										{
											"wolf_head_rot_z": "controller.animation.wolf.head_rot_z"
										},
										{
											"wolf_tail_default": "controller.animation.wolf.tail_default"
										},
										{
											"wolf_angry": "controller.animation.wolf.angry"
										},
										{
											"wolf_sitting": "controller.animation.wolf.sitting"
										},
										{
											"wolf_shaking": "controller.animation.wolf.shaking"
										}
									],
									"render_controllers": [
										"controller.render.wolf",
										"controller.render.slime_armor"
									],
									"spawn_egg": {
										"texture": "spawn_egg",
										"texture_index": 4
									}
								},
								"key": "materials",
								"is_minified": true,
								"children": {
									"default": "villager",
									"outer": "wolf"
								}
							},
							{
								"open": {
									"identifier": "boi:skeleton_wolf",
									"materials": {
										"default": "villager",
										"outer": "wolf"
									},
									"textures": {
										"default": "textures/entity/skeleton_wolf",
										"angry": "textures/entity/wolf/wolf_angry",
										"tame": "textures/entity/skeleton_wolf"
									},
									"geometry": {
										"default": "geometry.wolf",
										"armor": "geometry.skel_wolf_collar"
									},
									"scripts": {
										"pre_animation": [
											"variable.body_shake_angle = 0.05 * query.frame_alpha + query.shake_angle;",
											"variable.body_roll_progress = Math.clamp((variable.body_shake_angle - 0.16) / 1.8, 0, 1);",
											"variable.body_rot_z = Math.sin(variable.body_roll_progress * 180) * Math.sin(variable.body_roll_progress * 1980) * 27;",
											"variable.upper_body_roll_progress = Math.clamp((variable.body_shake_angle - 0.08) / 1.8, 0, 1);",
											"variable.upper_body_rot_z = (Math.sin(variable.upper_body_roll_progress * 180) * Math.sin(variable.upper_body_roll_progress * 1980) * 27) - variable.body_rot_z;",
											"variable.tail_roll_progress = Math.clamp((variable.body_shake_angle - 0.2) / 1.8, 0, 1);",
											"variable.tail_rot_z = (Math.sin(variable.tail_roll_progress * 180) * Math.sin(variable.tail_roll_progress * 1980) * 27) - variable.body_rot_z;",
											"variable.head_roll_progress = Math.clamp(variable.body_shake_angle / 1.8, 0, 1);",
											"variable.head_rot_z = (Math.sin(variable.head_roll_progress * 180) * Math.sin(variable.head_roll_progress * 1980) * 27) - variable.body_rot_z;"
										]
									},
									"animations": {
										"wolf_setup": "animation.wolf.setup",
										"wolf_baby_scaling": "animation.wolf.baby_scaling",
										"wolf_look_at": "animation.common.look_at_target",
										"wolf_head_rot_z": "animation.wolf.head_rot_z",
										"wolf_tail_default": "animation.wolf.tail_default",
										"wolf_angry": "animation.wolf.angry",
										"wolf_sitting": "animation.wolf.sitting",
										"wolf_shaking": "animation.wolf.shaking",
										"wolf_leg_default": "animation.wolf.leg_default"
									},
									"animation_controllers": [
										{
											"wolf_setup": "controller.animation.wolf.setup"
										},
										{
											"wolf_look_at": "controller.animation.wolf.look_at"
										},
										{
											"wolf_baby_scaling": "controller.animation.wolf.baby_scaling"
										},
										{
											"wolf_head_rot_z": "controller.animation.wolf.head_rot_z"
										},
										{
											"wolf_tail_default": "controller.animation.wolf.tail_default"
										},
										{
											"wolf_angry": "controller.animation.wolf.angry"
										},
										{
											"wolf_sitting": "controller.animation.wolf.sitting"
										},
										{
											"wolf_shaking": "controller.animation.wolf.shaking"
										}
									],
									"render_controllers": [
										"controller.render.wolf",
										"controller.render.slime_armor"
									],
									"spawn_egg": {
										"texture": "spawn_egg",
										"texture_index": 4
									}
								},
								"key": "textures",
								"is_minified": true,
								"children": {
									"default": "textures/entity/skeleton_wolf",
									"angry": "textures/entity/wolf/wolf_angry",
									"tame": "textures/entity/skeleton_wolf"
								}
							},
							{
								"open": {
									"identifier": "boi:skeleton_wolf",
									"materials": {
										"default": "villager",
										"outer": "wolf"
									},
									"textures": {
										"default": "textures/entity/skeleton_wolf",
										"angry": "textures/entity/wolf/wolf_angry",
										"tame": "textures/entity/skeleton_wolf"
									},
									"geometry": {
										"default": "geometry.wolf",
										"armor": "geometry.skel_wolf_collar"
									},
									"scripts": {
										"pre_animation": [
											"variable.body_shake_angle = 0.05 * query.frame_alpha + query.shake_angle;",
											"variable.body_roll_progress = Math.clamp((variable.body_shake_angle - 0.16) / 1.8, 0, 1);",
											"variable.body_rot_z = Math.sin(variable.body_roll_progress * 180) * Math.sin(variable.body_roll_progress * 1980) * 27;",
											"variable.upper_body_roll_progress = Math.clamp((variable.body_shake_angle - 0.08) / 1.8, 0, 1);",
											"variable.upper_body_rot_z = (Math.sin(variable.upper_body_roll_progress * 180) * Math.sin(variable.upper_body_roll_progress * 1980) * 27) - variable.body_rot_z;",
											"variable.tail_roll_progress = Math.clamp((variable.body_shake_angle - 0.2) / 1.8, 0, 1);",
											"variable.tail_rot_z = (Math.sin(variable.tail_roll_progress * 180) * Math.sin(variable.tail_roll_progress * 1980) * 27) - variable.body_rot_z;",
											"variable.head_roll_progress = Math.clamp(variable.body_shake_angle / 1.8, 0, 1);",
											"variable.head_rot_z = (Math.sin(variable.head_roll_progress * 180) * Math.sin(variable.head_roll_progress * 1980) * 27) - variable.body_rot_z;"
										]
									},
									"animations": {
										"wolf_setup": "animation.wolf.setup",
										"wolf_baby_scaling": "animation.wolf.baby_scaling",
										"wolf_look_at": "animation.common.look_at_target",
										"wolf_head_rot_z": "animation.wolf.head_rot_z",
										"wolf_tail_default": "animation.wolf.tail_default",
										"wolf_angry": "animation.wolf.angry",
										"wolf_sitting": "animation.wolf.sitting",
										"wolf_shaking": "animation.wolf.shaking",
										"wolf_leg_default": "animation.wolf.leg_default"
									},
									"animation_controllers": [
										{
											"wolf_setup": "controller.animation.wolf.setup"
										},
										{
											"wolf_look_at": "controller.animation.wolf.look_at"
										},
										{
											"wolf_baby_scaling": "controller.animation.wolf.baby_scaling"
										},
										{
											"wolf_head_rot_z": "controller.animation.wolf.head_rot_z"
										},
										{
											"wolf_tail_default": "controller.animation.wolf.tail_default"
										},
										{
											"wolf_angry": "controller.animation.wolf.angry"
										},
										{
											"wolf_sitting": "controller.animation.wolf.sitting"
										},
										{
											"wolf_shaking": "controller.animation.wolf.shaking"
										}
									],
									"render_controllers": [
										"controller.render.wolf",
										"controller.render.slime_armor"
									],
									"spawn_egg": {
										"texture": "spawn_egg",
										"texture_index": 4
									}
								},
								"key": "geometry",
								"is_minified": true,
								"children": {
									"default": "geometry.wolf",
									"armor": "geometry.skel_wolf_collar"
								}
							},
							{
								"key": "scripts",
								"is_minified": true,
								"children": {
									"pre_animation": [
										"variable.body_shake_angle = 0.05 * query.frame_alpha + query.shake_angle;",
										"variable.body_roll_progress = Math.clamp((variable.body_shake_angle - 0.16) / 1.8, 0, 1);",
										"variable.body_rot_z = Math.sin(variable.body_roll_progress * 180) * Math.sin(variable.body_roll_progress * 1980) * 27;",
										"variable.upper_body_roll_progress = Math.clamp((variable.body_shake_angle - 0.08) / 1.8, 0, 1);",
										"variable.upper_body_rot_z = (Math.sin(variable.upper_body_roll_progress * 180) * Math.sin(variable.upper_body_roll_progress * 1980) * 27) - variable.body_rot_z;",
										"variable.tail_roll_progress = Math.clamp((variable.body_shake_angle - 0.2) / 1.8, 0, 1);",
										"variable.tail_rot_z = (Math.sin(variable.tail_roll_progress * 180) * Math.sin(variable.tail_roll_progress * 1980) * 27) - variable.body_rot_z;",
										"variable.head_roll_progress = Math.clamp(variable.body_shake_angle / 1.8, 0, 1);",
										"variable.head_rot_z = (Math.sin(variable.head_roll_progress * 180) * Math.sin(variable.head_roll_progress * 1980) * 27) - variable.body_rot_z;"
									]
								}
							},
							{
								"key": "animations",
								"is_minified": true,
								"children": {
									"wolf_setup": "animation.wolf.setup",
									"wolf_baby_scaling": "animation.wolf.baby_scaling",
									"wolf_look_at": "animation.common.look_at_target",
									"wolf_head_rot_z": "animation.wolf.head_rot_z",
									"wolf_tail_default": "animation.wolf.tail_default",
									"wolf_angry": "animation.wolf.angry",
									"wolf_sitting": "animation.wolf.sitting",
									"wolf_shaking": "animation.wolf.shaking",
									"wolf_leg_default": "animation.wolf.leg_default"
								}
							},
							{
								"key": "animation_controllers",
								"is_minified": true,
								"children": [
									{
										"wolf_setup": "controller.animation.wolf.setup"
									},
									{
										"wolf_look_at": "controller.animation.wolf.look_at"
									},
									{
										"wolf_baby_scaling": "controller.animation.wolf.baby_scaling"
									},
									{
										"wolf_head_rot_z": "controller.animation.wolf.head_rot_z"
									},
									{
										"wolf_tail_default": "controller.animation.wolf.tail_default"
									},
									{
										"wolf_angry": "controller.animation.wolf.angry"
									},
									{
										"wolf_sitting": "controller.animation.wolf.sitting"
									},
									{
										"wolf_shaking": "controller.animation.wolf.shaking"
									}
								]
							},
							{
								"open": {
									"identifier": "boi:skeleton_wolf",
									"materials": {
										"default": "villager",
										"outer": "wolf"
									},
									"textures": {
										"default": "textures/entity/skeleton_wolf",
										"angry": "textures/entity/wolf/wolf_angry",
										"tame": "textures/entity/skeleton_wolf"
									},
									"geometry": {
										"default": "geometry.wolf",
										"armor": "geometry.skel_wolf_collar"
									},
									"scripts": {
										"pre_animation": [
											"variable.body_shake_angle = 0.05 * query.frame_alpha + query.shake_angle;",
											"variable.body_roll_progress = Math.clamp((variable.body_shake_angle - 0.16) / 1.8, 0, 1);",
											"variable.body_rot_z = Math.sin(variable.body_roll_progress * 180) * Math.sin(variable.body_roll_progress * 1980) * 27;",
											"variable.upper_body_roll_progress = Math.clamp((variable.body_shake_angle - 0.08) / 1.8, 0, 1);",
											"variable.upper_body_rot_z = (Math.sin(variable.upper_body_roll_progress * 180) * Math.sin(variable.upper_body_roll_progress * 1980) * 27) - variable.body_rot_z;",
											"variable.tail_roll_progress = Math.clamp((variable.body_shake_angle - 0.2) / 1.8, 0, 1);",
											"variable.tail_rot_z = (Math.sin(variable.tail_roll_progress * 180) * Math.sin(variable.tail_roll_progress * 1980) * 27) - variable.body_rot_z;",
											"variable.head_roll_progress = Math.clamp(variable.body_shake_angle / 1.8, 0, 1);",
											"variable.head_rot_z = (Math.sin(variable.head_roll_progress * 180) * Math.sin(variable.head_roll_progress * 1980) * 27) - variable.body_rot_z;"
										]
									},
									"animations": {
										"wolf_setup": "animation.wolf.setup",
										"wolf_baby_scaling": "animation.wolf.baby_scaling",
										"wolf_look_at": "animation.common.look_at_target",
										"wolf_head_rot_z": "animation.wolf.head_rot_z",
										"wolf_tail_default": "animation.wolf.tail_default",
										"wolf_angry": "animation.wolf.angry",
										"wolf_sitting": "animation.wolf.sitting",
										"wolf_shaking": "animation.wolf.shaking",
										"wolf_leg_default": "animation.wolf.leg_default"
									},
									"animation_controllers": [
										{
											"wolf_setup": "controller.animation.wolf.setup"
										},
										{
											"wolf_look_at": "controller.animation.wolf.look_at"
										},
										{
											"wolf_baby_scaling": "controller.animation.wolf.baby_scaling"
										},
										{
											"wolf_head_rot_z": "controller.animation.wolf.head_rot_z"
										},
										{
											"wolf_tail_default": "controller.animation.wolf.tail_default"
										},
										{
											"wolf_angry": "controller.animation.wolf.angry"
										},
										{
											"wolf_sitting": "controller.animation.wolf.sitting"
										},
										{
											"wolf_shaking": "controller.animation.wolf.shaking"
										}
									],
									"render_controllers": [
										"controller.render.wolf",
										"controller.render.slime_armor"
									],
									"spawn_egg": {
										"texture": "spawn_egg",
										"texture_index": 4
									}
								},
								"key": "render_controllers",
								"is_minified": true,
								"children": [
									"controller.render.wolf",
									"controller.render.slime_armor"
								]
							},
							{
								"key": "spawn_egg",
								"is_minified": true,
								"children": {
									"texture": "spawn_egg",
									"texture_index": 4
								}
							}
						]
					}
				]
			}
		]
	}
}