{
  "format_version":"1.16.100",
  "animation_controllers":{
    "controller.animation.kaido_crisis":{
      "states":{
        "default":{
          "transitions":[
            {"1":"query.health <= 300"}
          ]
        },
        "1":{
          "on_entry":[
            "/tag @s add crisis"
          ]
        }
      }
    },
    "controller.animation.kaido_fly1":{
      "states":{
        "default":{
          "transitions":[
            {"start":"query.variant != 20"},
            {"dragon":"query.variant == 20"}
          ]
        },
        "start":{
          "transitions":[
            {"dragon_start":"query.variant == 20"}
          ]
        },
        "dragon_start":{
          "transitions":[
            {"dragon":"(1.0)"}
          ],
          "on_entry":[
            "/effect @s levitation 1 27 true"
          ]
        },
        "dragon":{
          "transitions":[
            {"dragon_loop":"query.variant == 20"}
          ],
          "on_entry":[
            "/effect @s slow_falling 1 0 true"
          ]
        },
        "dragon_loop":{
          "transitions":[
            {"dragon":"(1.0)"}
          ]
        }
      }
    },
    "controller.animation.kaido_fly2":{
      "states":{
        "default":{
          "transitions":[
            {"1":"query.variant == 20"}
          ]
        },
        "1":{
          "transitions":[
            {"default":"query.variant != 20"},
            {"2":"query.variant == 20"}
          ]
        },
        "2":{
          "transitions":[
            {"1":"v.time = (v.time ?? 0);v.time = v.time < 23 ? v.time + 1:0;return v.time == 0;"}
          ],
          "on_entry":[
            "/effect @s levitation 1 0 true"
          ]
        }
      }
    }
  }
}