{
  "format_version": "1.13.0",
  "minecraft:entity": {    
    "description": {
      "identifier": "op_asa:blackmamba_e",
      "is_spawnable": false,
      "is_summonable": true,
      "is_experimental": false,
      "scripts": {
        "animate": ["blackmamba_e"]
      },
      "animations": {
        "blackmamba_e":"controller.animation.blackmamba_e"
      }
    },
    "component_groups": {
      "op_asa:despawn":{
        "minecraft:transformation":{
          "into": "op_asa:despawn"
        }
      }
    },
    "components": {
      "minecraft:type_family": {
        "family": ["blackmamba_e"]
      },
      "minecraft:collision_box": {
        "width": 0.0,
        "height": 0.0
      },
      "minecraft:damage_sensor": {
        "triggers": {
            "on_damage": {"filters": {}},
            "deals_damage": false
        }
      }
    },
    "events": {
      "op_asa:be_despawn":{
        "add":{
          "component_groups":[
            "op_asa:despawn"
          ]
        }
      }
    }
  }
}