{
  "format_version": "1.13.0",
  "minecraft:entity": {    
    "description": {
      "identifier": "op_asa:gom_ufo_e1",
      "is_spawnable": false,
      "is_summonable": true,
      "is_experimental": false
    },
    "component_groups": {
      "op_asa:despawn":{
        "minecraft:instant_despawn": {}
      }
    },
    "components": {
      "minecraft:type_family": {
        "family": ["gomgom"]
      },
      "minecraft:behavior.knockback_roar": {
        "duration": 0.11,
        "attack_time": 0.1,
        "knockback_damage": 0,
        "knockback_strength": 2,
        "knockback_range": 2,
        "knockback_filters": {
          "all_of":[
            {
              "test": "is_family",
              "subject": "other",
              "value": "player"
            },
            {
              "test": "has_equipment",
              "subject": "other",
              "operator": "==",
              "domain":"hand",
              "value": "op_asa:gom_ufo"
            },
            {
              "test": "has_tag",
              "subject": "other",
              "operator": "==",
              "value": "gomgom"
            }
          ]
        },
        "on_roar_end": {
          "event": "op_asa:end_roar"
        }
      },
      "minecraft:collision_box": {
        "width": 0.0,
        "height": 0.0
      },
      "minecraft:pushable": {
        "is_pushable": false,
        "is_pushable_by_piston": false
      },
      "minecraft:damage_sensor": {
        "triggers": {
            "on_damage": {"filters": {}},
            "deals_damage": false
        }
      }
    },
    "events": {
      "op_asa:end_roar":{
        "add":{
          "component_groups":[
            "op_asa:despawn"
          ]
        }
      }
    }
  }
}