{
  "format_version": "1.13.0",
  "minecraft:entity": {    
    "description": {
      "identifier": "op_asa:impact_dial_attack",
      "is_spawnable": false,
      "is_summonable": true,
      "is_experimental": false
    },
    "component_groups": {
      "op_asa:knockback_roar":{
        "minecraft:behavior.knockback_roar": {
          "duration": 0.11,
          "attack_time": 0.1,
          "knockback_damage": 0,
          "knockback_strength": 5,
          "knockback_range": 3,
          "knockback_filters": {
            "all_of":[
              {
                "test": "has_tag",
                "subject": "other",
                "operator": "!=",
                "value": "impact_dial_on"
              }
            ]
          },
          "damage_filters": {
            "all_of":[
              {
                "test": "has_tag",
                "subject": "other",
                "operator": "!=",
                "value": "impact_dial_on"
              }
            ]
          },
          "on_roar_end": {
            "event": "op_asa:end_roar"
          }
        }
      },
      "op_asa:despawn":{
        "minecraft:instant_despawn": {}
      }
    },
    "components": {
      "minecraft:type_family": {
        "family": [ "impact_dial","knockback_roar" ]
      },
      "minecraft:timer": {
        "looping": false,
        "randomInterval": false,
        "time": 0.0,
        "time_down_event": {
         "event": "op_asa:timer_event",
         "target": "self"
        }
      },
      "minecraft:collision_box": {
        "width": 0.0,
        "height": 0.0
      },
      "minecraft:damage_sensor": {
        "triggers": {
            "on_damage": {"filters": {}},
            "deals_damage": false
        }
      }
    },
    "events": {
      "op_asa:timer_event":{
        "sequence":[
          {
            "run_command":{
              "command":"execute @p[tag=impact_dial_on] ^^1^1 damage @e[tag=!impact_dial_on,r=3,type=!item,type=!xp_orb] 20 entity_attack entity @s"
            }
          },
          {
            "add":{
              "component_groups":[
                "op_asa:knockback_roar"
              ]
            }
          }
        ]
      },
      "op_asa:end_roar":{
        "add":{
          "component_groups":[
            "op_asa:despawn"
          ]
        }
      }
    }
  }
}