{
	"format_version": "1.12.0",
	"minecraft:geometry": [
		{
			"description": {
				"identifier": "geometry.ftl_sc_pj_pugapillar",
				"texture_width": 64,
				"texture_height": 64,
				"visible_bounds_width": 20,
				"visible_bounds_height": 2.5,
				"visible_bounds_offset": [0, 0.75, 0]
			},
			"bones": [
				{
					"name": "waist",
					"pivot": [0, 0, 64]
				},
				{
					"name": "bodypiece9",
					"parent": "waist",
					"pivot": [0, 12, 149],
					"cubes": [
						{"origin": [-4.5, 7.5, 139], "size": [9, 9, 9], "inflate": -0.01, "uv": [0, 28]}
					]
				},
				{
					"name": "rightleg9",
					"parent": "bodypiece9",
					"pivot": [-4, 8, 144],
					"cubes": [
						{"origin": [-5, 2.4, 142], "size": [2, 6, 2], "uv": [40, 13]}
					]
				},
				{
					"name": "rightfoot9",
					"parent": "rightleg9",
					"pivot": [-4, 3, 144.1],
					"cubes": [
						{"origin": [-5.5, 0, 138.5], "size": [3, 3, 6], "uv": [0, 46]}
					]
				},
				{
					"name": "leftl_sceg9",
					"parent": "bodypiece9",
					"pivot": [4, 8, 144],
					"cubes": [
						{"origin": [3, 2.4, 142], "size": [2, 6, 2], "uv": [40, 13], "mirror": true}
					]
				},
				{
					"name": "leftfoot9",
					"parent": "leftl_sceg9",
					"pivot": [4, 3, 144.1],
					"cubes": [
						{"origin": [2.5, 0, 138.5], "size": [3, 3, 6], "uv": [0, 46], "mirror": true}
					]
				},
				{
					"name": "bodypiece10",
					"parent": "bodypiece9",
					"pivot": [0, 12, 140],
					"cubes": [
						{"origin": [-4.5, 7.5, 130], "size": [9, 9, 9], "uv": [27, 37]}
					]
				},
				{
					"name": "rightleg10",
					"parent": "bodypiece10",
					"pivot": [-4, 8, 135],
					"cubes": [
						{"origin": [-5, 2.4, 133], "size": [2, 6, 2], "uv": [40, 13]}
					]
				},
				{
					"name": "rightfoot10",
					"parent": "rightleg10",
					"pivot": [-4, 3, 135.1],
					"cubes": [
						{"origin": [-5.5, 0, 129.5], "size": [3, 3, 6], "uv": [0, 46]}
					]
				},
				{
					"name": "leftl_sceg10",
					"parent": "bodypiece10",
					"pivot": [4, 8, 135],
					"cubes": [
						{"origin": [3, 2.4, 133], "size": [2, 6, 2], "uv": [40, 13], "mirror": true}
					]
				},
				{
					"name": "leftfoot10",
					"parent": "leftl_sceg10",
					"pivot": [4, 3, 135.1],
					"cubes": [
						{"origin": [2.5, 0, 129.5], "size": [3, 3, 6], "uv": [0, 46], "mirror": true}
					]
				},
				{
					"name": "bodypiece11",
					"parent": "bodypiece10",
					"pivot": [0, 12, 131],
					"cubes": [
						{"origin": [-4.5, 7.5, 121], "size": [9, 9, 9], "inflate": -0.01, "uv": [0, 28]}
					]
				},
				{
					"name": "rightleg11",
					"parent": "bodypiece11",
					"pivot": [-4, 8, 126],
					"cubes": [
						{"origin": [-5, 2.4, 124], "size": [2, 6, 2], "uv": [40, 13]}
					]
				},
				{
					"name": "rightfoot11",
					"parent": "rightleg11",
					"pivot": [-4, 3, 126.1],
					"cubes": [
						{"origin": [-5.5, 0, 120.5], "size": [3, 3, 6], "uv": [0, 46]}
					]
				},
				{
					"name": "leftl_sceg11",
					"parent": "bodypiece11",
					"pivot": [4, 8, 126],
					"cubes": [
						{"origin": [3, 2.4, 124], "size": [2, 6, 2], "uv": [40, 13], "mirror": true}
					]
				},
				{
					"name": "leftfoot11",
					"parent": "leftl_sceg11",
					"pivot": [4, 3, 126.1],
					"cubes": [
						{"origin": [2.5, 0, 120.5], "size": [3, 3, 6], "uv": [0, 46], "mirror": true}
					]
				},
				{
					"name": "bodypiece12",
					"parent": "bodypiece11",
					"pivot": [0, 12, 122],
					"cubes": [
						{"origin": [-4.5, 7.5, 112], "size": [9, 9, 9], "uv": [27, 37]}
					]
				},
				{
					"name": "rightleg12",
					"parent": "bodypiece12",
					"pivot": [-4, 8, 117],
					"cubes": [
						{"origin": [-5, 2.4, 115], "size": [2, 6, 2], "uv": [40, 13]}
					]
				},
				{
					"name": "rightfoot12",
					"parent": "rightleg12",
					"pivot": [-4, 3, 117.1],
					"cubes": [
						{"origin": [-5.5, 0, 111.5], "size": [3, 3, 6], "uv": [0, 46]}
					]
				},
				{
					"name": "leftl_sceg12",
					"parent": "bodypiece12",
					"pivot": [4, 8, 117],
					"cubes": [
						{"origin": [3, 2.4, 115], "size": [2, 6, 2], "uv": [40, 13], "mirror": true}
					]
				},
				{
					"name": "leftfoot12",
					"parent": "leftl_sceg12",
					"pivot": [4, 3, 117.1],
					"cubes": [
						{"origin": [2.5, 0, 111.5], "size": [3, 3, 6], "uv": [0, 46], "mirror": true}
					]
				},
				{
					"name": "bodypiece13",
					"parent": "bodypiece12",
					"pivot": [0, 12, 113],
					"cubes": [
						{"origin": [-4.5, 7.5, 103], "size": [9, 9, 9], "inflate": -0.01, "uv": [0, 28]}
					]
				},
				{
					"name": "rightleg13",
					"parent": "bodypiece13",
					"pivot": [-4, 8, 108],
					"cubes": [
						{"origin": [-5, 2.4, 106], "size": [2, 6, 2], "uv": [40, 13]}
					]
				},
				{
					"name": "rightfoot13",
					"parent": "rightleg13",
					"pivot": [-4, 3, 108.1],
					"cubes": [
						{"origin": [-5.5, 0, 102.5], "size": [3, 3, 6], "uv": [0, 46]}
					]
				},
				{
					"name": "leftl_sceg13",
					"parent": "bodypiece13",
					"pivot": [4, 8, 108],
					"cubes": [
						{"origin": [3, 2.4, 106], "size": [2, 6, 2], "uv": [40, 13], "mirror": true}
					]
				},
				{
					"name": "leftfoot13",
					"parent": "leftl_sceg13",
					"pivot": [4, 3, 108.1],
					"cubes": [
						{"origin": [2.5, 0, 102.5], "size": [3, 3, 6], "uv": [0, 46], "mirror": true}
					]
				},
				{
					"name": "bodypiece14",
					"parent": "bodypiece13",
					"pivot": [0, 12, 104],
					"cubes": [
						{"origin": [-4.5, 7.5, 94], "size": [9, 9, 9], "uv": [27, 37]}
					]
				},
				{
					"name": "rightleg14",
					"parent": "bodypiece14",
					"pivot": [-4, 8, 99],
					"cubes": [
						{"origin": [-5, 2.4, 97], "size": [2, 6, 2], "uv": [40, 13]}
					]
				},
				{
					"name": "rightfoot14",
					"parent": "rightleg14",
					"pivot": [-4, 3, 99.1],
					"cubes": [
						{"origin": [-5.5, 0, 93.5], "size": [3, 3, 6], "uv": [0, 46]}
					]
				},
				{
					"name": "leftl_sceg14",
					"parent": "bodypiece14",
					"pivot": [4, 8, 99],
					"cubes": [
						{"origin": [3, 2.4, 97], "size": [2, 6, 2], "uv": [40, 13], "mirror": true}
					]
				},
				{
					"name": "leftfoot14",
					"parent": "leftl_sceg14",
					"pivot": [4, 3, 99.1],
					"cubes": [
						{"origin": [2.5, 0, 93.5], "size": [3, 3, 6], "uv": [0, 46], "mirror": true}
					]
				},
				{
					"name": "bodypiece15",
					"parent": "bodypiece14",
					"pivot": [0, 12, 95],
					"cubes": [
						{"origin": [-4.5, 7.5, 85], "size": [9, 9, 9], "inflate": -0.01, "uv": [0, 28]}
					]
				},
				{
					"name": "rightleg15",
					"parent": "bodypiece15",
					"pivot": [-4, 8, 90],
					"cubes": [
						{"origin": [-5, 2.4, 88], "size": [2, 6, 2], "uv": [40, 13]}
					]
				},
				{
					"name": "rightfoot15",
					"parent": "rightleg15",
					"pivot": [-4, 3, 90.1],
					"cubes": [
						{"origin": [-5.5, 0, 84.5], "size": [3, 3, 6], "uv": [0, 46]}
					]
				},
				{
					"name": "leftl_sceg15",
					"parent": "bodypiece15",
					"pivot": [4, 8, 90],
					"cubes": [
						{"origin": [3, 2.4, 88], "size": [2, 6, 2], "uv": [40, 13], "mirror": true}
					]
				},
				{
					"name": "leftfoot15",
					"parent": "leftl_sceg15",
					"pivot": [4, 3, 90.1],
					"cubes": [
						{"origin": [2.5, 0, 84.5], "size": [3, 3, 6], "uv": [0, 46], "mirror": true}
					]
				},
				{
					"name": "bodypiece16",
					"parent": "bodypiece15",
					"pivot": [0, 12, 86],
					"cubes": [
						{"origin": [-4.5, 7.5, 76], "size": [9, 9, 9], "uv": [27, 37]}
					]
				},
				{
					"name": "rightleg16",
					"parent": "bodypiece16",
					"pivot": [-4, 8, 81],
					"cubes": [
						{"origin": [-5, 2.4, 79], "size": [2, 6, 2], "uv": [40, 13]}
					]
				},
				{
					"name": "rightfoot16",
					"parent": "rightleg16",
					"pivot": [-4, 3, 81.1],
					"cubes": [
						{"origin": [-5.5, 0, 75.5], "size": [3, 3, 6], "uv": [0, 46]}
					]
				},
				{
					"name": "leftl_sceg16",
					"parent": "bodypiece16",
					"pivot": [4, 8, 81],
					"cubes": [
						{"origin": [3, 2.4, 79], "size": [2, 6, 2], "uv": [40, 13], "mirror": true}
					]
				},
				{
					"name": "leftfoot16",
					"parent": "leftl_sceg16",
					"pivot": [4, 3, 81.1],
					"cubes": [
						{"origin": [2.5, 0, 75.5], "size": [3, 3, 6], "uv": [0, 46], "mirror": true}
					]
				},
				{
					"name": "bodypiece5",
					"parent": "bodypiece16",
					"pivot": [0, 12, 77],
					"cubes": [
						{"origin": [-4.5, 7.5, 67], "size": [9, 9, 9], "inflate": -0.01, "uv": [0, 28]}
					]
				},
				{
					"name": "rightleg5",
					"parent": "bodypiece5",
					"pivot": [-4, 8, 72],
					"cubes": [
						{"origin": [-5, 2.4, 70], "size": [2, 6, 2], "uv": [40, 13]}
					]
				},
				{
					"name": "rightfoot5",
					"parent": "rightleg5",
					"pivot": [-4, 3, 72.1],
					"cubes": [
						{"origin": [-5.5, 0, 66.5], "size": [3, 3, 6], "uv": [0, 46]}
					]
				},
				{
					"name": "leftl_sceg5",
					"parent": "bodypiece5",
					"pivot": [4, 8, 72],
					"cubes": [
						{"origin": [3, 2.4, 70], "size": [2, 6, 2], "uv": [40, 13], "mirror": true}
					]
				},
				{
					"name": "leftfoot5",
					"parent": "leftl_sceg5",
					"pivot": [4, 3, 72.1],
					"cubes": [
						{"origin": [2.5, 0, 66.5], "size": [3, 3, 6], "uv": [0, 46], "mirror": true}
					]
				},
				{
					"name": "bodypiece6",
					"parent": "bodypiece5",
					"pivot": [0, 12, 68],
					"cubes": [
						{"origin": [-4.5, 7.5, 58], "size": [9, 9, 9], "uv": [27, 37]}
					]
				},
				{
					"name": "rightleg6",
					"parent": "bodypiece6",
					"pivot": [-4, 8, 63],
					"cubes": [
						{"origin": [-5, 2.4, 61], "size": [2, 6, 2], "uv": [40, 13]}
					]
				},
				{
					"name": "rightfoot6",
					"parent": "rightleg6",
					"pivot": [-4, 3, 63.1],
					"cubes": [
						{"origin": [-5.5, 0, 57.5], "size": [3, 3, 6], "uv": [0, 46]}
					]
				},
				{
					"name": "leftl_sceg6",
					"parent": "bodypiece6",
					"pivot": [4, 8, 63],
					"cubes": [
						{"origin": [3, 2.4, 61], "size": [2, 6, 2], "uv": [40, 13], "mirror": true}
					]
				},
				{
					"name": "leftfoot6",
					"parent": "leftl_sceg6",
					"pivot": [4, 3, 63.1],
					"cubes": [
						{"origin": [2.5, 0, 57.5], "size": [3, 3, 6], "uv": [0, 46], "mirror": true}
					]
				},
				{
					"name": "bodypiece7",
					"parent": "bodypiece6",
					"pivot": [0, 12, 59],
					"cubes": [
						{"origin": [-4.5, 7.5, 49], "size": [9, 9, 9], "inflate": -0.01, "uv": [0, 28]}
					]
				},
				{
					"name": "rightleg7",
					"parent": "bodypiece7",
					"pivot": [-4, 8, 54],
					"cubes": [
						{"origin": [-5, 2.4, 52], "size": [2, 6, 2], "uv": [40, 13]}
					]
				},
				{
					"name": "rightfoot7",
					"parent": "rightleg7",
					"pivot": [-4, 3, 54.1],
					"cubes": [
						{"origin": [-5.5, 0, 48.5], "size": [3, 3, 6], "uv": [0, 46]}
					]
				},
				{
					"name": "leftl_sceg7",
					"parent": "bodypiece7",
					"pivot": [4, 8, 54],
					"cubes": [
						{"origin": [3, 2.4, 52], "size": [2, 6, 2], "uv": [40, 13], "mirror": true}
					]
				},
				{
					"name": "leftfoot7",
					"parent": "leftl_sceg7",
					"pivot": [4, 3, 54.1],
					"cubes": [
						{"origin": [2.5, 0, 48.5], "size": [3, 3, 6], "uv": [0, 46], "mirror": true}
					]
				},
				{
					"name": "bodypiece8",
					"parent": "bodypiece7",
					"pivot": [0, 12, 50],
					"cubes": [
						{"origin": [-4.5, 7.5, 40], "size": [9, 9, 9], "uv": [27, 37]}
					]
				},
				{
					"name": "rightleg8",
					"parent": "bodypiece8",
					"pivot": [-4, 8, 45],
					"cubes": [
						{"origin": [-5, 2.4, 43], "size": [2, 6, 2], "uv": [40, 13]}
					]
				},
				{
					"name": "rightfoot8",
					"parent": "rightleg8",
					"pivot": [-4, 3, 45.1],
					"cubes": [
						{"origin": [-5.5, 0, 39.5], "size": [3, 3, 6], "uv": [0, 46]}
					]
				},
				{
					"name": "leftl_sceg8",
					"parent": "bodypiece8",
					"pivot": [4, 8, 45],
					"cubes": [
						{"origin": [3, 2.4, 43], "size": [2, 6, 2], "uv": [40, 13], "mirror": true}
					]
				},
				{
					"name": "leftfoot8",
					"parent": "leftl_sceg8",
					"pivot": [4, 3, 45.1],
					"cubes": [
						{"origin": [2.5, 0, 39.5], "size": [3, 3, 6], "uv": [0, 46], "mirror": true}
					]
				},
				{
					"name": "bodypiece3",
					"parent": "bodypiece8",
					"pivot": [0, 12, 41],
					"cubes": [
						{"origin": [-4.5, 7.5, 31], "size": [9, 9, 9], "inflate": -0.01, "uv": [0, 28]}
					]
				},
				{
					"name": "rightleg3",
					"parent": "bodypiece3",
					"pivot": [-4, 8, 36],
					"cubes": [
						{"origin": [-5, 2.4, 34], "size": [2, 6, 2], "uv": [40, 13]}
					]
				},
				{
					"name": "rightfoot3",
					"parent": "rightleg3",
					"pivot": [-4, 3, 36.1],
					"cubes": [
						{"origin": [-5.5, 0, 30.5], "size": [3, 3, 6], "uv": [0, 46]}
					]
				},
				{
					"name": "leftl_sceg3",
					"parent": "bodypiece3",
					"pivot": [4, 8, 36],
					"cubes": [
						{"origin": [3, 2.4, 34], "size": [2, 6, 2], "uv": [40, 13], "mirror": true}
					]
				},
				{
					"name": "leftfoot3",
					"parent": "leftl_sceg3",
					"pivot": [4, 3, 36.1],
					"cubes": [
						{"origin": [2.5, 0, 30.5], "size": [3, 3, 6], "uv": [0, 46], "mirror": true}
					]
				},
				{
					"name": "bodypiece4",
					"parent": "bodypiece3",
					"pivot": [0, 12, 32],
					"cubes": [
						{"origin": [-4.5, 7.5, 22], "size": [9, 9, 9], "uv": [27, 37]}
					]
				},
				{
					"name": "rightleg4",
					"parent": "bodypiece4",
					"pivot": [-4, 8, 27],
					"cubes": [
						{"origin": [-5, 2.4, 25], "size": [2, 6, 2], "uv": [40, 13]}
					]
				},
				{
					"name": "rightfoot4",
					"parent": "rightleg4",
					"pivot": [-4, 3, 27.1],
					"cubes": [
						{"origin": [-5.5, 0, 21.5], "size": [3, 3, 6], "uv": [0, 46]}
					]
				},
				{
					"name": "leftl_sceg4",
					"parent": "bodypiece4",
					"pivot": [4, 8, 27],
					"cubes": [
						{"origin": [3, 2.4, 25], "size": [2, 6, 2], "uv": [40, 13], "mirror": true}
					]
				},
				{
					"name": "leftfoot4",
					"parent": "leftl_sceg4",
					"pivot": [4, 3, 27.1],
					"cubes": [
						{"origin": [2.5, 0, 21.5], "size": [3, 3, 6], "uv": [0, 46], "mirror": true}
					]
				},
				{
					"name": "bodypiece2",
					"parent": "bodypiece4",
					"pivot": [0, 12, 23],
					"cubes": [
						{"origin": [-4.5, 7.5, 13], "size": [9, 9, 9], "inflate": -0.01, "uv": [0, 28]}
					]
				},
				{
					"name": "rightleg2",
					"parent": "bodypiece2",
					"pivot": [-4, 8, 18],
					"cubes": [
						{"origin": [-5, 2.4, 16], "size": [2, 6, 2], "uv": [40, 13]}
					]
				},
				{
					"name": "rightfoot2",
					"parent": "rightleg2",
					"pivot": [-4, 3, 18.1],
					"cubes": [
						{"origin": [-5.5, 0, 12.5], "size": [3, 3, 6], "uv": [0, 46]}
					]
				},
				{
					"name": "leftl_sceg2",
					"parent": "bodypiece2",
					"pivot": [4, 8, 18],
					"cubes": [
						{"origin": [3, 2.4, 16], "size": [2, 6, 2], "uv": [40, 13], "mirror": true}
					]
				},
				{
					"name": "leftfoot2",
					"parent": "leftl_sceg2",
					"pivot": [4, 3, 18.1],
					"cubes": [
						{"origin": [2.5, 0, 12.5], "size": [3, 3, 6], "uv": [0, 46], "mirror": true}
					]
				},
				{
					"name": "bodypiece1",
					"parent": "bodypiece2",
					"pivot": [0, 12, 14],
					"cubes": [
						{"origin": [-4.5, 7.5, 4], "size": [9, 9, 9], "uv": [27, 37]}
					]
				},
				{
					"name": "rightleg1",
					"parent": "bodypiece1",
					"pivot": [-4, 8, 9],
					"cubes": [
						{"origin": [-5, 2.4, 7], "size": [2, 6, 2], "uv": [40, 13]}
					]
				},
				{
					"name": "rightfoot1",
					"parent": "rightleg1",
					"pivot": [-4, 3, 9.1],
					"cubes": [
						{"origin": [-5.5, 0, 3.5], "size": [3, 3, 6], "uv": [0, 46]}
					]
				},
				{
					"name": "leftl_sceg1",
					"parent": "bodypiece1",
					"pivot": [4, 8, 9],
					"cubes": [
						{"origin": [3, 2.4, 7], "size": [2, 6, 2], "uv": [40, 13], "mirror": true}
					]
				},
				{
					"name": "leftfoot1",
					"parent": "leftl_sceg1",
					"pivot": [4, 3, 9.1],
					"cubes": [
						{"origin": [2.5, 0, 3.5], "size": [3, 3, 6], "uv": [0, 46], "mirror": true}
					]
				},
				{
					"name": "head",
					"parent": "bodypiece1",
					"pivot": [0, 13, 5],
					"cubes": [
						{"origin": [-5, 8, -6], "size": [10, 10, 10], "uv": [0, 0]},
						{"origin": [-7.5, 11.7, -3.5], "size": [3, 7, 5], "pivot": [-6, 14, 0], "rotation": [0, 0, 7.5], "uv": [40, 0]},
						{"origin": [4.5, 11.7, -3.5], "size": [3, 7, 5], "pivot": [6, 14, 0], "rotation": [0, 0, -7.5], "uv": [40, 0], "mirror": true},
						{"origin": [1.1, 12.1, -6.1], "size": [2.8, 2.8, 0], "uv": [0, 0]},
						{"origin": [-3.9, 12.1, -6.1], "size": [2.8, 2.8, 0], "uv": [0, 0], "mirror": true},
						{"origin": [-5.5, 7.9, -6.5], "size": [11, 5, 3], "uv": [0, 20]},
						{"origin": [-1.5, 4.1, -6.8], "size": [3, 5, 0], "pivot": [0, 4.9, -5.5], "rotation": [-10, 0, 0], "uv": [0, 5]}
					]
				}
			]
		}
	]
}
\\"": \\\\""?\\\"": \\\\""?\\\"": \\\\""?\\\"": \\\\""?\\\"": \\\\""?\\\"": \\\\""?\\\"": \\\\""?\\\"": \\\\""?\\\"": \\\\""?\\\"": \\\\""?\\\"": \\\\""?\\\"": \\\\""?\\\"": \\\\""?\\\"": \\\\""?\\\"": \\\\""?\\\"": \\\\""?\\\"": \\\\""?\\\"": \\\\""?\\\"": \\\\""?\\\"": \\\\""?\\\"": \\\\""?\\\"": \\\\""?\\\"": \\\\""?\\\"": \\\\""?\\\"": \\\\""?\\\"": \\\\""?\\\"": \\\\""?\\\"": \\\\""?\\\"": \\\\""?\\\"": \\\\""?\\\"": \\\\""?\\\"": \\\\""?\\\"": \\\\""?\\\"": \\\\""?\\\"": \\\\""?\\\"": \\\\""?\\\"": \\\\""?\\\"": \\\\""?\\\"": \\\\""?\\\"": \\\\""?\\\"": \\\\""?\\\"": \\\\""?\\\"": \\\\""?\\\"": \\\\""?\\\"": \\\\""?\\\"": \\\\""?\\\"": \\\\""?\\\"": \\\\""?\\\"": \\\\""?\\\"": \\\\""?\\\"": \\\\""?\]}}}}}