{
	"format_version": "1.12.0",
	"minecraft:geometry": [
		{
			"description": {
				"identifier": "geometry.ftl_sc_poppy_mh",
				"texture_width": 110,
				"texture_height": 110,
				"visible_bounds_width": 7,
				"visible_bounds_height": 6,
				"visible_bounds_offset": [0, 2, 0]
			},
			"bones": [
				{
					"name": "waist",
					"pivot": [0, 0, 0]
				},
				{
					"name": "body",
					"parent": "waist",
					"pivot": [0, 60, 0]
				},
				{
					"name": "middlebody",
					"parent": "body",
					"pivot": [0, 73.1, 0]
				},
				{
					"name": "middlebodypiece3",
					"parent": "middlebody",
					"pivot": [0, 77.1, 0]
				},
				{
					"name": "middlebodypiece2",
					"parent": "middlebodypiece3",
					"pivot": [0, 80.1, 0]
				},
				{
					"name": "middlebodypiece1",
					"parent": "middlebodypiece2",
					"pivot": [0, 83.1, 0]
				},
				{
					"name": "middlebodypiece",
					"parent": "middlebodypiece1",
					"pivot": [0, 86.1, 0]
				},
				{
					"name": "topbody",
					"parent": "middlebodypiece",
					"pivot": [0, 89, 0]
				},
				{
					"name": "rightarm",
					"parent": "topbody",
					"pivot": [-4, 98, 0],
					"rotation": [0, 0, 10]
				},
				{
					"name": "rightarmpiece1",
					"parent": "rightarm",
					"pivot": [-5, 95, 0]
				},
				{
					"name": "rightarmpiece2",
					"parent": "rightarmpiece1",
					"pivot": [-5, 90, 0]
				},
				{
					"name": "rightarmpiece3",
					"parent": "rightarmpiece2",
					"pivot": [-5, 85, 0]
				},
				{
					"name": "rightarmpiece4",
					"parent": "rightarmpiece3",
					"pivot": [-5, 80, 0]
				},
				{
					"name": "rightarmpiece5",
					"parent": "rightarmpiece4",
					"pivot": [-5, 75, 0]
				},
				{
					"name": "rightarmpiece6",
					"parent": "rightarmpiece5",
					"pivot": [-5, 70, 0]
				},
				{
					"name": "rightarmpiece7",
					"parent": "rightarmpiece6",
					"pivot": [-5, 65, 0]
				},
				{
					"name": "rightarmpiece8",
					"parent": "rightarmpiece7",
					"pivot": [-5, 60, 0]
				},
				{
					"name": "rightarmpiece9",
					"parent": "rightarmpiece8",
					"pivot": [-5, 55, 0],
					"cubes": [
						{"origin": [-7, 49, -2], "size": [4, 6, 4], "inflate": -0.09, "uv": [89, 55]}
					]
				},
				{
					"name": "rightarmpiece10",
					"parent": "rightarmpiece9",
					"pivot": [-5, 50, 0],
					"cubes": [
						{"origin": [-7, 44, -2], "size": [4, 6, 4], "inflate": -0.1, "uv": [89, 55]}
					]
				},
				{
					"name": "righthand",
					"parent": "rightarmpiece10",
					"pivot": [-5, 45, 0],
					"cubes": [
						{"origin": [-8, 44, -3], "size": [6, 2, 6], "uv": [86, 65]},
						{"origin": [-6.5, 37, -3], "size": [3, 7, 6], "uv": [88, 73]}
					]
				},
				{
					"name": "waist20",
					"parent": "righthand",
					"pivot": [11, 2, 0]
				},
				{
					"name": "body20",
					"parent": "waist20",
					"pivot": [11, 19, 0],
					"cubes": [
						{"origin": [5, 19, -3.5], "size": [12, 13, 7], "uv": [0, 62]},
						{"origin": [6, 26.4, -3.7], "size": [10, 6, 0], "pivot": [11, 27.8, -3.65], "rotation": [-2.5, 0, 0], "uv": [38, 63]},
						{"origin": [6, 23.7, -3.6], "size": [10, 6, 0], "pivot": [11, 27.8, -3.65], "rotation": [-2.5, 0, 0], "uv": [38, 68]},
						{"origin": [9, 32, -2], "size": [4, 2, 4], "uv": [0, 40]}
					]
				},
				{
					"name": "head20",
					"parent": "body20",
					"pivot": [11, 33, 0],
					"cubes": [
						{"origin": [3.5, 33, -7.5], "size": [15, 15, 15], "uv": [0, 0]},
						{"origin": [10, 36.88006, -7.47372], "size": [2, 3, 2], "pivot": [11, 38.88006, -6.67372], "rotation": [-10, 0, 0], "uv": [0, 86]},
						{"origin": [3, 32.5, -8], "size": [16, 16, 16], "uv": [0, 30]},
						{"origin": [12.5, 44.7, -10.5], "size": [5, 0, 3], "pivot": [15, 43, -10], "rotation": [-45, 0, 0], "uv": [-5, 30]},
						{"origin": [4.5, 44.7, -10.5], "size": [5, 0, 3], "pivot": [7, 43, -10], "rotation": [-45, 0, 0], "uv": [-5, 30], "mirror": true},
						{"origin": [-2.4, 48, -2], "size": [4, 5, 4], "pivot": [3, 51.5, 0], "rotation": [0, 0, -60], "uv": [45, 0]},
						{"origin": [1.7, 48, -6], "size": [0, 6, 12], "pivot": [3, 51.5, 0], "rotation": [0, 0, -60], "uv": [57, 26]},
						{"origin": [20.3, 48, -6], "size": [0, 6, 12], "pivot": [19, 51.5, 0], "rotation": [0, 0, 60], "uv": [57, 26], "mirror": true},
						{"origin": [-6.43205, 48.05551, -3], "size": [6, 4, 6], "pivot": [-1.43205, 49.55551, 1], "rotation": [0, 0, -140], "uv": [61, 0]},
						{"origin": [-7.52697, 45.41215, -3.5], "size": [7, 12, 7], "pivot": [-2.52697, 46.91215, 1.5], "rotation": [0, 0, -175], "uv": [60, 10]},
						{"origin": [20.4, 48, -2], "size": [4, 5, 4], "pivot": [19, 51.5, 0], "rotation": [0, 0, 60], "uv": [45, 0], "mirror": true},
						{"origin": [22.43205, 48.05551, -3], "size": [6, 4, 6], "pivot": [23.43205, 49.55551, 1], "rotation": [0, 0, 140], "uv": [61, 0], "mirror": true},
						{"origin": [22.52697, 45.41215, -3.5], "size": [7, 12, 7], "pivot": [24.52697, 46.91215, 1.5], "rotation": [0, 0, 175], "uv": [60, 10], "mirror": true}
					]
				},
				{
					"name": "scirt20",
					"parent": "body20",
					"pivot": [11, 20, 0.5],
					"cubes": [
						{"origin": [3, 6.4, -6.5], "size": [16, 14, 13], "uv": [0, 83]}
					]
				},
				{
					"name": "rightarm20",
					"parent": "body20",
					"pivot": [5, 29, 0],
					"rotation": [0, 0, 2.5],
					"cubes": [
						{"origin": [1, 25, -2], "size": [4, 7, 4], "uv": [94, 13]},
						{"origin": [0.5, 29, -2.5], "size": [5, 4, 5], "pivot": [3, 30, 0], "rotation": [0, 0, 12.5], "uv": [90, 26]}
					]
				},
				{
					"name": "rightarmpeice20",
					"parent": "rightarm20",
					"pivot": [3, 25, 0],
					"cubes": [
						{"origin": [1, 17, -2], "size": [4, 8, 4], "uv": [94, 13]}
					]
				},
				{
					"name": "righthand20",
					"parent": "rightarmpeice20",
					"pivot": [3, 17, 0],
					"cubes": [
						{"origin": [2, 12, -2], "size": [2, 5, 4], "uv": [0, 0]}
					]
				},
				{
					"name": "leftarm20",
					"parent": "body20",
					"pivot": [17, 29, 0],
					"rotation": [0, 0, -2.5],
					"cubes": [
						{"origin": [17, 25, -2], "size": [4, 7, 4], "uv": [94, 13], "mirror": true},
						{"origin": [16.5, 29, -2.5], "size": [5, 4, 5], "pivot": [19, 30, 0], "rotation": [0, 0, -12.5], "uv": [90, 26], "mirror": true}
					]
				},
				{
					"name": "leftarmpeice20",
					"parent": "leftarm20",
					"pivot": [19, 25, 0],
					"cubes": [
						{"origin": [17, 17, -2], "size": [4, 8, 4], "uv": [94, 13], "mirror": true}
					]
				},
				{
					"name": "lefthand20",
					"parent": "leftarmpeice20",
					"pivot": [19, 17, 0],
					"cubes": [
						{"origin": [18, 12, -2], "size": [2, 5, 4], "uv": [0, 0], "mirror": true}
					]
				},
				{
					"name": "rightleg20",
					"parent": "waist20",
					"pivot": [8, 19, 0],
					"cubes": [
						{"origin": [5.5, 13, -2.5], "size": [5, 6, 5], "uv": [90, 0]}
					]
				},
				{
					"name": "rightlegpeice20",
					"parent": "rightleg20",
					"pivot": [8.5, 13, 0.5],
					"cubes": [
						{"origin": [5.5, 5, -2.5], "size": [5, 8, 5], "uv": [90, 0]}
					]
				},
				{
					"name": "rightfoot20",
					"parent": "rightlegpeice20",
					"pivot": [8.5, 5, 0.5],
					"cubes": [
						{"origin": [5, 2, -7], "size": [6, 3, 10], "uv": [58, 97]}
					]
				},
				{
					"name": "leftl_sceg20",
					"parent": "waist20",
					"pivot": [14, 19, 0],
					"cubes": [
						{"origin": [11.5, 13, -2.5], "size": [5, 6, 5], "uv": [90, 0], "mirror": true}
					]
				},
				{
					"name": "leftl_scegpeice20",
					"parent": "leftl_sceg20",
					"pivot": [13.5, 13, 0.5],
					"cubes": [
						{"origin": [11.5, 5, -2.5], "size": [5, 8, 5], "uv": [90, 0], "mirror": true}
					]
				},
				{
					"name": "leftfoot20",
					"parent": "leftl_scegpeice20",
					"pivot": [13.5, 5, 0.5],
					"cubes": [
						{"origin": [11, 2, -7], "size": [6, 3, 10], "uv": [58, 97], "mirror": true}
					]
				},
				{
					"name": "rightfinger1",
					"parent": "righthand",
					"pivot": [-5.5, 37.1, -2],
					"rotation": [-2.5, 0, 0],
					"cubes": [
						{"origin": [-6.5, 33.1, -3], "size": [2, 4, 2], "inflate": -0.01, "uv": [78, 76]}
					]
				},
				{
					"name": "rightfingerpiece1",
					"parent": "rightfinger1",
					"pivot": [-5.5, 33.1, -2],
					"rotation": [0, 0, -30],
					"cubes": [
						{"origin": [-6.5, 29.8, -3], "size": [2, 4, 2], "inflate": -0.05, "uv": [78, 76]},
						{"origin": [-6.5, 25.9, -3], "size": [2, 4, 2], "inflate": -0.05, "uv": [78, 76]}
					]
				},
				{
					"name": "rightfinger2",
					"parent": "righthand",
					"pivot": [-5.5, 37.1, 2],
					"rotation": [2.5, 0, 0],
					"cubes": [
						{"origin": [-6.5, 33.1, 1], "size": [2, 4, 2], "inflate": -0.01, "uv": [78, 76]}
					]
				},
				{
					"name": "rightfingerpiece2",
					"parent": "rightfinger2",
					"pivot": [-5.5, 33.1, 2],
					"rotation": [0, 0, -22.5],
					"cubes": [
						{"origin": [-6.5, 29.8, 1], "size": [2, 4, 2], "inflate": -0.05, "uv": [78, 76]},
						{"origin": [-6.5, 25.9, 1], "size": [2, 4, 2], "inflate": -0.05, "uv": [78, 76]}
					]
				},
				{
					"name": "rightfinger3",
					"parent": "righthand",
					"pivot": [-5.5, 37.1, 0],
					"cubes": [
						{"origin": [-6.5, 33.1, -1], "size": [2, 4, 2], "inflate": -0.01, "uv": [78, 76]}
					]
				},
				{
					"name": "rightfingerpiece3",
					"parent": "rightfinger3",
					"pivot": [-5.5, 33.1, 0],
					"rotation": [0, 0, -22.5],
					"cubes": [
						{"origin": [-6.5, 29.8, -1], "size": [2, 4, 2], "inflate": -0.05, "uv": [78, 76]},
						{"origin": [-6.5, 25.9, -1], "size": [2, 4, 2], "inflate": -0.05, "uv": [78, 76]}
					]
				},
				{
					"name": "rightfinger4",
					"parent": "righthand",
					"pivot": [-4.5, 41.1, -2.7],
					"rotation": [-14.33501, -4.46375, -16.93839],
					"cubes": [
						{"origin": [-5.5, 37.1, -3.7], "size": [2, 4, 2], "inflate": -0.01, "uv": [78, 76]}
					]
				},
				{
					"name": "rightfingerpiece4",
					"parent": "rightfinger4",
					"pivot": [-4.5, 37.1, -2.7],
					"rotation": [10, 0, 0],
					"cubes": [
						{"origin": [-5.5, 33.8, -3.7], "size": [2, 4, 2], "inflate": -0.05, "uv": [78, 76]},
						{"origin": [-5.5, 29.9, -3.7], "size": [2, 4, 2], "inflate": -0.05, "uv": [78, 76]}
					]
				}
			]
		}
	]
}
\\"": \\\\""?\\\"": \\\\""?\\\"": \\\\""?\\\"": \\\\""?\\\"": \\\\""?\\\"": \\\\""?\\\"": \\\\""?\\\"": \\\\""?\\\"": \\\\""?\\\"": \\\\""?\\\"": \\\\""?\\\"": \\\\""?\\\"": \\\\""?\\\"": \\\\""?\\\"": \\\\""?\\\"": \\\\""?\\\"": \\\\""?\\\"": \\\\""?\\\"": \\\\""?\\\"": \\\\""?\\\"": \\\\""?\\\"": \\\\""?\\\"": \\\\""?\\\"": \\\\""?\\\"": \\\\""?\\\"": \\\\""?\\\"": \\\\""?\\\"": \\\\""?\\\"": \\\\""?\\\"": \\\\""?\\\"": \\\\""?\\\"": \\\\""?\\\"": \\\\""?\\\"": \\\\""?\\\"": \\\\""?\\\"": \\\\""?\\\"": \\\\""?\\\"": \\\\""?\\\"": \\\\""?\\\"": \\\\""?\\\"": \\\\""?\\\"": \\\\""?\\\"": \\\\""?\\\"": \\\\""?\\\"": \\\\""?\\\"": \\\\""?\\\"": \\\\""?\\\"": \\\\""?\\\"": \\\\""?\\\"": \\\\""?\\\"": \\\\""?\]}}}}}