{
	"format_version": "1.12.0",
	"minecraft:geometry": [
		{
			"description": {
				"identifier": "geometry.ftl_sc_grabpack2",
				"texture_width": 64,
				"texture_height": 64,
				"visible_bounds_width": 12,
				"visible_bounds_height": 3.5,
				"visible_bounds_offset": [0, 1.25, 0]
			},
			"bones": [
				{
					"name": "grabpack",
					"pivot": [0, 21, -5],
					"rotation": [0, 180, 0],
					"cubes": [
						{"origin": [-11, 19.5, -20.5], "size": [3, 3, 14], "uv": [0, 17]},
						{"origin": [-11.5, 19, -17.5], "size": [4, 4, 6], "uv": [0, 34]},
						{"origin": [7.5, 19, -17.5], "size": [4, 4, 6], "uv": [28, 30]},
						{"origin": [8, 19.5, -20.5], "size": [3, 3, 14], "uv": [0, 0]}
					]
				},
				{
					"name": "rightwire",
					"parent": "grabpack",
					"pivot": [-9.5, 21, -14],
					"cubes": [
						{"origin": [-10.5, 20, -22], "size": [2, 2, 8], "uv": [0, 44]}
					]
				},
				{
					"name": "rightwirepeice",
					"parent": "rightwire",
					"pivot": [-9.5, 21, -14],
					"cubes": [
						{"origin": [-10.5, 20, -22], "size": [2, 2, 8], "uv": [0, 44]}
					]
				},
				{
					"name": "rightwirepeice2",
					"parent": "rightwirepeice",
					"pivot": [-9.5, 21, -14],
					"cubes": [
						{"origin": [-10.5, 20, -22], "size": [2, 2, 8], "uv": [0, 44]}
					]
				},
				{
					"name": "rightwirepeice3",
					"parent": "rightwirepeice2",
					"pivot": [-9.5, 21, -14],
					"cubes": [
						{"origin": [-10.5, 20, -22], "size": [2, 2, 8], "uv": [0, 44]}
					]
				},
				{
					"name": "rightwirepeice4",
					"parent": "rightwirepeice3",
					"pivot": [-9.5, 21, -14],
					"cubes": [
						{"origin": [-10.5, 20, -22], "size": [2, 2, 8], "uv": [0, 44]}
					]
				},
				{
					"name": "rightwirepeice5",
					"parent": "rightwirepeice4",
					"pivot": [-9.5, 21, -14],
					"cubes": [
						{"origin": [-10.5, 20, -22], "size": [2, 2, 8], "uv": [0, 44]}
					]
				},
				{
					"name": "rightwirepeice6",
					"parent": "rightwirepeice5",
					"pivot": [-9.5, 21, -14],
					"cubes": [
						{"origin": [-10.5, 20, -22], "size": [2, 2, 8], "uv": [0, 44]}
					]
				},
				{
					"name": "rightwirepeice7",
					"parent": "rightwirepeice6",
					"pivot": [-9.5, 21, -14],
					"cubes": [
						{"origin": [-10.5, 20, -22], "size": [2, 2, 8], "uv": [0, 44]}
					]
				},
				{
					"name": "rightwirepeice8",
					"parent": "rightwirepeice7",
					"pivot": [-9.5, 21, -14],
					"cubes": [
						{"origin": [-10.5, 20, -22], "size": [2, 2, 8], "uv": [0, 44]}
					]
				},
				{
					"name": "righthand",
					"parent": "rightwirepeice8",
					"pivot": [-9.5, 21.7, -21.6],
					"cubes": [
						{"origin": [-11.5, 19.7, -22.6], "size": [4, 4, 1], "uv": [42, 47]},
						{"origin": [-9.43457, 23.66305, -22.92435], "size": [1, 3, 1], "pivot": [-8.93457, 25.16305, -22.42435], "rotation": [-12.48848, 0.54094, -177.55919], "uv": [38, 47]},
						{"origin": [-8.36927, 23.65887, -22.92342], "size": [1, 3, 1], "pivot": [-7.86927, 25.15887, -22.42342], "rotation": [-12.45392, 1.08089, -175.11794], "uv": [38, 47]},
						{"origin": [-7.50571, 23.83073, -23.1], "size": [1, 3, 1], "pivot": [-9.5, 23.7, -22.1], "rotation": [8.51814, -9.18229, 46.81472], "uv": [38, 47]},
						{"origin": [-10.56543, 23.66305, -22.92435], "size": [1, 3, 1], "pivot": [-10.06543, 25.16305, -22.42435], "rotation": [-12.48848, -0.54094, 177.55919], "uv": [38, 47]},
						{"origin": [-11.63073, 23.65887, -22.92342], "size": [1, 3, 1], "pivot": [-11.13073, 25.15887, -22.42342], "rotation": [-12.45392, -1.08089, 175.11794], "uv": [38, 47]}
					]
				},
				{
					"name": "leftwire",
					"parent": "grabpack",
					"pivot": [9.5, 21, -14],
					"cubes": [
						{"origin": [8.5, 20, -22], "size": [2, 2, 8], "uv": [0, 44], "mirror": true}
					]
				},
				{
					"name": "leftwirepeice",
					"parent": "leftwire",
					"pivot": [9.5, 21, -14],
					"cubes": [
						{"origin": [8.5, 20, -22], "size": [2, 2, 8], "uv": [0, 44], "mirror": true}
					]
				},
				{
					"name": "leftwirepeice2",
					"parent": "leftwirepeice",
					"pivot": [9.5, 21, -14],
					"cubes": [
						{"origin": [8.5, 20, -22], "size": [2, 2, 8], "uv": [0, 44], "mirror": true}
					]
				},
				{
					"name": "leftwirepeice3",
					"parent": "leftwirepeice2",
					"pivot": [9.5, 21, -14],
					"cubes": [
						{"origin": [8.5, 20, -22], "size": [2, 2, 8], "uv": [0, 44], "mirror": true}
					]
				},
				{
					"name": "leftwirepeice4",
					"parent": "leftwirepeice3",
					"pivot": [9.5, 21, -14],
					"cubes": [
						{"origin": [8.5, 20, -22], "size": [2, 2, 8], "uv": [0, 44], "mirror": true}
					]
				},
				{
					"name": "leftwirepeice5",
					"parent": "leftwirepeice4",
					"pivot": [9.5, 21, -14],
					"cubes": [
						{"origin": [8.5, 20, -22], "size": [2, 2, 8], "uv": [0, 44], "mirror": true}
					]
				},
				{
					"name": "leftwirepeice6",
					"parent": "leftwirepeice5",
					"pivot": [9.5, 21, -14],
					"cubes": [
						{"origin": [8.5, 20, -22], "size": [2, 2, 8], "uv": [0, 44], "mirror": true}
					]
				},
				{
					"name": "leftwirepeice7",
					"parent": "leftwirepeice6",
					"pivot": [9.5, 21, -14],
					"cubes": [
						{"origin": [8.5, 20, -22], "size": [2, 2, 8], "uv": [0, 44], "mirror": true}
					]
				},
				{
					"name": "leftwirepeice8",
					"parent": "leftwirepeice7",
					"pivot": [9.5, 21, -14],
					"cubes": [
						{"origin": [8.5, 20, -22], "size": [2, 2, 8], "uv": [0, 44], "mirror": true}
					]
				},
				{
					"name": "lefthand",
					"parent": "leftwirepeice8",
					"pivot": [9.5, 21.7, -21.6],
					"cubes": [
						{"origin": [7.5, 19.7, -22.6], "size": [4, 4, 1], "uv": [27, 47], "mirror": true},
						{"origin": [8.43457, 23.66305, -22.92435], "size": [1, 3, 1], "pivot": [8.93457, 25.16305, -22.42435], "rotation": [-12.48848, -0.54094, 177.55919], "uv": [23, 47], "mirror": true},
						{"origin": [7.36927, 23.65887, -22.92342], "size": [1, 3, 1], "pivot": [7.86927, 25.15887, -22.42342], "rotation": [-12.45392, -1.08089, 175.11794], "uv": [23, 47], "mirror": true},
						{"origin": [6.50571, 23.83073, -23.1], "size": [1, 3, 1], "pivot": [9.5, 23.7, -22.1], "rotation": [8.51814, 9.18229, -46.81472], "uv": [23, 47], "mirror": true},
						{"origin": [9.56543, 23.66305, -22.92435], "size": [1, 3, 1], "pivot": [10.06543, 25.16305, -22.42435], "rotation": [-12.48848, 0.54094, -177.55919], "uv": [23, 47], "mirror": true},
						{"origin": [10.63073, 23.65887, -22.92342], "size": [1, 3, 1], "pivot": [11.13073, 25.15887, -22.42342], "rotation": [-12.45392, 1.08089, -175.11794], "uv": [23, 47], "mirror": true}
					]
				}
			]
		}
	]
}
\\"": \\\\""?\\\"": \\\\""?\\\"": \\\\""?\\\"": \\\\""?\\\"": \\\\""?\\\"": \\\\""?\\\"": \\\\""?\\\"": \\\\""?\\\"": \\\\""?\\\"": \\\\""?\\\"": \\\\""?\\\"": \\\\""?\\\"": \\\\""?\\\"": \\\\""?\\\"": \\\\""?\\\"": \\\\""?\\\"": \\\\""?\\\"": \\\\""?\\\"": \\\\""?\\\"": \\\\""?\\\"": \\\\""?\\\"": \\\\""?\\\"": \\\\""?\\\"": \\\\""?\\\"": \\\\""?\\\"": \\\\""?\\\"": \\\\""?\\\"": \\\\""?\\\"": \\\\""?\\\"": \\\\""?\\\"": \\\\""?\\\"": \\\\""?\\\"": \\\\""?\\\"": \\\\""?\\\"": \\\\""?\\\"": \\\\""?\\\"": \\\\""?\\\"": \\\\""?\\\"": \\\\""?\\\"": \\\\""?\\\"": \\\\""?\\\"": \\\\""?\\\"": \\\\""?\\\"": \\\\""?\\\"": \\\\""?\\\"": \\\\""?\\\"": \\\\""?\\\"": \\\\""?\\\"": \\\\""?\\\"": \\\\""?\\\"": \\\\""?\]}}}}}