{
	"format_version": "1.12.0",
	"minecraft:geometry": [
		{
			"description": {
				"identifier": "geometry.ftl_sc_huggy_wuggy",
				"texture_width": 88,
				"texture_height": 88,
				"visible_bounds_width": 5,
				"visible_bounds_height": 5.5,
				"visible_bounds_offset": [0, 2.25, 0]
			},
			"bones": [
				{
					"name": "waist",
					"pivot": [0, 0, 0]
				},
				{
					"name": "body",
					"parent": "waist",
					"pivot": [0, 32.4, 0],
					"cubes": [
						{"origin": [-3.5, 40.1, -1.8], "size": [7, 5, 4], "inflate": 0.3, "uv": [0, 51]},
						{"origin": [-3.8, 38.7, -2.2], "size": [7.6, 1.6, 4.6], "inflate": 0.3, "uv": [23, 51]},
						{"origin": [-3.5, 39, -1.8], "size": [7, 1, 4], "inflate": 0.33, "uv": [0, 51]},
						{"origin": [-4, 31, -2.5], "size": [8, 8, 5], "inflate": 0.3, "uv": [0, 60]},
						{"origin": [-4.3, 27.1, -2.7], "size": [8.6, 8.6, 0], "inflate": 0.3, "pivot": [0, 34.4, -2.8], "rotation": [-5, 0, 0], "uv": [27, 41]},
						{"origin": [-4.3, 27.12013, 4.16109], "size": [8.6, 8.6, 0], "inflate": 0.3, "pivot": [0, 31.42013, 3.56109], "rotation": [175, 0, -180], "uv": [27, 41]},
						{"origin": [-2.5, 26.80966, 4.35134], "size": [5, 8.6, 0], "inflate": 0.3, "pivot": [0, 31.37655, 0.00076], "rotation": [0, -90, 5], "uv": [27, 41]},
						{"origin": [-2.5, 26.80966, 4.35134], "size": [5, 8.6, 0], "inflate": 0.3, "pivot": [0, 31.37655, 0.00076], "rotation": [0, 90, -5], "uv": [27, 41], "mirror": true}
					]
				},
				{
					"name": "head",
					"parent": "body",
					"pivot": [0, 46.4, 0],
					"cubes": [
						{"origin": [-3.5, 48.8, -2.9], "size": [7, 3, 5], "pivot": [0, 50.3, -0.4], "rotation": [0, 0, -180], "uv": [64, 59]},
						{"origin": [-3.5, 51.8, -2.9], "size": [7, 3, 5], "pivot": [0, 50.3, -0.4], "rotation": [0, 0, -180], "uv": [64, 59]},
						{"origin": [-9.9538, 47.6478, -2.9], "size": [2, 5, 5.8], "inflate": -0.02, "pivot": [-2.9538, 49.1478, -0.1], "rotation": [0, 0, 100], "uv": [65, 44]},
						{"origin": [-10.91093, 48.52694, -2.9], "size": [2, 4, 5.8], "pivot": [-4.91093, 50.02694, -0.1], "rotation": [0, 0, 82.5], "uv": [50, 44]},
						{"origin": [-10.11652, 46.23211, -2.9], "size": [9, 3, 5.8], "inflate": 0.01, "pivot": [-3.11652, 47.73211, -0.2], "rotation": [0, 0, 70], "uv": [46, 36]},
						{"origin": [7.9538, 47.6478, -2.9], "size": [2, 5, 5.8], "inflate": -0.01, "pivot": [2.9538, 49.1478, -0.1], "rotation": [0, 0, -100], "uv": [65, 44], "mirror": true},
						{"origin": [8.91093, 48.52694, -2.9], "size": [2, 4, 5.8], "pivot": [4.91093, 50.02694, -0.1], "rotation": [0, 0, -82.5], "uv": [50, 44], "mirror": true},
						{"origin": [1.11652, 46.23211, -2.9], "size": [9, 3, 5.8], "inflate": 0.01, "pivot": [3.11652, 47.73211, -0.2], "rotation": [0, 0, -70], "uv": [46, 36], "mirror": true},
						{"origin": [-4.5, 48.4, -3], "size": [9, 6, 6], "uv": [0, 13]},
						{"origin": [-4.1, 45.4, -2], "size": [8.2, 3, 5.1], "uv": [21, 80]},
						{"origin": [-2.17639, 45.63796, -2.17756], "size": [1, 2, 0], "pivot": [0, 47.63245, -1.98452], "rotation": [-15.96643, 15.65498, 25.60564], "uv": [0, 2]},
						{"origin": [-1.15352, 46.34856, -2.13757], "size": [1, 2, 0], "pivot": [0, 47.63245, -1.98452], "rotation": [-18.90214, 11.89502, 13.32757], "uv": [0, 2]},
						{"origin": [0.15352, 46.34856, -2.13757], "size": [1, 2, 0], "pivot": [0, 47.63245, -1.98452], "rotation": [-18.90214, -11.89502, -13.32757], "uv": [0, 2], "mirror": true},
						{"origin": [1.17639, 45.63796, -2.17756], "size": [1, 2, 0], "pivot": [0, 47.63245, -1.98452], "rotation": [-15.96643, -15.65498, -25.60564], "uv": [0, 2], "mirror": true},
						{"origin": [-3.18808, 45.12013, -2.29755], "size": [1, 1.8, 0], "pivot": [0, 47.63245, -1.98452], "rotation": [-14.55372, 16.97186, 30.63172], "uv": [0, 2]},
						{"origin": [2.18808, 45.12013, -2.29755], "size": [1, 1.8, 0], "pivot": [0, 47.63245, -1.98452], "rotation": [-14.55372, -16.97186, -30.63172], "uv": [0, 2], "mirror": true},
						{"origin": [-7.3, 47.3, -3.2], "size": [14.6, 8.6, 6.4], "uv": [48, 74]}
					]
				},
				{
					"name": "mouth",
					"parent": "head",
					"pivot": [0, 48.82511, -3.66395],
					"cubes": [
						{"origin": [-4.80244, 48.9006, -4], "size": [3, 1, 1], "pivot": [-3.80244, 49.4006, -3.5], "rotation": [0, 0, 15], "uv": [38, 36]},
						{"origin": [-2, 48.4, -4], "size": [1, 1, 1], "inflate": 0.01, "uv": [59, 0]},
						{"origin": [-1.34695, 48.59035, -4], "size": [1, 1, 1], "inflate": 0.01, "pivot": [-0.84695, 49.09035, -3.5], "rotation": [0, 0, -32.5], "uv": [59, 0], "mirror": true},
						{"origin": [-0.69391, 48.78069, -4], "size": [1, 1, 1], "inflate": 0.01, "uv": [59, 2]},
						{"origin": [0.34695, 48.59035, -4], "size": [1, 1, 1], "inflate": 0.01, "pivot": [0.84695, 49.09035, -3.5], "rotation": [0, 0, 32.5], "uv": [59, 0]},
						{"origin": [-0.30609, 48.78069, -4], "size": [1, 1, 1], "inflate": 0.01, "uv": [59, 2], "mirror": true},
						{"origin": [1, 48.4, -4], "size": [1, 1, 1], "inflate": 0.01, "uv": [59, 0]},
						{"origin": [1.80244, 48.9006, -4], "size": [3, 1, 1], "pivot": [3.80244, 49.4006, -3.5], "rotation": [0, 0, -15], "uv": [35, 3]},
						{"origin": [-0.3, 47.2, -4], "size": [2, 2, 0], "pivot": [0, 48.34983, -4], "rotation": [-9.85108, 1.72794, 9.85108], "uv": [36, 0], "mirror": true},
						{"origin": [1.63425, 46.52154, -4], "size": [2, 2, 0], "pivot": [0, 48.14983, -4], "rotation": [-9.6658, -2.57594, -14.78217], "uv": [0, 4]},
						{"origin": [-1.7, 47.4, -3.9], "size": [2, 2, 0], "pivot": [0, 48.54983, -3.9], "rotation": [-9.85108, -1.72794, -9.85108], "uv": [36, 0]},
						{"origin": [-3.63425, 46.52154, -4], "size": [2, 2, 0], "pivot": [0, 48.14983, -4], "rotation": [-9.6658, 2.57594, 14.78217], "uv": [0, 13]},
						{"origin": [-3.3071, 47.00205, -3.29763], "size": [2, 2, 0], "pivot": [-2.7071, 48.10205, -3.29763], "rotation": [-9.76758, -2.15393, -12.31593], "uv": [0, 13]},
						{"origin": [-1.9, 47.1, -3.4], "size": [2, 2, 0], "pivot": [0, 48.34983, -4], "rotation": [-9.91616, 1.29876, 7.38732], "uv": [36, 0]},
						{"origin": [-0.3, 47.4, -3.9], "size": [2, 2, 0], "pivot": [0, 48.54983, -3.9], "rotation": [-9.85108, 1.72794, 9.85108], "uv": [36, 0], "mirror": true},
						{"origin": [1.3071, 47.00205, -3.29763], "size": [2, 2, 0], "pivot": [2.7071, 48.10205, -3.29763], "rotation": [-9.76758, 2.15393, 12.31593], "uv": [0, 13], "mirror": true},
						{"origin": [-0.1, 47.1, -3.4], "size": [2, 2, 0], "pivot": [0, 48.34983, -4], "rotation": [-9.91616, -1.29876, -7.38732], "uv": [36, 0], "mirror": true}
					]
				},
				{
					"name": "jawpeice",
					"parent": "mouth",
					"pivot": [-4.39623, 49.04817, -3.20391],
					"cubes": [
						{"origin": [-5.76162, 45.94206, -3.68432], "size": [3.5, 1, 1], "pivot": [-2.63841, 46.80589, -3.08432], "rotation": [4.31836, -6.13784, 62.26837], "uv": [38, 30]}
					]
				},
				{
					"name": "jawpeice2",
					"parent": "mouth",
					"pivot": [4.39623, 49.04817, -3.20391],
					"cubes": [
						{"origin": [2.26162, 45.94206, -3.68432], "size": [3.5, 1, 1], "pivot": [2.63841, 46.80589, -3.08432], "rotation": [4.31836, 6.13784, -62.26837], "uv": [38, 30], "mirror": true}
					]
				},
				{
					"name": "jaw",
					"parent": "mouth",
					"pivot": [0.00139, 47.58849, 0.23527],
					"cubes": [
						{"origin": [-5.76162, 45.94206, -3.68432], "size": [3.5, 1, 1], "pivot": [-2.63841, 46.80589, -3.08432], "rotation": [4.31836, -6.13784, 62.26837], "uv": [38, 30]},
						{"origin": [-2.78477, 45.87491, -3.58432], "size": [3, 1, 1], "pivot": [-2.63841, 46.80589, -3.08432], "rotation": [6.93488, -2.86313, 29.82648], "uv": [38, 34]},
						{"origin": [-0.63891, 44.54854, -3.62414], "size": [1.3, 1, 1], "pivot": [-0.47133, 46.81676, -3.29258], "rotation": [7.5, 0, 0], "uv": [42, 34]},
						{"origin": [-0.21523, 45.87491, -3.58432], "size": [3, 1, 1], "pivot": [2.63841, 46.80589, -3.08432], "rotation": [6.93488, 2.86313, -29.82648], "uv": [38, 34], "mirror": true},
						{"origin": [2.26162, 45.94206, -3.68432], "size": [3.5, 1, 1], "pivot": [2.63841, 46.80589, -3.08432], "rotation": [4.31836, 6.13784, -62.26837], "uv": [38, 30], "mirror": true},
						{"origin": [0.32353, 45.67458, -3.3819], "size": [3, 2, 0], "pivot": [1.62353, 46.57458, -3.3819], "rotation": [23.90757, 5.9378, -29.18836], "uv": [0, 2], "mirror": true},
						{"origin": [-3.32353, 45.67458, -3.3819], "size": [3, 2, 0], "pivot": [-1.62353, 46.57458, -3.3819], "rotation": [23.90757, -5.9378, 29.18836], "uv": [0, 2]},
						{"origin": [-3.52353, 45.77458, -3.0819], "size": [3, 2, 0], "pivot": [-1.42353, 46.27458, -3.0819], "rotation": [24.57998, -0.78798, 17.77488], "uv": [0, 2]},
						{"origin": [0.52353, 45.77458, -3.0819], "size": [3, 2, 0], "pivot": [1.42353, 46.27458, -3.0819], "rotation": [24.57998, 0.78798, -17.77488], "uv": [0, 2], "mirror": true},
						{"origin": [-4, 45.4, -3], "size": [8, 3, 6], "uv": [26, 7]},
						{"origin": [-3.5, 45.8, -2.9], "size": [7, 3, 5], "uv": [64, 1]},
						{"origin": [-3.79241, 46.82139, -1.52803], "size": [3, 2, 0], "pivot": [-1.59241, 48.02139, -1.52803], "rotation": [24.43488, -2.86313, 22.32648], "uv": [0, 2]},
						{"origin": [-0.56122, 46.23171, -1.51792], "size": [1, 2, 0], "pivot": [-0.36122, 47.43171, -1.51792], "rotation": [17.5, 0, 0], "uv": [0, 2]},
						{"origin": [0.66998, 46.82139, -1.52803], "size": [3, 2, 0], "pivot": [1.46998, 48.02139, -1.52803], "rotation": [24.43488, 2.86313, -22.32648], "uv": [0, 2], "mirror": true}
					]
				},
				{
					"name": "righteye",
					"parent": "head",
					"pivot": [-2.14253, 51.07026, -3.50648],
					"cubes": [
						{"origin": [-3.5, 49.8, -3.8], "size": [2.6, 2.6, 1], "pivot": [-2.8, 51.3, -3.7], "rotation": [-5, 12.5, 0], "uv": [32, 26]},
						{"origin": [-3.3, 50, -3.9], "size": [2.2, 2.2, 1], "pivot": [-2.8, 51.3, -3.7], "rotation": [-5, 12.5, 0], "uv": [0, 47]}
					]
				},
				{
					"name": "lefteye",
					"parent": "head",
					"pivot": [2.12453, 51.3305, -3.3596],
					"cubes": [
						{"origin": [1.1, 50.2, -3.9], "size": [2.2, 2.2, 1], "pivot": [2.2, 51.3, -3.7], "rotation": [5, -12.5, 0], "uv": [0, 47], "mirror": true},
						{"origin": [0.9, 50, -3.8], "size": [2.6, 2.6, 1], "pivot": [2.2, 51.3, -3.7], "rotation": [5, -12.5, 0], "uv": [20, 35]}
					]
				},
				{
					"name": "rightarm",
					"parent": "body",
					"pivot": [-3.5, 43, 0.1],
					"rotation": [0, 0, 5],
					"cubes": [
						{"origin": [-6, 40, -1.4], "size": [3, 5, 3], "uv": [48, 18]}
					]
				},
				{
					"name": "rightarmpeice",
					"parent": "rightarm",
					"pivot": [-4.5, 40, 0.1],
					"cubes": [
						{"origin": [-6, 35, -1.4], "size": [3, 5, 3], "pivot": [-4.5, 37.5, 0.1], "rotation": [180, 0, 0], "uv": [48, 18]}
					]
				},
				{
					"name": "rightarmpeice1",
					"parent": "rightarmpeice",
					"pivot": [-4.5, 35, 0.1],
					"cubes": [
						{"origin": [-6, 30, -1.4], "size": [3, 5, 3], "uv": [48, 18]}
					]
				},
				{
					"name": "rightarmpeice2",
					"parent": "rightarmpeice1",
					"pivot": [-4.5, 30, 0.1],
					"cubes": [
						{"origin": [-6, 26, -1.4], "size": [3, 4, 3], "pivot": [-4.5, 28, 0.1], "rotation": [180, 0, 0], "uv": [48, 18]}
					]
				},
				{
					"name": "rightarmpeice3",
					"parent": "rightarmpeice2",
					"pivot": [-4.5, 26, 0.1],
					"cubes": [
						{"origin": [-6, 20, -1.4], "size": [3, 6, 3], "inflate": 0.1, "uv": [48, 18]}
					]
				},
				{
					"name": "rightarmpeice4",
					"parent": "rightarmpeice3",
					"pivot": [-4.5, 20, 0.1],
					"cubes": [
						{"origin": [-6, 14, -1.4], "size": [3, 6, 3], "inflate": 0.2, "pivot": [-4.5, 17, 0.1], "rotation": [0, 0, -180], "uv": [48, 18]},
						{"origin": [-6.4483, 12.15365, -1.7], "size": [0, 6.6, 3.6], "inflate": 0.2, "pivot": [-4.5, 15.40872, 0.1], "rotation": [0, 0, 7.5], "uv": [82, 18]},
						{"origin": [-2.60761, 12.24315, -1.7], "size": [0, 6.6, 3.6], "inflate": 0.2, "pivot": [-4.5, 15.40872, 0.1], "rotation": [0, 0, -5], "uv": [82, 18], "mirror": true},
						{"origin": [-6.42238, 12.15707, -1.72615], "size": [0, 6.6, 3.6], "inflate": 0.2, "pivot": [-4.5, 15.40872, 0.1], "rotation": [90, 82.5, 90], "uv": [82, 18]},
						{"origin": [-2.57762, 12.15707, -1.72615], "size": [0, 6.6, 3.6], "inflate": 0.2, "pivot": [-4.5, 15.40872, 0.1], "rotation": [-90, 82.5, -90], "uv": [82, 18], "mirror": true}
					]
				},
				{
					"name": "righthand",
					"parent": "rightarmpeice4",
					"pivot": [-4.5, 14, 0.1],
					"cubes": [
						{"origin": [-5.5, 8, -2], "size": [2, 6, 4.2], "uv": [0, 78]}
					]
				},
				{
					"name": "leftarm",
					"parent": "body",
					"pivot": [3.5, 43, 0.1],
					"rotation": [0, 0, -5],
					"cubes": [
						{"origin": [3, 40, -1.4], "size": [3, 5, 3], "uv": [48, 18], "mirror": true}
					]
				},
				{
					"name": "leftarmpeice",
					"parent": "leftarm",
					"pivot": [4.5, 40, 0.1],
					"cubes": [
						{"origin": [3, 35, -1.4], "size": [3, 5, 3], "pivot": [4.5, 37.5, 0.1], "rotation": [0, 0, -180], "uv": [48, 18], "mirror": true}
					]
				},
				{
					"name": "leftarmpeice2",
					"parent": "leftarmpeice",
					"pivot": [4.5, 35, 0.1],
					"cubes": [
						{"origin": [3, 30, -1.4], "size": [3, 5, 3], "uv": [48, 18], "mirror": true}
					]
				},
				{
					"name": "leftarmpeice3",
					"parent": "leftarmpeice2",
					"pivot": [4.5, 30, 0.1],
					"cubes": [
						{"origin": [3, 26, -1.4], "size": [3, 4, 3], "pivot": [4.5, 28, 0.1], "rotation": [0, 0, -180], "uv": [48, 18], "mirror": true}
					]
				},
				{
					"name": "leftarmpeice4",
					"parent": "leftarmpeice3",
					"pivot": [4.5, 26, 0.1],
					"cubes": [
						{"origin": [3, 20, -1.4], "size": [3, 6, 3], "inflate": 0.1, "uv": [48, 18], "mirror": true}
					]
				},
				{
					"name": "leftarmpeice5",
					"parent": "leftarmpeice4",
					"pivot": [4.5, 20, 0.1],
					"cubes": [
						{"origin": [3, 14, -1.4], "size": [3, 6, 3], "inflate": 0.2, "pivot": [4.5, 17, 0.1], "rotation": [0, 0, -180], "uv": [48, 18], "mirror": true},
						{"origin": [6.4483, 12.15365, -1.7], "size": [0, 6.6, 3.6], "inflate": 0.2, "pivot": [4.5, 15.40872, 0.1], "rotation": [0, 0, -7.5], "uv": [82, 18], "mirror": true},
						{"origin": [2.57762, 12.15707, -1.72615], "size": [0, 6.6, 3.6], "inflate": 0.2, "pivot": [4.5, 15.40872, 0.1], "rotation": [-90, -82.5, 90], "uv": [82, 18]},
						{"origin": [6.42238, 12.15707, -1.72615], "size": [0, 6.6, 3.6], "inflate": 0.2, "pivot": [4.5, 15.40872, 0.1], "rotation": [90, -82.5, -90], "uv": [82, 18], "mirror": true},
						{"origin": [2.60761, 12.24315, -1.7], "size": [0, 6.6, 3.6], "inflate": 0.2, "pivot": [4.5, 15.40872, 0.1], "rotation": [0, 0, 5], "uv": [82, 18]}
					]
				},
				{
					"name": "lefthand",
					"parent": "leftarmpeice5",
					"pivot": [4.5, 14, 0.1],
					"cubes": [
						{"origin": [3.5, 8, -2], "size": [2, 6, 4.2], "uv": [0, 78], "mirror": true}
					]
				},
				{
					"name": "bowtie",
					"parent": "body",
					"pivot": [0, 43.32618, -2.4997],
					"rotation": [-5, 0, 0],
					"cubes": [
						{"origin": [-3.8, 40.5, -2.7], "size": [7.6, 4.6, 0], "pivot": [0, 42.8, -2.5], "rotation": [-5, 0, 0], "uv": [45, 0]},
						{"origin": [-5.3, 37.62618, -2.8997], "size": [8.6, 4.6, 0], "pivot": [0, 40.52618, -2.8997], "rotation": [-7.5, 0, 0], "uv": [48, 5]}
					]
				},
				{
					"name": "rightleg",
					"parent": "waist",
					"pivot": [-2.1, 32, 0.1],
					"cubes": [
						{"origin": [-3.6, 27, -1.4], "size": [3, 5, 3], "uv": [48, 18]}
					]
				},
				{
					"name": "rightlegpeice",
					"parent": "rightleg",
					"pivot": [-2.1, 27, 0.1],
					"cubes": [
						{"origin": [-3.6, 22, -1.4], "size": [3, 5, 3], "pivot": [-2.1, 24.5, 0.1], "rotation": [0, 0, -180], "uv": [48, 18]}
					]
				},
				{
					"name": "rightlegpeice2",
					"parent": "rightlegpeice",
					"pivot": [-2.1, 22, 0.1],
					"cubes": [
						{"origin": [-3.6, 17, -1.4], "size": [3, 5, 3], "uv": [48, 18]}
					]
				},
				{
					"name": "rightlegpeice3",
					"parent": "rightlegpeice2",
					"pivot": [-2.1, 17, 0.1],
					"cubes": [
						{"origin": [-3.6, 13, -1.4], "size": [3, 4, 3], "pivot": [-2.1, 15, 0.1], "rotation": [0, 0, -180], "uv": [48, 18]}
					]
				},
				{
					"name": "rightlegpeice4",
					"parent": "rightlegpeice3",
					"pivot": [-2.1, 13, 0.1],
					"cubes": [
						{"origin": [-3.6, 7, -1.4], "size": [3, 6, 3], "inflate": 0.1, "uv": [48, 18]}
					]
				},
				{
					"name": "rightlegpeice5",
					"parent": "rightlegpeice4",
					"pivot": [-2.1, 7, 0.1],
					"cubes": [
						{"origin": [-3.6, 1, -1.4], "size": [3, 6, 3], "inflate": 0.2, "pivot": [-2.1, 4, 0.1], "rotation": [0, 0, -180], "uv": [48, 18]},
						{"origin": [-3.99962, 0.10872, -1.7], "size": [0, 6.6, 3.6], "inflate": 0.2, "pivot": [-3.99962, 3.40872, 0.1], "rotation": [0, 0, 7.5], "uv": [82, 18]},
						{"origin": [-0.2, 0.1, -1.7], "size": [0, 6.6, 3.6], "inflate": 0.2, "pivot": [-0.3, 3.4, 0.1], "rotation": [0, 0, -5], "uv": [82, 18], "mirror": true},
						{"origin": [0, 0.10872, -1.90038], "size": [0, 6.6, 3.6], "inflate": 0.2, "pivot": [0, 3.40872, 1.99962], "rotation": [90, 82.5, 90], "uv": [82, 18]},
						{"origin": [0, 0.10872, -5.69962], "size": [0, 6.6, 3.6], "inflate": 0.2, "pivot": [0, 3.40872, -1.79962], "rotation": [-90, 82.5, -90], "uv": [82, 18], "mirror": true}
					]
				},
				{
					"name": "rightfoot",
					"parent": "rightlegpeice5",
					"pivot": [-2.1, 1, 0.1],
					"rotation": [-87.5, 0, 0],
					"cubes": [
						{"origin": [-3, -5, -1.9], "size": [2, 6, 4], "pivot": [-1.86002, 0.15749, -0.05331], "rotation": [0, -90, 0], "uv": [0, 78]}
					]
				},
				{
					"name": "leftl_sceg",
					"parent": "waist",
					"pivot": [2.1, 32, 0.1],
					"cubes": [
						{"origin": [0.6, 27, -1.4], "size": [3, 5, 3], "uv": [48, 18], "mirror": true}
					]
				},
				{
					"name": "leftl_scegpeice",
					"parent": "leftl_sceg",
					"pivot": [2.1, 27, 0.1],
					"cubes": [
						{"origin": [0.6, 22, -1.4], "size": [3, 5, 3], "pivot": [2.1, 24.5, 0.1], "rotation": [0, 0, -180], "uv": [48, 18], "mirror": true}
					]
				},
				{
					"name": "leftl_scegpeice2",
					"parent": "leftl_scegpeice",
					"pivot": [2.1, 22, 0.1],
					"cubes": [
						{"origin": [0.6, 17, -1.4], "size": [3, 5, 3], "uv": [48, 18], "mirror": true}
					]
				},
				{
					"name": "leftl_scegpeice3",
					"parent": "leftl_scegpeice2",
					"pivot": [2.1, 17, 0.1],
					"cubes": [
						{"origin": [0.6, 13, -1.4], "size": [3, 4, 3], "pivot": [2.1, 15, 0.1], "rotation": [0, 0, -180], "uv": [48, 18], "mirror": true}
					]
				},
				{
					"name": "leftl_scegpeice4",
					"parent": "leftl_scegpeice3",
					"pivot": [2.1, 13, 0.1],
					"cubes": [
						{"origin": [0.6, 7, -1.4], "size": [3, 6, 3], "inflate": 0.1, "uv": [48, 18], "mirror": true}
					]
				},
				{
					"name": "leftl_scegpeice5",
					"parent": "leftl_scegpeice4",
					"pivot": [2.1, 7, 0.1],
					"cubes": [
						{"origin": [0.6, 1, -1.4], "size": [3, 6, 3], "inflate": 0.2, "pivot": [2.1, 4, 0.1], "rotation": [0, 0, -180], "uv": [48, 18], "mirror": true},
						{"origin": [3.99962, 0.10872, -1.7], "size": [0, 6.6, 3.6], "inflate": 0.2, "pivot": [3.99962, 3.40872, 0.1], "rotation": [0, 0, -7.5], "uv": [82, 18], "mirror": true},
						{"origin": [0.2, 0.1, -1.7], "size": [0, 6.6, 3.6], "inflate": 0.2, "pivot": [0.3, 3.4, 0.1], "rotation": [0, 0, 5], "uv": [82, 18]},
						{"origin": [0, 0.10872, -5.69962], "size": [0, 6.6, 3.6], "inflate": 0.2, "pivot": [0, 3.40872, -1.79962], "rotation": [-90, -82.5, 90], "uv": [82, 18]},
						{"origin": [0, 0.10872, -1.90038], "size": [0, 6.6, 3.6], "inflate": 0.2, "pivot": [0, 3.40872, 1.99962], "rotation": [90, -82.5, -90], "uv": [82, 18], "mirror": true}
					]
				},
				{
					"name": "leftfoot",
					"parent": "leftl_scegpeice5",
					"pivot": [2.1, 1, 0.1],
					"rotation": [-87.5, 0, 0],
					"cubes": [
						{"origin": [1, -5, -1.9], "size": [2, 6, 4], "pivot": [1.86002, 0.15749, -0.05331], "rotation": [0, 90, 0], "uv": [0, 78], "mirror": true}
					]
				}
			]
		}
	]
}
\\"": \\\\""?\\\"": \\\\""?\\\"": \\\\""?\\\"": \\\\""?\\\"": \\\\""?\\\"": \\\\""?\\\"": \\\\""?\\\"": \\\\""?\\\"": \\\\""?\\\"": \\\\""?\\\"": \\\\""?\\\"": \\\\""?\\\"": \\\\""?\\\"": \\\\""?\\\"": \\\\""?\\\"": \\\\""?\\\"": \\\\""?\\\"": \\\\""?\\\"": \\\\""?\\\"": \\\\""?\\\"": \\\\""?\\\"": \\\\""?\\\"": \\\\""?\\\"": \\\\""?\\\"": \\\\""?\\\"": \\\\""?\\\"": \\\\""?\\\"": \\\\""?\\\"": \\\\""?\\\"": \\\\""?\\\"": \\\\""?\\\"": \\\\""?\\\"": \\\\""?\\\"": \\\\""?\\\"": \\\\""?\\\"": \\\\""?\\\"": \\\\""?\\\"": \\\\""?\\\"": \\\\""?\\\"": \\\\""?\\\"": \\\\""?\\\"": \\\\""?\\\"": \\\\""?\\\"": \\\\""?\\\"": \\\\""?\\\"": \\\\""?\\\"": \\\\""?\\\"": \\\\""?\\\"": \\\\""?\\\"": \\\\""?\\\"": \\\\""?\]}}}}}