{
  "format_version":"1.16.100",
  "animation_controllers":{
    "controller.animation.akumanomi":{
      "states":{
        "default":{
          "transitions":[
            // inwater
            {"inwater":"q.is_in_water && q.equipped_item_all_tags('slot.weapon.offhand','op_asa:soap_bubbles') == 0.0 && !q.is_riding"},
            // 2701 hie
            {"ice_age":"q.variant == 2701 && q.get_equipped_item_name == 'ice_age' && q.is_using_item && q.item_in_use_duration > 400"},
            // 2702 goro
            {"goro_hino":"(q.variant == 2702 || q.variant == 27021) && q.get_equipped_item_name == 'goro_hino' && q.is_using_item && q.scoreboard('goropower') >= 100"},
            {"goro_kiten":"(q.variant == 2702 || q.variant == 27021) && q.get_equipped_item_name == 'goro_kiten' && q.is_using_item && q.scoreboard('goropower') >= 200"},
            {"goro_jamburu":"(q.variant == 2702 || q.variant == 27021) && q.get_equipped_item_name == 'goro_jamburu' && q.is_using_item && q.scoreboard('goropower') >= 300"},
            {"goro_mamaragan":"(q.variant == 2702 || q.variant == 27021) && q.get_equipped_item_name == 'goro_mamaragan' && q.is_using_item && q.scoreboard('goropower') >= 1000"},
            {"goro_raigou":"(q.variant == 2702 || q.variant == 27021) && q.get_equipped_item_name == 'goro_raigou' && q.is_using_item"},
            // 2703 pika
            {"yasakaninomagatama":"q.variant == 2703 && q.get_equipped_item_name == 'yasakaninomagatama' && q.is_using_item"},
            // 2704 suna
            {"groundsecco":"!q.is_in_water_or_rain && q.variant == 2704 && q.get_equipped_item_name == 'grandsekko' && q.is_using_item"},
            {"sunasuna":"!q.is_in_water_or_rain && q.variant == 2704 && q.get_equipped_item_name == 'sunasuna' && q.is_using_item"},
            // 2705 gura
            {"murakumokiri_charge":"q.variant == 2705 && q.get_equipped_item_name('off_hand') == 'guragura_left' && q.get_equipped_item_name == 'murakumokiri' && q.is_using_item"},
            {"guragura_charge":"(q.variant == 2705 || q.variant == 2715) && q.get_equipped_item_name == 'guragura_right' && q.is_using_item"},
            // 2706 zusi
            // 2707 ope
            {"injection_hold":"q.variant == 2707 && q.is_item_name_any('slot.weapon.offhand','op_asa:room','op_asa:room_medium','op_asa:room_large') && q.get_equipped_item_name == 'kikoku_injection' && q.is_using_item"},
            {"room_scan_charge":"q.variant == 2707 && q.is_item_name_any('slot.weapon.offhand','op_asa:room','op_asa:room_medium','op_asa:room_large') && q.get_equipped_item_name == 'kikoku_scan' && q.is_using_item && q.item_in_use_duration > 200"},
            // 2708 mera
            {"enjoumou1":"q.variant == 2708 && q.get_equipped_item_name == 'enjoumou' && q.is_using_item"},
            {"enkai":"q.variant == 2708 && q.get_equipped_item_name == 'enkai_hibashira' && q.is_using_item && q.scoreboard('merapower') >= 40"},
            {"daienkai":"q.variant == 2708 && q.get_equipped_item_name == 'entei' && q.is_using_item && q.scoreboard('merapower') >= 500"},
            {"higan":"q.variant == 2708 && q.get_equipped_item_name == 'higan' && q.is_using_item && q.scoreboard('merapower') >= 24"},
            {"hiken":"q.variant == 2708 && q.get_equipped_item_name == 'hiken' && q.is_using_item && q.scoreboard('merapower') >= 300"},
            {"hotarubi":"q.variant == 2708 && q.get_equipped_item_name == 'hotarubi_hidaruma' && q.is_using_item && q.scoreboard('merapower') >= 100"},
            {"juujika":"q.variant == 2708 && q.get_equipped_item_name == 'juujika' && q.is_using_item && q.scoreboard('merapower') >= 100"},
            {"shinka_shiranui":"q.variant == 2708 && q.get_equipped_item_name == 'shinka_shiranui' && q.is_using_item && q.scoreboard('merapower') >= 100"},
            {"kagerou":"q.variant == 2708 && q.get_equipped_item_name == 'kagerou' && q.is_using_item && q.scoreboard('merapower') >= 40"},
            {"kyokaen":"q.variant == 2708 && q.get_equipped_item_name == 'kyokaen' && q.is_using_item && q.scoreboard('merapower') >= 200"},
            {"meramera":"q.variant == 2708 && q.get_equipped_item_name == 'meramera' && q.is_using_item && q.scoreboard('merapower') >= 3"},
            {"kaen_ryuo_hold":"q.variant == 2708 && q.get_equipped_item_name == 'kaen_ryuo' && q.is_using_item && q.scoreboard('merapower') >= 140"},
            // 2709 yami
            {"blackhole0":"(q.variant == 2709 || q.variant == 2715) && q.get_equipped_item_name == 'blackhole_revelation' && q.is_using_item"},
            // 2710 magmag
            {"daifunka":"q.variant == 2710 && q.get_equipped_item_name == 'daifunka' && q.is_using_item && q.scoreboard('magpower') >= 300"},
            {"mag_move":"q.variant == 2710 && q.get_equipped_item_name == 'mag_move' && q.is_using_item && q.is_on_ground && q.scoreboard('magpower') >= 40"},
            {"mag_field":"q.variant == 2710 && q.get_equipped_item_name == 'mag_field' && q.is_using_item && q.is_on_ground && q.scoreboard('magpower') >= 20"},
            {"meigou":"q.variant == 2710 && q.get_equipped_item_name == 'meigou' && q.is_using_item && q.scoreboard('magpower') >= 200"},
            {"ryuseikazan":"q.variant == 2710 && q.get_equipped_item_name == 'ryuseikazan' && q.is_using_item && q.scoreboard('magpower') >= 40"},
            {"gunchoukazan":"q.variant == 2710 && q.get_equipped_item_name == 'gunchoukazan' && q.is_using_item && q.scoreboard('magpower') >= 24"},
            // 2711 tori
            {"tori_health":"q.variant == 2711 && q.get_equipped_item_name == 'toritori_health' && q.is_using_item && ((q.item_in_use_duration > 0 && q.item_in_use_duration < 45) || math.mod(q.item_in_use_duration,200)==0)"},
            {"ongle":"q.variant == 2711 && q.get_equipped_item_name == 'ongle' && q.is_using_item"},
            {"hououin_hold":"q.variant == 2711 && q.get_equipped_item_name == 'hououin' && q.is_using_item"},
            {"toritori_move":"q.variant == 2711 && q.get_equipped_item_name == 'phoenix_boost' && q.is_using_item"},
            {"p_phoenix_regeneration":"q.variant == 27112 && !q.is_on_ground"},
            // 2712 ito
            {"ito_kakusei":"q.variant == 2712 && q.get_equipped_item_name == 'itoito_kakusei' && q.is_using_item"},
            {"gosiki-to":"q.variant == 2712 && q.get_equipped_item_name == 'gosiki-to' && v.attack_time"},
            // 2713 soru
            {"soul_shave_prometheus":"q.variant == 2713 && q.get_equipped_item_name == 'soul_shave' && q.is_using_item && q.position(1) >= 320"},
            {"soul_shave_zeus":"q.variant == 2713 && q.get_equipped_item_name == 'soul_shave' && q.is_using_item && q.position(1) >= 197"},
            {"soul_shave":"q.variant == 2713 && q.get_equipped_item_name == 'soul_shave' && q.is_using_item"},
            // 2714 gom
            {"gom_gatling":"q.variant == 2714 && q.get_equipped_item_name == 'gatling' && q.is_using_item"},
            {"gom_storm":"q.variant == 2714 && q.get_equipped_item_name == 'gom_storm' && q.is_using_item"},
            {"gom_ufo":"q.variant == 2714 && q.get_equipped_item_name == 'gom_ufo' && q.is_using_item && q.is_on_ground"},
            {"gear2_charge":"q.variant == 2714 && q.get_equipped_item_name == 'gear2' && q.is_using_item"},
            {"jet_pistol_charge":"q.variant == 2714 && q.get_equipped_item_name == 'jet_pistol' && q.is_using_item"},
            {"jet_gatling":"q.variant == 2714 && q.get_equipped_item_name == 'jet_gatling' && q.is_using_item && q.item_in_use_duration > 50"},
            {"redhawk_charge":"q.variant == 2714 && q.has_any_family('haki') == 1.0 && q.get_equipped_item_name == 'redhawk' && q.is_using_item && q.item_in_use_duration > 100"},
            {"gear_2_3_end":"q.variant == 2714 && q.get_equipped_item_name == 'gear' && q.is_using_item"},
            {"gear3_charge":"q.variant == 2714 && q.get_equipped_item_name == 'gear3' && q.is_using_item"},
            {"gom_rocket_charge":"q.variant == 2714 && q.get_equipped_item_name == 'gom_rocket' && q.is_using_item"},
            {"konggun_charge":"q.variant == 27141 && q.get_equipped_item_name == 'konggun' && q.is_using_item && q.item_in_use_duration > 400"},
            {"kingkonggun":"q.variant == 27141 && q.get_equipped_item_name == 'kingkonggun' && v.attack_time"},
            {"blackmamba":"q.variant == 27143 && q.is_using_item && q.get_equipped_item_name == 'blackmamba'"},
            // 2715 yami2 2716 hobi 2717 beta
            // 2718 wara
            {"strawman":"q.variant == 2718 && q.get_equipped_item_name == 'strawman' && v.attack_time"},
            // 2719 mochi
            {"nagaremochi":"q.variant == 2719 && q.get_equipped_item_name == 'nagaremochi' && q.is_using_item"},
            {"mochiginchaku":"q.variant == 2719 && q.get_equipped_item_name == 'mochiginchaku' && q.is_using_item"},
            // 2720 uo
            {"borobreath_charge":"q.variant == 27201 && q.get_equipped_item_name == 'borobreath' && q.is_using_item"},
            // 2721 yomi
            {"soulking":"q.variant == 2721 && q.get_equipped_item_name == 'soulking' && q.is_using_item"},
            {"yomi_astral_projection":"q.variant == 2721 && q.get_equipped_item_name == 'astral_projection' && q.is_using_item"},
            // 2022 hito 2723 hana
            {"gigantescomano":"q.variant == 2723 && q.get_equipped_item_name == 'gigantescomano' && q.is_using_item"},
            {"spidernet":"q.variant == 2723 && q.get_equipped_item_name == 'spidernet' && q.is_using_item"},
            // 2724 suke 2725 noro 2726 shiro 2727 bari 2728 bara
            // 2729 moku
            {"whitesnake":"q.variant == 2729 && q.get_equipped_item_name == 'whitesnake' && q.is_using_item"},
            {"whiteblow_charge":"q.variant == 2729 && q.get_equipped_item_name == 'whiteblow' && q.is_using_item"},
            {"whitelauncher":"q.variant == 2729 && q.get_equipped_item_name == 'whitelauncher'"},
            {"whiteout":"q.variant == 2729 && q.get_equipped_item_name == 'whiteout' && q.is_using_item && math.mod(q.item_in_use_duration,100)==0"},
            {"mokumoku":"q.variant == 2729 && q.get_equipped_item_name == 'mokumoku' && q.is_using_item"},
            // 2730 doku
            {"dokugumo":"q.variant == 2730 && q.get_equipped_item_name == 'dokugumo' && q.is_using_item"},
            // 2731 hotoke
            {"hotoke_impact":"q.variant == 27311 && q.get_equipped_item_name == 'hotoke_impact' && q.is_using_item"},
            // 2732 jiki
            {"jikipower":"q.variant == 2732 && q.get_equipped_item_name == 'attract' && q.is_using_item && math.mod(q.item_in_use_duration,40)==0"},
            {"repel":"q.variant == 2732 && q.get_equipped_item_name == 'repel' && q.is_using_item"},
            {"jiki_combo":"q.variant == 2732 && q.get_equipped_item_name == 'jiki2' && v.attack_time"},
            // 2733 nikyu
            {"pressure_cannon_combo":"q.variant == 2733 && q.get_equipped_item_name == 'pressure_cannon_combo' && q.is_using_item"},
            // 2734 raki
            {"raki_coin":"q.variant == 2734 && q.get_equipped_item_name == 'raki_coin' && q.is_using_item"},
            // 2735 goru
            {"goru_generate":"q.variant == 2735 && q.get_equipped_item_name == 'goru_generate' && q.is_using_item"},
            {"goru_absorption1":"q.variant == 2735 && q.get_equipped_item_name == 'goru_absorption' && q.is_using_item"}
          ]
        },
        "inwater":{
          "transitions":[
            {"default":"!q.is_in_water || (q.is_in_water && (q.equipped_item_all_tags('slot.weapon.offhand','op_asa:soap_bubbles') == 1.0 || q.is_riding))"}
          ]
        },
        // 2701 hie
        "ice_age":{
          "transitions":[
            {"default":"q.get_equipped_item_name != 'ice_age' || !q.is_using_item || (q.is_in_water && q.equipped_item_all_tags('slot.weapon.offhand','op_asa:soap_bubbles') == 0.0 && !q.is_riding)"}
          ],
          "on_entry":[
            "/function akumanomi/hiehie/ice_age"
          ]
        },
        // 2702 goro
        "goro_hino":{
          "transitions":[
            {"default":"q.get_equipped_item_name != 'goro_hino' || (q.is_in_water && q.equipped_item_all_tags('slot.weapon.offhand','op_asa:soap_bubbles') == 0.0 && !q.is_riding)"},
            {"goro_hino_attack":"!q.is_using_item"}
          ]
        },
        "goro_hino_attack":{
          "transitions":[
            {"default":"1.0"}
          ],
          "on_entry":[
            "/event entity @s goro_target",
            "/summon op_asa:goro_hino ~~2~",
            "/scoreboard players remove @s goropower 100"
          ]
        },
        "goro_kiten":{
          "transitions":[
            {"default":"q.get_equipped_item_name != 'goro_kiten' || (q.is_in_water && q.equipped_item_all_tags('slot.weapon.offhand','op_asa:soap_bubbles') == 0.0 && !q.is_riding)"},
            {"goro_kiten_attack":"!q.is_using_item"}
          ]
        },
        "goro_kiten_attack":{
          "transitions":[
            {"default":"1.0"}
          ],
          "on_entry":[
            "/event entity @s goro_target",
            "/summon op_asa:goro_kiten ~~2~",
            "/scoreboard players remove @s goropower 200"
          ]
        },
        "goro_jamburu":{
          "transitions":[
            {"default":"q.get_equipped_item_name != 'goro_jamburu' || (q.is_in_water && q.equipped_item_all_tags('slot.weapon.offhand','op_asa:soap_bubbles') == 0.0 && !q.is_riding)"},
            {"goro_jamburu_attack":"!q.is_using_item"}
          ]
        },
        "goro_jamburu_attack":{
          "transitions":[
            {"default":"1.0"}
          ],
          "on_entry":[
            "/event entity @s goro_target",
            "/summon op_asa:goro_jamburu ~~2~",
            "/scoreboard players remove @s goropower 300"
          ]
        },
        "goro_mamaragan":{
          "transitions":[
            {"default":"!q.is_using_item"}
          ],
          "on_entry":[
            "/summon op_asa:goro_mamaragan ~~60~",
            "/scoreboard players remove @s goropower 1000"
          ],
          "on_exit":[
            "/function akumanomi/gorogoro/mamaragan_change"
          ]
        },
        "goro_raigou":{
          "transitions":[
            {"default":"!q.is_using_item"}
          ],
          "on_entry":[ "/event entity @e[type=op_asa:goro_mamaragan,c=1] op_asa:raigou" ],
          "on_exit":[ "/function akumanomi/gorogoro/raigou_change" ]
        },
        // 2703 pika
        "yasakaninomagatama":{
          "transitions":[{"default":"1.0"}],
          "on_entry":["/event entity @s be_yasakaninomagatama"]
        },
        // 2704 suna
        "sunasuna":{
          "transitions":[
            {"default":"1.0"}
          ],
          "on_entry":[
            "/summon op_asa:sunasuna_move ^^^-1"
          ]
        },
        "groundsecco":{
          "transitions":[
            {"default":"q.get_equipped_item_name != 'grandsekko' || !q.is_using_item || (q.is_in_water_or_rain && q.equipped_item_all_tags('slot.weapon.offhand','op_asa:soap_bubbles') == 0.0 && !q.is_riding)"}
          ],
          "animations":[
            "suna_groundsecco"
          ]
        },
        // 2705 gura
        "murakumokiri_charge":{
          "transitions":[
            {"default":"q.get_equipped_item_name('off_hand') != 'guragura_left' || q.get_equipped_item_name != 'murakumokiri' || q.is_in_water"},
            {"murakumokiri_charged_attack":"!q.is_using_item"}
          ]
        },
        "murakumokiri_charged_attack":{
          "transitions":[{"default":"(1.0)"}],
          "on_entry":["/event entity @s murakumokiri"]
        },
        "guragura_charge":{
          "transitions":[
            {"default":"q.get_equipped_item_name != 'guragura_right' || (q.is_in_water && q.equipped_item_all_tags('slot.weapon.offhand','op_asa:soap_bubbles') == 0.0 && !q.is_riding)"},
            {"guragura_charged_attack":"!q.is_using_item"}
          ]
        },
        "guragura_charged_attack":{
          "transitions":[{"default":"1.0"}],
          "on_entry":["/event entity @s be_guragura_p"]
        },
        // 2707 ope
        "room_scan_charge":{
          "transitions":[
            {"default":"!q.is_using_item"}
          ],
          "on_entry":["/tp @e[type=item,tag=room_inside] @s"]
        },
        "injection_hold":{
          "transitions":[
            {"default":"!q.is_item_name_any('slot.weapon.offhand','op_asa:room','op_asa:room_medium','op_asa:room_large')"},
            {"injection_shot":"!q.is_using_item"}
          ]
        },
        "injection_shot":{
          "transitions":[
            {"default":"1.0"}
          ],
          "on_entry":[
            "/execute @s ^^1^2 damage @e[tag=!opeope,family=!opeope,family=!room,r=3,c=1,type=!item,type=!xp_orb] 40 entity_attack entity @s",
            "/particle minecraft:camera_shoot_explosion ^^1^2"
          ]
        },
        // 2710 mag
        "daifunka":{
          "transitions":[
            {"default":"q.get_equipped_item_name != 'daifunka' || (q.is_in_water && q.equipped_item_all_tags('slot.weapon.offhand','op_asa:soap_bubbles') == 0.0 && !q.is_riding)"},
            {"daifunka_attack":"!q.is_using_item"}
          ]
        },
        "daifunka_attack":{
          "transitions":[
            {"default":"1.0"}
          ],
          "on_entry":[
            "/function akumanomi/magmag/daifunka"
          ]
        },
        "mag_move":{
          "transitions":[
            {"default":"q.any_animation_finished || q.get_equipped_item_name != 'mag_move' || (q.is_in_water && q.equipped_item_all_tags('slot.weapon.offhand','op_asa:soap_bubbles') == 0.0 && !q.is_riding)"}
          ],
          "on_entry":[
            "/scoreboard players remove @s magpower 40"
          ],
          "animations":[
            "mag_move"
          ],
          "on_exit":[
            "/scoreboard players set @s magcharge 0"
          ]
        },
        "mag_field":{
          "transitions":[
            {"default":"q.get_equipped_item_name != 'mag_field' || !q.is_using_item ||(q.is_in_water && q.equipped_item_all_tags('slot.weapon.offhand','op_asa:soap_bubbles') == 0.0 && !q.is_riding)"}
          ],
          "animations":[
            "mag_field"
          ],
          "on_exit":[
            "/fill ~16~1~16 ~-16~-1~-16 magma 0 replace lava",
            "/fill ~16~1~16 ~-16~-1~-16 magma 0 replace flowing_lava",
            "/summon op_asa:mag_field",
            "/scoreboard players set @s magcharge 0"
          ]
        },
        "meigou":{
          "transitions":[
            {"default":"q.get_equipped_item_name != 'meigou' || (q.is_in_water && q.equipped_item_all_tags('slot.weapon.offhand','op_asa:soap_bubbles') == 0.0 && !q.is_riding)"},
            {"meigou_attack":"!q.is_using_item"},
            {"meigou_charged":"q.all_animations_finished"}
          ],
          "animations":[
            "mag_meigou_hold","mag_meigou_charge"
          ]
        },
        "meigou_attack":{
          "transitions":[
            {"default":"q.get_equipped_item_name != 'meigou' || q.any_animation_finished || (q.is_in_water && q.equipped_item_all_tags('slot.weapon.offhand','op_asa:soap_bubbles') == 0.0 && !q.is_riding)"}
          ],
          "on_entry":[
            "/function akumanomi/magmag/meigou",
            "/scoreboard players set @s magcharge 0"
          ],
          "animations":[
            "mag_meigou_attack"
          ]
        },
        "meigou_charged":{
          "transitions":[
            {"default":"q.get_equipped_item_name != 'meigou' || (q.is_in_water && q.equipped_item_all_tags('slot.weapon.offhand','op_asa:soap_bubbles') == 0.0 && !q.is_riding)"},
            {"meigou_charged_attack":"!q.is_using_item"}
          ],
          "animations":[
            "mag_meigou_hold"
          ]
        },
        "meigou_charged_attack":{
          "transitions":[
            {"default":"q.get_equipped_item_name != 'meigou' || q.any_animation_finished || (q.is_in_water && q.equipped_item_all_tags('slot.weapon.offhand','op_asa:soap_bubbles') == 0.0 && !q.is_riding)"}
          ],
          "on_entry":[
            "/function akumanomi/magmag/meigou_charged",
            "/scoreboard players set @s magcharge 0"
          ],
          "animations":[
            "mag_meigou_charged_attack"
          ]
        },
        "ryuseikazan":{
          "transitions":[
            {"default":"q.get_equipped_item_name != 'ryuseikazan' || !q.is_using_item || (q.is_in_water && q.equipped_item_all_tags('slot.weapon.offhand','op_asa:soap_bubbles') == 0.0 && !q.is_riding)"}
          ],
          "animations":[
            "mag_ryuseikazan"
          ],
          "on_entry":[
            "/function akumanomi/magmag/ryuseikazan"
          ]
        },
        "gunchoukazan":{
          "transitions":[
            {"default":"1.0"}
          ],
          "on_entry":[
            "/event entity @s[scores={magpower=6..}] gunchoukazan",
            "/scoreboard players remove @s[scores={magpower=6..}] magpower 6"
          ]
        },
        // 2711 tori
        "tori_health":{
          "transitions":[
            {"default":"1.0"}
          ],
          "on_entry":[
            "/function akumanomi/toritori/tori_health"
          ]
        },
        "ongle":{
          "transitions":[
            {"default":"q.variant != 2711 || q.get_equipped_item_name != 'ongle' || (q.is_in_water && q.equipped_item_all_tags('slot.weapon.offhand','op_asa:soap_bubbles') == 0.0 && !q.is_riding) || q.any_animation_finished"}
          ],
          "on_entry":[
            "/effect @s slow_falling 0 10 true",
            "/effect @s levitation 0 10 true",
            "/summon op_asa:ongle_e ^^^-1"
          ],
          "animations":[
            "tori_ongle"
          ]
        },
        "hououin_hold":{
          "transitions":[
            {"default":"q.get_equipped_item_name != 'hououin' || (q.is_in_water && q.equipped_item_all_tags('slot.weapon.offhand','op_asa:soap_bubbles') == 0.0 && !q.is_riding)"},
            {"hououin_attack":"!q.is_using_item"}
          ],
          "on_entry":[
            "/function akumanomi/toritori/hououin_hold"
          ]
        },
        "hououin_attack":{
          "transitions":[
            {"default":"1.0"}
          ],
          "on_entry":[
            "/function akumanomi/toritori/hououin_attack"
          ]
        },
        "p_phoenix_regeneration":{
          "transitions":[
            {"default":"!(q.variant == 27112) || q.is_on_ground || (q.is_in_water && q.equipped_item_all_tags('slot.weapon.offhand','op_asa:soap_bubbles') == 0.0 && !q.is_riding)"}
          ],
          "on_entry":[
            "/effect @s regeneration 100 2 true"
          ],
          "on_exit":[
            "/effect @s regeneration 0 7 true"
          ]
        },
        "toritori_move":{
          "transitions":[
            {"default":"1.0"}
          ],
          "on_entry":[
            "/summon op_asa:toritori_move ^^^-1"
          ]
        },
        // 2713 soru
        "soul_shave_prometheus":{
          "transitions":[
            {"default":"!q.is_using_item"}
          ],
          "on_entry":["/function akumanomi/sorusoru/soul_shave_prometheus"]
        },
        "soul_shave_zeus":{
          "transitions":[
            {"default":"!q.is_using_item"}
          ],
          "on_entry":["/function akumanomi/sorusoru/soul_shave_zeus"]
        },
        "soul_shave":{
          "transitions":[
            {"default":"!q.is_using_item"}
          ],
          "on_entry":["/function akumanomi/sorusoru/soul_shave"]
        },
        // 2733 nikyu
        "pressure_cannon_combo":{
          "transitions":[
            {"default":"query.get_equipped_item_name != 'pressure_cannon_combo' || !q.is_using_item || (q.is_in_water && q.equipped_item_all_tags('slot.weapon.offhand','op_asa:soap_bubbles') == 0.0 && !q.is_riding)"}
          ],
          "animations":[
            "nikyu_combo1","nikyu_combo2"
          ]
        },
        // 2718 wara
        "strawman":{
          "transitions":[
            {"default":"!v.attack_time"}
          ],
          "on_entry":["/function akumanomi/warawara/strawman_change"]
        },
        // 2732 jiki
        "jikipower":{
          "transitions":[{"default":"1.0"}],
          "on_entry":["/function akumanomi/jikijiki/jikipower"]
        },
        "repel":{
          "transitions":[
            {"default":"q.get_equipped_item_name != 'repel' || !q.is_using_item || (q.is_in_water && q.equipped_item_all_tags('slot.weapon.offhand','op_asa:soap_bubbles') == 0.0 && !q.is_riding)"}
          ],
          "animations":[
            "jiki_repel"
          ],
          "on_entry":[
            "/event entity @s repel",
            "/particle op_asa:repel_particle ~~1~"
          ],
          "on_exit":[
            "/event entity @s repel_end"
          ]
        },
        "jiki_combo":{
          "transitions":[
            {"default":"q.variant != 2732 || q.get_equipped_item_name != 'jiki2' || q.any_animation_finished"}
          ],
          "animations":[
            "jiki_combo"
          ],
          "on_exit": [
            "/effect @s weakness 0 41 true",
            "/tag @e[r=16] remove jiba"
          ]
        },
        // 2729 moku
        "mokumoku":{
          "transitions":[
            {"default":"1.0"}
          ],
          "on_entry":[
            "/summon op_asa:mokumoku_move ^^^-1"
          ]
        },
        "whiteout":{
          "transitions":[
            {"default":"1.0"}
          ],
          "on_entry":[
            "/function akumanomi/mokumoku/whiteout"
          ]
        },
        "whitelauncher":{
          "transitions":[
            {"default":"1.0"}
          ],
          "on_entry":[
            "/effect @s invisibility 1 0 true",
            "/particle op_asa:mokumoku_particle00 ~~~",
            "/particle op_asa:mokumoku_particle00 ~~1~"
          ]
        },
        "whitesnake":{
          "transitions":[
            {"default":"q.variant != 2729 || q.get_equipped_item_name != 'whitesnake' || !q.is_using_item || (q.is_in_water && q.equipped_item_all_tags('slot.weapon.offhand','op_asa:soap_bubbles') == 0.0 && !q.is_riding)"}
          ],
          "on_entry":[
            "/event entity @s be_whitesnake"
          ],
          "animations":[
            "moku_whitesnake"
          ],
          "on_exit":[
            "/tag @e[tag=whitesnake_bind] remove whitesnake_bind"
          ]
        },
        "whiteblow_charge":{
          "transitions":[
            {"whiteblow_charged_attack":"!q.is_using_item"}
          ]
        },
        "whiteblow_charged_attack":{
          "transitions":[
            {"default":"1.0"}
          ],
          "on_entry":[
            "/event entity @s be_whiteblow"
          ]
        },
        // 2714 gom
        "gom_rocket_charge":{
          "transitions":[
            {"gom_rocket_end":"!q.is_using_item || (q.is_in_water && q.equipped_item_all_tags('slot.weapon.offhand','op_asa:soap_bubbles') == 0.0 && !q.is_riding)"},
            {"gom_rocket_charged":"q.item_in_use_duration > 200"}
          ],
          "on_entry":["/effect @s speed 100000 20 true"]
        },
        "gom_rocket_charged":{
          "transitions":[
            {"gom_rocket_charged_attack":"!q.is_using_item"}
          ],
          "on_exit":["/effect @s speed 0 21 true"]
        },
        "gom_rocket_charged_attack":{
          "transitions":[
            {"default":"1.0"}
          ],
          "on_entry":["/function akumanomi/gomgom/gom_rocket"]
        },
        "gom_rocket_end":{
          "transitions":[
            {"default":"1.0"}
          ],
          "on_entry":["/effect @s speed 0 21 true"]
        },
        "gom_gatling":{
          "transitions":[
            {"default":"q.get_equipped_item_name != 'gatling' || !q.is_using_item || (q.is_in_water && q.equipped_item_all_tags('slot.weapon.offhand','op_asa:soap_bubbles') == 0.0 && !q.is_riding)"}
          ],
          "on_entry":[
            "/effect @s hunger 10000 1 true"
          ],
          "animations":[
            "gom_gatling"
          ],
          "on_exit":[
            "/effect @s hunger 0 2 true"
          ]
        },
        "gom_storm":{
          "transitions":[
            {"default":"q.get_equipped_item_name != 'gom_storm' || !q.is_using_item || (q.is_in_water && q.equipped_item_all_tags('slot.weapon.offhand','op_asa:soap_bubbles') == 0.0 && !q.is_riding)"}
          ],
          "on_entry":[
            "/effect @s hunger 10000 3 true",
            "/summon op_asa:gom_storm_e1 ^^^-1",
            "/effect @s speed 1 2 true"
          ],
          "animations":[
            "gom_storm"
          ],
          "on_exit":[
            "/effect @s hunger 0 4 true",
            "/effect @s speed 0 3 true",
            "/effect @s slow_falling 0 3 true"
          ]
        },
        "gom_ufo":{
          "transitions":[
            {"default":"q.get_equipped_item_name != 'gom_ufo' || !q.is_using_item || (q.is_in_water && q.equipped_item_all_tags('slot.weapon.offhand','op_asa:soap_bubbles') == 0.0 && !q.is_riding)"}
          ],
          "on_entry":[
            "/effect @s hunger 10000 1 true",
            "/summon op_asa:gom_ufo_e1 ^^^-1"
          ],
          "animations":[
            "gom_ufo"
          ],
          "on_exit":[
            "/effect @s hunger 0 2 true",
            "/effect @s slow_falling 0 3 true"
          ]
        },
        "gear2_charge":{
          "transitions":[
            {"default":"q.get_equipped_item_name != 'gear2' || !q.is_using_item || (q.is_in_water && q.equipped_item_all_tags('slot.weapon.offhand','op_asa:soap_bubbles') == 0.0 && !q.is_riding)"},
            {"gear2_charged":"q.item_in_use_duration > 300"}
          ],
          "on_entry":[
            "/function akumanomi/gomgom/gear2_start"
          ]
        },
        "gear2_charged":{
          "transitions":[
            {"default":"!q.is_using_item"}
          ],
          "on_entry":[
            "/tag @s add gear2"
          ],
          "on_exit":[
            "/function akumanomi/gomgom/gear2_give"
          ]
        },
        "gear_2_3_end":{
          "transitions":[
            {"default":"!q.is_using_item"}
          ],
          "on_exit":[
            "/function akumanomi/gomgom/gear_2_3_end"
          ]
        },
        "jet_pistol_charge":{
          "transitions":[
            {"default":"q.get_equipped_item_name != 'jet_pistol' || (q.is_in_water && q.equipped_item_all_tags('slot.weapon.offhand','op_asa:soap_bubbles') == 0.0 && !q.is_riding)"},
            {"jet_pistol_charged_attack":"!q.is_using_item"}
          ]
        },
        "jet_pistol_charged_attack":{
          "transitions":[
            {"default":"1.0"}
          ],
          "on_entry":[
            "/event entity @s[tag=gear2] be_jet_pistol"
          ]
        },
        "jet_gatling":{
          "transitions":[
            {"default":"q.get_equipped_item_name != 'jet_gatling' || !q.is_using_item || (q.is_in_water && q.equipped_item_all_tags('slot.weapon.offhand','op_asa:soap_bubbles') == 0.0 && !q.is_riding)"}
          ],
          "on_entry":[
            "/effect @s hunger 10000 2 true"
          ],
          "animations":[
            "gom_jetgatling"
          ],
          "on_exit":[
            "/effect @s hunger 0 3 true"
          ]
        },
        "redhawk_charge":{
          "transitions":[
            {"default":"q.has_any_family('haki') == 0.0 || q.get_equipped_item_name != 'redhawk' || (q.is_in_water && q.equipped_item_all_tags('slot.weapon.offhand','op_asa:soap_bubbles') == 0.0 && !q.is_riding)"},
            {"redhawk_charged_attack":"!q.is_using_item"}
          ]
        },
        "redhawk_charged_attack":{
          "transitions":[
            {"default":"q.has_any_family('haki') == 0.0 || q.get_equipped_item_name != 'redhawk' || (q.is_in_water && q.equipped_item_all_tags('slot.weapon.offhand','op_asa:soap_bubbles') == 0.0 && !q.is_riding) || q.any_animation_finished"}
          ],
          "animations":[
            "gom_redhawk"
          ]
        },
        "gear3_charge":{
          "transitions":[
            {"default":"q.get_equipped_item_name != 'gear3' || !q.is_using_item || (q.is_in_water && q.equipped_item_all_tags('slot.weapon.offhand','op_asa:soap_bubbles') == 0.0 && !q.is_riding)"},
            {"gear3_charged":"q.item_in_use_duration > 300"}
          ],
          "on_entry":[
            "/function akumanomi/gomgom/gear3_start"
          ]
        },
        "gear3_charged":{
          "transitions":[
            {"gear3_state":"!q.is_using_item"}
          ],
          "on_entry":[
            "/function akumanomi/gomgom/gear3_give"
          ]
        },
        "gear3_state":{
          "transitions":[
            {"gear3_end":"(q.get_equipped_item_name != 'gigant_pistol' && q.get_equipped_item_name != 'gear') || (q.is_in_water && q.equipped_item_all_tags('slot.weapon.offhand','op_asa:soap_bubbles') == 0.0 && !q.is_riding)"}
          ]
        },
        "gear3_end":{
          "transitions":[
            {"default":"1.0"}
          ],
          "on_entry":[
            "/function akumanomi/gomgom/gear_2_3_end"
          ]
        },
        "konggun_charge":{
          "transitions":[
            {"default":"!q.is_using_item"}
          ],
          "on_entry":[
            "/function akumanomi/gomgom/konggun_change"
          ]
        },
        "kingkonggun":{
          "transitions":[
            {"default":"!v.attack_time"}
          ],
          "on_entry":[
            "/summon op_asa:konggun_attack"
          ],
          "on_exit":[
            "/function akumanomi/gomgom/konggun_change"
          ]
        },
        "blackmamba":{
          "transitions":[
            {"default":"q.variant != 27143 || q.get_equipped_item_name != 'blackmamba' || !q.is_using_item || (q.is_in_water && q.equipped_item_all_tags('slot.weapon.offhand','op_asa:soap_bubbles') == 0.0 && !q.is_riding)"}
          ],
          "animations":[
            "gom_blackmamba"
          ],
          "on_exit":[
            "/event entity @e[type=op_asa:blackmamba_e,r=64] op_asa:be_despawn"
          ]
        },
        // 2708 mera
        "enjoumou1":{
          "transitions":[
            {"default":"q.get_equipped_item_name != 'enjoumou' || (q.is_in_water && q.equipped_item_all_tags('slot.weapon.offhand','op_asa:soap_bubbles') == 0.0 && !q.is_riding)"},
            {"default":"!q.is_using_item && q.scoreboard('merapower') < 50"},
            {"enjoumou11":"!q.is_using_item && q.scoreboard('merapower') >= 50"},
            {"enjoumou2":"q.item_in_use_duration >= 200"}
          ]
        },
        "enjoumou2":{
          "transitions":[
            {"default":"q.get_equipped_item_name != 'enjoumou' || (q.is_in_water && q.equipped_item_all_tags('slot.weapon.offhand','op_asa:soap_bubbles') == 0.0 && !q.is_riding)"},
            {"default":"!q.is_using_item && q.scoreboard('merapower') < 50"},
            {"enjoumou11":"!q.is_using_item && q.scoreboard('merapower') >= 50 && q.scoreboard('merapower') < 100"},
            {"enjoumou22":"!q.is_using_item && q.scoreboard('merapower') >= 100"},
            {"enjoumou3":"q.item_in_use_duration >= 400"}
          ]
        },
        "enjoumou3":{
          "transitions":[
            {"default":"q.get_equipped_item_name != 'enjoumou' || (q.is_in_water && q.equipped_item_all_tags('slot.weapon.offhand','op_asa:soap_bubbles') == 0.0 && !q.is_riding)"},
            {"default":"!q.is_using_item && q.scoreboard('merapower') < 50"},
            {"enjoumou11":"!q.is_using_item && q.scoreboard('merapower') >= 50 && q.scoreboard('merapower') < 100"},
            {"enjoumou22":"!q.is_using_item && q.scoreboard('merapower') >= 100 && q.scoreboard('merapower') < 150"},
            {"enjoumou33":"!q.is_using_item && q.scoreboard('merapower') >= 150"},
            {"enjoumou4":"q.item_in_use_duration >= 600"}
          ]
        },
        "enjoumou4":{
          "transitions":[
            {"default":"q.get_equipped_item_name != 'enjoumou' || (q.is_in_water && q.equipped_item_all_tags('slot.weapon.offhand','op_asa:soap_bubbles') == 0.0 && !q.is_riding)"},
            {"default":"!q.is_using_item && q.scoreboard('merapower') < 50"},
            {"enjoumou11":"!q.is_using_item && q.scoreboard('merapower') >= 50 && q.scoreboard('merapower') < 100"},
            {"enjoumou22":"!q.is_using_item && q.scoreboard('merapower') >= 100 && q.scoreboard('merapower') < 150"},
            {"enjoumou33":"!q.is_using_item && q.scoreboard('merapower') >= 150 && q.scoreboard('merapower') < 200"},
            {"enjoumou44":"!q.is_using_item && q.scoreboard('merapower') >= 200"}
          ]
        },
        "enjoumou11":{
          "transitions":[
            {"default":"1.0"}
          ],
          "on_entry":[
            "/function akumanomi/meramera/enjoumou1"
          ]
        },
        "enjoumou22":{
          "transitions":[
            {"default":"1.0"}
          ],
          "on_entry":[
            "/function akumanomi/meramera/enjoumou2"
          ]
        },
        "enjoumou33":{
          "transitions":[
            {"default":"1.0"}
          ],
          "on_entry":[
            "/function akumanomi/meramera/enjoumou3"
          ]
        },
        "enjoumou44":{
          "transitions":[
            {"default":"1.0"}
          ],
          "on_entry":[
            "/function akumanomi/meramera/enjoumou4"
          ]
        },
        "enkai":{
          "transitions":[
            {"enkai_end":"!q.is_using_item || q.get_equipped_item_name != 'enkai_hibashira' || (q.is_in_water && q.equipped_item_all_tags('slot.weapon.offhand','op_asa:soap_bubbles') == 0.0 && !q.is_riding)"},
            {"enkai_hibashira":"q.any_animation_finished && q.scoreboard('merapower') >= 100"}
          ],
          "on_entry":[
            "/function akumanomi/meramera/enkai"
          ],
          "animations":[
            "mera_enkai"
          ]
        },
        "enkai_end":{
          "transitions":[
            {"default":"1.0"}
          ],
          "on_entry":[
            "/kill @e[r=64,type=op_asa:enkai1]",
            "/kill @e[r=64,type=op_asa:enkai2]",
            "/kill @e[r=64,type=op_asa:enkai3]"
          ]
        },
        "enkai_hibashira":{
          "transitions":[
            {"default":"!q.is_using_item"}
          ],
          "on_exit":[
            "/function akumanomi/meramera/hibashira",
            "/kill @e[r=64,type=op_asa:enkai1]",
            "/kill @e[r=64,type=op_asa:enkai2]",
            "/kill @e[r=64,type=op_asa:enkai3]"
          ]
        },
        "daienkai":{
          "transitions":[
            {"default":"!q.is_using_item || q.get_equipped_item_name != 'entei' || (q.is_in_water && q.equipped_item_all_tags('slot.weapon.offhand','op_asa:soap_bubbles') == 0.0 && !q.is_riding)"},
            {"daienkai_entei":"q.any_animation_finished"}
          ],
          "on_entry":[
            "/function akumanomi/meramera/daienkai"
          ],
          "animations":[
            "mera_entei"
          ]
        },
        "daienkai_entei":{
          "transitions":[
            {"default":"!q.is_using_item"}
          ],
          "on_exit":[
            "/function akumanomi/meramera/entei"
          ]
        },
        "higan":{
          "transitions":[
            {"default":"q.get_equipped_item_name != 'higan' || !q.is_using_item || (q.is_in_water && q.equipped_item_all_tags('slot.weapon.offhand','op_asa:soap_bubbles') == 0.0 && !q.is_riding)"}
          ],
          "on_entry":[
            "/function akumanomi/meramera/higan"
          ],
          "animations":[
            "mera_higan"
          ]
        },
        "hiken":{
          "transitions":[
            {"default":"q.get_equipped_item_name != 'hiken' || (q.is_in_water && q.equipped_item_all_tags('slot.weapon.offhand','op_asa:soap_bubbles') == 0.0 && !q.is_riding)"},
            {"hiken_attack":"!q.is_using_item && !q.is_sneaking"},
            {"hiken_attack_old":"!q.is_using_item && q.is_sneaking"}
          ]
        },
        "hiken_attack":{
          "transitions":[
            {"default":"1.0"}
          ],
          "on_entry":[
            "/function akumanomi/meramera/hiken"
          ]
        },
        "hiken_attack_old":{
          "transitions":[
            {"default":"1.0"}
          ],
          "on_entry":[
            "/function akumanomi/meramera/hiken_old"
          ]
        },
        "hotarubi":{
          "transitions":[
            {"hidaruma":"q.get_equipped_item_name != 'hotarubi_hidaruma' || (q.is_in_water && q.equipped_item_all_tags('slot.weapon.offhand','op_asa:soap_bubbles') == 0.0 && !q.is_riding)"},
            {"hotarubi_hidaruma":"!q.is_using_item || q.any_animation_finished"}
          ],
          "on_entry":[
            "/function akumanomi/meramera/hotarubi"
          ],
          "animations":[
            "mera_hotarubi"
          ]
        },
        "hidaruma":{
          "transitions":[
            {"default":"1.0"}
          ],
          "on_entry":[
            "/event entity @e[type=op_asa:hotarubi,c=1] op_asa:hidaruma"
          ]
        },
        "hotarubi_hidaruma":{
          "transitions":[
            {"default":"!q.is_using_item"}
          ],
          "on_entry":[
            "/function akumanomi/meramera/hidaruma"
          ]
        },
        "juujika":{
          "transitions":[
            {"default":"q.get_equipped_item_name != 'juujika' || (q.is_in_water && q.equipped_item_all_tags('slot.weapon.offhand','op_asa:soap_bubbles') == 0.0 && !q.is_riding)"},
            {"juujika_attack":"!q.is_using_item"}
          ]
        },
        "juujika_attack":{
          "transitions":[
            {"default":"1.0"}
          ],
          "on_entry":[
            "/function akumanomi/meramera/juujika"
          ]
        },
        "kagerou":{
          "transitions":[
            {"default":"q.any_animation_finished || q.get_equipped_item_name != 'kagerou' || (q.is_in_water && q.equipped_item_all_tags('slot.weapon.offhand','op_asa:soap_bubbles') == 0.0 && !q.is_riding)"}
          ],
          "on_entry":[
            "/function akumanomi/meramera/kagerou"
          ],
          "animations":[
            "mera_kagerou"
          ]
        },
        "kyokaen":{
          "transitions":[
            {"default":"q.get_equipped_item_name != 'kyokaen' || (q.is_in_water && q.equipped_item_all_tags('slot.weapon.offhand','op_asa:soap_bubbles') == 0.0 && !q.is_riding)"},
            {"kyokaen_attack":"!q.is_using_item"}
          ]
        },
        "kyokaen_attack":{
          "transitions":[
            {"default":"1.0"}
          ],
          "on_entry":[
            "/summon op_asa:kyokaen_target ^^2^20"
          ],
          "on_exit":[
            "/function akumanomi/meramera/kyokaen"
          ]
        },
        "meramera":{
          "transitions":[
            {"default":"1.0"}
          ],
          "on_entry":[
            "/summon op_asa:meramera_move ^^^-1",
            "/scoreboard players remove @s merapower 4"
          ]
        },
        "shinka_shiranui":{
          "transitions":[
            {"default":"q.get_equipped_item_name != 'shinka_shiranui' || (q.is_in_water && q.equipped_item_all_tags('slot.weapon.offhand','op_asa:soap_bubbles') == 0.0 && !q.is_riding)"},
            {"shinka_shiranui_attack":"!q.is_using_item"}
          ]
        },
        "shinka_shiranui_attack":{
          "transitions":[
            {"default":"1.0"}
          ],
          "on_entry":[
            "/function akumanomi/meramera/shinka_shiranui"
          ]
        },
        "kaen_ryuo_hold":{
          "transitions":[
            {"default":"q.get_equipped_item_name != 'kaen_ryuo' || (q.is_in_water && q.equipped_item_all_tags('slot.weapon.offhand','op_asa:soap_bubbles') == 0.0 && !q.is_riding)"},
            {"kaen_ryuo_attack":"!q.is_using_item"}
          ],
          "on_entry":[
            "/function akumanomi/meramera/kaen_ryuo_start"
          ],
          "animations":[
            "mera_kaenryuo"
          ],
          "on_exit":[
            "/tag @e[tag=kaen_ryuo,r=32] remove kaen_ryuo"
          ]
        },
        "kaen_ryuo_attack":{
          "transitions":[
            {"default":"1.0"}
          ],
          "on_entry":[
            "/function akumanomi/meramera/kaen_ryuo"
          ],
          "on_exit":[
            "/event entity @s kaen_ryuo"
          ]
        },
        // 2723 hana
        "spidernet":{
          "transitions":[
            {"default":"!q.is_using_item || q.get_equipped_item_name != 'spidernet' || (q.is_in_water && q.equipped_item_all_tags('slot.weapon.offhand','op_asa:soap_bubbles') == 0.0 && !q.is_riding)"}
          ],
          "on_entry":["/summon op_asa:spidernet_e ^^1^4"],
          "on_exit":["/tag @e[type=op_asa:spidernet_e,r=32] add despawn"]
        },
        "gigantescomano":{
          "transitions":[
            {"default":"!q.is_using_item || q.get_equipped_item_name != 'gigantescomano' || (q.is_in_water && q.equipped_item_all_tags('slot.weapon.offhand','op_asa:soap_bubbles') == 0.0 && !q.is_riding)"}
          ],
          "on_entry":[
            "/summon op_asa:gigantescomano_e ^^1^-5"
          ],
          "animations":[
            "hana_gigantescomano"
          ],
          "on_exit":[
            "/event entity @e[type=op_asa:gigantescomano_e,c=1] op_asa:despawn"
          ]
        },
        // 2712 ito
        "gosiki-to":{
          "transitions":[{"default":"!v.attack_time"}],
          "on_entry":["/particle op_asa:gosiki-to_particle ^^2^1"]
        },
        "ito_kakusei":{
          "transitions":[
            {"default":"!q.is_using_item || q.get_equipped_item_name != 'itoito_kakusei' || (q.is_in_water && q.equipped_item_all_tags('slot.weapon.offhand','op_asa:soap_bubbles') == 0.0 && !q.is_riding)"}
          ],
          "animations":[
            "ito_kakusei"
          ]
        },
        // 2709 yami
        "blackhole0":{
          "transitions":[
            {"blackhole_revelation":"!q.is_using_item || q.get_equipped_item_name != 'blackhole_revelation' || (q.is_in_water && q.equipped_item_all_tags('slot.weapon.offhand','op_asa:soap_bubbles') == 0.0 && !q.is_riding)"},
            {"blackhole1":"q.item_in_use_duration > 200"}
          ],
          "animations":[
            "yami_blackhole0"
          ]
        },
        "blackhole1":{
          "transitions":[
            {"blackhole_revelation":"!q.is_using_item || q.get_equipped_item_name != 'blackhole_revelation' || (q.is_in_water && q.equipped_item_all_tags('slot.weapon.offhand','op_asa:soap_bubbles') == 0.0 && !q.is_riding)"},
            {"blackhole2":"q.item_in_use_duration > 400"}
          ],
          "animations":[
            "yami_blackhole1"
          ]
        },
        "blackhole2":{
          "transitions":[
            {"blackhole_revelation":"!q.is_using_item || q.get_equipped_item_name != 'blackhole_revelation' || (q.is_in_water && q.equipped_item_all_tags('slot.weapon.offhand','op_asa:soap_bubbles') == 0.0 && !q.is_riding)"},
            {"blackhole3":"q.item_in_use_duration > 600"}
          ],
          "animations":[
            "yami_blackhole2"
          ]
        },
        "blackhole3":{
          "transitions":[
            {"blackhole_revelation":"!q.is_using_item || q.get_equipped_item_name != 'blackhole_revelation' || (q.is_in_water && q.equipped_item_all_tags('slot.weapon.offhand','op_asa:soap_bubbles') == 0.0 && !q.is_riding)"},
            {"blackhole4":"q.item_in_use_duration > 800"}
          ],
          "animations":[
            "yami_blackhole3"
          ]
        },
        "blackhole4":{
          "transitions":[
            {"blackhole_revelation":"!q.is_using_item || q.get_equipped_item_name != 'blackhole_revelation' || (q.is_in_water && q.equipped_item_all_tags('slot.weapon.offhand','op_asa:soap_bubbles') == 0.0 && !q.is_riding)"}
          ],
          "animations":[
            "yami_blackhole4"
          ]
        },
        "blackhole_revelation":{
          "transitions":[
            {"default":"1.0"}
          ],
          "on_entry":[
            "/function akumanomi/yamiyami/revelation"
          ]
        },
        // 2719 mochi
        "nagaremochi":{
          "transitions":[
            {"default":"!q.is_using_item || q.get_equipped_item_name != 'nagaremochi' || (q.is_in_water && q.equipped_item_all_tags('slot.weapon.offhand','op_asa:soap_bubbles') == 0.0 && !q.is_riding)"}
          ],
          "animations":[
            "mochi_nagaremochi"
          ]
        },
        "mochiginchaku":{
          "transitions":[
            {"default":"1.0"}
          ],
          "on_entry":[
            "/execute @s[family=!haki] ^^1^4 damage @e[r=4,c=1,type=!item,type=!xp_orb] 6 entity_attack entity @s",
            "/execute @s[family=!haki] ^^1^11 damage @e[r=4,c=1,type=!item,type=!xp_orb] 6 entity_attack entity @s",
            // haki
            "/execute @s[family=haki] ^^1^4 damage @e[r=4,c=1,type=!item,type=!xp_orb] 10 entity_attack entity @s",
            "/execute @s[family=haki] ^^1^11 damage @e[r=4,c=1,type=!item,type=!xp_orb] 10 entity_attack entity @s"
          ]
        },
        // 2720 uo
        "borobreath_charge":{
          "transitions":[
            {"default":"q.get_equipped_item_name != 'borobreath' || (q.is_in_water && q.equipped_item_all_tags('slot.weapon.offhand','op_asa:soap_bubbles') == 0.0 && !q.is_riding)"},
            {"borobreath_charged_attack_ground":"!q.is_using_item && q.is_on_ground"},
            {"borobreath_charged_attack_sneak":"!q.is_using_item && !q.is_on_ground && q.is_sneaking"},
            {"borobreath_charged_attack_move":"!q.is_using_item && !q.is_on_ground && !q.is_sneaking"}
          ]
        },
        "borobreath_charged_attack_ground":{
          "transitions":[{"default":"1.0"}],
          "on_entry":["/event entity @s be_borobreath_ground"]
        },
        "borobreath_charged_attack_sneak":{
          "transitions":[{"default":"1.0"}],
          "on_entry":["/event entity @s be_borobreath_sneak"]
        },
        "borobreath_charged_attack_move":{
          "transitions":[{"default":"1.0"}],
          "on_entry":["/event entity @s be_borobreath_move"]
        },
        // 2721 yomi
        "soulking":{
          "transitions":[
            {"default":"1.0"}
          ],
          "on_entry":[
            "/kill @e[r=16,family=sorusoru1]"
          ]
        },
        "yomi_astral_projection":{
          "transitions":[
            {"default":"!q.is_using_item"}
          ],
          "on_entry":[
            "/summon op_asa:yomi_player",
            "/event entity @s be_yomiyomi2"
          ]
        },
        // 2730 doku
        "dokugumo":{
          "transitions":[
            {"default":"!q.is_using_item || q.get_equipped_item_name != 'dokugumo' || (q.is_in_water && q.equipped_item_all_tags('slot.weapon.offhand','op_asa:soap_bubbles') == 0.0 && !q.is_riding)"},
            {"dokugumo_loop":"q.any_animation_finished"}
          ],
          "animations":[
            "doku_dokugumo"
          ]
        },
        "dokugumo_loop":{
          "transitions":[
            {"default":"!q.is_using_item || q.get_equipped_item_name != 'dokugumo' || (q.is_in_water && q.equipped_item_all_tags('slot.weapon.offhand','op_asa:soap_bubbles') == 0.0 && !q.is_riding)"}
          ],
          "animations":[
            "doku_dokugumo_loop"
          ]
        },
        // 2731 hotoke
        "hotoke_impact":{
          "transitions":[
            {"default":"q.get_equipped_item_name != 'hotoke_impact' || !q.is_using_item || (q.is_in_water && q.equipped_item_all_tags('slot.weapon.offhand','op_asa:soap_bubbles') == 0.0 && !q.is_riding)"}
          ],
          "on_entry":[
            "/execute @s ^^1^13 damage @e[r=10,tag=!hotoke,family=!hotoke,type=!item,type=!xp_orb] 2 suicide entity @s",
            "/execute @s ^^1^13 effect @e[r=10,tag=!hotoke,family=!hotoke] slowness 1 3 true"
          ],
          "animations":[
            "hotoke_impact1","hotoke_impact2"
          ]
        },
        // 2734 raki
        "raki_coin":{
          "transitions":[
            {"default":"q.get_equipped_item_name != 'raki_coin' || (q.is_in_water && q.equipped_item_all_tags('slot.weapon.offhand','op_asa:soap_bubbles') == 0.0 && !q.is_riding)"},
            {"raki_coin0":"!q.is_using_item && q.scoreboard('rakipower') < 1"},
            {"raki_coin1":"!q.is_using_item && q.scoreboard('rakipower') == 1"},
            {"raki_coin2":"!q.is_using_item && q.scoreboard('rakipower') == 2"},
            {"raki_coin3":"!q.is_using_item && q.scoreboard('rakipower') == 3"},
            {"raki_coin4":"!q.is_using_item && q.scoreboard('rakipower') == 4"},
            {"raki_coin5":"!q.is_using_item && q.scoreboard('rakipower') == 5"},
            {"raki_coin6":"!q.is_using_item && q.scoreboard('rakipower') == 6"},
            {"raki_coin7":"!q.is_using_item && q.scoreboard('rakipower') == 7"},
            {"raki_coin8":"!q.is_using_item && q.scoreboard('rakipower') == 8"},
            {"raki_coin9":"!q.is_using_item && q.scoreboard('rakipower') == 9"},
            {"raki_coin10":"!q.is_using_item && q.scoreboard('rakipower') >= 10"}
          ]
        },
        "raki_coin0":{
          "transitions":[ { "default":"1.0" } ],
          "on_entry":[ "/event entity @s raki_coin_0" ]
        },
        "raki_coin1":{
          "transitions":[ { "default":"1.0" } ],
          "on_entry":[ "/event entity @s raki_coin_1" ]
        },
        "raki_coin2":{
          "transitions":[ { "default":"1.0" } ],
          "on_entry":[ "/event entity @s raki_coin_2" ]
        },
        "raki_coin3":{
          "transitions":[ { "default":"1.0" } ],
          "on_entry":[ "/event entity @s raki_coin_3" ]
        },
        "raki_coin4":{
          "transitions":[ { "default":"1.0" } ],
          "on_entry":[ "/event entity @s raki_coin_4" ]
        },
        "raki_coin5":{
          "transitions":[ { "default":"1.0" } ],
          "on_entry":[ "/event entity @s raki_coin_5" ]
        },
        "raki_coin6":{
          "transitions":[ { "default":"1.0" } ],
          "on_entry":[ "/event entity @s raki_coin_6" ]
        },
        "raki_coin7":{
          "transitions":[ { "default":"1.0" } ],
          "on_entry":[ "/event entity @s raki_coin_7" ]
        },
        "raki_coin8":{
          "transitions":[ { "default":"1.0" } ],
          "on_entry":[ "/event entity @s raki_coin_8" ]
        },
        "raki_coin9":{
          "transitions":[ { "default":"1.0" } ],
          "on_entry":[ "/event entity @s raki_coin_9" ]
        },
        "raki_coin10":{
          "transitions":[ { "default":"1.0" } ],
          "on_entry":[ "/event entity @s raki_coin_10" ]
        },
        // 2735 goru
        "goru_generate":{
          "transitions":[
            {"default":"!q.is_using_item || q.get_equipped_item_name != 'goru_generate' || (q.is_in_water && q.equipped_item_all_tags('slot.weapon.offhand','op_asa:soap_bubbles') == 0.0 && !q.is_riding)"}
          ],
          "animations":[
            "goru_generate"
          ]
        },
        "goru_absorption1":{
          "transitions":[
            {"goru_absorption11":"q.variant != 2735 || q.get_equipped_item_name != 'goru_absorption' || !q.is_using_item"},
            {"goru_absorption2":"q.item_in_use_duration > 200"}
          ]
        },
        "goru_absorption11":{
          "transitions":[
            {"default":"1.0"}
          ],
          "on_entry":[ "/fill ~8~-2~8 ~-8~2~-8 op_asa:gorugoru_block 0 replace gold_block" ]
        },
        "goru_absorption2":{
          "transitions":[
            {"goru_absorption22":"q.variant != 2735 || q.get_equipped_item_name != 'goru_absorption' || !q.is_using_item"},
            {"goru_absorption3":"q.item_in_use_duration > 400"}
          ]
        },
        "goru_absorption22":{
          "transitions":[
            {"default":"1.0"}
          ],
          "on_entry":[ "/fill ~16~-2~16 ~-16~2~-16 op_asa:gorugoru_block 0 replace gold_block" ]
        },
        "goru_absorption3":{
          "transitions":[
            {"goru_absorption33":"q.variant != 2735 || q.get_equipped_item_name != 'goru_absorption' || !q.is_using_item"},
            {"goru_absorption4":"q.item_in_use_duration > 600"}
          ]
        },
        "goru_absorption33":{
          "transitions":[
            {"default":"1.0"}
          ],
          "on_entry":[ "/fill ~24~-2~24 ~-24~2~-24 op_asa:gorugoru_block 0 replace gold_block" ]
        },
        "goru_absorption4":{
          "transitions":[
            {"goru_absorption44":"q.variant != 2735 || q.get_equipped_item_name != 'goru_absorption' || !q.is_using_item"}
          ]
        },
        "goru_absorption44":{
          "transitions":[
            {"default":"1.0"}
          ],
          "on_entry":[ "/fill ~32~-2~32 ~-32~2~-32 op_asa:gorugoru_block 0 replace gold_block" ]
        }
      }
    }
  }
}