{
  "format_version":"1.16.100",
  "animation_controllers":{
    "controller.animation.akumanomi2":{
      "states":{
        "default":{
          "transitions":[
            // mera
            {"enjoumou":"q.variant == 2708 && q.get_equipped_item_name == 'enjoumou' && q.is_using_item"},
            {"enkai_hibashira":"q.variant == 2708 && q.get_equipped_item_name == 'enkai_hibashira' && q.is_using_item"},
            {"entei":"q.variant == 2708 && q.get_equipped_item_name == 'entei' && q.is_using_item"},
            {"hotarubi_hidaruma":"q.variant == 2708 && q.get_equipped_item_name == 'hotarubi_hidaruma' && q.is_using_item"},
            // soru
            {"soru_no_rider":"query.variant == 2713 && !q.has_rider"},
            {"soru_has_rider":"query.variant == 2713 && q.has_rider"},
            // siro
            {"siro_has_rider":"q.variant == 2726 && q.has_rider"},
            {"siro_no_rider":"q.variant == 2726 && !q.has_rider"},
            // alive
            {"hobi_dead":"q.variant == 2716 && !q.is_alive"},
            {"ito_dead":"q.variant == 2712 && !q.is_alive"},
            {"yomi_dead":"q.variant == 27210 && !q.is_alive"},
            // yomi
            {"yomi2":"q.variant == 27211"},
            // bari
            {"bari_barrier_end":"q.variant == 2727"},
            // goro_amal
            {"amal_end":"q.variant == 27021 && (q.is_item_name_any('slot.armor.chest','op_asa:amal') == 0.0 || (q.is_in_water && q.equipped_item_all_tags('slot.weapon.offhand','op_asa:soap_bubbles') == 0.0 && !q.is_riding))"},
            // wara_strawman
            {"strawman_end":"q.variant == 27181 && (q.get_equipped_item_name('off_hand') != 'straw_doll' || (q.is_in_water && q.equipped_item_all_tags('slot.weapon.offhand','op_asa:soap_bubbles') == 0.0 && !q.is_riding))"},
            // tori_p_phoenix
            {"p_phoenix_end":"q.variant == 27112 && (q.is_item_name_any('slot.armor.chest','minecraft:elytra') == 0.0 || (q.is_in_water && q.equipped_item_all_tags('slot.weapon.offhand','op_asa:soap_bubbles') == 0.0 && !q.is_riding))"},
            // uo_uouo2
            {"uouo2_end":"q.variant == 27201 && (q.is_item_name_any('slot.armor.chest','minecraft:elytra') == 0.0 || (q.is_in_water && q.equipped_item_all_tags('slot.weapon.offhand','op_asa:soap_bubbles') == 0.0 && !q.is_riding))"},
            // doku_dokudoku2
            {"dokudoku2_end":"q.variant == 27301 && (q.is_item_name_any('slot.armor.chest','op_asa:venomdemon') == 0.0 || (q.is_in_water && q.equipped_item_all_tags('slot.weapon.offhand','op_asa:soap_bubbles') == 0.0 && !q.is_riding))"},
            // hotoke_hotoke2
            {"hotoke2_end":"q.variant == 27311 && (q.is_item_name_any('slot.armor.head','op_asa:hotoke2') == 0.0 || (q.is_in_water && q.equipped_item_all_tags('slot.weapon.offhand','op_asa:soap_bubbles') == 0.0 && !q.is_riding))"},
            /*
            in water
            */
            {"inwater":"q.is_in_water && q.equipped_item_all_tags('slot.weapon.offhand','op_asa:soap_bubbles') == 0.0 && !q.is_riding"},
            // wara
            {"strawman_start":"q.variant == 2718 && q.get_equipped_item_name('off_hand') == 'straw_doll'"},
            // goro
            {"amal_start":"q.variant == 2702 && q.is_item_name_any('slot.armor.chest','op_asa:amal') == 1.0"},
            // tori
            {"p_phoenix_start":"q.variant == 2711 && q.is_item_name_any('slot.armor.chest','op_asa:perfect_phoenix') == 1.0"},
            // uo
            {"uouo2_start":"q.variant == 2720 && q.is_item_name_any('slot.armor.chest','op_asa:uouo2') == 1.0"},
            // doku
            {"dokudoku2_start":"q.variant == 2730 && q.is_item_name_any('slot.armor.chest','op_asa:venomdemon') == 1.0"},
            // hotoke
            {"hotoke2_start":"q.variant == 2731 && q.is_item_name_any('slot.armor.head','op_asa:hotoke2') == 1.0"},
            // mochi
            {"mochi_no_musodonatu":"q.variant == 2719 && q.get_equipped_item_name('off_hand') != 'musodonatu'"},
            {"mochi_musodonatu":"q.variant == 2719 && q.get_equipped_item_name('off_hand') == 'musodonatu'"},
            // sneaking
            {"sneaking_stay":"(q.variant == 27201 || (q.variant == 2711 && (q.get_equipped_item_name == 'hououin' || q.get_equipped_item_name == 'phoenix_boost')) || q.variant == 27112) && q.is_sneaking"},
            {"doku_not_sneaking":"q.variant == 27301 && !q.is_sneaking"},
            // ope
            {"room":"query.variant == 2707 && query.equipped_item_all_tags('slot.weapon.offhand','op_asa:opeope') == 1.0"},
            // goru
            {"goru_ride":"(q.variant == 2735) && (query.is_riding ? (query.get_ride -> query.owner_identifier) == 'op_asa:goru_golden')"},
            // gom
            {"snakeman_speed":"q.variant == 27143 && q.is_sneaking"}
          ]
        },
        "inwater":{
          "transitions":[
            {"default":"!q.is_in_water || (q.is_in_water && (q.equipped_item_all_tags('slot.weapon.offhand','op_asa:soap_bubbles') == 1.0 || q.is_riding))"}
          ]
        },
        // goro
        "amal_start":{
          "transitions":[
            {"default":"q.variant != 2702"}
          ],
          "on_entry":[
            "/event entity @s[tag=gorogoro] be_amal"
          ]
        },
        "amal_end":{
          "transitions":[
            {"default":"q.variant != 27021"}
          ],
          "on_entry":[
            "/event entity @s[tag=gorogoro] amal_end"
          ]
        },
        // wara
        "strawman_start":{
          "transitions":[
            {"default":"q.variant != 2718"}
          ],
          "on_entry":[
            "/event entity @s[tag=warawara] be_strawman"
          ]
        },
        "strawman_end":{
          "transitions":[
            {"default":"q.variant != 27181"}
          ],
          "on_entry":[
            "/event entity @s[tag=warawara] strawman_end"
          ]
        },
        // tori
        "p_phoenix_start":{
          "transitions":[
            {"default":"q.variant != 2711"}
          ],
          "on_entry":[
            "/event entity @s[tag=toritori] p_phoenix_elytra"
          ]
        },
        "p_phoenix_end":{
          "transitions":[
            {"default":"q.variant != 27112"}
          ],
          "on_entry":[
            "/event entity @s[tag=toritori] p_phoenix_end"
          ]
        },
        // uo
        "uouo2_start":{
          "transitions":[
            {"default":"q.variant != 2720"}
          ],
          "on_entry":[
            "/event entity @s[tag=uouo] uouo2_elytra"
          ]
        },
        "uouo2_end":{
          "transitions":[
            {"default":"q.variant != 27201"}
          ],
          "on_entry":[
            "/event entity @s[tag=uouo] uouo2_end"
          ]
        },
        // doku
        "dokudoku2_start":{
          "transitions":[
            {"default":"q.variant != 2730"}
          ],
          "on_entry":[
            "/event entity @s[tag=dokudoku] be_dokudoku2"
          ]
        },
        "dokudoku2_end":{
          "transitions":[
            {"default":"q.variant != 27301"}
          ],
          "on_entry":[
            "/event entity @s[tag=dokudoku] dokudoku2_end"
          ]
        },
        // hotoke
        "hotoke2_start":{
          "transitions":[
            {"default":"q.variant != 2731"}
          ],
          "on_entry":[
            "/event entity @s[tag=hotoke] be_hotoke2"
          ]
        },
        "hotoke2_end":{
          "transitions":[
            {"default":"q.variant != 27311"}
          ],
          "on_entry":[
            "/event entity @s[tag=hotoke] hotoke2_end"
          ]
        },
        // mera
        "enjoumou":{
          "transitions":[
            {"default":"q.get_equipped_item_name != 'enjoumou' || !q.is_using_item || (q.is_in_water && q.equipped_item_all_tags('slot.weapon.offhand','op_asa:soap_bubbles') == 0.0 && !q.is_riding)"}
          ],
          "animations":[
            "mera_charge_enjoumou"
          ],
          "on_exit":[
            "/scoreboard players set @s meracharge 0"
          ]
        },
        "enkai_hibashira":{
          "transitions":[
            {"default":"q.get_equipped_item_name != 'enkai_hibashira' || !q.is_using_item || (q.is_in_water && q.equipped_item_all_tags('slot.weapon.offhand','op_asa:soap_bubbles') == 0.0 && !q.is_riding)"}
          ],
          "animations":[
            "mera_charge_enkai"
          ],
          "on_exit":[
            "/scoreboard players set @s meracharge 0"
          ]
        },
        "entei":{
          "transitions":[
            {"default":"q.get_equipped_item_name != 'entei' || !q.is_using_item || (q.is_in_water && q.equipped_item_all_tags('slot.weapon.offhand','op_asa:soap_bubbles') == 0.0 && !q.is_riding)"}
          ],
          "animations":[
            "mera_charge_entei"
          ],
          "on_exit":[
            "/scoreboard players set @s meracharge 0"
          ]
        },
        "hotarubi_hidaruma":{
          "transitions":[
            {"default":"q.get_equipped_item_name != 'hotarubi_hidaruma' || !q.is_using_item || (q.is_in_water && q.equipped_item_all_tags('slot.weapon.offhand','op_asa:soap_bubbles') == 0.0 && !q.is_riding)"}
          ],
          "animations":[
            "mera_charge_hotarubi"
          ],
          "on_exit":[
            "/scoreboard players set @s meracharge 0"
          ]
        },
        // goru
        "goru_ride":{
          "transitions":[
            {"default":"q.variant != 2735 || !query.is_riding"}
          ],
          "on_entry":[
            "/function akumanomi/gorugoru/goru_golden_give"
          ],
          "on_exit":[
            "/function akumanomi/gorugoru/goru_give",
            "/effect @s invisibility 0 1 true",
            "/effect @s slow_falling 7 0 true"
          ]
        },
        "room":{
          "transitions":[
            {"default":"query.equipped_item_all_tags('slot.weapon.offhand','op_asa:opeope') == 0.0 || query.variant != 2707 || (q.is_in_water && !q.is_riding) || !q.is_alive"}
          ],
          "on_entry":[
            "/function akumanomi/opeope/room_start"
          ],
          "on_exit":[
            "/function akumanomi/opeope/room_end"
          ]
        },
        "soru_no_rider":{
          "transitions":[
            {"default":"1.0"}
          ],
          "on_entry":[
            "/function akumanomi/sorusoru/soul_pocus_loop"
          ]
        },
        "soru_has_rider":{
          "transitions":[
            {"default":"1.0"}
          ],
          "on_entry":[
            "/function akumanomi/sorusoru/soul_pocus_loop",
            "/effect @s fire_resistance 1 0 true"
          ]
        },
        "mochi_no_musodonatu":{
          "transitions":[
            {"default":"1.0"}
          ],
          "on_entry":[
            "/execute @s ~~~ detect ~~-1~ op_asa:mochimochi_block 0 effect @s speed 1 2 true",
            "/clear @s[hasitem={item=op_asa:chikaramochi}] op_asa:chikaramochi",
            "/clear @s[hasitem={item=op_asa:mochiginchaku}] op_asa:mochiginchaku"
          ]
        },
        "mochi_musodonatu":{
          "transitions":[
            {"default":"q.variant != 2719 || q.get_equipped_item_name('off_hand') != 'musodonatu' || (q.is_in_water && q.equipped_item_all_tags('slot.weapon.offhand','op_asa:soap_bubbles') == 0.0 && !q.is_riding)"}
          ],
          "on_entry":[
            "/function akumanomi/mochimochi/muso_give"
          ],
          "animations":[
            "mochi_musodonatu"
          ]
        },
        "bari_barrier_end":{
          "transitions":[
            {"default":"!q.is_alive || q.variant != 2727 || (q.is_in_water && q.equipped_item_all_tags('slot.weapon.offhand','op_asa:soap_bubbles') == 0.0 && !q.is_riding)"}
          ],
          "on_exit":[
            "/function akumanomi/baribari/barrier_end"
          ]
        },
        "siro_has_rider":{
          "transitions":[
            {"default":"1.0"}
          ],
          "on_entry":[
            "/tag @a[tag=!sirosiro,dx=0,dy=1,dz=0] add sirosiro_rider",
            "/tag @a[tag=sirosiro_rider,rm=2,r=64] remove sirosiro_rider"
          ]
        },
        "siro_no_rider":{
          "transitions":[
            {"default":"1.0"}
          ],
          "on_entry":[
            "/tag @a[tag=sirosiro_rider] remove sirosiro_rider"
          ]
        },
        "yomi_dead":{
          "transitions":[
            {"default":"q.variant == 2721"}
          ],
          "on_entry":[
            "/event entity @s be_yomiyomi"
          ]
        },
        "yomi2":{
          "transitions":[
            {"yomi2_dead":"!q.is_alive || (q.is_in_water && q.equipped_item_all_tags('slot.weapon.offhand','op_asa:soap_bubbles') == 0.0 && !q.is_riding)"},
            {"yomi2_end":"q.get_equipped_item_name != 'astral_projection_end' || (q.get_equipped_item_name == 'astral_projection_end' && q.is_using_item)"}
          ],
          "animations":[
            "yomi2_float"
          ]
        },
        "yomi2_dead":{
          "transitions":[
            {"default":"q.variant != 27211"}
          ],
          "on_entry":[
            "/event entity @s yomiyomi2_end",
            "/event entity @e[c=1,type=op_asa:yomi_player] op_asa:despawn"
          ]
        },
        "yomi2_end":{
          "transitions":[
            {"default":"q.variant != 27211"}
          ],
          "on_entry":[
            "/tp @s @e[c=1,type=op_asa:yomi_player]",
            "/event entity @e[c=1,type=op_asa:yomi_player] op_asa:despawn"
          ]
        },
        // sneaking stay
        "sneaking_stay":{
          "transitions":[
            {"default":"!q.is_sneaking || (q.variant != 27201 && q.variant != 2711 && q.variant != 27112) || (q.is_in_water && q.equipped_item_all_tags('slot.weapon.offhand','op_asa:soap_bubbles') == 0.0 && !q.is_riding)"},
            {"default":"q.variant == 2711 && q.get_equipped_item_name != 'hououin' && q.get_equipped_item_name != 'phoenix_boost'"}
          ],
          "animations":[
            "sneaking_stay"
          ],
          "on_exit":[
            "/effect @s slow_falling 0 2 true"
          ]
        },
        "doku_not_sneaking":{
          "transitions":[
            {"default":"1.0"}
          ],
          "on_entry":[
            "/function akumanomi/dokudoku/venomdemon_state"
          ]
        },
        // hobi
        "hobi_dead":{
          "transitions":[
            {"default":"1.0"}
          ],
          "on_entry":[
            "/event entity @e[family=hobby] op_asa:toy_end"
          ]
        },
        "ito_dead":{
          "transitions":[
            {"default":"1.0"}
          ],
          "on_entry":[
            "/event entity @e[type=op_asa:torikago] op_asa:be_despawn"
          ]
        },
        // gom
        "snakeman_speed":{
          "transitions":[
            {"default":"1.0"}
          ],
          "on_entry":[
            "/effect @s speed 10 6 true",
            "/effect @s jump_boost 10 6 true"
          ]
        }
      }
    }
  }
}