{
  "format_version":"1.16.100",
  "animation_controllers":{
    "controller.animation.attack":{
      "states":{
        "default":{
          "transitions":[
            // hao
            {"hao":"q.is_item_name_any('slot.hotbar',1,'op_asa:haoshoku') == 1.0 && !q.is_angry && q.player_level >= 10 && q.variant != 27211"},
            {"hao_end":"(q.is_item_name_any('slot.hotbar',1,'op_asa:haoshoku') == 0.0 || q.player_level < 10 || q.variant == 27211) && q.is_angry"},
            // es
            {"not_es":"(q.is_baby || q.out_of_control) && q.scoreboard('es_count') == 0"},
            {"es":"!q.out_of_control && q.scoreboard('es_count') >= 10 && q.scoreboard('es_death') == 0"},
            {"es_death":"!q.is_baby && q.scoreboard('es_death') != 0"},
            // hp
            {"lv0":"q.max_health != 40 && q.player_level < 10"},
            {"lv10":"q.max_health != 44 && q.player_level >= 10 && q.player_level < 20"},
            {"lv20":"q.max_health != 48 && q.player_level >= 20 && q.player_level < 30"},
            {"lv30":"q.max_health != 52 && q.player_level >= 30 && q.player_level < 40"},
            {"lv40":"q.max_health != 56 && q.player_level >= 40 && q.player_level < 50"},
            {"lv50":"q.max_health != 60 && q.player_level >= 50"},
            // hao ryuo
            {"hao_ryuo10":"q.has_any_family('ryuo') == 1.0 && q.is_angry && v.attack_time > 0.0 && q.player_level >= 10 && q.player_level < 20"},
            {"hao_ryuo20":"q.has_any_family('ryuo') == 1.0 && q.is_angry && v.attack_time > 0.0 && q.player_level >= 20 && q.player_level < 30"},
            {"hao_ryuo30":"q.has_any_family('ryuo') == 1.0 && q.is_angry && v.attack_time > 0.0 && q.player_level >= 30 && q.player_level < 40"},
            {"hao_ryuo40":"q.has_any_family('ryuo') == 1.0 && q.is_angry && v.attack_time > 0.0 && q.player_level >= 40 && q.player_level < 50"},
            {"hao_ryuo50":"q.has_any_family('ryuo') == 1.0 && q.is_angry && v.attack_time > 0.0 && q.player_level >= 50"},
            // hao
            {"hao10":"q.has_any_family('ryuo') == 0.0 && q.is_angry && v.attack_time > 0.0 && q.player_level >= 10 && q.player_level < 20"},
            {"hao20":"q.has_any_family('ryuo') == 0.0 && q.is_angry && v.attack_time > 0.0 && q.player_level >= 20 && q.player_level < 30"},
            {"hao30":"q.has_any_family('ryuo') == 0.0 && q.is_angry && v.attack_time > 0.0 && q.player_level >= 30 && q.player_level < 40"},
            {"hao40":"q.has_any_family('ryuo') == 0.0 && q.is_angry && v.attack_time > 0.0 && q.player_level >= 40 && q.player_level < 50"},
            {"hao50":"q.has_any_family('ryuo') == 0.0 && q.is_angry && v.attack_time > 0.0 && q.player_level >= 50"},
            // ryuo
            {"ryuo":"q.has_any_family('ryuo') == 1.0 && !q.is_angry && v.attack_time > 0.0"}
          ]
        },
        // hao
        "hao":{
          "transitions":[
            {"default":"q.is_angry"}
          ],
          "on_entry":[
            "/event entity @s hao"
          ]
        },
        "hao_end":{
          "transitions":[
            {"default":"!q.is_angry"}
          ],
          "on_entry":[
            "/event entity @s hao_end"
          ]
        },
        // es
        "not_es":{
          "transitions":[
            {"default":"!q.is_baby && !q.out_of_control"}
          ],
          "on_entry":[
            "/event entity @s not_es"
          ]
        },
        "es":{
          "transitions":[
            {"default":"q.out_of_control"}
          ],
          "on_entry":[
            "/event entity @s es"
          ]
        },
        "es_death":{
          "transitions":[
            {"default":"q.is_baby"}
          ],
          "on_entry":[
            "/event entity @s es_death"
          ]
        },
        // hp
        "lv0":{
          "transitions":[
            {"default":"q.max_health == 40"}
          ],
          "on_entry":[
            "/scoreboard objectives add hp_max dummy",
            "/scoreboard players set @s hp_max 40",
            "/event entity @s health40"
          ]
        },
        "lv10":{
          "transitions":[
            {"default":"q.max_health == 44"}
          ],
          "on_entry":[
            "/scoreboard objectives add hp_max dummy",
            "/scoreboard players set @s hp_max 44",
            "/event entity @s health44"
          ]
        },
        "lv20":{
          "transitions":[
            {"default":"q.max_health == 48"}
          ],
          "on_entry":[
            "/scoreboard objectives add hp_max dummy",
            "/scoreboard players set @s hp_max 48",
            "/event entity @s health48"
          ]
        },
        "lv30":{
          "transitions":[
            {"default":"q.max_health == 52"}
          ],
          "on_entry":[
            "/scoreboard objectives add hp_max dummy",
            "/scoreboard players set @s hp_max 52",
            "/event entity @s health52"
          ]
        },
        "lv40":{
          "transitions":[
            {"default":"q.max_health == 56"}
          ],
          "on_entry":[
            "/scoreboard objectives add hp_max dummy",
            "/scoreboard players set @s hp_max 56",
            "/event entity @s health56"
          ]
        },
        "lv50":{
          "transitions":[
            {"default":"q.max_health == 60"}
          ],
          "on_entry":[
            "/scoreboard objectives add hp_max dummy",
            "/scoreboard players set @s hp_max 60",
            "/event entity @s health60"
          ]
        },
        // hao ryuo
        "hao_ryuo10":{
          "transitions":[
            {"default":"v.attack_time <= 0.0"}
          ],
          "on_entry":[
            "/event entity @s hao_ryuo_attack_10",
            "/function haki/ryuo_attack"
          ]
        },
        "hao_ryuo20":{
          "transitions":[
            {"default":"v.attack_time <= 0.0"}
          ],
          "on_entry":[
            "/event entity @s hao_ryuo_attack_20",
            "/function haki/ryuo_attack"
          ]
        },
        "hao_ryuo30":{
          "transitions":[
            {"default":"v.attack_time <= 0.0"}
          ],
          "on_entry":[
            "/event entity @s hao_ryuo_attack_30",
            "/function haki/ryuo_attack"
          ]
        },
        "hao_ryuo40":{
          "transitions":[
            {"default":"v.attack_time <= 0.0"}
          ],
          "on_entry":[
            "/event entity @s hao_ryuo_attack_40",
            "/function haki/ryuo_attack"
          ]
        },
        "hao_ryuo50":{
          "transitions":[
            {"default":"v.attack_time <= 0.0"}
          ],
          "on_entry":[
            "/event entity @s hao_ryuo_attack_50",
            "/function haki/ryuo_attack"
          ]
        },
        // hao
        "hao10":{
          "transitions":[
            {"default":"v.attack_time <= 0.0"}
          ],
          "on_entry":[
            "/event entity @s hao_attack_10"
          ]
        },
        "hao20":{
          "transitions":[
            {"default":"v.attack_time <= 0.0"}
          ],
          "on_entry":[
            "/event entity @s hao_attack_20"
          ]
        },
        "hao30":{
          "transitions":[
            {"default":"v.attack_time <= 0.0"}
          ],
          "on_entry":[
            "/event entity @s hao_attack_30"
          ]
        },
        "hao40":{
          "transitions":[
            {"default":"v.attack_time <= 0.0"}
          ],
          "on_entry":[
            "/event entity @s hao_attack_40"
          ]
        },
        "hao50":{
          "transitions":[
            {"default":"v.attack_time <= 0.0"}
          ],
          "on_entry":[
            "/event entity @s hao_attack_50"
          ]
        },
        // ryuo
        "ryuo":{
          "transitions":[
            {"default":"v.attack_time <= 0.0"}
          ],
          "on_entry":[
            "/function haki/ryuo_attack"
          ]
        }
      }
    }
  }
}