{
  "format_version":"1.16.100",
  "animation_controllers":{
    "controller.animation.haki":{
      "states":{
        "default":{
          "transitions":[
            {"boundman":"q.variant == 27141"},
            {"snakeman":"q.variant == 27143"},
            {"haki_on":"q.is_item_name_any('slot.hotbar',0,'op_asa:busoshoku_on','op_asa:ryuo_on') == 1.0"},
            {"haki_off":"q.is_item_name_any('slot.hotbar',0,'op_asa:busoshoku_off','op_asa:ryuo_off') == 1.0"},
            {"haki_none":"q.is_item_name_any('slot.hotbar',0,'op_asa:busoshoku_on','op_asa:busoshoku_off','op_asa:ryuo_on','op_asa:ryuo_off') == 0.0"}
          ]
        },
        "haki_on":{
          "transitions":[
            {"default":"q.is_item_name_any('slot.hotbar',0,'op_asa:busoshoku_on','op_asa:ryuo_on') == 0.0"}
          ],
          "on_entry":[
            "/event entity @s[hasitem={location=slot.hotbar,slot=0,item=op_asa:busoshoku_on},family=!b_haki] b_haki",
            "/event entity @s[hasitem={location=slot.hotbar,slot=0,item=op_asa:ryuo_on},family=!ryuo] ryuo"
          ],
          "animations":[
            "haki_on"
          ]
        },
        "haki_off":{
          "transitions":[
            {"default":"q.is_item_name_any('slot.hotbar',0,'op_asa:busoshoku_off','op_asa:ryuo_off') == 0.0"}
          ],
          "on_entry":[
            "/event entity @s[family=b_haki] b_haki_end",
            "/event entity @s[family=ryuo] ryuo_end"
          ],
          "animations":[
            "haki_off"
          ]
        },
        "haki_none":{
          "transitions":[
            {"default":"q.is_item_name_any('slot.hotbar',0,'op_asa:busoshoku_on','op_asa:busoshoku_off','op_asa:ryuo_on','op_asa:ryuo_off') == 1.0"}
          ],
          "on_entry":[
            "/event entity @s[family=b_haki] b_haki_end",
            "/event entity @s[family=ryuo] ryuo_end"
          ],
          "animations":[
            "haki_none"
          ]
        },
        "boundman":{
          "transitions":[
            {"default":"q.variant != 27141"},
            {"boundman_end":"q.is_item_name_any('slot.hotbar',0,'op_asa:busoshoku_on','op_asa:ryuo_on') == 0.0"}
          ],
          "animations":[
            "haki_gear4"
          ]
        },
        "boundman_end":{
          "transitions":[
            {"default":"q.variant != 27141"}
          ],
          "on_entry":[
            "/event entity @s boundman_end"
          ]
        },
        "snakeman":{
          "transitions":[
            {"default":"q.variant != 27143"},
            {"snakeman_end":"q.is_item_name_any('slot.hotbar',0,'op_asa:busoshoku_on','op_asa:ryuo_on') == 0.0"}
          ],
          "animations":[
            "haki_gear4"
          ]
        },
        "snakeman_end":{
          "transitions":[
            {"default":"q.variant != 27143"}
          ],
          "on_entry":[
            "/event entity @s snakeman_end"
          ]
        }
      } 
    }
  }
}