{
	"format_version": "1.16.1",
	"animation_controllers": {
		"controller.animation.health": {
			"states": {
				"default": {
					"transitions": [
						{"state":"q.scoreboard('login') >= 1"},
						{"loop":"1.0"}
					]
				},
				"loop":{
					"transitions":[
					  {"default":"1.0"}
					],
					"on_entry":[
					  "/function akasi/game_start"
					]
				},
				"state": {
					"transitions": [
						{"1":"q.health == 1"},
						{"2":"q.health == 2"},
						{"3":"q.health == 3"},
						{"4":"q.health == 4"},
						{"5":"q.health == 5"},
						{"6":"q.health == 6"},
						{"7":"q.health == 7"},
						{"8":"q.health == 8"},
						{"9":"q.health == 9"},
						{"10":"q.health == 10"},
						{"11":"q.health == 11"},
						{"12":"q.health == 12"},
						{"13":"q.health == 13"},
						{"14":"q.health == 14"},
						{"15":"q.health == 15"},
						{"16":"q.health == 16"},
						{"17":"q.health == 17"},
						{"18":"q.health == 18"},
						{"19":"q.health == 19"},
						{"20":"q.health == 20"},
						{"21":"q.health == 21"},
						{"22":"q.health == 22"},
						{"23":"q.health == 23"},
						{"24":"q.health == 24"},
						{"25":"q.health == 25"},
						{"26":"q.health == 26"},
						{"27":"q.health == 27"},
						{"28":"q.health == 28"},
						{"29":"q.health == 29"},
						{"30":"q.health == 30"},
						{"31":"q.health == 31"},
						{"32":"q.health == 32"},
						{"33":"q.health == 33"},
						{"34":"q.health == 34"},
						{"35":"q.health == 35"},
						{"36":"q.health == 36"},
						{"37":"q.health == 37"},
						{"38":"q.health == 38"},
						{"39":"q.health == 39"},
						{"40":"q.health == 40"},
						{"41":"q.health == 41"},
						{"42":"q.health == 42"},
						{"43":"q.health == 43"},
						{"44":"q.health == 44"},
						{"45":"q.health == 45"},
						{"46":"q.health == 46"},
						{"47":"q.health == 47"},
						{"48":"q.health == 48"},
						{"49":"q.health == 49"},
						{"50":"q.health == 50"},
						{"51":"q.health == 51"},
						{"52":"q.health == 52"},
						{"53":"q.health == 53"},
						{"54":"q.health == 54"},
						{"55":"q.health == 55"},
						{"56":"q.health == 56"},
						{"57":"q.health == 57"},
						{"58":"q.health == 58"},
						{"59":"q.health == 59"},
						{"60":"q.health == 60"},
						{"61":"q.health == 61"},
						{"62":"q.health == 62"},
						{"63":"q.health == 63"},
						{"64":"q.health == 64"},
						{"65":"q.health == 65"},
						{"66":"q.health == 66"},
						{"67":"q.health == 67"},
						{"68":"q.health == 68"},
						{"69":"q.health == 69"},
						{"70":"q.health == 70"},
						{"71":"q.health == 71"},
						{"72":"q.health == 72"},
						{"73":"q.health == 73"},
						{"74":"q.health == 74"},
						{"75":"q.health == 75"},
						{"76":"q.health == 76"},
						{"77":"q.health == 77"},
						{"78":"q.health == 78"},
						{"79":"q.health == 79"},
						{"80":"q.health == 80"},
						{"81":"q.health == 81"},
						{"82":"q.health == 82"},
						{"83":"q.health == 83"},
						{"84":"q.health == 84"},
						{"85":"q.health == 85"},
						{"86":"q.health == 86"},
						{"87":"q.health == 87"},
						{"88":"q.health == 88"},
						{"89":"q.health == 89"},
						{"90":"q.health == 90"},
						{"91":"q.health == 91"},
						{"92":"q.health == 92"},
						{"93":"q.health == 93"},
						{"94":"q.health == 94"},
						{"95":"q.health == 95"},
						{"96":"q.health == 96"},
						{"97":"q.health == 97"},
						{"98":"q.health == 98"},
						{"99":"q.health == 99"},
						{"100":"q.health == 100"},
						{"101":"q.health == 101"},
						{"102":"q.health == 102"},
						{"103":"q.health == 103"},
						{"104":"q.health == 104"},
						{"105":"q.health == 105"},
						{"106":"q.health == 106"},
						{"107":"q.health == 107"},
						{"108":"q.health == 108"},
						{"109":"q.health == 109"},
						{"110":"q.health == 110"},
						{"111":"q.health == 111"},
						{"112":"q.health == 112"},
						{"113":"q.health == 113"},
						{"114":"q.health == 114"},
						{"115":"q.health == 115"},
						{"116":"q.health == 116"},
						{"117":"q.health == 117"},
						{"118":"q.health == 118"},
						{"119":"q.health == 119"},
						{"120":"q.health == 120"},
						{"121":"q.health == 121"},
						{"122":"q.health == 122"},
						{"123":"q.health == 123"},
						{"124":"q.health == 124"},
						{"125":"q.health == 125"},
						{"126":"q.health == 126"},
						{"127":"q.health == 127"},
						{"128":"q.health == 128"},
						{"129":"q.health == 129"},
						{"130":"q.health == 130"},
						{"131":"q.health == 131"},
						{"132":"q.health == 132"},
						{"133":"q.health == 133"},
						{"134":"q.health == 134"},
						{"135":"q.health == 135"},
						{"136":"q.health == 136"},
						{"137":"q.health == 137"},
						{"138":"q.health == 138"},
						{"139":"q.health == 139"},
						{"140":"q.health == 140"},
						{"141":"q.health == 141"},
						{"142":"q.health == 142"},
						{"143":"q.health == 143"},
						{"144":"q.health == 144"},
						{"145":"q.health == 145"},
						{"146":"q.health == 146"},
						{"147":"q.health == 147"},
						{"148":"q.health == 148"},
						{"149":"q.health == 149"},
						{"150":"q.health == 150"},
						{"151":"q.health == 151"},
						{"152":"q.health == 152"},
						{"153":"q.health == 153"},
						{"154":"q.health == 154"},
						{"155":"q.health == 155"},
						{"156":"q.health == 156"},
						{"157":"q.health == 157"},
						{"158":"q.health == 158"},
						{"159":"q.health == 159"},
						{"160":"q.health == 160"},
						{"161":"q.health == 161"},
						{"162":"q.health == 162"},
						{"163":"q.health == 163"},
						{"164":"q.health == 164"},
						{"165":"q.health == 165"},
						{"166":"q.health == 166"},
						{"167":"q.health == 167"},
						{"168":"q.health == 168"},
						{"169":"q.health == 169"},
						{"170":"q.health == 170"},
						{"171":"q.health == 171"},
						{"172":"q.health == 172"},
						{"173":"q.health == 173"},
						{"174":"q.health == 174"},
						{"175":"q.health == 175"},
						{"176":"q.health == 176"},
						{"177":"q.health == 177"},
						{"178":"q.health == 178"},
						{"179":"q.health == 179"},
						{"180":"q.health == 180"},
						{"181":"q.health == 181"},
						{"182":"q.health == 182"},
						{"183":"q.health == 183"},
						{"184":"q.health == 184"},
						{"185":"q.health == 185"},
						{"186":"q.health == 186"},
						{"187":"q.health == 187"},
						{"188":"q.health == 188"},
						{"189":"q.health == 189"},
						{"190":"q.health == 190"},
						{"191":"q.health == 191"},
						{"192":"q.health == 192"},
						{"193":"q.health == 193"},
						{"194":"q.health == 194"},
						{"195":"q.health == 195"},
						{"196":"q.health == 196"},
						{"197":"q.health == 197"},
						{"198":"q.health == 198"},
						{"199":"q.health == 199"},
						{"200":"q.health == 200"},
						{"201":"q.health > 200"}
					]
				},
				"1": {
					"transitions": [
						{"dead":"!q.is_alive"},
						{"hurt":"q.health < 1"},
						{"state":"q.health != 1"}
					],
					"on_entry":[
						"/scoreboard players set @s hp 1"
					]
				},
				"2": {
					"transitions": [
						{"dead":"!q.is_alive"},
						{"hurt":"q.health < 2"},
						{"state":"q.health != 2"}
					],
					"on_entry":[
						"/scoreboard players set @s hp 2"
					]
				},
				"3": {
					"transitions": [
						{"dead":"!q.is_alive"},
						{"hurt":"q.health < 3"},
						{"state":"q.health != 3"}
					],
					"on_entry":[
						"/scoreboard players set @s hp 3"
					]
				},
				"4": {
					"transitions": [
						{"dead":"!q.is_alive"},
						{"hurt":"q.health < 4"},
						{"state":"q.health != 4"}
					],
					"on_entry":[
						"/scoreboard players set @s hp 4"
					]
				},
				"5": {
					"transitions": [
						{"dead":"!q.is_alive"},
						{"hurt":"q.health < 5"},
						{"state":"q.health != 5"}
					],
					"on_entry":[
						"/scoreboard players set @s hp 5"
					]
				},
				"6": {
					"transitions": [
						{"dead":"!q.is_alive"},
						{"hurt":"q.health < 6"},
						{"state":"q.health != 6"}
					],
					"on_entry":[
						"/scoreboard players set @s hp 6"
					]
				},
				"7": {
					"transitions": [
						{"dead":"!q.is_alive"},
						{"hurt":"q.health < 7"},
						{"state":"q.health != 7"}
					],
					"on_entry":[
						"/scoreboard players set @s hp 7"
					]
				},
				"8": {
					"transitions": [
						{"dead":"!q.is_alive"},
						{"hurt":"q.health < 8"},
						{"state":"q.health != 8"}
					],
					"on_entry":[
						"/scoreboard players set @s hp 8"
					]
				},
				"9": {
					"transitions": [
						{"dead":"!q.is_alive"},
						{"hurt":"q.health < 9"},
						{"state":"q.health != 9"}
					],
					"on_entry":[
						"/scoreboard players set @s hp 9"
					]
				},
				"10": {
					"transitions": [
						{"dead":"!q.is_alive"},
						{"hurt":"q.health < 10"},
						{"state":"q.health != 10"}
					],
					"on_entry":[
						"/scoreboard players set @s hp 10"
					]
				},
				"11": {
					"transitions": [
						{"dead":"!q.is_alive"},
						{"hurt":"q.health < 11"},
						{"state":"q.health != 11"}
					],
					"on_entry":[
						"/scoreboard players set @s hp 11"
					]
				},
				"12": {
					"transitions": [
						{"dead":"!q.is_alive"},
						{"hurt":"q.health < 12"},
						{"state":"q.health != 12"}
					],
					"on_entry":[
						"/scoreboard players set @s hp 12"
					]
				},
				"13": {
					"transitions": [
						{"dead":"!q.is_alive"},
						{"hurt":"q.health < 13"},
						{"state":"q.health != 13"}
					],
					"on_entry":[
						"/scoreboard players set @s hp 13"
					]
				},
				"14": {
					"transitions": [
						{"dead":"!q.is_alive"},
						{"hurt":"q.health < 14"},
						{"state":"q.health != 114"}
					],
					"on_entry":[
						"/scoreboard players set @s hp 14"
					]
				},
				"15": {
					"transitions": [
						{"dead":"!q.is_alive"},
						{"hurt":"q.health < 15"},
						{"state":"q.health != 15"}
					],
					"on_entry":[
						"/scoreboard players set @s hp 15"
					]
				},
				"16": {
					"transitions": [
						{"dead":"!q.is_alive"},
						{"hurt":"q.health < 16"},
						{"state":"q.health != 16"}
					],
					"on_entry":[
						"/scoreboard players set @s hp 16"
					]
				},
				"17": {
					"transitions": [
						{"dead":"!q.is_alive"},
						{"hurt":"q.health < 17"},
						{"state":"q.health != 17"}
					],
					"on_entry":[
						"/scoreboard players set @s hp 17"
					]
				},
				"18": {
					"transitions": [
						{"dead":"!q.is_alive"},
						{"hurt":"q.health < 18"},
						{"state":"q.health != 18"}
					],
					"on_entry":[
						"/scoreboard players set @s hp 18"
					]
				},
				"19": {
					"transitions": [
						{"dead":"!q.is_alive"},
						{"hurt":"q.health < 19"},
						{"state":"q.health != 19"}
					],
					"on_entry":[
						"/scoreboard players set @s hp 19"
					]
				},
				"20": {
					"transitions": [
						{"dead":"!q.is_alive"},
						{"hurt":"q.health < 20"},
						{"state":"q.health != 20"}
					],
					"on_entry":[
						"/scoreboard players set @s hp 20"
					]
				},
				"21": {
					"transitions": [
						{"dead":"!q.is_alive"},
						{"hurt":"q.health < 21"},
						{"state":"q.health != 21"}
					],
					"on_entry":[
						"/scoreboard players set @s hp 21"
					]
				},
				"22": {
					"transitions": [
						{"dead":"!q.is_alive"},
						{"hurt":"q.health < 22"},
						{"state":"q.health != 22"}
					],
					"on_entry":[
						"/scoreboard players set @s hp 22"
					]
				},
				"23": {
					"transitions": [
						{"dead":"!q.is_alive"},
						{"hurt":"q.health < 23"},
						{"state":"q.health != 23"}
					],
					"on_entry":[
						"/scoreboard players set @s hp 23"
					]
				},
				"24": {
					"transitions": [
						{"dead":"!q.is_alive"},
						{"hurt":"q.health < 24"},
						{"state":"q.health != 24"}
					],
					"on_entry":[
						"/scoreboard players set @s hp 24"
					]
				},
				"25": {
					"transitions": [
						{"dead":"!q.is_alive"},
						{"hurt":"q.health < 25"},
						{"state":"q.health != 25"}
					],
					"on_entry":[
						"/scoreboard players set @s hp 25"
					]
				},
				"26": {
					"transitions": [
						{"dead":"!q.is_alive"},
						{"hurt":"q.health < 26"},
						{"state":"q.health != 26"}
					],
					"on_entry":[
						"/scoreboard players set @s hp 26"
					]
				},
				"27": {
					"transitions": [
						{"dead":"!q.is_alive"},
						{"hurt":"q.health < 27"},
						{"state":"q.health != 27"}
					],
					"on_entry":[
						"/scoreboard players set @s hp 27"
					]
				},
				"28": {
					"transitions": [
						{"dead":"!q.is_alive"},
						{"hurt":"q.health < 28"},
						{"state":"q.health != 28"}
					],
					"on_entry":[
						"/scoreboard players set @s hp 28"
					]
				},
				"29": {
					"transitions": [
						{"dead":"!q.is_alive"},
						{"hurt":"q.health < 29"},
						{"state":"q.health != 29"}
					],
					"on_entry":[
						"/scoreboard players set @s hp 29"
					]
				},
				"30": {
					"transitions": [
						{"dead":"!q.is_alive"},
						{"hurt":"q.health < 30"},
						{"state":"q.health != 30"}
					],
					"on_entry":[
						"/scoreboard players set @s hp 30"
					]
				},
				"31": {
					"transitions": [
						{"dead":"!q.is_alive"},
						{"hurt":"q.health < 31"},
						{"state":"q.health != 31"}
					],
					"on_entry":[
						"/scoreboard players set @s hp 31"
					]
				},
				"32": {
					"transitions": [
						{"dead":"!q.is_alive"},
						{"hurt":"q.health < 32"},
						{"state":"q.health != 32"}
					],
					"on_entry":[
						"/scoreboard players set @s hp 32"
					]
				},
				"33": {
					"transitions": [
						{"dead":"!q.is_alive"},
						{"hurt":"q.health < 33"},
						{"state":"q.health != 33"}
					],
					"on_entry":[
						"/scoreboard players set @s hp 33"
					]
				},
				"34": {
					"transitions": [
						{"dead":"!q.is_alive"},
						{"hurt":"q.health < 34"},
						{"state":"q.health != 34"}
					],
					"on_entry":[
						"/scoreboard players set @s hp 34"
					]
				},
				"35": {
					"transitions": [
						{"dead":"!q.is_alive"},
						{"hurt":"q.health < 35"},
						{"state":"q.health != 35"}
					],
					"on_entry":[
						"/scoreboard players set @s hp 35"
					]
				},
				"36": {
					"transitions": [
						{"dead":"!q.is_alive"},
						{"hurt":"q.health < 36"},
						{"state":"q.health != 36"}
					],
					"on_entry":[
						"/scoreboard players set @s hp 36"
					]
				},
				"37": {
					"transitions": [
						{"dead":"!q.is_alive"},
						{"hurt":"q.health < 37"},
						{"state":"q.health != 37"}
					],
					"on_entry":[
						"/scoreboard players set @s hp 37"
					]
				},
				"38": {
					"transitions": [
						{"dead":"!q.is_alive"},
						{"hurt":"q.health < 38"},
						{"state":"q.health != 38"}
					],
					"on_entry":[
						"/scoreboard players set @s hp 38"
					]
				},
				"39": {
					"transitions": [
						{"dead":"!q.is_alive"},
						{"hurt":"q.health < 39"},
						{"state":"q.health != 39"}
					],
					"on_entry":[
						"/scoreboard players set @s hp 39"
					]
				},
				"40": {
					"transitions": [
						{"dead":"!q.is_alive"},
						{"hurt":"q.health < 40"},
						{"state":"q.health != 40"}
					],
					"on_entry":[
						"/scoreboard players set @s hp 40"
					]
				},
				"41": {
					"transitions": [
						{"dead":"!q.is_alive"},
						{"hurt":"q.health < 41"},
						{"state":"q.health != 41"}
					],
					"on_entry":[
						"/scoreboard players set @s hp 41"
					]
				},
				"42": {
					"transitions": [
						{"dead":"!q.is_alive"},
						{"hurt":"q.health < 42"},
						{"state":"q.health != 42"}
					],
					"on_entry":[
						"/scoreboard players set @s hp 42"
					]
				},
				"43": {
					"transitions": [
						{"dead":"!q.is_alive"},
						{"hurt":"q.health < 43"},
						{"state":"q.health != 43"}
					],
					"on_entry":[
						"/scoreboard players set @s hp 43"
					]
				},
				"44": {
					"transitions": [
						{"dead":"!q.is_alive"},
						{"hurt":"q.health < 44"},
						{"state":"q.health != 44"}
					],
					"on_entry":[
						"/scoreboard players set @s hp 44"
					]
				},
				"45": {
					"transitions": [
						{"dead":"!q.is_alive"},
						{"hurt":"q.health < 45"},
						{"state":"q.health != 45"}
					],
					"on_entry":[
						"/scoreboard players set @s hp 45"
					]
				},
				"46": {
					"transitions": [
						{"dead":"!q.is_alive"},
						{"hurt":"q.health < 46"},
						{"state":"q.health != 46"}
					],
					"on_entry":[
						"/scoreboard players set @s hp 46"
					]
				},
				"47": {
					"transitions": [
						{"dead":"!q.is_alive"},
						{"hurt":"q.health < 47"},
						{"state":"q.health != 47"}
					],
					"on_entry":[
						"/scoreboard players set @s hp 47"
					]
				},
				"48": {
					"transitions": [
						{"dead":"!q.is_alive"},
						{"hurt":"q.health < 48"},
						{"state":"q.health != 48"}
					],
					"on_entry":[
						"/scoreboard players set @s hp 48"
					]
				},
				"49": {
					"transitions": [
						{"dead":"!q.is_alive"},
						{"hurt":"q.health < 49"},
						{"state":"q.health != 49"}
					],
					"on_entry":[
						"/scoreboard players set @s hp 49"
					]
				},
				"50": {
					"transitions": [
						{"dead":"!q.is_alive"},
						{"hurt":"q.health < 50"},
						{"state":"q.health != 50"}
					],
					"on_entry":[
						"/scoreboard players set @s hp 50"
					]
				},
				"51": {
					"transitions": [
						{"dead":"!q.is_alive"},
						{"hurt":"q.health < 51"},
						{"state":"q.health != 51"}
					],
					"on_entry":[
						"/scoreboard players set @s hp 51"
					]
				},
				"52": {
					"transitions": [
						{"dead":"!q.is_alive"},
						{"hurt":"q.health < 52"},
						{"state":"q.health != 52"}
					],
					"on_entry":[
						"/scoreboard players set @s hp 52"
					]
				},
				"53": {
					"transitions": [
						{"dead":"!q.is_alive"},
						{"hurt":"q.health < 53"},
						{"state":"q.health != 53"}
					],
					"on_entry":[
						"/scoreboard players set @s hp 53"
					]
				},
				"54": {
					"transitions": [
						{"dead":"!q.is_alive"},
						{"hurt":"q.health < 54"},
						{"state":"q.health != 54"}
					],
					"on_entry":[
						"/scoreboard players set @s hp 54"
					]
				},
				"55": {
					"transitions": [
						{"dead":"!q.is_alive"},
						{"hurt":"q.health < 55"},
						{"state":"q.health != 55"}
					],
					"on_entry":[
						"/scoreboard players set @s hp 55"
					]
				},
				"56": {
					"transitions": [
						{"dead":"!q.is_alive"},
						{"hurt":"q.health < 56"},
						{"state":"q.health != 56"}
					],
					"on_entry":[
						"/scoreboard players set @s hp 56"
					]
				},
				"57": {
					"transitions": [
						{"dead":"!q.is_alive"},
						{"hurt":"q.health < 57"},
						{"state":"q.health != 57"}
					],
					"on_entry":[
						"/scoreboard players set @s hp 57"
					]
				},
				"58": {
					"transitions": [
						{"dead":"!q.is_alive"},
						{"hurt":"q.health < 58"},
						{"state":"q.health != 58"}
					],
					"on_entry":[
						"/scoreboard players set @s hp 58"
					]
				},
				"59": {
					"transitions": [
						{"dead":"!q.is_alive"},
						{"hurt":"q.health < 59"},
						{"state":"q.health != 59"}
					],
					"on_entry":[
						"/scoreboard players set @s hp 59"
					]
				},
				"60": {
					"transitions": [
						{"dead":"!q.is_alive"},
						{"hurt":"q.health < 60"},
						{"state":"q.health != 60"}
					],
					"on_entry":[
						"/scoreboard players set @s hp 60"
					]
				},
				"61": {
					"transitions": [
						{"dead":"!q.is_alive"},
						{"hurt":"q.health < 61"},
						{"state":"q.health != 61"}
					],
					"on_entry":[
						"/scoreboard players set @s hp 61"
					]
				},
				"62": {
					"transitions": [
						{"dead":"!q.is_alive"},
						{"hurt":"q.health < 62"},
						{"state":"q.health != 62"}
					],
					"on_entry":[
						"/scoreboard players set @s hp 62"
					]
				},
				"63": {
					"transitions": [
						{"dead":"!q.is_alive"},
						{"hurt":"q.health < 63"},
						{"state":"q.health != 63"}
					],
					"on_entry":[
						"/scoreboard players set @s hp 63"
					]
				},
				"64": {
					"transitions": [
						{"dead":"!q.is_alive"},
						{"hurt":"q.health < 64"},
						{"state":"q.health != 64"}
					],
					"on_entry":[
						"/scoreboard players set @s hp 64"
					]
				},
				"65": {
					"transitions": [
						{"dead":"!q.is_alive"},
						{"hurt":"q.health < 65"},
						{"state":"q.health != 65"}
					],
					"on_entry":[
						"/scoreboard players set @s hp 65"
					]
				},
				"66": {
					"transitions": [
						{"dead":"!q.is_alive"},
						{"hurt":"q.health < 66"},
						{"state":"q.health != 66"}
					],
					"on_entry":[
						"/scoreboard players set @s hp 66"
					]
				},
				"67": {
					"transitions": [
						{"dead":"!q.is_alive"},
						{"hurt":"q.health < 67"},
						{"state":"q.health != 67"}
					],
					"on_entry":[
						"/scoreboard players set @s hp 67"
					]
				},
				"68": {
					"transitions": [
						{"dead":"!q.is_alive"},
						{"hurt":"q.health < 68"},
						{"state":"q.health != 68"}
					],
					"on_entry":[
						"/scoreboard players set @s hp 68"
					]
				},
				"69": {
					"transitions": [
						{"dead":"!q.is_alive"},
						{"hurt":"q.health < 69"},
						{"state":"q.health != 69"}
					],
					"on_entry":[
						"/scoreboard players set @s hp 69"
					]
				},
				"70": {
					"transitions": [
						{"dead":"!q.is_alive"},
						{"hurt":"q.health < 70"},
						{"state":"q.health != 70"}
					],
					"on_entry":[
						"/scoreboard players set @s hp 70"
					]
				},
				"71": {
					"transitions": [
						{"dead":"!q.is_alive"},
						{"hurt":"q.health < 71"},
						{"state":"q.health != 71"}
					],
					"on_entry":[
						"/scoreboard players set @s hp 71"
					]
				},
				"72": {
					"transitions": [
						{"dead":"!q.is_alive"},
						{"hurt":"q.health < 72"},
						{"state":"q.health != 72"}
					],
					"on_entry":[
						"/scoreboard players set @s hp 72"
					]
				},
				"73": {
					"transitions": [
						{"dead":"!q.is_alive"},
						{"hurt":"q.health < 73"},
						{"state":"q.health != 73"}
					],
					"on_entry":[
						"/scoreboard players set @s hp 73"
					]
				},
				"74": {
					"transitions": [
						{"dead":"!q.is_alive"},
						{"hurt":"q.health < 74"},
						{"state":"q.health != 74"}
					],
					"on_entry":[
						"/scoreboard players set @s hp 74"
					]
				},
				"75": {
					"transitions": [
						{"dead":"!q.is_alive"},
						{"hurt":"q.health < 75"},
						{"state":"q.health != 75"}
					],
					"on_entry":[
						"/scoreboard players set @s hp 75"
					]
				},
				"76": {
					"transitions": [
						{"dead":"!q.is_alive"},
						{"hurt":"q.health < 76"},
						{"state":"q.health != 76"}
					],
					"on_entry":[
						"/scoreboard players set @s hp 76"
					]
				},
				"77": {
					"transitions": [
						{"dead":"!q.is_alive"},
						{"hurt":"q.health < 77"},
						{"state":"q.health != 77"}
					],
					"on_entry":[
						"/scoreboard players set @s hp 77"
					]
				},
				"78": {
					"transitions": [
						{"dead":"!q.is_alive"},
						{"hurt":"q.health < 78"},
						{"state":"q.health != 78"}
					],
					"on_entry":[
						"/scoreboard players set @s hp 78"
					]
				},
				"79": {
					"transitions": [
						{"dead":"!q.is_alive"},
						{"hurt":"q.health < 79"},
						{"state":"q.health != 79"}
					],
					"on_entry":[
						"/scoreboard players set @s hp 79"
					]
				},
				"80": {
					"transitions": [
						{"dead":"!q.is_alive"},
						{"hurt":"q.health < 80"},
						{"state":"q.health != 80"}
					],
					"on_entry":[
						"/scoreboard players set @s hp 80"
					]
				},
				"81": {
					"transitions": [
						{"dead":"!q.is_alive"},
						{"hurt":"q.health < 81"},
						{"state":"q.health != 81"}
					],
					"on_entry":[
						"/scoreboard players set @s hp 81"
					]
				},
				"82": {
					"transitions": [
						{"dead":"!q.is_alive"},
						{"hurt":"q.health < 82"},
						{"state":"q.health != 82"}
					],
					"on_entry":[
						"/scoreboard players set @s hp 82"
					]
				},
				"83": {
					"transitions": [
						{"dead":"!q.is_alive"},
						{"hurt":"q.health < 83"},
						{"state":"q.health != 83"}
					],
					"on_entry":[
						"/scoreboard players set @s hp 83"
					]
				},
				"84": {
					"transitions": [
						{"dead":"!q.is_alive"},
						{"hurt":"q.health < 84"},
						{"state":"q.health != 84"}
					],
					"on_entry":[
						"/scoreboard players set @s hp 84"
					]
				},
				"85": {
					"transitions": [
						{"dead":"!q.is_alive"},
						{"hurt":"q.health < 85"},
						{"state":"q.health != 85"}
					],
					"on_entry":[
						"/scoreboard players set @s hp 85"
					]
				},
				"86": {
					"transitions": [
						{"dead":"!q.is_alive"},
						{"hurt":"q.health < 86"},
						{"state":"q.health != 86"}
					],
					"on_entry":[
						"/scoreboard players set @s hp 86"
					]
				},
				"87": {
					"transitions": [
						{"dead":"!q.is_alive"},
						{"hurt":"q.health < 87"},
						{"state":"q.health != 87"}
					],
					"on_entry":[
						"/scoreboard players set @s hp 87"
					]
				},
				"88": {
					"transitions": [
						{"dead":"!q.is_alive"},
						{"hurt":"q.health < 88"},
						{"state":"q.health != 88"}
					],
					"on_entry":[
						"/scoreboard players set @s hp 88"
					]
				},
				"89": {
					"transitions": [
						{"dead":"!q.is_alive"},
						{"hurt":"q.health < 89"},
						{"state":"q.health != 89"}
					],
					"on_entry":[
						"/scoreboard players set @s hp 89"
					]
				},
				"90": {
					"transitions": [
						{"dead":"!q.is_alive"},
						{"hurt":"q.health < 90"},
						{"state":"q.health != 90"}
					],
					"on_entry":[
						"/scoreboard players set @s hp 90"
					]
				},
				"91": {
					"transitions": [
						{"dead":"!q.is_alive"},
						{"hurt":"q.health < 91"},
						{"state":"q.health != 91"}
					],
					"on_entry":[
						"/scoreboard players set @s hp 91"
					]
				},
				"92": {
					"transitions": [
						{"dead":"!q.is_alive"},
						{"hurt":"q.health < 92"},
						{"state":"q.health != 92"}
					],
					"on_entry":[
						"/scoreboard players set @s hp 92"
					]
				},
				"93": {
					"transitions": [
						{"dead":"!q.is_alive"},
						{"hurt":"q.health < 93"},
						{"state":"q.health != 93"}
					],
					"on_entry":[
						"/scoreboard players set @s hp 93"
					]
				},
				"94": {
					"transitions": [
						{"dead":"!q.is_alive"},
						{"hurt":"q.health < 94"},
						{"state":"q.health != 94"}
					],
					"on_entry":[
						"/scoreboard players set @s hp 94"
					]
				},
				"95": {
					"transitions": [
						{"dead":"!q.is_alive"},
						{"hurt":"q.health < 95"},
						{"state":"q.health != 95"}
					],
					"on_entry":[
						"/scoreboard players set @s hp 95"
					]
				},
				"96": {
					"transitions": [
						{"dead":"!q.is_alive"},
						{"hurt":"q.health < 96"},
						{"state":"q.health != 96"}
					],
					"on_entry":[
						"/scoreboard players set @s hp 96"
					]
				},
				"97": {
					"transitions": [
						{"dead":"!q.is_alive"},
						{"hurt":"q.health < 97"},
						{"state":"q.health != 97"}
					],
					"on_entry":[
						"/scoreboard players set @s hp 97"
					]
				},
				"98": {
					"transitions": [
						{"dead":"!q.is_alive"},
						{"hurt":"q.health < 98"},
						{"state":"q.health != 98"}
					],
					"on_entry":[
						"/scoreboard players set @s hp 98"
					]
				},
				"99": {
					"transitions": [
						{"dead":"!q.is_alive"},
						{"hurt":"q.health < 99"},
						{"state":"q.health != 99"}
					],
					"on_entry":[
						"/scoreboard players set @s hp 99"
					]
				},
				"100": {
					"transitions": [
						{"dead":"!q.is_alive"},
						{"hurt":"q.health < 100"},
						{"state":"q.health != 100"}
					],
					"on_entry":[
						"/scoreboard players set @s hp 100"
					]
				},
				"101": {
					"transitions": [
						{"dead":"!q.is_alive"},
						{"hurt":"q.health < 101"},
						{"state":"q.health != 101"}
					],
					"on_entry":[
						"/scoreboard players set @s hp 101"
					]
				},
				"102": {
					"transitions": [
						{"dead":"!q.is_alive"},
						{"hurt":"q.health < 102"},
						{"state":"q.health != 102"}
					],
					"on_entry":[
						"/scoreboard players set @s hp 102"
					]
				},
				"103": {
					"transitions": [
						{"dead":"!q.is_alive"},
						{"hurt":"q.health < 103"},
						{"state":"q.health != 103"}
					],
					"on_entry":[
						"/scoreboard players set @s hp 103"
					]
				},
				"104": {
					"transitions": [
						{"dead":"!q.is_alive"},
						{"hurt":"q.health < 104"},
						{"state":"q.health != 104"}
					],
					"on_entry":[
						"/scoreboard players set @s hp 104"
					]
				},
				"105": {
					"transitions": [
						{"dead":"!q.is_alive"},
						{"hurt":"q.health < 105"},
						{"state":"q.health != 105"}
					],
					"on_entry":[
						"/scoreboard players set @s hp 105"
					]
				},
				"106": {
					"transitions": [
						{"dead":"!q.is_alive"},
						{"hurt":"q.health < 106"},
						{"state":"q.health != 106"}
					],
					"on_entry":[
						"/scoreboard players set @s hp 106"
					]
				},
				"107": {
					"transitions": [
						{"dead":"!q.is_alive"},
						{"hurt":"q.health < 107"},
						{"state":"q.health != 107"}
					],
					"on_entry":[
						"/scoreboard players set @s hp 107"
					]
				},
				"108": {
					"transitions": [
						{"dead":"!q.is_alive"},
						{"hurt":"q.health < 108"},
						{"state":"q.health != 108"}
					],
					"on_entry":[
						"/scoreboard players set @s hp 108"
					]
				},
				"109": {
					"transitions": [
						{"dead":"!q.is_alive"},
						{"hurt":"q.health < 109"},
						{"state":"q.health != 109"}
					],
					"on_entry":[
						"/scoreboard players set @s hp 109"
					]
				},
				"110": {
					"transitions": [
						{"dead":"!q.is_alive"},
						{"hurt":"q.health < 110"},
						{"state":"q.health != 110"}
					],
					"on_entry":[
						"/scoreboard players set @s hp 110"
					]
				},
				"111": {
					"transitions": [
						{"dead":"!q.is_alive"},
						{"hurt":"q.health < 111"},
						{"state":"q.health != 111"}
					],
					"on_entry":[
						"/scoreboard players set @s hp 111"
					]
				},
				"112": {
					"transitions": [
						{"dead":"!q.is_alive"},
						{"hurt":"q.health < 112"},
						{"state":"q.health != 112"}
					],
					"on_entry":[
						"/scoreboard players set @s hp 112"
					]
				},
				"113": {
					"transitions": [
						{"dead":"!q.is_alive"},
						{"hurt":"q.health < 113"},
						{"state":"q.health != 113"}
					],
					"on_entry":[
						"/scoreboard players set @s hp 113"
					]
				},
				"114": {
					"transitions": [
						{"dead":"!q.is_alive"},
						{"hurt":"q.health < 114"},
						{"state":"q.health != 114"}
					],
					"on_entry":[
						"/scoreboard players set @s hp 114"
					]
				},
				"115": {
					"transitions": [
						{"dead":"!q.is_alive"},
						{"hurt":"q.health < 115"},
						{"state":"q.health != 115"}
					],
					"on_entry":[
						"/scoreboard players set @s hp 115"
					]
				},
				"116": {
					"transitions": [
						{"dead":"!q.is_alive"},
						{"hurt":"q.health < 116"},
						{"state":"q.health != 116"}
					],
					"on_entry":[
						"/scoreboard players set @s hp 116"
					]
				},
				"117": {
					"transitions": [
						{"dead":"!q.is_alive"},
						{"hurt":"q.health < 117"},
						{"state":"q.health != 117"}
					],
					"on_entry":[
						"/scoreboard players set @s hp 117"
					]
				},
				"118": {
					"transitions": [
						{"dead":"!q.is_alive"},
						{"hurt":"q.health < 118"},
						{"state":"q.health != 118"}
					],
					"on_entry":[
						"/scoreboard players set @s hp 118"
					]
				},
				"119": {
					"transitions": [
						{"dead":"!q.is_alive"},
						{"hurt":"q.health < 119"},
						{"state":"q.health != 119"}
					],
					"on_entry":[
						"/scoreboard players set @s hp 119"
					]
				},
				"120": {
					"transitions": [
						{"dead":"!q.is_alive"},
						{"hurt":"q.health < 120"},
						{"state":"q.health != 120"}
					],
					"on_entry":[
						"/scoreboard players set @s hp 120"
					]
				},
				"121": {
					"transitions": [
						{"dead":"!q.is_alive"},
						{"hurt":"q.health < 121"},
						{"state":"q.health != 121"}
					],
					"on_entry":[
						"/scoreboard players set @s hp 121"
					]
				},
				"122": {
					"transitions": [
						{"dead":"!q.is_alive"},
						{"hurt":"q.health < 122"},
						{"state":"q.health != 122"}
					],
					"on_entry":[
						"/scoreboard players set @s hp 122"
					]
				},
				"123": {
					"transitions": [
						{"dead":"!q.is_alive"},
						{"hurt":"q.health < 123"},
						{"state":"q.health != 123"}
					],
					"on_entry":[
						"/scoreboard players set @s hp 123"
					]
				},
				"124": {
					"transitions": [
						{"dead":"!q.is_alive"},
						{"hurt":"q.health < 124"},
						{"state":"q.health != 124"}
					],
					"on_entry":[
						"/scoreboard players set @s hp 124"
					]
				},
				"125": {
					"transitions": [
						{"dead":"!q.is_alive"},
						{"hurt":"q.health < 125"},
						{"state":"q.health != 125"}
					],
					"on_entry":[
						"/scoreboard players set @s hp 125"
					]
				},
				"126": {
					"transitions": [
						{"dead":"!q.is_alive"},
						{"hurt":"q.health < 126"},
						{"state":"q.health != 126"}
					],
					"on_entry":[
						"/scoreboard players set @s hp 126"
					]
				},
				"127": {
					"transitions": [
						{"dead":"!q.is_alive"},
						{"hurt":"q.health < 127"},
						{"state":"q.health != 127"}
					],
					"on_entry":[
						"/scoreboard players set @s hp 127"
					]
				},
				"128": {
					"transitions": [
						{"dead":"!q.is_alive"},
						{"hurt":"q.health < 128"},
						{"state":"q.health != 128"}
					],
					"on_entry":[
						"/scoreboard players set @s hp 128"
					]
				},
				"129": {
					"transitions": [
						{"dead":"!q.is_alive"},
						{"hurt":"q.health < 129"},
						{"state":"q.health != 129"}
					],
					"on_entry":[
						"/scoreboard players set @s hp 129"
					]
				},
				"130": {
					"transitions": [
						{"dead":"!q.is_alive"},
						{"hurt":"q.health < 130"},
						{"state":"q.health != 130"}
					],
					"on_entry":[
						"/scoreboard players set @s hp 130"
					]
				},
				"131": {
					"transitions": [
						{"dead":"!q.is_alive"},
						{"hurt":"q.health < 131"},
						{"state":"q.health != 131"}
					],
					"on_entry":[
						"/scoreboard players set @s hp 131"
					]
				},
				"132": {
					"transitions": [
						{"dead":"!q.is_alive"},
						{"hurt":"q.health < 132"},
						{"state":"q.health != 132"}
					],
					"on_entry":[
						"/scoreboard players set @s hp 132"
					]
				},
				"133": {
					"transitions": [
						{"dead":"!q.is_alive"},
						{"hurt":"q.health < 133"},
						{"state":"q.health != 133"}
					],
					"on_entry":[
						"/scoreboard players set @s hp 133"
					]
				},
				"134": {
					"transitions": [
						{"dead":"!q.is_alive"},
						{"hurt":"q.health < 134"},
						{"state":"q.health != 134"}
					],
					"on_entry":[
						"/scoreboard players set @s hp 134"
					]
				},
				"135": {
					"transitions": [
						{"dead":"!q.is_alive"},
						{"hurt":"q.health < 135"},
						{"state":"q.health != 135"}
					],
					"on_entry":[
						"/scoreboard players set @s hp 135"
					]
				},
				"136": {
					"transitions": [
						{"dead":"!q.is_alive"},
						{"hurt":"q.health < 136"},
						{"state":"q.health != 136"}
					],
					"on_entry":[
						"/scoreboard players set @s hp 136"
					]
				},
				"137": {
					"transitions": [
						{"dead":"!q.is_alive"},
						{"hurt":"q.health < 137"},
						{"state":"q.health != 137"}
					],
					"on_entry":[
						"/scoreboard players set @s hp 137"
					]
				},
				"138": {
					"transitions": [
						{"dead":"!q.is_alive"},
						{"hurt":"q.health < 138"},
						{"state":"q.health != 138"}
					],
					"on_entry":[
						"/scoreboard players set @s hp 138"
					]
				},
				"139": {
					"transitions": [
						{"dead":"!q.is_alive"},
						{"hurt":"q.health < 139"},
						{"state":"q.health != 139"}
					],
					"on_entry":[
						"/scoreboard players set @s hp 139"
					]
				},
				"140": {
					"transitions": [
						{"dead":"!q.is_alive"},
						{"hurt":"q.health < 140"},
						{"state":"q.health != 140"}
					],
					"on_entry":[
						"/scoreboard players set @s hp 140"
					]
				},
				"141": {
					"transitions": [
						{"dead":"!q.is_alive"},
						{"hurt":"q.health < 141"},
						{"state":"q.health != 141"}
					],
					"on_entry":[
						"/scoreboard players set @s hp 141"
					]
				},
				"142": {
					"transitions": [
						{"dead":"!q.is_alive"},
						{"hurt":"q.health < 142"},
						{"state":"q.health != 142"}
					],
					"on_entry":[
						"/scoreboard players set @s hp 142"
					]
				},
				"143": {
					"transitions": [
						{"dead":"!q.is_alive"},
						{"hurt":"q.health < 143"},
						{"state":"q.health != 143"}
					],
					"on_entry":[
						"/scoreboard players set @s hp 143"
					]
				},
				"144": {
					"transitions": [
						{"dead":"!q.is_alive"},
						{"hurt":"q.health < 144"},
						{"state":"q.health != 144"}
					],
					"on_entry":[
						"/scoreboard players set @s hp 144"
					]
				},
				"145": {
					"transitions": [
						{"dead":"!q.is_alive"},
						{"hurt":"q.health < 145"},
						{"state":"q.health != 145"}
					],
					"on_entry":[
						"/scoreboard players set @s hp 145"
					]
				},
				"146": {
					"transitions": [
						{"dead":"!q.is_alive"},
						{"hurt":"q.health < 146"},
						{"state":"q.health != 146"}
					],
					"on_entry":[
						"/scoreboard players set @s hp 146"
					]
				},
				"147": {
					"transitions": [
						{"dead":"!q.is_alive"},
						{"hurt":"q.health < 147"},
						{"state":"q.health != 147"}
					],
					"on_entry":[
						"/scoreboard players set @s hp 147"
					]
				},
				"148": {
					"transitions": [
						{"dead":"!q.is_alive"},
						{"hurt":"q.health < 148"},
						{"state":"q.health != 148"}
					],
					"on_entry":[
						"/scoreboard players set @s hp 148"
					]
				},
				"149": {
					"transitions": [
						{"dead":"!q.is_alive"},
						{"hurt":"q.health < 149"},
						{"state":"q.health != 149"}
					],
					"on_entry":[
						"/scoreboard players set @s hp 149"
					]
				},
				"150": {
					"transitions": [
						{"dead":"!q.is_alive"},
						{"hurt":"q.health < 150"},
						{"state":"q.health != 150"}
					],
					"on_entry":[
						"/scoreboard players set @s hp 150"
					]
				},
				"151": {
					"transitions": [
						{"dead":"!q.is_alive"},
						{"hurt":"q.health < 151"},
						{"state":"q.health != 151"}
					],
					"on_entry":[
						"/scoreboard players set @s hp 151"
					]
				},
				"152": {
					"transitions": [
						{"dead":"!q.is_alive"},
						{"hurt":"q.health < 152"},
						{"state":"q.health != 152"}
					],
					"on_entry":[
						"/scoreboard players set @s hp 152"
					]
				},
				"153": {
					"transitions": [
						{"dead":"!q.is_alive"},
						{"hurt":"q.health < 153"},
						{"state":"q.health != 153"}
					],
					"on_entry":[
						"/scoreboard players set @s hp 153"
					]
				},
				"154": {
					"transitions": [
						{"dead":"!q.is_alive"},
						{"hurt":"q.health < 154"},
						{"state":"q.health != 154"}
					],
					"on_entry":[
						"/scoreboard players set @s hp 154"
					]
				},
				"155": {
					"transitions": [
						{"dead":"!q.is_alive"},
						{"hurt":"q.health < 155"},
						{"state":"q.health != 155"}
					],
					"on_entry":[
						"/scoreboard players set @s hp 155"
					]
				},
				"156": {
					"transitions": [
						{"dead":"!q.is_alive"},
						{"hurt":"q.health < 156"},
						{"state":"q.health != 156"}
					],
					"on_entry":[
						"/scoreboard players set @s hp 156"
					]
				},
				"157": {
					"transitions": [
						{"dead":"!q.is_alive"},
						{"hurt":"q.health < 157"},
						{"state":"q.health != 157"}
					],
					"on_entry":[
						"/scoreboard players set @s hp 157"
					]
				},
				"158": {
					"transitions": [
						{"dead":"!q.is_alive"},
						{"hurt":"q.health < 158"},
						{"state":"q.health != 158"}
					],
					"on_entry":[
						"/scoreboard players set @s hp 158"
					]
				},
				"159": {
					"transitions": [
						{"dead":"!q.is_alive"},
						{"hurt":"q.health < 159"},
						{"state":"q.health != 159"}
					],
					"on_entry":[
						"/scoreboard players set @s hp 159"
					]
				},
				"160": {
					"transitions": [
						{"dead":"!q.is_alive"},
						{"hurt":"q.health < 160"},
						{"state":"q.health != 160"}
					],
					"on_entry":[
						"/scoreboard players set @s hp 160"
					]
				},
				"161": {
					"transitions": [
						{"dead":"!q.is_alive"},
						{"hurt":"q.health < 161"},
						{"state":"q.health != 161"}
					],
					"on_entry":[
						"/scoreboard players set @s hp 161"
					]
				},
				"162": {
					"transitions": [
						{"dead":"!q.is_alive"},
						{"hurt":"q.health < 162"},
						{"state":"q.health != 162"}
					],
					"on_entry":[
						"/scoreboard players set @s hp 162"
					]
				},
				"163": {
					"transitions": [
						{"dead":"!q.is_alive"},
						{"hurt":"q.health < 163"},
						{"state":"q.health != 163"}
					],
					"on_entry":[
						"/scoreboard players set @s hp 163"
					]
				},
				"164": {
					"transitions": [
						{"dead":"!q.is_alive"},
						{"hurt":"q.health < 164"},
						{"state":"q.health != 164"}
					],
					"on_entry":[
						"/scoreboard players set @s hp 164"
					]
				},
				"165": {
					"transitions": [
						{"dead":"!q.is_alive"},
						{"hurt":"q.health < 165"},
						{"state":"q.health != 165"}
					],
					"on_entry":[
						"/scoreboard players set @s hp 165"
					]
				},
				"166": {
					"transitions": [
						{"dead":"!q.is_alive"},
						{"hurt":"q.health < 166"},
						{"state":"q.health != 166"}
					],
					"on_entry":[
						"/scoreboard players set @s hp 166"
					]
				},
				"167": {
					"transitions": [
						{"dead":"!q.is_alive"},
						{"hurt":"q.health < 167"},
						{"state":"q.health != 167"}
					],
					"on_entry":[
						"/scoreboard players set @s hp 167"
					]
				},
				"168": {
					"transitions": [
						{"dead":"!q.is_alive"},
						{"hurt":"q.health < 168"},
						{"state":"q.health != 168"}
					],
					"on_entry":[
						"/scoreboard players set @s hp 168"
					]
				},
				"169": {
					"transitions": [
						{"dead":"!q.is_alive"},
						{"hurt":"q.health < 169"},
						{"state":"q.health != 169"}
					],
					"on_entry":[
						"/scoreboard players set @s hp 169"
					]
				},
				"170": {
					"transitions": [
						{"dead":"!q.is_alive"},
						{"hurt":"q.health < 170"},
						{"state":"q.health != 170"}
					],
					"on_entry":[
						"/scoreboard players set @s hp 170"
					]
				},
				"171": {
					"transitions": [
						{"dead":"!q.is_alive"},
						{"hurt":"q.health < 171"},
						{"state":"q.health != 171"}
					],
					"on_entry":[
						"/scoreboard players set @s hp 171"
					]
				},
				"172": {
					"transitions": [
						{"dead":"!q.is_alive"},
						{"hurt":"q.health < 172"},
						{"state":"q.health != 172"}
					],
					"on_entry":[
						"/scoreboard players set @s hp 172"
					]
				},
				"173": {
					"transitions": [
						{"dead":"!q.is_alive"},
						{"hurt":"q.health < 173"},
						{"state":"q.health != 173"}
					],
					"on_entry":[
						"/scoreboard players set @s hp 173"
					]
				},
				"174": {
					"transitions": [
						{"dead":"!q.is_alive"},
						{"hurt":"q.health < 174"},
						{"state":"q.health != 174"}
					],
					"on_entry":[
						"/scoreboard players set @s hp 174"
					]
				},
				"175": {
					"transitions": [
						{"dead":"!q.is_alive"},
						{"hurt":"q.health < 175"},
						{"state":"q.health != 175"}
					],
					"on_entry":[
						"/scoreboard players set @s hp 175"
					]
				},
				"176": {
					"transitions": [
						{"dead":"!q.is_alive"},
						{"hurt":"q.health < 176"},
						{"state":"q.health != 176"}
					],
					"on_entry":[
						"/scoreboard players set @s hp 176"
					]
				},
				"177": {
					"transitions": [
						{"dead":"!q.is_alive"},
						{"hurt":"q.health < 177"},
						{"state":"q.health != 177"}
					],
					"on_entry":[
						"/scoreboard players set @s hp 177"
					]
				},
				"178": {
					"transitions": [
						{"dead":"!q.is_alive"},
						{"hurt":"q.health < 178"},
						{"state":"q.health != 178"}
					],
					"on_entry":[
						"/scoreboard players set @s hp 178"
					]
				},
				"179": {
					"transitions": [
						{"dead":"!q.is_alive"},
						{"hurt":"q.health < 179"},
						{"state":"q.health != 179"}
					],
					"on_entry":[
						"/scoreboard players set @s hp 179"
					]
				},
				"180": {
					"transitions": [
						{"dead":"!q.is_alive"},
						{"hurt":"q.health < 180"},
						{"state":"q.health != 180"}
					],
					"on_entry":[
						"/scoreboard players set @s hp 180"
					]
				},
				"181": {
					"transitions": [
						{"dead":"!q.is_alive"},
						{"hurt":"q.health < 181"},
						{"state":"q.health != 181"}
					],
					"on_entry":[
						"/scoreboard players set @s hp 181"
					]
				},
				"182": {
					"transitions": [
						{"dead":"!q.is_alive"},
						{"hurt":"q.health < 182"},
						{"state":"q.health != 182"}
					],
					"on_entry":[
						"/scoreboard players set @s hp 182"
					]
				},
				"183": {
					"transitions": [
						{"dead":"!q.is_alive"},
						{"hurt":"q.health < 183"},
						{"state":"q.health != 183"}
					],
					"on_entry":[
						"/scoreboard players set @s hp 183"
					]
				},
				"184": {
					"transitions": [
						{"dead":"!q.is_alive"},
						{"hurt":"q.health < 184"},
						{"state":"q.health != 184"}
					],
					"on_entry":[
						"/scoreboard players set @s hp 184"
					]
				},
				"185": {
					"transitions": [
						{"dead":"!q.is_alive"},
						{"hurt":"q.health < 185"},
						{"state":"q.health != 185"}
					],
					"on_entry":[
						"/scoreboard players set @s hp 185"
					]
				},
				"186": {
					"transitions": [
						{"dead":"!q.is_alive"},
						{"hurt":"q.health < 186"},
						{"state":"q.health != 186"}
					],
					"on_entry":[
						"/scoreboard players set @s hp 186"
					]
				},
				"187": {
					"transitions": [
						{"dead":"!q.is_alive"},
						{"hurt":"q.health < 187"},
						{"state":"q.health != 187"}
					],
					"on_entry":[
						"/scoreboard players set @s hp 187"
					]
				},
				"188": {
					"transitions": [
						{"dead":"!q.is_alive"},
						{"hurt":"q.health < 188"},
						{"state":"q.health != 188"}
					],
					"on_entry":[
						"/scoreboard players set @s hp 188"
					]
				},
				"189": {
					"transitions": [
						{"dead":"!q.is_alive"},
						{"hurt":"q.health < 189"},
						{"state":"q.health != 189"}
					],
					"on_entry":[
						"/scoreboard players set @s hp 189"
					]
				},
				"190": {
					"transitions": [
						{"dead":"!q.is_alive"},
						{"hurt":"q.health < 190"},
						{"state":"q.health != 190"}
					],
					"on_entry":[
						"/scoreboard players set @s hp 190"
					]
				},
				"191": {
					"transitions": [
						{"dead":"!q.is_alive"},
						{"hurt":"q.health < 191"},
						{"state":"q.health != 191"}
					],
					"on_entry":[
						"/scoreboard players set @s hp 191"
					]
				},
				"192": {
					"transitions": [
						{"dead":"!q.is_alive"},
						{"hurt":"q.health < 192"},
						{"state":"q.health != 192"}
					],
					"on_entry":[
						"/scoreboard players set @s hp 192"
					]
				},
				"193": {
					"transitions": [
						{"dead":"!q.is_alive"},
						{"hurt":"q.health < 193"},
						{"state":"q.health != 193"}
					],
					"on_entry":[
						"/scoreboard players set @s hp 193"
					]
				},
				"194": {
					"transitions": [
						{"dead":"!q.is_alive"},
						{"hurt":"q.health < 194"},
						{"state":"q.health != 194"}
					],
					"on_entry":[
						"/scoreboard players set @s hp 194"
					]
				},
				"195": {
					"transitions": [
						{"dead":"!q.is_alive"},
						{"hurt":"q.health < 195"},
						{"state":"q.health != 195"}
					],
					"on_entry":[
						"/scoreboard players set @s hp 195"
					]
				},
				"196": {
					"transitions": [
						{"dead":"!q.is_alive"},
						{"hurt":"q.health < 196"},
						{"state":"q.health != 196"}
					],
					"on_entry":[
						"/scoreboard players set @s hp 196"
					]
				},
				"197": {
					"transitions": [
						{"dead":"!q.is_alive"},
						{"hurt":"q.health < 197"},
						{"state":"q.health != 197"}
					],
					"on_entry":[
						"/scoreboard players set @s hp 197"
					]
				},
				"198": {
					"transitions": [
						{"dead":"!q.is_alive"},
						{"hurt":"q.health < 198"},
						{"state":"q.health != 198"}
					],
					"on_entry":[
						"/scoreboard players set @s hp 198"
					]
				},
				"199": {
					"transitions": [
						{"dead":"!q.is_alive"},
						{"hurt":"q.health < 199"},
						{"state":"q.health != 199"}
					],
					"on_entry":[
						"/scoreboard players set @s hp 199"
					]
				},
				"200": {
					"transitions": [
						{"dead":"!q.is_alive"},
						{"hurt":"q.health < 200"},
						{"state":"q.health != 200"}
					],
					"on_entry":[
						"/scoreboard players set @s hp 200"
					]
				},
				"201": {
					"transitions": [
						{"state":"q.health < 201"}
					],
					"on_entry":[
						"/scoreboard players set @s hp -1"
					]
				},
				"hurt":{
					"transitions":[
						{"soap_bubbles":"q.equipped_item_all_tags('slot.weapon.offhand','op_asa:soap_bubbles') == 1.0"},
						{"impact_dial":"q.get_equipped_item_name('off_hand') == 'impact_dial'"},
						{"reject_dial":"q.get_equipped_item_name('off_hand') == 'reject_dial'"},
						{"state":"1.0"}
					]
				},
				"impact_dial":{
					"transitions":[
						{"state":"1.0"}
					],
					"on_entry":[
						"/function dial/impact_dc"
					]
				},
				"reject_dial":{
					"transitions":[
						{"state":"1.0"}
					],
					"on_entry":[
						"/function dial/reject_dc"
					]
				},
				"soap_bubbles":{
					"transitions":[
						{"state":"1.0"}
					],
					"on_entry":[
						"/function soap_bubbles"
					]
				},
				"dead":{
					"transitions":[
						{"state":"1.0"}
					],
					"on_entry":[
						"/function dead"
					]
				}
			}
		}
	}
}