{
  "format_version":"1.16.100",
  "animation_controllers":{
    "controller.animation.level":{
      "states":{
        "default":{
          "transitions":[
            {"lv0":"q.player_level < 10"},
            {"lv10":"q.player_level >= 10 && q.player_level < 20"},
            {"lv20":"q.player_level >= 20 && q.player_level < 30"},
            {"lv30":"q.player_level >= 30 && q.player_level < 40"},
            {"lv40":"q.player_level >= 40 && q.player_level < 50"},
            {"lv50":"q.player_level >= 50"}
          ],
          "on_entry":[
            "/function akasi/promotion"
          ]
        },
        "lv0":{
          "transitions":[
            {"default":"q.player_level >= 10"}
          ]
        },
        "lv10":{
          "transitions":[
            {"default":"q.player_level < 10 || q.player_level >= 20"}
          ]
        },
        "lv20":{
          "transitions":[
            {"default":"q.player_level < 20 || q.player_level >= 30"}
          ]
        },
        "lv30":{
          "transitions":[
            {"default":"q.player_level < 30 || q.player_level >= 40"}
          ]
        },
        "lv40":{
          "transitions":[
            {"default":"q.player_level < 40 || q.player_level >= 50"}
          ]
        },
        "lv50":{
          "transitions":[
            {"default":"q.player_level < 50"}
          ]
        }
      } 
    }
  }
}