{
  "format_version":"1.16.100",
  "animation_controllers":{
    "controller.animation.loop":{
      "states":{
        "default":{
          "transitions":[
            {"inwater":"q.is_in_water && !q.is_riding && q.equipped_item_all_tags('slot.weapon.offhand','op_asa:soap_bubbles') == 0.0"},
            {"inwater_soapbubbles":"q.is_in_water && q.equipped_item_all_tags('slot.weapon.offhand','op_asa:soap_bubbles') == 1.0"},
            {"onground":"!q.is_in_water || (q.is_in_water && q.is_riding)"}
          ]
        },
        // 水中
        "inwater":{
          "transitions":[
            {"inwater_soapbubbles":"q.is_in_water && q.equipped_item_all_tags('slot.weapon.offhand','op_asa:soap_bubbles') == 1.0"},
            {"onground":"!q.is_in_water || (q.is_in_water && q.is_riding)"}
          ],
          "on_entry":[
            "/effect @s[tag=devil] slowness 100000 10 true",
            "/effect @s[tag=devil] weakness 100000 10 true",
            "/effect @s[tag=devil] mining_fatigue 100000 10 true",
            "/effect @s[tag=devil] nausea 100000 0 true"
          ],
          "animations":[
            "loop_inwater",
            {
              "loop_es":"q.scoreboard('es_count') != 0"
            }
          ]
        },
        // 地上
        "onground":{
          "transitions":[
            {"inwater":"q.is_in_water && !q.is_riding && q.equipped_item_all_tags('slot.weapon.offhand','op_asa:soap_bubbles') == 0.0"},
            {"inwater_soapbubbles":"q.is_in_water && q.equipped_item_all_tags('slot.weapon.offhand','op_asa:soap_bubbles') == 1.0"}
          ],
          "on_entry":[
            "/effect @s[tag=devil] slowness 0 11 true",
            "/effect @s[tag=devil] weakness 0 11 true",
            "/effect @s[tag=devil] mining_fatigue 0 11 true",
            "/effect @s[tag=devil] nausea 0 1 true"
          ],
          "animations":[
            "loop_onground",
            {
              "loop_es":"q.scoreboard('es_count') != 0"
            }
          ]
        },
        "inwater_soapbubbles":{
          "transitions":[
            {"inwater":"q.is_in_water && !q.is_riding && q.equipped_item_all_tags('slot.weapon.offhand','op_asa:soap_bubbles') == 0.0"},
            {"onground":"!q.is_in_water || (q.is_in_water && q.is_riding)"}
          ],
          "on_entry":[
            "/effect @s[tag=devil] slowness 0 11 true",
            "/effect @s[tag=devil] weakness 0 11 true",
            "/effect @s[tag=devil] mining_fatigue 0 11 true",
            "/effect @s[tag=devil] nausea 0 1 true"
          ],
          "animations":[
            "loop_inwater_soapbubbles",
            {
              "loop_es":"q.scoreboard('es_count') != 0"
            }
          ]
        }
      }
    }
  }
}