{
  "format_version":"1.16.100",
  "animation_controllers":{
    "controller.animation.main2":{
      "states":{
        "default":{
          "transitions":[
            {"kamusari":"q.get_equipped_item_name == 'roger_sword' && query.has_any_family('haki') == 1.0 && q.is_angry"},
            {"impact_dial_on_tag":"q.get_equipped_item_name == 'impact_dial_on' || q.get_equipped_item_name == 'impact_dial_used'"},
            {"reject_dial_on_tag":"q.get_equipped_item_name == 'reject_dial_on' || q.get_equipped_item_name == 'reject_dial_used'"}
          ]
        },
        "kamusari":{
          "transitions":[
            {"default":"q.get_equipped_item_name != 'roger_sword' || query.has_any_family('haki') == 0.0 || !q.is_angry"}
          ],
          "on_entry":[
            "/tag @s add kamusari"
          ],
          "on_exit":[
            "/tag @s remove kamusari"
          ]
        },
        "impact_dial_on_tag":{
          "transitions":[
            {"default":"q.get_equipped_item_name != 'impact_dial_on' && q.get_equipped_item_name != 'impact_dial_used'"}
          ],
          "on_entry":[
            "/tag @s add impact_dial_on"
          ],
          "on_exit":[
            "/tag @s remove impact_dial_on"
          ]
        },
        "reject_dial_on_tag":{
          "transitions":[
            {"default":"q.get_equipped_item_name != 'reject_dial_on' && q.get_equipped_item_name != 'reject_dial_used'"}
          ],
          "on_entry":[
            "/tag @s add reject_dial_on"
          ],
          "on_exit":[
            "/tag @s remove reject_dial_on"
          ]
        }
      }
    }
  }
}