{
  "format_version":"1.16.100",
  "animation_controllers":{
    "controller.animation.main":{
      "states":{
        "default":{
          "transitions":[
            // change forced
            {"kikoku":"q.variant != 2707 && (q.get_equipped_item_name == 'kikoku_injection' || q.get_equipped_item_name == 'kikoku_scan' || q.get_equipped_item_name == 'radio_knife')"},
            {"gurabito":"q.variant != 2706 && q.get_equipped_item_name == 'gurabito2'"},
            {"waraken":"q.variant != 2718 && q.get_equipped_item_name == 'warabideto'"},
            {"mochituki":"q.variant != 2719 && q.get_equipped_item_name == 'mochituki'"},
            // change akumanomi skill
            {"0":"q.variant != 2701 && q.equipped_item_all_tags('slot.weapon.mainhand','op_asa:hiehie') == 1.0"},
            {"0":"q.variant != 2702 && q.variant != 27021 && q.equipped_item_all_tags('slot.weapon.mainhand','op_asa:gorogoro') == 1.0"},
            {"0":"q.variant != 2703 && q.equipped_item_all_tags('slot.weapon.mainhand','op_asa:pikapika') == 1.0"},
            {"0":"q.variant != 2704 && q.equipped_item_all_tags('slot.weapon.mainhand','op_asa:sunasuna') == 1.0"},
            {"0":"q.variant != 2705 && q.variant != 2715 && q.equipped_item_all_tags('slot.weapon.mainhand','op_asa:guragura') == 1.0"},
            {"0":"q.variant != 2706 && q.equipped_item_all_tags('slot.weapon.mainhand','op_asa:zusizusi') == 1.0"},
            {"0":"q.variant != 2707 && q.equipped_item_all_tags('slot.weapon.mainhand','op_asa:opeope') == 1.0"},
            {"0":"q.variant != 2708 && q.equipped_item_all_tags('slot.weapon.mainhand','op_asa:meramera') == 1.0"},
            {"0":"q.variant != 2709 && q.variant != 2715 && q.equipped_item_all_tags('slot.weapon.mainhand','op_asa:yamiyami') == 1.0"},
            {"0":"q.variant != 2710 && q.equipped_item_all_tags('slot.weapon.mainhand','op_asa:magmag') == 1.0"},
            {"0":"q.variant != 2711 && q.variant != 27112 && q.equipped_item_all_tags('slot.weapon.mainhand','op_asa:toritori') == 1.0"},
            {"0":"q.variant != 2712 && q.equipped_item_all_tags('slot.weapon.mainhand','op_asa:itoito') == 1.0"},
            {"0":"q.variant != 2713 && q.equipped_item_all_tags('slot.weapon.mainhand','op_asa:sorusoru') == 1.0"},
            {"0":"q.variant != 2714 && q.variant != 27141 && q.variant != 27143 && q.variant != 27140 && q.equipped_item_all_tags('slot.weapon.mainhand','op_asa:gomgom') == 1.0"},
            {"0":"q.variant != 2716 && q.equipped_item_all_tags('slot.weapon.mainhand','op_asa:hobihobi') == 1.0"},
            {"0":"q.variant != 2717 && q.equipped_item_all_tags('slot.weapon.mainhand','op_asa:betabeta') == 1.0"},
            {"0":"q.variant != 2718 && q.variant != 27181 && q.equipped_item_all_tags('slot.weapon.mainhand','op_asa:warawara') == 1.0"},
            {"0":"q.variant != 2719 && (q.equipped_item_all_tags('slot.weapon.mainhand','op_asa:mochimochi') == 1.0 || q.equipped_item_all_tags('slot.weapon.offhand','op_asa:mochimochi') == 1.0)"},
            {"0":"q.variant != 2720 && q.variant != 27201 && q.variant != 272011 && q.equipped_item_all_tags('slot.weapon.mainhand','op_asa:uouo') == 1.0"},
            {"0":"q.variant != 27210 && q.variant != 2721 && q.variant != 27211 && q.equipped_item_all_tags('slot.weapon.mainhand','op_asa:yomiyomi') == 1.0"},
            {"0":"q.variant != 2723 && q.equipped_item_all_tags('slot.weapon.mainhand','op_asa:hanahana') == 1.0"},
            {"0":"q.variant != 2724 && q.equipped_item_all_tags('slot.weapon.mainhand','op_asa:sukesuke') == 1.0"},
            {"0":"q.variant != 2725 && q.equipped_item_all_tags('slot.weapon.mainhand','op_asa:noronoro') == 1.0"},
            {"0":"q.variant != 2726 && q.equipped_item_all_tags('slot.weapon.mainhand','op_asa:sirosiro') == 1.0"},
            {"0":"q.variant != 2727 && q.equipped_item_all_tags('slot.weapon.mainhand','op_asa:baribari') == 1.0"},
            {"0":"q.variant != 2730 && q.variant != 27301 && q.variant != 273011 && q.equipped_item_all_tags('slot.weapon.mainhand','op_asa:dokudoku') == 1.0"},
            {"0":"q.variant != 2731 && q.variant != 27311 && q.variant != 273111  && q.equipped_item_all_tags('slot.weapon.mainhand','op_asa:hotoke') == 1.0"},
            {"0":"q.variant != 2732 && q.equipped_item_all_tags('slot.weapon.mainhand','op_asa:jikijiki') == 1.0"},
            {"0":"q.variant != 2733 && q.equipped_item_all_tags('slot.weapon.mainhand','op_asa:nikyunikyu') == 1.0"},
            {"0":"q.variant != 2734 && q.equipped_item_all_tags('slot.weapon.mainhand','op_asa:rakiraki') == 1.0"},
            {"0":"q.variant != 2735 && q.equipped_item_all_tags('slot.weapon.mainhand','op_asa:gorugoru') == 1.0"},
            // change
            {"busoshoku":"q.get_equipped_item_name == 'busoshoku'"},
            {"busoshoku_off":"q.get_equipped_item_name == 'busoshoku_on' && q.is_using_item"},
            {"busoshoku_on":"q.get_equipped_item_name == 'busoshoku_off' && q.is_using_item"},
            {"ryuo":"q.get_equipped_item_name == 'ryuo'"},
            {"ryuo_off":"q.get_equipped_item_name == 'ryuo_on' && q.is_using_item"},
            {"ryuo_on":"q.get_equipped_item_name == 'ryuo_off' && q.is_using_item"},
            {"sorcery_clima_tact2":"q.get_equipped_item_name == 'sorcery_clima_tact2' && v.attack_time"},
            {"sorcery_clima_tact2_2":"q.get_equipped_item_name == 'sorcery_clima_tact2_2' && v.attack_time"},
            // dial
            {"breath_dial":"q.get_equipped_item_name == 'breath_dial' && v.attack_time"},
            {"breath_dial_on":"q.get_equipped_item_name == 'breath_dial' && q.is_using_item"},
            {"jet_dial":"q.get_equipped_item_name == 'jet_dial' && v.attack_time"},
            {"jet_dial_on":"q.get_equipped_item_name == 'jet_dial' && q.is_using_item"},
            {"flame_dial":"q.get_equipped_item_name == 'flame_dial' && v.attack_time"},
            {"water_dial":"q.get_equipped_item_name == 'water_dial' && v.attack_time"},
            {"lamp_dial_on":"q.get_equipped_item_name == 'lamp_dial' && q.is_using_item"},
            {"lamp_dial":"q.get_equipped_item_name == 'lamp_dial' && q.time_of_day > 0.25 && q.time_of_day < 0.75 && !q.is_in_water_or_rain"},
            {"impact_dial_on":"q.get_equipped_item_name == 'impact_dial_on' && q.is_using_item"},
            {"reject_dial_on":"q.get_equipped_item_name == 'reject_dial_on' && q.is_using_item"},
            {"impact_dial_reuse":"q.get_equipped_item_name == 'impact_dial_used' && q.is_using_item"},
            {"reject_dial_reuse":"q.get_equipped_item_name == 'reject_dial_used' && q.is_using_item"},
            // kenbunshoku
            {"kenbunshoku1":"q.is_using_item && q.get_equipped_item_name == 'kenbunshoku1'"},
            // busoshoku
            {"get_busoshoku":"q.get_equipped_item_name == 'busoshoku_on' || q.get_equipped_item_name == 'busoshoku_off'"},
            {"get_ryuo":"q.get_equipped_item_name == 'ryuo_on' || q.get_equipped_item_name == 'ryuo_off'"},
            // kurokabuto
            {"kurokabuto_charge":"q.is_using_item && q.get_equipped_item_name == 'kurokabuto'"},
            // katanawaza
            {"homurasaki":"q.get_equipped_item_name == 'enma_homurasaki' && v.attack_time"},
            {"sanzensekai_charge":"q.get_equipped_item_name == 'shusui' && q.get_equipped_item_name('off_hand') == 'sandaikitetu' && q.equipped_item_all_tags('slot.armor.head','op_asa:wadoichimonji') == 1.0 && q.is_using_item"},
            {"kamusari":"q.get_equipped_item_name == 'roger_sword' && q.is_using_item && q.has_any_family('haki') == 1.0 && q.is_angry && q.player_level >= 10"},
            // rokushiki
            {"geppou_move":"q.get_equipped_item_name == 'geppou' && q.is_using_item && !q.is_sneaking"},
            {"geppou_stay":"q.get_equipped_item_name == 'geppou' && q.is_using_item && q.is_sneaking"}
          ]
        },
        // cahnge akumanomi skill
        "0":{
          "transitions":[
            {"default":"(1.0)"}
          ],
          "on_entry":["/replaceitem entity @s slot.weapon.mainhand 0 air"]
        },
        // change forced
        "kikoku":{
          "transitions":[
            {"default":"q.get_equipped_item_name != 'kikoku_injection' && q.get_equipped_item_name != 'kikoku_scan' && q.get_equipped_item_name != 'kikoku_radio_knife'"}
          ],
          "on_entry":["/replaceitem entity @s slot.weapon.mainhand 0 op_asa:kikoku"]
        },
        "gurabito":{
          "transitions":[
            {"default":"q.get_equipped_item_name != 'gurabito2'"}
          ],
          "on_entry":["/replaceitem entity @s slot.weapon.mainhand 0 op_asa:gurabito"]
        },
        "waraken":{
          "transitions":[
            {"default":"q.get_equipped_item_name != 'warabideto'"}
          ],
          "on_entry":["/replaceitem entity @s slot.weapon.mainhand 0 op_asa:waraken"]
        },
        "mochituki":{
          "transitions":[
            {"default":"q.get_equipped_item_name != 'mochituki'"}
          ],
          "on_entry":["/replaceitem entity @s slot.weapon.mainhand 0 op_asa:mogura"]
        },
        // rokushiki
        "geppou_move":{
          "transitions":[
            {"default":"(1.0)"}
          ],
          "on_entry":[
            "/particle minecraft:camera_shoot_explosion ~~~",
            "/execute @s ~~~ summon op_asa:geppou_move ~~-1~"
          ]
        },
        "geppou_stay":{
          "transitions":[
            {"default":"(1.0)"}
          ],
          "on_entry":[
            "/particle minecraft:camera_shoot_explosion ~~~",
            "/execute @s ~~~ summon op_asa:geppou_stay ~~-1~"
          ]
        },
        // change
        "sorcery_clima_tact2":{
          "transitions":[
            {"default":"!v.attack_time"}
          ],
          "on_entry":["/replaceitem entity @s slot.weapon.mainhand 0 op_asa:sorcery_clima_tact2_2"]
        },
        "sorcery_clima_tact2_2":{
          "transitions":[
            {"default":"!v.attack_time"}
          ],
          "on_entry":["/replaceitem entity @s slot.weapon.mainhand 0 op_asa:sorcery_clima_tact2"]
        },
        "busoshoku":{
          "transitions":[
            {"default":"q.get_equipped_item_name != 'busoshoku'"}
          ],
          "on_entry":[
            "/function haki/to_busoshoku_off",
            "/scoreboard players add @s haki 1"
          ]
        },
        "busoshoku_off":{
          "transitions":[
            {"default":"!q.is_using_item"}
          ],
          "on_entry":["/function haki/to_busoshoku_off"]
        },
        "busoshoku_on":{
          "transitions":[
            {"default":"!q.is_using_item"}
          ],
          "on_entry":["/function haki/to_busoshoku_on"]
        },
        "ryuo":{
          "transitions":[
            {"default":"q.get_equipped_item_name != 'ryuo'"}
          ],
          "on_entry":[
            "/function haki/to_ryuo_off",
            "/scoreboard players add @s haki 1"
          ]
        },
        "ryuo_off":{
          "transitions":[
            {"default":"!q.is_using_item"}
          ],
          "on_entry":["/function haki/to_ryuo_off"]
        },
        "ryuo_on":{
          "transitions":[
            {"default":"!q.is_using_item"}
          ],
          "on_entry":["/function haki/to_ryuo_on"]
        },
        // dial
        "lamp_dial_on":{
          "transitions":[
            {"default":"!q.is_using_item"}
          ],
          "on_exit":["/function dial/lamp_doc"]
        },
        "lamp_dial":{
          "transitions":[
            {"default":"(1.0)"}
          ],
          "on_exit":["/function dial/lamp_dc"]
        },
        "breath_dial":{
          "transitions":[
            {"default":"!v.attack_time"}
          ],
          "on_exit":["/function dial/breath_dc"]
        },
        "breath_dial_on":{
          "transitions":[
            {"default":"!q.is_using_item"}
          ],
          "on_exit":["/function dial/breath_doc"]
        },
        "jet_dial":{
          "transitions":[
            {"default":"!v.attack_time"}
          ],
          "on_exit":["/function dial/jet_dc"]
        },
        "jet_dial_on":{
          "transitions":[
            {"default":"!q.is_using_item"}
          ],
          "on_exit":["/function dial/jet_doc"]
        },
        "flame_dial":{
          "transitions":[
            {"default":"!v.attack_time"}
          ],
          "on_entry":["/fill ^^1^1 ^^1^1 fire 0 replace air"]
        },
        "water_dial":{
          "transitions":[
            {"default":"!v.attack_time"}
          ],
          "on_entry":["/fill ^^1^1 ^^1^1 water 0 replace air"]
        },
        "impact_dial_on":{
          "transitions":[
            {"impact_dial_used":"!q.is_alive"},
            {"impact_dial_on_clear":"q.is_alive"}
          ],
          "on_entry":[
            "/summon op_asa:impact_dial_attack",
            "/damage @s 10 suicide"
          ]
        },
        "impact_dial_on_clear":{
          "transitions":[
            {"impact_dial_used":"q.get_equipped_item_name != 'impact_dial_on'"}
          ],
          "on_entry":[
            "/replaceitem entity @s slot.weapon.mainhand 0 air",
            "/give @s op_asa:impact_dial_used"
          ]
        },
        "impact_dial_used":{
          "transitions":[
            {"default":"!q.is_using_item"}
          ]
        },
        "impact_dial_reuse":{
          "transitions":[
            {"default":"!q.is_using_item"}
          ],
          "on_exit":["/replaceitem entity @s slot.weapon.mainhand 0 op_asa:impact_dial"]
        },
        "reject_dial_on":{
          "transitions":[
            {"reject_dial_used":"!q.is_alive"},
            {"reject_dial_on_clear":"q.is_alive"}
          ],
          "on_entry":[
            "/summon op_asa:reject_dial_attack",
            "/damage @s 20 suicide"
          ]
        },
        "reject_dial_on_clear":{
          "transitions":[
            {"reject_dial_used":"q.get_equipped_item_name != 'reject_dial_on'"}
          ],
          "on_entry":[
            "/replaceitem entity @s slot.weapon.mainhand 0 air",
            "/give @s op_asa:reject_dial_used"
          ]
        },
        "reject_dial_used":{
          "transitions":[
            {"default":"!q.is_using_item"}
          ]
        },
        "reject_dial_reuse":{
          "transitions":[
            {"default":"!q.is_using_item"}
          ],
          "on_exit":["/replaceitem entity @s slot.weapon.mainhand 0 op_asa:reject_dial"]
        },
        // kenbunshoku
        "kenbunshoku1":{
          "transitions":[
            {"kenbunshoku2":"(1.0)"}
          ],
          "on_entry":[
            "/effect @s blindness 10000 0 true",
            "/scoreboard objectives add khaki16 dummy",
            "/scoreboard objectives add khaki1732 dummy",
            "/scoreboard objectives add khaki3364 dummy",
            "/scoreboard objectives add khaki65 dummy"
          ],
          "on_exit":["/function haki/k_haki_reset"]
        },
        "kenbunshoku2":{
          "transitions":[
            {"kenbunshoku3":"q.item_in_use_duration > 400"},
            {"kenbunshoku_end":"!q.is_using_item"}
          ],
          "on_entry":["/function haki/k_haki_add"]
        },
        "kenbunshoku3":{
          "transitions":[
            {"kenbunshoku_end":"!q.is_using_item"}
          ],
          "on_entry":["/function haki/k_haki_tell"]
        },
        "kenbunshoku_end":{
          "transitions":[
            {"default":"(1.0)"}
          ],
          "on_entry":["/effect @s blindness 0 1 true"]
        },
        // Busoshoku
        "get_busoshoku":{
          "transitions":[
            {"default":"(1.0)"}
          ],
          "on_entry":["/tag @s add get_busoshoku"]
        },
        "get_ryuo":{
          "transitions":[
            {"default":"(1.0)"}
          ],
          "on_entry":["/tag @s add get_ryuo"]
        },
        "kurokabuto_charge":{
          "transitions":[
            {"kurokabuto_charged_attack":"!q.is_using_item"}
          ]
        },
        "kurokabuto_charged_attack":{
          "transitions":[
            {"default":"(1.0)"}
          ],
          "on_entry":["/event entity @s be_midoriboshi1"]
        },
        // katanawaza
        "homurasaki":{
          "transitions":[
            {"default":"!v.attack_time"}
          ],
          "on_entry":["/function katanawaza/homurasaki"]
        },
        "sanzensekai_charge":{
          "transitions":[
            {"sanzensekai_charged_attack":"!q.is_using_item && q.any_animation_finished"},
            {"default":"q.get_equipped_item_name != 'shusui' || q.get_equipped_item_name('off_hand') != 'sandaikitetu' || q.equipped_item_all_tags('slot.armor.head','op_asa:wadoichimonji') == 0.0 || !q.is_using_item"}
          ],
          "on_entry":[
            "/function katanawaza/sanzensekai_charge"
          ],
          "animations":[
            "sanzensekai_charge"
          ]
        },
        "sanzensekai_charged_attack":{
          "transitions":[
            {"default":"q.get_equipped_item_name != 'shusui' || q.get_equipped_item_name('off_hand') != 'sandaikitetu' || q.equipped_item_all_tags('slot.armor.head','op_asa:wadoichimonji') == 0.0"},
            {"default":"v.ss = (v.ss ?? 0);v.ss = v.ss < 18 ? v.ss + 1:0;return v.ss == 0;"}
          ],
          "on_entry":[
            "/function katanawaza/sanzensekai_charged_attack"
          ],
          "animations":[
            "sanzensekai_charged_attack"
          ],
          "on_exit":[
            "/tag @s remove sanzensekai"
          ]
        },
        "kamusari":{
          "transitions":[
            {"default":"q.get_equipped_item_name != 'roger_sword' || q.has_any_family('haki') == 0.0 || !q.is_angry"},
            {"kamusari_attack_10":"!q.is_using_item && q.player_level >= 10 && q.player_level < 20"},
            {"kamusari_attack_20":"!q.is_using_item && q.player_level >= 20 && q.player_level < 30"},
            {"kamusari_attack_30":"!q.is_using_item && q.player_level >= 30 && q.player_level < 40"},
            {"kamusari_attack_40":"!q.is_using_item && q.player_level >= 40 && q.player_level < 50"},
            {"kamusari_attack_50":"!q.is_using_item && q.player_level >= 50"}
          ]
        },
        "kamusari_attack_10":{
          "transitions":[{"default":"1.0"}],
          "on_entry":["/event entity @s kamusari_10"]
        },
        "kamusari_attack_20":{
          "transitions":[{"default":"1.0"}],
          "on_entry":["/event entity @s kamusari_20"]
        },
        "kamusari_attack_30":{
          "transitions":[{"default":"1.0"}],
          "on_entry":["/event entity @s kamusari_30"]
        },
        "kamusari_attack_40":{
          "transitions":[{"default":"1.0"}],
          "on_entry":["/event entity @s kamusari_40"]
        },
        "kamusari_attack_50":{
          "transitions":[{"default":"1.0"}],
          "on_entry":["/event entity @s kamusari_50"]
        }
      }
    }
  }
}