{
  "format_version":"1.16.100",
  "animation_controllers":{
    "controller.animation.status2":{
      "states":{
        "default":{
          "transitions":[
            {"goro":"q.variant == 2702"},
            {"amal":"q.variant == 27021"},
            {"mera":"q.variant == 2708"},
            {"mag":"q.variant == 2710"},
            {"soru":"q.variant == 2713"},
            {"yomi":"q.variant == 27211"},
            {"ope":"q.variant == 2707 && query.equipped_item_all_tags('slot.weapon.offhand','op_asa:opeope') == 1.0"},
            {"wara":"q.variant == 27181"},
            {"jiki":"q.variant == 2732"},
            {"raki":"q.variant == 2734"},
            {"cooltime_start":"q.variant == 27140 || q.variant == 272011 || q.variant == 273011 || q.variant == 273111"}
          ],
          "on_entry":[
            "/function akasi/status/reset_title",
            "/function akasi/status/reset_subtitle"
          ]
        },
        "mera":{
          "transitions":[
            {"default":"q.variant != 2708"}
          ],
          "animations":[
            "status_mera"
          ]
        },
        "mag":{
          "transitions":[
            {"default":"q.variant != 2710"}
          ],
          "animations":[
            "status_mag"
          ]
        },
        "goro":{
          "transitions":[
            {"default":"q.variant != 2702"}
          ],
          "animations":[
            "status_goro"
          ]
        },
        "amal":{
          "transitions":[
            {"default":"q.variant != 27021"}
          ],
          "animations":[
            "status_amal"
          ]
        },
        "soru":{
          "transitions":[
            {"default":"q.variant != 2713"}
          ],
          "animations":[
            "status_soru"
          ]
        },
        "yomi":{
          "transitions":[
            {"default":"q.variant != 27211"}
          ],
          "animations":[
            "status_yomi"
          ]
        },
        "ope":{
          "transitions":[
            {"default":"q.variant != 2707 || query.equipped_item_all_tags('slot.weapon.offhand','op_asa:opeope') == 0.0"}
          ],
          "animations":[
            "status_ope"
          ]
        },
        "wara":{
          "transitions":[
            {"default":"q.variant != 27181"}
          ],
          "animations":[
            "status_wara"
          ]
        },
        "jiki":{
          "transitions":[
            {"default":"q.variant != 2732"}
          ],
          "animations":[
            "status_jiki"
          ]
        },
        "raki":{
          "transitions":[
            {"default":"q.variant != 2734"}
          ],
          "animations":[
            "status_raki"
          ]
        },
        "cooltime_start":{
          "transitions":[
            {"cooltime":"1.0"}
          ],
          "on_entry":[
            "/function cooltime_start"
          ]
        },
        "cooltime":{
          "transitions":[
            {"default":"q.variant != 27140 && q.variant != 272011 && q.variant != 273011 && q.variant != 273111"}
          ],
          "animations":[
            "status_cooltime"
          ]
        }
      }
    }
  }
}