{
	"format_version": "1.16.1",
	"animation_controllers": {
		"controller.animation.strawman": {
			"states": {
				"default": {
					"transitions": [
						{"state": "q.variant == 27181"}
					]
				},
				"state": {
					"transitions": [
						{"default":"q.variant != 27181"},
						{"1": "q.health == 1"},
						{"2": "q.health == 2"},
						{"3": "q.health == 3"},
						{"4": "q.health == 4"},
						{"5": "q.health == 5"},
						{"6": "q.health == 6"},
						{"7": "q.health == 7"},
						{"8": "q.health == 8"},
						{"9": "q.health == 9"},
						{"10": "q.health == 10"},
						{"11": "q.health == 11"},
						{"12": "q.health == 12"},
						{"13": "q.health == 13"},
						{"14": "q.health == 14"},
						{"15": "q.health == 15"},
						{"16": "q.health == 16"},
						{"17": "q.health == 17"},
						{"18": "q.health == 18"},
						{"19": "q.health == 19"},
						{"20": "q.health == 20"},
						{"21": "q.health == 21"},
						{"22": "q.health == 22"},
						{"23": "q.health == 23"},
						{"24": "q.health == 24"},
						{"25": "q.health == 25"},
						{"26": "q.health == 26"},
						{"27": "q.health == 27"},
						{"28": "q.health == 28"},
						{"29": "q.health == 29"},
						{"30": "q.health == 30"},
						{"31": "q.health == 31"},
						{"32": "q.health == 32"},
						{"33": "q.health == 33"},
						{"34": "q.health == 34"},
						{"35": "q.health == 35"},
						{"36": "q.health == 36"},
						{"37": "q.health == 37"},
						{"38": "q.health == 38"},
						{"39": "q.health == 39"}
					]
				},
				"39":{
					"transitions":[
						{"default":"q.health != 39"}
					],
					"on_entry":[
						"/execute @e[tag=sacrifice,c=1] ~~~ effect @p[tag=strawman] instant_health 1 10 true",
						"/execute @e[tag=sacrifice,c=1] ~~~ damage @s 1 suicide"
					]
				},
				"38":{
					"transitions":[
						{"default":"q.health != 38"}
					],
					"on_entry":[
						"/execute @e[tag=sacrifice,c=1] ~~~ effect @p[tag=strawman] instant_health 1 10 true",
						"/execute @e[tag=sacrifice,c=1] ~~~ damage @s 2 suicide"
					]
				},
				"37":{
					"transitions":[
						{"default":"q.health != 37"}
					],
					"on_entry":[
						"/execute @e[tag=sacrifice,c=1] ~~~ effect @p[tag=strawman] instant_health 1 10 true",
						"/execute @e[tag=sacrifice,c=1] ~~~ damage @s 3 suicide"
					]
				},
				"36":{
					"transitions":[
						{"default":"q.health != 36"}
					],
					"on_entry":[
						"/execute @e[tag=sacrifice,c=1] ~~~ effect @p[tag=strawman] instant_health 1 10 true",
						"/execute @e[tag=sacrifice,c=1] ~~~ damage @s 4 suicide"
					]
				},
				"35":{
					"transitions":[
						{"default":"q.health != 35"}
					],
					"on_entry":[
						"/execute @e[tag=sacrifice,c=1] ~~~ effect @p[tag=strawman] instant_health 1 10 true",
						"/execute @e[tag=sacrifice,c=1] ~~~ damage @s 5 suicide"
					]
				},
				"34":{
					"transitions":[
						{"default":"q.health != 34"}
					],
					"on_entry":[
						"/execute @e[tag=sacrifice,c=1] ~~~ effect @p[tag=strawman] instant_health 1 10 true",
						"/execute @e[tag=sacrifice,c=1] ~~~ damage @s 6 suicide"
					]
				},
				"33":{
					"transitions":[
						{"default":"q.health != 33"}
					],
					"on_entry":[
						"/execute @e[tag=sacrifice,c=1] ~~~ effect @p[tag=strawman] instant_health 1 10 true",
						"/execute @e[tag=sacrifice,c=1] ~~~ damage @s 7 suicide"
					]
				},
				"32":{
					"transitions":[
						{"default":"q.health != 32"}
					],
					"on_entry":[
						"/execute @e[tag=sacrifice,c=1] ~~~ effect @p[tag=strawman] instant_health 1 10 true",
						"/execute @e[tag=sacrifice,c=1] ~~~ damage @s 8 suicide"
					]
				},
				"31":{
					"transitions":[
						{"default":"q.health != 31"}
					],
					"on_entry":[
						"/execute @e[tag=sacrifice,c=1] ~~~ effect @p[tag=strawman] instant_health 1 10 true",
						"/execute @e[tag=sacrifice,c=1] ~~~ damage @s 9 suicide"
					]
				},
				"30":{
					"transitions":[
						{"default":"q.health != 30"}
					],
					"on_entry":[
						"/execute @e[tag=sacrifice,c=1] ~~~ effect @p[tag=strawman] instant_health 1 10 true",
						"/execute @e[tag=sacrifice,c=1] ~~~ damage @s 10 suicide"
					]
				},
				"29":{
					"transitions":[
						{"default":"q.health != 29"}
					],
					"on_entry":[
						"/execute @e[tag=sacrifice,c=1] ~~~ effect @p[tag=strawman] instant_health 1 10 true",
						"/execute @e[tag=sacrifice,c=1] ~~~ damage @s 11 suicide"
					]
				},
				"28":{
					"transitions":[
						{"default":"q.health != 28"}
					],
					"on_entry":[
						"/execute @e[tag=sacrifice,c=1] ~~~ effect @p[tag=strawman] instant_health 1 10 true",
						"/execute @e[tag=sacrifice,c=1] ~~~ damage @s 12 suicide"
					]
				},
				"27":{
					"transitions":[
						{"default":"q.health != 27"}
					],
					"on_entry":[
						"/execute @e[tag=sacrifice,c=1] ~~~ effect @p[tag=strawman] instant_health 1 10 true",
						"/execute @e[tag=sacrifice,c=1] ~~~ damage @s 13 suicide"
					]
				},
				"26":{
					"transitions":[
						{"default":"q.health != 26"}
					],
					"on_entry":[
						"/execute @e[tag=sacrifice,c=1] ~~~ effect @p[tag=strawman] instant_health 1 10 true",
						"/execute @e[tag=sacrifice,c=1] ~~~ damage @s 14 suicide"
					]
				},
				"25":{
					"transitions":[
						{"default":"q.health != 25"}
					],
					"on_entry":[
						"/execute @e[tag=sacrifice,c=1] ~~~ effect @p[tag=strawman] instant_health 1 10 true",
						"/execute @e[tag=sacrifice,c=1] ~~~ damage @s 15 suicide"
					]
				},
				"24":{
					"transitions":[
						{"default":"q.health != 24"}
					],
					"on_entry":[
						"/execute @e[tag=sacrifice,c=1] ~~~ effect @p[tag=strawman] instant_health 1 10 true",
						"/execute @e[tag=sacrifice,c=1] ~~~ damage @s 16 suicide"
					]
				},
				"23":{
					"transitions":[
						{"default":"q.health != 23"}
					],
					"on_entry":[
						"/execute @e[tag=sacrifice,c=1] ~~~ effect @p[tag=strawman] instant_health 1 10 true",
						"/execute @e[tag=sacrifice,c=1] ~~~ damage @s 17 suicide"
					]
				},
				"22":{
					"transitions":[
						{"default":"q.health != 22"}
					],
					"on_entry":[
						"/execute @e[tag=sacrifice,c=1] ~~~ effect @p[tag=strawman] instant_health 1 10 true",
						"/execute @e[tag=sacrifice,c=1] ~~~ damage @s 18 suicide"
					]
				},
				"21":{
					"transitions":[
						{"default":"q.health != 21"}
					],
					"on_entry":[
						"/execute @e[tag=sacrifice,c=1] ~~~ effect @p[tag=strawman] instant_health 1 10 true",
						"/execute @e[tag=sacrifice,c=1] ~~~ damage @s 19 suicide"
					]
				},
				"20":{
					"transitions":[
						{"default":"q.health != 20"}
					],
					"on_entry":[
						"/execute @e[tag=sacrifice,c=1] ~~~ effect @p[tag=strawman] instant_health 1 10 true",
						"/execute @e[tag=sacrifice,c=1] ~~~ damage @s 20 suicide"
					]
				},
				"19":{
					"transitions":[
						{"default":"q.health != 19"}
					],
					"on_entry":[
						"/execute @e[tag=sacrifice,c=1] ~~~ effect @p[tag=strawman] instant_health 1 10 true",
						"/execute @e[tag=sacrifice,c=1] ~~~ damage @s 21 suicide"
					]
				},
				"18":{
					"transitions":[
						{"default":"q.health != 18"}
					],
					"on_entry":[
						"/execute @e[tag=sacrifice,c=1] ~~~ effect @p[tag=strawman] instant_health 1 10 true",
						"/execute @e[tag=sacrifice,c=1] ~~~ damage @s 22 suicide"
					]
				},
				"17":{
					"transitions":[
						{"default":"q.health != 17"}
					],
					"on_entry":[
						"/execute @e[tag=sacrifice,c=1] ~~~ effect @p[tag=strawman] instant_health 1 10 true",
						"/execute @e[tag=sacrifice,c=1] ~~~ damage @s 23 suicide"
					]
				},
				"16":{
					"transitions":[
						{"default":"q.health != 16"}
					],
					"on_entry":[
						"/execute @e[tag=sacrifice,c=1] ~~~ effect @p[tag=strawman] instant_health 1 10 true",
						"/execute @e[tag=sacrifice,c=1] ~~~ damage @s 24 suicide"
					]
				},
				"15":{
					"transitions":[
						{"default":"q.health != 15"}
					],
					"on_entry":[
						"/execute @e[tag=sacrifice,c=1] ~~~ effect @p[tag=strawman] instant_health 1 10 true",
						"/execute @e[tag=sacrifice,c=1] ~~~ damage @s 25 suicide"
					]
				},
				"14":{
					"transitions":[
						{"default":"q.health != 14"}
					],
					"on_entry":[
						"/execute @e[tag=sacrifice,c=1] ~~~ effect @p[tag=strawman] instant_health 1 10 true",
						"/execute @e[tag=sacrifice,c=1] ~~~ damage @s 26 suicide"
					]
				},
				"13":{
					"transitions":[
						{"default":"q.health != 13"}
					],
					"on_entry":[
						"/execute @e[tag=sacrifice,c=1] ~~~ effect @p[tag=strawman] instant_health 1 10 true",
						"/execute @e[tag=sacrifice,c=1] ~~~ damage @s 27 suicide"
					]
				},
				"12":{
					"transitions":[
						{"default":"q.health != 12"}
					],
					"on_entry":[
						"/execute @e[tag=sacrifice,c=1] ~~~ effect @p[tag=strawman] instant_health 1 10 true",
						"/execute @e[tag=sacrifice,c=1] ~~~ damage @s 28 suicide"
					]
				},
				"11":{
					"transitions":[
						{"default":"q.health != 11"}
					],
					"on_entry":[
						"/execute @e[tag=sacrifice,c=1] ~~~ effect @p[tag=strawman] instant_health 1 10 true",
						"/execute @e[tag=sacrifice,c=1] ~~~ damage @s 29 suicide"
					]
				},
				"10":{
					"transitions":[
						{"default":"q.health != 10"}
					],
					"on_entry":[
						"/execute @e[tag=sacrifice,c=1] ~~~ effect @p[tag=strawman] instant_health 1 10 true",
						"/execute @e[tag=sacrifice,c=1] ~~~ damage @s 30 suicide"
					]
				},
				"9":{
					"transitions":[
						{"default":"q.health != 9"}
					],
					"on_entry":[
						"/execute @e[tag=sacrifice,c=1] ~~~ effect @p[tag=strawman] instant_health 1 10 true",
						"/execute @e[tag=sacrifice,c=1] ~~~ damage @s 31 suicide"
					]
				},
				"8":{
					"transitions":[
						{"default":"q.health != 8"}
					],
					"on_entry":[
						"/execute @e[tag=sacrifice,c=1] ~~~ effect @p[tag=strawman] instant_health 1 10 true",
						"/execute @e[tag=sacrifice,c=1] ~~~ damage @s 32 suicide"
					]
				},
				"7":{
					"transitions":[
						{"default":"q.health != 7"}
					],
					"on_entry":[
						"/execute @e[tag=sacrifice,c=1] ~~~ effect @p[tag=strawman] instant_health 1 10 true",
						"/execute @e[tag=sacrifice,c=1] ~~~ damage @s 33 suicide"
					]
				},
				"6":{
					"transitions":[
						{"default":"q.health != 6"}
					],
					"on_entry":[
						"/execute @e[tag=sacrifice,c=1] ~~~ effect @p[tag=strawman] instant_health 1 10 true",
						"/execute @e[tag=sacrifice,c=1] ~~~ damage @s 34 suicide"
					]
				},
				"5":{
					"transitions":[
						{"default":"q.health != 5"}
					],
					"on_entry":[
						"/execute @e[tag=sacrifice,c=1] ~~~ effect @p[tag=strawman] instant_health 1 10 true",
						"/execute @e[tag=sacrifice,c=1] ~~~ damage @s 35 suicide"
					]
				},
				"4":{
					"transitions":[
						{"default":"q.health != 4"}
					],
					"on_entry":[
						"/execute @e[tag=sacrifice,c=1] ~~~ effect @p[tag=strawman] instant_health 1 10 true",
						"/execute @e[tag=sacrifice,c=1] ~~~ damage @s 36 suicide"
					]
				},
				"3":{
					"transitions":[
						{"default":"q.health != 3"}
					],
					"on_entry":[
						"/execute @e[tag=sacrifice,c=1] ~~~ effect @p[tag=strawman] instant_health 1 10 true",
						"/execute @e[tag=sacrifice,c=1] ~~~ damage @s 37 suicide"
					]
				},
				"2":{
					"transitions":[
						{"default":"q.health != 2"}
					],
					"on_entry":[
						"/execute @e[tag=sacrifice,c=1] ~~~ effect @p[tag=strawman] instant_health 1 10 true",
						"/execute @e[tag=sacrifice,c=1] ~~~ damage @s 38 suicide"
					]
				},
				"1":{
					"transitions":[
						{"default":"q.health != 1"}
					],
					"on_entry":[
						"/execute @e[tag=sacrifice,c=1] ~~~ effect @p[tag=strawman] instant_health 1 10 true",
						"/execute @e[tag=sacrifice,c=1] ~~~ damage @s 39 suicide"
					]
				},
				"0":{
					"transitions":[
						{"default":"q.health != 0"}
					],
					"on_entry":[
						"/execute @e[tag=sacrifice,c=1] ~~~ effect @p[tag=strawman] instant_health 1 10 true",
						"/execute @e[tag=sacrifice,c=1] ~~~ damage @s 40 suicide"
					]
				}
			}
		}
	}
}