{
	"format_version" : "1.10.0",
	"animation_controllers" : {
		"controller.animation.sniffer.dig" : {
			"initial_state" : "dig",
			"states" : {
				"dig" : {
					"animations" : [
						{
							"digging" : "query.variant == 1"
						}
					]
				}
			}
		},
		"controller.animation.sniffer.move" : {
			"initial_state" : "move",
			"states" : {
				"move" : {
					"animations" : [
						{
							"moving" : "query.modified_move_speed"
						}
					]
				}
			}
		},
		"controller.animation.sniffer.sniff" : {
			"initial_state" : "default",
			"states" : {
				"default" : {
					"transitions" : [
						{
							"sniff" : "query.is_sniffing"
						}
					],
					"animations" : [ "staticking" ]
				},
				"sniff" : {
					"animations" : [ "sniffering" ],
					"transitions" : [
						{
							"default" : "!query.is_sniffing"
						}
					]
				}
			}
		}
	}
}
