{
	"format_version": "1.8.0",
	"animations": {
		"animation.rascal.get": {
			"loop": "hold_on_last_frame",
			"animation_length": 4,
			"bones": {
				"rightArm": {
					"rotation": {
						"0.0": [0, 0, 0],
						"0.5": [-75.88649, -79.69532, -13.89476],
						"0.75": [50.26909, -76.48802, -137.96566],
						"1.5": [-64.19112, 1.66559, -5.02727],
						"2.5": [-64.19112, 1.66559, -5.02727],
						"2.8333": [-64.19112, 1.66559, -5.02727],
						"3.125": [-48.49931, -38.1865, -32.07689],
						"4.0": [0, 0, 0]
					},
					"position": [0, 0, 0],
					"scale": 1
				},
				"leftArm": {
					"rotation": {
						"0.0": [0, 0, 0],
						"0.5": [-55.41843, -46.23728, -15.75186],
						"1.5": [-66.74093, -6.20034, 8.05786],
						"2.0": [-163.11869, 0.92953, -15.94527],
						"2.5": [-66.74093, -6.20034, 8.05786],
						"2.8333": [-66.74093, -6.20034, 8.05786],
						"3.125": [-70.36675, -17.66502, -0.46563],
						"4.0": [0, 0, 0]
					},
					"position": [0, 0, 0],
					"scale": 1
				},
				"bundle": {
					"rotation": {
						"0.0": [0, 0, 0],
						"0.5": [0, 62.5, 0],
						"1.0": [0, 107.5, 0],
						"1.5": [0, 180, 0],
						"2.5": [0, 180, 0],
						"2.8333": [0, 180, 0],
						"3.0": [0, 110, 0],
						"3.5": [0, 0, 0]
					},
					"position": {
						"0.0": [0, 0, 0],
						"0.5": [7, 0, -3],
						"1.0": [5, -1, -13],
						"1.5": [-1, -5, -17],
						"2.5": [-1, -5, -17],
						"2.8333": [-1, -5, -17],
						"3.0": [4.5, -4.5, -11.5],
						"3.25": [10.25, -0.25, -5.75],
						"3.3333": [6.5, -1.5, -3.83],
						"3.5": [0, 0, 0]
					},
					"scale": {
						"0.0": [1, 1, 1],
						"3.5": [1, 1, 1]
					}
				},
				"tapa": {
					"rotation": {
						"0.0": [0, 0, 0],
						"1.5": [0, 0, 0],
						"2.0": [42.5, 0, 0],
						"2.5": [0, 0, 0],
						"2.8333": [0, 0, 0]
					}
				},
				"root": {
					"rotation": {
						"0.0": [0, 0, 0],
						"0.5": [0, -70, 0],
						"1.0": [0, 7.5, 0],
						"2.8333": [0, 0, 0],
						"3.0": [0, -61, 0],
						"3.3333": [0, 16.5, 0],
						"3.5": [0, 0, 0]
					},
					"position": [0, 0, 0],
					"scale": 1
				}
			}
		},
		"animation.rascal.move": {
			"loop": true,
			"bones": {
				"rightArm": {
					"rotation": ["math.cos(query.anim_time * 38.17) *  45.0", 0, 0]
				},
				"leftArm": {
					"rotation": ["math.cos(query.anim_time * 38.17) *  -45.0", 0, 0]
				},
				"leftLeg": {
					"rotation": ["math.cos(query.anim_time * 38.17) *  -80.0", 0, 0]
				},
				"rightLeg": {
					"rotation": ["math.cos(query.anim_time * 38.17) *  80.0", 0, 0]
				}
			}
		},
		"animation.rascal.static": {
			"loop": true,
			"bones": {
				"leftArm": {
					"rotation": [0, 0, "math.cos(query.anim_time * 38.17) *  5.0"]
				},
				"rightArm": {
					"rotation": [0, 0, "math.cos(query.anim_time * 38.17) *  - 5.0"]
				}
			}
		},
		"animation.rascal.catch": {
			"loop": true,
			"bones": {
				"waist": {
					"position": [0, -3, 0]
				},
				"leftLeg": {
					"rotation": [-90, 0, 0],
					"position": [0, 0, 1]
				},
				"rightLeg": {
					"rotation": [-90, 0, 0]
				}
			}
		}
	}
}