{"format_version":"1.8.0","animations":{"animation.tuffgolem.move":{"loop":true,"bones":{"arm0":{"rotation":["math.cos(query.anim_time * 38.17) *  -45.0",0,0]},"arm1":{"rotation":["math.cos(query.anim_time * 38.17) *  45.0",0,0]},"leg0":{"rotation":["math.cos(query.anim_time * 48.17) *  20.0",0,0]},"leg1":{"rotation":["math.cos(query.anim_time * 48.17) *  -20.0",0,0]},"carpet_2":{"rotation":["math.cos(query.anim_time * 38.17) *  -5.0",0,0]},"carpet_3":{"rotation":["math.cos(query.anim_time * 38.17) *  5.0",0,0]}}},"animation.tuffgolem.item":{"loop":true,"bones":{"arm0":{"rotation":[-90,0,0],"position":[0,-3,-1],"scale":[1,1.1,1]},"arm1":{"rotation":[-90,0,0],"position":[0,-3,-1],"scale":[1,1.1,1]},"carpet_2":{"rotation":[-90,0,0],"position":[0,-1,1],"scale":[1,1.5,1]},"carpet_4":{"rotation":[90,0,0],"position":[0,-0.25,1],"scale":[1,2.4,1]},"rightItem":{"rotation":[0,0,0],"position":[0,3,-4]}}},"animation.tuffgolem.sleep_item":{"loop":true,"bones":{"leg0":{"rotation":[90,0,0]},"leg1":{"rotation":[90,0,0]}}},"animation.tuffgolem.sleep":{"loop":true,"animation_length":1.08333,"bones":{"leg1":{"rotation":[-2.5,0,0]}}},"animation.tuffgolem.static":{"loop":true,"bones":{"arm0":{"rotation":[0,0,"math.cos(query.anim_time * 38.17) *  4.0"]},"arm1":{"rotation":[0,0,"math.cos(query.anim_time * 38.17) *  -5.0"]}}}}}0]},"leg1":{"rotation":[90,0,0]}}},"animation.tuffgolem.sleep":{"loop":true,"animation_length":1.08333,"bones":{"leg1":{"rotation":[-2.5,0,0]}}},"animation.tuffgolem.static":{"loop":true,"bones":{"arm0":{"rotation":[0,0,"math.cos(query.anim_time * 38.17) *  4.0"]},"arm1":{"rotation":[0,0,"math.cos(query.anim_time * 38.17) *  -5.0"]}}}}}