{
	"format_version": "1.8.0",
	"animations": {
		"animation.broomstick.boi.smoke": {
			"loop": true,
			"animation_length": 0.08333,
			"particle_effects": {
				"0.0": {
					"effect": "stun_particles",
					"locator": "smoke_locator"
				}
			}
		},
		"animation.broomstick.boi.idle": {
			"loop": true,
			"animation_length": 5,
			"bones": {
				"idle": {
					"rotation": {
						"0.0": [0, 0, 0],
						"0.0833": [-0.42, 0, 0.25],
						"0.2083": [-1.98, 0, 1.5],
						"0.3333": [-2.5, 0, 1.75],
						"0.5417": [-2.5, 0, 2],
						"0.75": [-2.24, 0, 1.75],
						"1.0417": [-0.58, 0, 0.25],
						"1.1667": [-0.22, 0, 0],
						"1.3333": [-0.05, 0, 0],
						"1.5": [0, 0, 0],
						"1.75": [0, 0, 0],
						"1.875": [0.38, 0, 0],
						"2.125": [1.54, 0, 0],
						"2.5833": [2.23, 0, 0],
						"3.125": [2.51, 0, 0],
						"3.5": [2.5, 0, 0],
						"3.625": [2.17, 0, 0],
						"3.75": [0.47, 0, 0],
						"3.9583": [-0.71, 0, 0],
						"4.1667": [-1, 0, 0],
						"4.3333": [-0.75, 0, 0],
						"4.4583": [-0.32, 0, 0],
						"4.6667": [0, 0, 0]
					},
					"position": {
						"0.25": [0, 0, 0],
						"0.5": [-0.06, 0.25, 0],
						"0.8333": [-0.15, 0.59, 0],
						"1.1667": [-0.22, 0.87, 0],
						"1.5": [-0.25, 1, 0],
						"1.75": [-0.25, 0.99, 0],
						"2.125": [-0.19, 0.8, 0],
						"2.5417": [-0.16, 0.06, 0],
						"2.6667": [-0.15, -0.16, 0],
						"2.8333": [-0.15, -0.29, 0],
						"3.0833": [-0.14, -0.42, 0],
						"3.5": [-0.12, -0.54, 0],
						"4.2917": [-0.03, -0.13, 0],
						"4.75": [0, 0, 0]
					}
				}
			}
		}
	}
}