{
	"format_version" : "1.10.0",
	"animation_controllers" : {
		"controller.animation.rascal.move" : {
			"initial_state" : "move",
			"states" : {
				"move" : {
					"animations" : [
						{
							"moving" : "query.modified_move_speed"
						}
					],
					"particle_effects" : [
						{
							"effect" : "footstep_particle"
						}
					]
				}
			}
		},
		"controller.animation.rascal.give" : {
			"initial_state" : "default",
			"states" : {
				"give" : {
					"transitions" : [
						{
							"catch" : "query.variant == 1"
						},
						{
							"default" : "query.variant == 0"
						}
					],
					"animations" : [ "giving" ]
				},
				"default" : {
					"transitions" : [
						{
							"catch" : "query.variant == 1"
						},
						{
							"give" : "query.variant == 2"
						}
					],
					"animations" : [ "staticking" ]
				},
				"catch" : {
					"animations" : [ "catching" ],
					"transitions" : [
						{
							"default" : "query.variant == 0"
						},
						{
							"give" : "query.variant == 2"
						}
					]
				}
			}
		}
	}
}
