{"format_version":"1.10.0","animation_controllers":{"controller.animation.tuffgolem.move":{"initial_state":"move","states":{"move":{"animations":[{"moving":"query.modified_move_speed"}]}}},"controller.animation.tuffgolem.sleep":{"initial_state":"static","states":{"sleep":{"animations":[{"sleeping":"query.skin_id == 1 && !query.is_item_equipped"}],"transitions":[{"sleep_charged":"query.skin_id == 1 && query.is_item_equipped"}]},"sleep_charged":{"animations":[{"sleeping_charged":"query.skin_id == 1 && query.is_item_equipped"}],"transitions":[{"sleep":"query.skin_id == 1 && !query.is_item_equipped"}]}}},"controller.animation.tuffgolem.item":{"initial_state":"item","states":{"item":{"animations":[{"charged":"query.is_item_equipped"}]}}}}}