{
	"file_path": "C:\\Users\\fiddy\\AppData\\Local\\Packages\\Microsoft.MinecraftUWP_8wekyb3d8bbwe\\LocalState\\games\\com.mojang\\development_behavior_packs\\Seasonal_decor_BP\\blocks\\Valentine\\heart_flower.json",
	"file_type": "block",
	"format_version": 1,
	"file_uuid": "ed1a5944_54a7_4208_98b5_7d83be6f3b72",
	"file_version": 185,
	"cache_content": {
		"children": [
			{
				"data": "1.17.0",
				"key": "format_version"
			},
			{
				"open": {
					"format_version": "1.17.0",
					"minecraft:block": {
						"description": {
							"identifier": "boi:heart_flower",
							"is_experimental": false,
							"register_to_creative_menu": true,
							"properties": {
								"boi:placed": [
									0,
									1
								]
							}
						},
						"components": {
							"minecraft:destroy_time": 0.01,
							"minecraft:explosion_resistance": 1,
							"minecraft:map_color": "#FF0000",
							"minecraft:block_light_absorption": 0,
							"minecraft:breathability": "air",
							"minecraft:geometry": "geometry.side_layer_thumbnail",
							"minecraft:material_instances": {
								"*": {
									"texture": "heart_flower_held",
									"render_method": "alpha_test",
									"face_dimming": false,
									"ambient_occlusion": false
								}
							},
							"minecraft:entity_collision": false,
							"minecraft:pick_collision": {
								"origin": [
									-2,
									0,
									-2
								],
								"size": [
									4,
									12,
									4
								]
							},
							"minecraft:placement_filter": {
								"conditions": [
									{
										"block_filter": [
											"minecraft:grass",
											"minecraft:dirt",
											"minecraft:end_stone",
											"minecraft:farmland",
											"minecraft:podzol",
											"minecraft:grass_path",
											"minecraft:mycelium"
										],
										"allowed_faces": [
											"up"
										]
									}
								]
							},
							"minecraft:on_placed": {
								"event": "placed"
							},
							"minecraft:on_player_placing": {
								"event": "placed"
							}
						},
						"events": {
							"placed": {
								"set_block_property": {
									"boi:placed": 1
								}
							}
						},
						"permutations": [
							{
								"condition": "q.block_property('boi:placed') == 1",
								"components": {
									"minecraft:material_instances": {
										"*": {
											"texture": "heart_flower",
											"render_method": "alpha_test",
											"face_dimming": false,
											"ambient_occlusion": false
										}
									},
									"minecraft:geometry": "geometry.cross_plant_hanging"
								}
							}
						]
					}
				},
				"key": "minecraft:block",
				"children": [
					{
						"key": "description",
						"is_minified": true,
						"children": {
							"identifier": "boi:heart_flower",
							"is_experimental": false,
							"register_to_creative_menu": true,
							"properties": {
								"boi:placed": [
									0,
									1
								]
							}
						}
					},
					{
						"open": {
							"description": {
								"identifier": "boi:heart_flower",
								"is_experimental": false,
								"register_to_creative_menu": true,
								"properties": {
									"boi:placed": [
										0,
										1
									]
								}
							},
							"components": {
								"minecraft:destroy_time": 0.01,
								"minecraft:explosion_resistance": 1,
								"minecraft:map_color": "#FF0000",
								"minecraft:block_light_absorption": 0,
								"minecraft:breathability": "air",
								"minecraft:geometry": "geometry.side_layer_thumbnail",
								"minecraft:material_instances": {
									"*": {
										"texture": "heart_flower_held",
										"render_method": "alpha_test",
										"face_dimming": false,
										"ambient_occlusion": false
									}
								},
								"minecraft:entity_collision": false,
								"minecraft:pick_collision": {
									"origin": [
										-2,
										0,
										-2
									],
									"size": [
										4,
										12,
										4
									]
								},
								"minecraft:placement_filter": {
									"conditions": [
										{
											"block_filter": [
												"minecraft:grass",
												"minecraft:dirt",
												"minecraft:end_stone",
												"minecraft:farmland",
												"minecraft:podzol",
												"minecraft:grass_path",
												"minecraft:mycelium"
											],
											"allowed_faces": [
												"up"
											]
										}
									]
								},
								"minecraft:on_placed": {
									"event": "placed"
								},
								"minecraft:on_player_placing": {
									"event": "placed"
								}
							},
							"events": {
								"placed": {
									"set_block_property": {
										"boi:placed": 1
									}
								}
							},
							"permutations": [
								{
									"condition": "q.block_property('boi:placed') == 1",
									"components": {
										"minecraft:material_instances": {
											"*": {
												"texture": "heart_flower",
												"render_method": "alpha_test",
												"face_dimming": false,
												"ambient_occlusion": false
											}
										},
										"minecraft:geometry": "geometry.cross_plant_hanging"
									}
								}
							]
						},
						"key": "components",
						"is_minified": true,
						"children": {
							"minecraft:destroy_time": 0.01,
							"minecraft:explosion_resistance": 1,
							"minecraft:map_color": "#FF0000",
							"minecraft:block_light_absorption": 0,
							"minecraft:breathability": "air",
							"minecraft:geometry": "geometry.side_layer_thumbnail",
							"minecraft:material_instances": {
								"*": {
									"texture": "heart_flower_held",
									"render_method": "alpha_test",
									"face_dimming": false,
									"ambient_occlusion": false
								}
							},
							"minecraft:entity_collision": false,
							"minecraft:pick_collision": {
								"origin": [
									-2,
									0,
									-2
								],
								"size": [
									4,
									12,
									4
								]
							},
							"minecraft:placement_filter": {
								"conditions": [
									{
										"block_filter": [
											"minecraft:grass",
											"minecraft:dirt",
											"minecraft:end_stone",
											"minecraft:farmland",
											"minecraft:podzol",
											"minecraft:grass_path",
											"minecraft:mycelium"
										],
										"allowed_faces": [
											"up"
										]
									}
								]
							},
							"minecraft:on_placed": {
								"event": "placed"
							},
							"minecraft:on_player_placing": {
								"event": "placed"
							}
						}
					},
					{
						"key": "events",
						"is_minified": true,
						"children": {
							"placed": {
								"set_block_property": {
									"boi:placed": 1
								}
							}
						}
					},
					{
						"key": "permutations",
						"is_minified": true,
						"children": [
							{
								"condition": "q.block_property('boi:placed') == 1",
								"components": {
									"minecraft:material_instances": {
										"*": {
											"texture": "heart_flower",
											"render_method": "alpha_test",
											"face_dimming": false,
											"ambient_occlusion": false
										}
									},
									"minecraft:geometry": "geometry.cross_plant_hanging"
								}
							}
						]
					}
				]
			}
		]
	}
}