{
	"file_path": "C:\\Users\\fiddy\\AppData\\Local\\Packages\\Microsoft.MinecraftUWP_8wekyb3d8bbwe\\LocalState\\games\\com.mojang\\development_behavior_packs\\SeasonalDecorBP\\items\\costumes\\costume_devil_horns.json",
	"file_type": "item",
	"format_version": 1,
	"file_uuid": "c8a6115a_1f72_40ef_aaf9_3f0ea500f055",
	"file_version": 54,
	"cache_content": {
		"children": [
			{
				"data": "1.17.0",
				"key": "format_version"
			},
			{
				"open": {
					"format_version": "1.17.0",
					"minecraft:item": {
						"description": {
							"identifier": "boi:costume_devil_horns"
						},
						"components": {
							"minecraft:max_stack_size": 1,
							"minecraft:enchantable": {
								"value": 10,
								"slot": "armor_head"
							},
							"minecraft:armor": {
								"protection": 1
							},
							"minecraft:wearable": {
								"slot": "slot.armor.head",
								"dispensable": true
							},
							"minecraft:icon": {
								"texture": "costume_devil_horns"
							}
						}
					}
				},
				"key": "minecraft:item",
				"children": [
					{
						"open": {
							"description": {
								"identifier": "boi:costume_devil_horns"
							},
							"components": {
								"minecraft:max_stack_size": 1,
								"minecraft:enchantable": {
									"value": 10,
									"slot": "armor_head"
								},
								"minecraft:armor": {
									"protection": 1
								},
								"minecraft:wearable": {
									"slot": "slot.armor.head",
									"dispensable": true
								},
								"minecraft:icon": {
									"texture": "costume_devil_horns"
								}
							}
						},
						"key": "description",
						"is_minified": true,
						"children": {
							"identifier": "boi:costume_devil_horns"
						}
					},
					{
						"open": {
							"description": {
								"identifier": "boi:costume_devil_horns"
							},
							"components": {
								"minecraft:max_stack_size": 1,
								"minecraft:enchantable": {
									"value": 10,
									"slot": "armor_head"
								},
								"minecraft:armor": {
									"protection": 1
								},
								"minecraft:wearable": {
									"slot": "slot.armor.head",
									"dispensable": true
								},
								"minecraft:icon": {
									"texture": "costume_devil_horns"
								}
							}
						},
						"key": "components",
						"children": [
							{
								"data": "1",
								"key": "minecraft:max_stack_size"
							},
							{
								"key": "minecraft:enchantable",
								"is_minified": true,
								"children": {
									"value": 10,
									"slot": "armor_head"
								}
							},
							{
								"key": "minecraft:armor",
								"is_minified": true,
								"children": {
									"protection": 1
								}
							},
							{
								"key": "minecraft:wearable",
								"is_minified": true,
								"children": {
									"slot": "slot.armor.head",
									"dispensable": true
								}
							},
							{
								"open": {
									"minecraft:max_stack_size": 1,
									"minecraft:enchantable": {
										"value": 10,
										"slot": "armor_head"
									},
									"minecraft:armor": {
										"protection": 1
									},
									"minecraft:wearable": {
										"slot": "slot.armor.head",
										"dispensable": true
									},
									"minecraft:icon": {
										"texture": "costume_devil_horns"
									}
								},
								"key": "minecraft:icon",
								"is_minified": true,
								"children": {
									"texture": "costume_devil_horns"
								}
							}
						]
					}
				]
			}
		]
	}
}