{
  "format_version": "1.10",
  "minecraft:item": {
    "description": {
      "identifier": "mr:choco_bar",
      "category": "items"
    },
    "components": {
      "minecraft:hand_equipped": false,
      "minecraft:max_stack_size": 64,
      "minecraft:foil": false,
      "minecraft:stack_by_data": true,
      "minecraft:food": {
        "saturation_modifier": "good",
        "nutrition": 4,
        "can_always_eat": true,
        "effects": [],
        "remove_effects": []
      },
      "minecraft:use_duration": 35
    }
  }
}