{
  "format_version": "1.16.0",
  "minecraft:item": {
    "description": {
      "identifier": "mr:nightmarentine_crystal",
      "category": "items"
    },
    "components": {
      "minecraft:hand_equipped": false,
      "minecraft:max_stack_size": 64,
      "minecraft:foil": true,
      "minecraft:stack_by_data": true,
      "minecraft:icon": {
        "texture": "mr:nightmarentine_crystal"
      },
      "minecraft:display_name": {
        "value": "§4Nightmarentine Crystal"
      }
    }
  }
}