{
  "format_version": "1.16.100",
  "minecraft:item": {
    "description": {
      "category": "equipment",
      "identifier": "mr:skull_scythe"
    },
    "components": {
      "minecraft:icon": {
        "texture": "mr_skull_scythe"
      },
      "minecraft:creative_category": {
        "parent": "itemGroup.name.hoe"
      },
      "minecraft:max_stack_size": 1,
      "minecraft:hand_equipped": true,
      "minecraft:allow_off_hand": true,
      "minecraft:foil": false,
      "minecraft:durability": {
        "max_durability": 6800,
        "damage_chance": {
          "min": 60,
          "max": 100
        }
      },
      "minecraft:repairable": {
        "repair_items": [
          {
            "items": [
              "minecraft:bone"
            ],
            "repair_amount": 10
          },
          {
            "items": [
              "mr:skull_scythe"
            ],
            "repair_amount": "context.other->query.remaining_durability + 0.2 * context.other->query.max_durability"
          }
        ]
      },
      "minecraft:mining_speed": 1,
      "minecraft:damage": 15,
      "minecraft:enchantable": {
        "value": 15,
        "slot": "hoe"
      },
      "minecraft:can_destroy_in_creative": true,
      "minecraft:digger": {
        "use_efficiency": true,
        "destroy_speeds": [
          {
            "block": "minecraft:coal_ore",
            "speed": 2,
            "on_dig": {
              "event": "hurt"
            }
          },
          {
            "block": "minecraft:diamond_ore",
            "speed": 2,
            "on_dig": {
              "event": "hurt"
            }
          },
          {
            "block": "minecraft:emerald_ore",
            "speed": 2,
            "on_dig": {
              "event": "hurt"
            }
          },
          {
            "block": "minecraft:gold_ore",
            "speed": 2,
            "on_dig": {
              "event": "hurt"
            }
          },
          {
            "block": "minecraft:iron_ore",
            "speed": 2,
            "on_dig": {
              "event": "hurt"
            }
          },
          {
            "block": "minecraft:lapis_ore",
            "speed": 2,
            "on_dig": {
              "event": "hurt"
            }
          },
          {
            "block": "minecraft:quartz_ore",
            "speed": 2,
            "on_dig": {
              "event": "hurt"
            }
          },
          {
            "block": "minecraft:redstone_ore",
            "speed": 2,
            "on_dig": {
              "event": "hurt"
            }
          }
        ]
      },
      "minecraft:weapon": {
        "on_hurt_entity": {
          "event": "hurt"
        },
        "on_not_hurt_entity": {
          "event": "hurt"
        },
        "on_hit_block": {
          "event": "hurt"
        }
      },
      "minecraft:render_offsets": {
        "main_hand": {
          "third_person": {
            "scale": [
              0.05,
              0.05,
              0.05
            ]
          },
          "first_person": {
            "scale": [
              0.018999999999988602,
              0.018999999999988602,
              0.018999999999988602
            ]
          }
        },
        "off_hand": {
          "third_person": {
            "scale": [
              0.05,
              0.05,
              0.05
            ]
          },
          "first_person": {
            "scale": [
              0.018999999999988602,
              0.018999999999988602,
              0.018999999999988602
            ]
          }
        }
      },
      "tag:minecraft:is_hoe": {},
      "minecraft:display_name": {},
      "minecraft:use_on": {
        "blocks": [
          "grass",
          "dirt",
          "grass_path"
        ]
      }
    },
    "events": {
      "on_use_event": {
        "sequence": [
          {
            "damage": {
              "type": "magic",
              "amount": 1,
              "target": "self"
            }
          }
        ]
      },
      "hurt": {
        "damage": {
          "type": "magic",
          "amount": 1,
          "target": "self"
        }
      }
    }
  }
}