{"mob.yg_ink_demon.angry":{"category":" neutral","sounds":["sounds/mob/yg_ink_demon/angry"]},"mob.yg_ink_demon.hurt":{"category":" neutral","sounds":["sounds/mob/yg_ink_demon/hurt","sounds/mob/yg_ink_demon/hurt1"]},"mob.yg_ink_demon.death":{"category":" neutral","sounds":["sounds/mob/yg_ink_demon/death"]},"mob.yg_ink_demon.ambient":{"max_distance":80,"sounds":["sounds/mob/yg_ink_demon/idle","sounds/mob/yg_ink_demon/idle2","sounds/mob/yg_ink_demon/idle3","sounds/mob/yg_ink_demon/idle4","sounds/mob/yg_ink_demon/idle5","sounds/mob/yg_ink_demon/idle6","sounds/mob/yg_ink_demon/idle7"]},"mob.yg_ink_demon.attack":{"category":"hostile","max_distance":80,"sounds":["sounds/mob/yg_ink_demon/attack"]},"mob.yg_ink_demon.step":{"max_distance":80,"sounds":["sounds/mob/yg_ink_demon/step1","sounds/mob/yg_ink_demon/step2"]}}