{
  "format_version":"1.16.100",
  "animation_controllers":{
    "controller.animation.kaigun3.admire":{
      "states":{
        "default":{
          "transitions":[
            {"target":"q.has_target"},
            {"admiring":"q.is_admiring"}
          ]
        },
        "target":{
          "transitions":[
            {"default":"!q.has_target"}
          ],
          "on_entry":[
            "/execute @s[tag=!destroy] ~~~ fill ~1~1~1 ~-1~~-1 air 0 destroy"
          ],
          "on_exit":[
            "/tag @s add destroy"
          ]
        },
        "admiring":{
          "transitions":[
            {"ace":"q.get_equipped_item_name == 'bounty_ace'"},
            {"big_mam":"q.get_equipped_item_name == 'bounty_big_mam'"},
            {"brook":"q.get_equipped_item_name == 'bounty_brook'"},
            {"chopper":"q.get_equipped_item_name == 'bounty_chopper'"},
            {"crocodile":"q.get_equipped_item_name == 'bounty_crocodile'"},
            {"doframingo":"q.get_equipped_item_name == 'bounty_doframingo'"},
            {"franky":"q.get_equipped_item_name == 'bounty_franky'"},
            {"hokinsu":"q.get_equipped_item_name == 'bounty_hokinsu'"},
            {"jinbe":"q.get_equipped_item_name == 'bounty_jinbe'"},
            {"kaido":"q.get_equipped_item_name == 'bounty_kaido'"},
            {"kaizoku":"q.get_equipped_item_name == 'bounty_kaizoku'"},
            {"kaizoku2":"q.get_equipped_item_name == 'bounty_kaizoku2'"},
            {"kaizoku3":"q.get_equipped_item_name == 'bounty_kaizoku3'"},
            {"kaizoku4":"q.get_equipped_item_name == 'bounty_kaizoku4'"},
            {"katakuri":"q.get_equipped_item_name == 'bounty_katakuri'"},
            {"kid":"q.get_equipped_item_name == 'bounty_kid'"},
            {"law":"q.get_equipped_item_name == 'bounty_law'"},
            {"law2":"q.get_equipped_item_name == 'bounty_law2'"},
            {"law3":"q.get_equipped_item_name == 'bounty_law3'"},
            {"luffy":"q.get_equipped_item_name == 'bounty_luffy'"},
            {"luffy2":"q.get_equipped_item_name == 'bounty_luffy2'"},
            {"malco":"q.get_equipped_item_name == 'bounty_malco'"},
            {"nami":"q.get_equipped_item_name == 'bounty_nami'"},
            {"robin":"q.get_equipped_item_name == 'bounty_robin'"},
            {"roger":"q.get_equipped_item_name == 'bounty_roger'"},
            {"sabo":"q.get_equipped_item_name == 'bounty_sabo'"},
            {"sanji":"q.get_equipped_item_name == 'bounty_sanji'"},
            {"sirohige":"q.get_equipped_item_name == 'bounty_sirohige'"},
            {"syankusu":"q.get_equipped_item_name == 'bounty_syankusu'"},
            {"trabol":"q.get_equipped_item_name == 'bounty_trabol'"},
            {"usopp":"q.get_equipped_item_name == 'bounty_usopp'"},
            {"zoro":"q.get_equipped_item_name == 'bounty_zoro'"},
            {"zoro2":"q.get_equipped_item_name == 'bounty_zoro2'"}
          ]
          // "on_entry":[
          //   "/say 査定開始"
          // ]
        },
        "ace":{
          "transitions":[
            {"default":"q.get_equipped_item_name != 'bounty_ace'"}
          ],
          "on_entry":[
            "/replaceitem entity @s slot.weapon.mainhand 0 air",
            "/function bounty/ace"
            // "/say 査定終了"
          ]
        },
        "big_mam":{
          "transitions":[
            {"default":"q.get_equipped_item_name != 'bounty_big_mam'"}
          ],
          "on_entry":[
            "/replaceitem entity @s slot.weapon.mainhand 0 air",
            "/function bounty/big_mam"
          ]
        },
        "brook":{
          "transitions":[
            {"default":"q.get_equipped_item_name != 'bounty_brook'"}
          ],
          "on_entry":[
            "/replaceitem entity @s slot.weapon.mainhand 0 air",
            "/function bounty/brook"
          ]
        },
        "chopper":{
          "transitions":[
            {"default":"q.get_equipped_item_name != 'bounty_chopper'"}
          ],
          "on_entry":[
            "/replaceitem entity @s slot.weapon.mainhand 0 air",
            "/function bounty/chopper"
          ]
        },
        "crocodile":{
          "transitions":[
            {"default":"q.get_equipped_item_name != 'bounty_crocodile'"}
          ],
          "on_entry":[
            "/replaceitem entity @s slot.weapon.mainhand 0 air",
            "/function bounty/crocodile"
          ]
        },
        "doframingo":{
          "transitions":[
            {"default":"q.get_equipped_item_name != 'bounty_doframingo'"}
          ],
          "on_entry":[
            "/replaceitem entity @s slot.weapon.mainhand 0 air",
            "/function bounty/doframingo"
          ]
        },
        "franky":{
          "transitions":[
            {"default":"q.get_equipped_item_name != 'bounty_franky'"}
          ],
          "on_entry":[
            "/replaceitem entity @s slot.weapon.mainhand 0 air",
            "/function bounty/franky"
          ]
        },
        "hokinsu":{
          "transitions":[
            {"default":"q.get_equipped_item_name != 'bounty_hokinsu'"}
          ],
          "on_entry":[
            "/replaceitem entity @s slot.weapon.mainhand 0 air",
            "/function bounty/hokinsu"
          ]
        },
        "jinbe":{
          "transitions":[
            {"default":"q.get_equipped_item_name != 'bounty_jinbe'"}
          ],
          "on_entry":[
            "/replaceitem entity @s slot.weapon.mainhand 0 air",
            "/function bounty/jinbe"
          ]
        },
        "kaido":{
          "transitions":[
            {"default":"q.get_equipped_item_name != 'bounty_kaido'"}
          ],
          "on_entry":[
            "/replaceitem entity @s slot.weapon.mainhand 0 air",
            "/function bounty/kaido"
          ]
        },
        "kaizoku":{
          "transitions":[
            {"default":"q.get_equipped_item_name != 'bounty_kaizoku'"}
          ],
          "on_entry":[
            "/replaceitem entity @s slot.weapon.mainhand 0 air",
            "/function bounty/kaizoku"
          ]
        },
        "kaizoku2":{
          "transitions":[
            {"default":"q.get_equipped_item_name != 'bounty_kaizoku2'"}
          ],
          "on_entry":[
            "/replaceitem entity @s slot.weapon.mainhand 0 air",
            "/function bounty/kaizoku2"
          ]
        },
        "kaizoku3":{
          "transitions":[
            {"default":"q.get_equipped_item_name != 'bounty_kaiozku3'"}
          ],
          "on_entry":[
            "/replaceitem entity @s slot.weapon.mainhand 0 air",
            "/function bounty/kaizoku3"
          ]
        },
        "kaizoku4":{
          "transitions":[
            {"default":"q.get_equipped_item_name != 'bounty_kaiozku4'"}
          ],
          "on_entry":[
            "/replaceitem entity @s slot.weapon.mainhand 0 air",
            "/function bounty/kaizoku4"
          ]
        },
        "katakuri":{
          "transitions":[
            {"default":"q.get_equipped_item_name != 'bounty_katakuri'"}
          ],
          "on_entry":[
            "/replaceitem entity @s slot.weapon.mainhand 0 air",
            "/function bounty/katakuri"
          ]
        },
        "kid":{
          "transitions":[
            {"default":"q.get_equipped_item_name != 'bounty_kid'"}
          ],
          "on_entry":[
            "/replaceitem entity @s slot.weapon.mainhand 0 air",
            "/function bounty/kid"
          ]
        },
        "law":{
          "transitions":[
            {"default":"q.get_equipped_item_name != 'bounty_law'"}
          ],
          "on_entry":[
            "/replaceitem entity @s slot.weapon.mainhand 0 air",
            "/function bounty/law"
          ]
        },
        "law2":{
          "transitions":[
            {"default":"q.get_equipped_item_name != 'bounty_law2'"}
          ],
          "on_entry":[
            "/replaceitem entity @s slot.weapon.mainhand 0 air",
            "/function bounty/law2"
          ]
        },
        "law3":{
          "transitions":[
            {"default":"q.get_equipped_item_name != 'bounty_law3'"}
          ],
          "on_entry":[
            "/replaceitem entity @s slot.weapon.mainhand 0 air",
            "/function bounty/law3"
          ]
        },
        "luffy":{
          "transitions":[
            {"default":"q.get_equipped_item_name != 'bounty_luffy'"}
          ],
          "on_entry":[
            "/replaceitem entity @s slot.weapon.mainhand 0 air",
            "/function bounty/luffy"
          ]
        },
        "luffy2":{
          "transitions":[
            {"default":"q.get_equipped_item_name != 'bounty_luffy2'"}
          ],
          "on_entry":[
            "/replaceitem entity @s slot.weapon.mainhand 0 air",
            "/function bounty/luffy2"
          ]
        },
        "malco":{
          "transitions":[
            {"default":"q.get_equipped_item_name != 'bounty_malco'"}
          ],
          "on_entry":[
            "/replaceitem entity @s slot.weapon.mainhand 0 air",
            "/function bounty/malco"
          ]
        },
        "nami":{
          "transitions":[
            {"default":"q.get_equipped_item_name != 'bounty_nami'"}
          ],
          "on_entry":[
            "/replaceitem entity @s slot.weapon.mainhand 0 air",
            "/function bounty/nami"
          ]
        },
        "robin":{
          "transitions":[
            {"default":"q.get_equipped_item_name != 'bounty_robin'"}
          ],
          "on_entry":[
            "/replaceitem entity @s slot.weapon.mainhand 0 air",
            "/function bounty/robin"
          ]
        },
        "roger":{
          "transitions":[
            {"default":"q.get_equipped_item_name != 'bounty_roger'"}
          ],
          "on_entry":[
            "/replaceitem entity @s slot.weapon.mainhand 0 air",
            "/function bounty/roger"
          ]
        },
        "sabo":{
          "transitions":[
            {"default":"q.get_equipped_item_name != 'bounty_sabo'"}
          ],
          "on_entry":[
            "/replaceitem entity @s slot.weapon.mainhand 0 air",
            "/function bounty/sabo"
          ]
        },
        "sanji":{
          "transitions":[
            {"default":"q.get_equipped_item_name != 'bounty_sanji'"}
          ],
          "on_entry":[
            "/replaceitem entity @s slot.weapon.mainhand 0 air",
            "/function bounty/sanji"
          ]
        },
        "sirohige":{
          "transitions":[
            {"default":"q.get_equipped_item_name != 'bounty_sirohige'"}
          ],
          "on_entry":[
            "/replaceitem entity @s slot.weapon.mainhand 0 air",
            "/function bounty/sirohige"
          ]
        },
        "syankusu":{
          "transitions":[
            {"default":"q.get_equipped_item_name != 'bounty_syankusu'"}
          ],
          "on_entry":[
            "/replaceitem entity @s slot.weapon.mainhand 0 air",
            "/function bounty/syankusu"
          ]
        },
        "trabol":{
          "transitions":[
            {"default":"q.get_equipped_item_name != 'bounty_trabol'"}
          ],
          "on_entry":[
            "/replaceitem entity @s slot.weapon.mainhand 0 air",
            "/function bounty/trabol"
          ]
        },
        "usopp":{
          "transitions":[
            {"default":"q.get_equipped_item_name != 'bounty_usopp'"}
          ],
          "on_entry":[
            "/replaceitem entity @s slot.weapon.mainhand 0 air",
            "/function bounty/usopp"
          ]
        },
        "zoro":{
          "transitions":[
            {"default":"q.get_equipped_item_name != 'bounty_zoro'"}
          ],
          "on_entry":[
            "/replaceitem entity @s slot.weapon.mainhand 0 air",
            "/function bounty/zoro"
          ]
        },
        "zoro2":{
          "transitions":[
            {"default":"q.get_equipped_item_name != 'bounty_zoro2'"}
          ],
          "on_entry":[
            "/replaceitem entity @s slot.weapon.mainhand 0 air",
            "/function bounty/zoro2"
          ]
        }
      }
    }
  }
}