{
  "format_version":"1.16.100",
  "animation_controllers":{
    "controller.animation.kaigun2":{
      "states":{
        "default":{
          "transitions":[
            {"dead":"!q.is_alive"},
            {"1":"query.health <= 20"}
          ]
        },
        "1":{
          "transitions":[
            {"2":"!q.is_alive"}
          ],
          "on_entry":[
            "/event entity @s op_asa:random_taisyo"
          ]
        },
        "dead":{},
        "2":{
          "on_entry":[
            "/function mob/kaigun2"
          ]
        }
      }
    }
  }
}