{
  "format_version": "1.13.0",
  "minecraft:entity": {    
    "description": {
      "identifier": "op_asa:gigantescomano_a",
      "is_spawnable": false,
      "is_summonable": true,
      "is_experimental": false
    },
    "component_groups": {
      "op_asa:despawn":{
        "minecraft:instant_despawn": {}
      }
    },
    "components": {
      "minecraft:timer": {
        "looping": false,
        "randomInterval": false,
        "time": 0.0,
        "time_down_event": {
         "event": "op_asa:timer_event",
         "target": "self"
        }
      },
      "minecraft:type_family": {
        "family": [ "player","hanahana" ]
      },
      "minecraft:collision_box": {
        "width": 0.0,
        "height": 0.0
      },
      "minecraft:damage_sensor": {
        "triggers": {
            "on_damage": {"filters": {}},
            "deals_damage": false
        }
      }
    },
    "events": {
      "op_asa:timer_event":{
        "run_command":{
          "command":[
            "particle op_asa:ex_particle ~4~~",
            "particle op_asa:ex_particle ~-4~~",
            "particle op_asa:ex_particle ~~~4",
            "particle op_asa:ex_particle ~~~-4",
            "particle op_asa:ex_particle ~9~~",
            "particle op_asa:ex_particle ~-9~~",
            "particle op_asa:ex_particle ~~~9",
            "particle op_asa:ex_particle ~~~-9",
            "damage @e[tag=!hanahana,family=!hanahana,r=14,type=!item,type=!xp_orb] 7 entity_attack entity @p[hasitem={item=op_asa:gigantescomano,location=slot.weapon.mainhand}]"
          ]
        },
        "add":{
          "component_groups":["op_asa:despawn"]
        }
      }
    }
  }
}