{
  "format_version": "1.16.100",
  "minecraft:entity": {    
    "description": {
      "identifier": "op_asa:gigantescomano_e",
      "is_spawnable": false,
      "is_summonable": true,
      "is_experimental": false
    },
    "component_groups": {
      "op_asa:despawn":{
        "minecraft:instant_despawn": {}
      }
    },
    "components": {
      "minecraft:timer": {
        "looping": false,
        "randomInterval": false,
        "time": 0.1,
        "time_down_event": {
         "event": "op_asa:look",
         "target": "self"
        }
      },
      "minecraft:type_family": {
        "family": ["player","hanahana"]
      },
      "minecraft:scale":{
        "value":7
      },
      "minecraft:health": {
        "value": 500,
        "max": 500
      },
      "minecraft:damage_sensor": {
        "triggers":[
          {
            "on_damage": {
              "event": "op_asa:has_damage"
            }
          }
        ]
      },
      "minecraft:physics": {
      },
      "minecraft:pushable": {
        "is_pushable": false,
        "is_pushable_by_piston": false
      },
      "minecraft:collision_box": {
        "width": 0.9,
        "height": 3.0
      }
    },
    "events": {
      "op_asa:despawn":{
        "add":{
          "component_groups":[
            "op_asa:despawn"
          ]
        }
      },
      "op_asa:has_damage":{
        "run_command":{
          "command":"execute @p[tag=hanahana] ~~~ summon op_asa:hana_damage_back"
        }
      },
      "op_asa:look":{
        "run_command":{
          "command":"tp @s ~~~ facing @p[hasitem={item=op_asa:gigantescomano,location=slot.weapon.mainhand}]"
        }
      }
    }
  }
}