{
  "format_version":"1.16.100",
  "animation_controllers":{
    "controller.animation.blackmamba_e":{
      "states":{
        "default":{
          "transitions":[
            {"1":"(1.0)"}
          ]
        },
        "1":{
          "transitions":[
            {"default":"v.time = (v.time ?? 0);v.time = v.time < 5 ? v.time + 1:0;return v.time == 0;"}
          ],
          "on_entry":[
            "/damage @e[r=2,c=1,type=!op_asa:blackmamba_e,type=!item,type=!xp_orb] 20 entity_attack entity @p[hasitem={item=op_asa:blackmamba,location=slot.weapon.mainhand}]"
          ]
        }
      }
    }
  }
}