{                                                                     
  "format_version": "1.16.100",
  "minecraft:item": {
    "description": {
      "identifier": "stk:mochi_barrage",
      "category" : "items"
    },
    "components": {
      "minecraft:icon": {
        "texture": "mochi_barrage"
      },
		"minecraft:render_offsets": {
			"main_hand": {
			  "first_person": { 
				"scale": [0.000,0.000,0.000]
			  },
			  "third_person": { 
				"scale": [0.000,0.000,0.000]
			  }
			},
			"off_hand": {
			  "first_person": { 
				"scale": [0.000,0.000,0.000]
			  },
			  "third_person": { 
				"scale": [0.000,0.000,0.000]
			  }
			}
		  },
      "minecraft:cooldown": {
        "category": "l",
        "duration": 0
      },
        "minecraft:display_name": {
        "value": "§l§emochi mochi no: Dough barrage \ncooldown: 0"},
      "minecraft:stacked_by_data": false,
      "minecraft:max_stack_size": 1,
      "minecraft:foil": false,
      "minecraft:damage": 0,
      "minecraft:hand_equipped": true,
      "minecraft:on_use": {
        "on_use": {
          "event": "7",
          "target": "self"
        }
      }
    },
    "events": {
      "7": {
        "run_command": {
          "command": [ "summon stk:mochi_barrage ~~~","particle stk:smoke_boom3 ~~~","execute @e[r=7,rm=2] ~~~ damage @s 8 entity_attack","effect @e[r=10,tag=!mochi] slowness 6 10 true","playsound gatling @a[r=7]","execute @s ~~~ tp @e[type=stk:mochi_barrage] ~~~ facing ^^^100" ],
          "target": "self"
        }
      }
    }
  }
}
















