{
	"file_path": "C:\\Users\\fiddy\\AppData\\Local\\Packages\\Microsoft.MinecraftUWP_8wekyb3d8bbwe\\LocalState\\games\\com.mojang\\development_behavior_packs\\H_DecorB\\blocks\\building_blocks\\autumn_sapling.json",
	"file_type": "block",
	"format_version": 1,
	"file_uuid": "964bbf95_9d62_4a4c_bffb_78695e410129",
	"file_version": 132,
	"cache_content": {
		"children": [
			{
				"data": "1.17.0",
				"key": "format_version"
			},
			{
				"open": {
					"format_version": "1.17.0",
					"minecraft:block": {
						"description": {
							"identifier": "boi:autumn_sapling"
						},
						"components": {
							"minecraft:destroy_time": 0,
							"minecraft:material_instances": {
								"*": {
									"texture": "autumn_sapling",
									"render_method": "alpha_test",
									"ambient_occlusion": false,
									"face_dimming": false
								}
							},
							"minecraft:breathability": "air",
							"minecraft:geometry": "geometry.cross_plant_hanging",
							"minecraft:block_light_absorption": 0,
							"minecraft:pick_collision": {
								"origin": [
									-6,
									0,
									-6
								],
								"size": [
									12,
									12,
									12
								]
							},
							"minecraft:entity_collision": false,
							"minecraft:random_ticking": {
								"on_tick": {
									"event": "grow"
								}
							},
							"minecraft:loot": "loot_tables/blocks/autumn_sapling.json",
							"minecraft:on_placed": {
								"event": "on_placed"
							},
							"minecraft:on_interact": {
								"event": "fertilize",
								"condition": "query.get_equipped_item_name == 'bone_meal'",
								"target": "other"
							}
						},
						"permutations": [
							{
								"condition": "q.block_property('minecraft:direction') == 0",
								"components": {
									"minecraft:rotation": [
										0,
										0,
										0
									]
								}
							},
							{
								"condition": "q.block_property('minecraft:direction') == 1",
								"components": {
									"minecraft:rotation": [
										0,
										180,
										0
									]
								}
							},
							{
								"condition": "q.block_property('minecraft:direction') == 2",
								"components": {
									"minecraft:rotation": [
										0,
										90,
										0
									]
								}
							},
							{
								"condition": "q.block_property('minecraft:direction') == 3",
								"components": {
									"minecraft:rotation": [
										0,
										270,
										0
									]
								}
							}
						],
						"events": {
							"grow": {
								"run_command": {
									"command": [
										"setblock ~~~ log",
										"summon boi:autumn_tree_entity ~~~ random_tree"
									]
								}
							},
							"on_placed": {
								"run_command": {
									"command": [
										"playsound dig.grass @a ~~~"
									]
								}
							},
							"fertilize": {
								"sequence": [
									{
										"run_command": {
											"command": [
												"particle minecraft:crop_growth_emitter ~~~"
											]
										},
										"decrement_stack": {}
									},
									{
										"trigger": {
											"event": "grow"
										}
									}
								]
							}
						}
					}
				},
				"key": "minecraft:block",
				"children": [
					{
						"open": {
							"description": {
								"identifier": "boi:autumn_sapling"
							},
							"components": {
								"minecraft:destroy_time": 0,
								"minecraft:material_instances": {
									"*": {
										"texture": "autumn_sapling",
										"render_method": "alpha_test",
										"ambient_occlusion": false,
										"face_dimming": false
									}
								},
								"minecraft:breathability": "air",
								"minecraft:geometry": "geometry.cross_plant_hanging",
								"minecraft:block_light_absorption": 0,
								"minecraft:pick_collision": {
									"origin": [
										-6,
										0,
										-6
									],
									"size": [
										12,
										12,
										12
									]
								},
								"minecraft:entity_collision": false,
								"minecraft:random_ticking": {
									"on_tick": {
										"event": "grow"
									}
								},
								"minecraft:loot": "loot_tables/blocks/autumn_sapling.json",
								"minecraft:on_placed": {
									"event": "on_placed"
								},
								"minecraft:on_interact": {
									"event": "fertilize",
									"condition": "query.get_equipped_item_name == 'bone_meal'",
									"target": "other"
								}
							},
							"permutations": [
								{
									"condition": "q.block_property('minecraft:direction') == 0",
									"components": {
										"minecraft:rotation": [
											0,
											0,
											0
										]
									}
								},
								{
									"condition": "q.block_property('minecraft:direction') == 1",
									"components": {
										"minecraft:rotation": [
											0,
											180,
											0
										]
									}
								},
								{
									"condition": "q.block_property('minecraft:direction') == 2",
									"components": {
										"minecraft:rotation": [
											0,
											90,
											0
										]
									}
								},
								{
									"condition": "q.block_property('minecraft:direction') == 3",
									"components": {
										"minecraft:rotation": [
											0,
											270,
											0
										]
									}
								}
							],
							"events": {
								"grow": {
									"run_command": {
										"command": [
											"setblock ~~~ log",
											"summon boi:autumn_tree_entity ~~~ random_tree"
										]
									}
								},
								"on_placed": {
									"run_command": {
										"command": [
											"playsound dig.grass @a ~~~"
										]
									}
								},
								"fertilize": {
									"sequence": [
										{
											"run_command": {
												"command": [
													"particle minecraft:crop_growth_emitter ~~~"
												]
											},
											"decrement_stack": {}
										},
										{
											"trigger": {
												"event": "grow"
											}
										}
									]
								}
							}
						},
						"key": "description",
						"is_minified": true,
						"children": {
							"identifier": "boi:autumn_sapling"
						}
					},
					{
						"open": {
							"description": {
								"identifier": "boi:autumn_sapling"
							},
							"components": {
								"minecraft:destroy_time": 0,
								"minecraft:material_instances": {
									"*": {
										"texture": "autumn_sapling",
										"render_method": "alpha_test",
										"ambient_occlusion": false,
										"face_dimming": false
									}
								},
								"minecraft:breathability": "air",
								"minecraft:geometry": "geometry.cross_plant_hanging",
								"minecraft:block_light_absorption": 0,
								"minecraft:pick_collision": {
									"origin": [
										-6,
										0,
										-6
									],
									"size": [
										12,
										12,
										12
									]
								},
								"minecraft:entity_collision": false,
								"minecraft:random_ticking": {
									"on_tick": {
										"event": "grow"
									}
								},
								"minecraft:loot": "loot_tables/blocks/autumn_sapling.json",
								"minecraft:on_placed": {
									"event": "on_placed"
								},
								"minecraft:on_interact": {
									"event": "fertilize",
									"condition": "query.get_equipped_item_name == 'bone_meal'",
									"target": "other"
								}
							},
							"permutations": [
								{
									"condition": "q.block_property('minecraft:direction') == 0",
									"components": {
										"minecraft:rotation": [
											0,
											0,
											0
										]
									}
								},
								{
									"condition": "q.block_property('minecraft:direction') == 1",
									"components": {
										"minecraft:rotation": [
											0,
											180,
											0
										]
									}
								},
								{
									"condition": "q.block_property('minecraft:direction') == 2",
									"components": {
										"minecraft:rotation": [
											0,
											90,
											0
										]
									}
								},
								{
									"condition": "q.block_property('minecraft:direction') == 3",
									"components": {
										"minecraft:rotation": [
											0,
											270,
											0
										]
									}
								}
							],
							"events": {
								"grow": {
									"run_command": {
										"command": [
											"setblock ~~~ log",
											"summon boi:autumn_tree_entity ~~~ random_tree"
										]
									}
								},
								"on_placed": {
									"run_command": {
										"command": [
											"playsound dig.grass @a ~~~"
										]
									}
								},
								"fertilize": {
									"sequence": [
										{
											"run_command": {
												"command": [
													"particle minecraft:crop_growth_emitter ~~~"
												]
											},
											"decrement_stack": {}
										},
										{
											"trigger": {
												"event": "grow"
											}
										}
									]
								}
							}
						},
						"key": "components",
						"children": [
							{
								"data": "0.0",
								"key": "minecraft:destroy_time"
							},
							{
								"key": "minecraft:material_instances",
								"children": [
									{
										"open": {
											"*": {
												"texture": "autumn_sapling",
												"render_method": "alpha_test",
												"ambient_occlusion": false,
												"face_dimming": false
											}
										},
										"key": "*",
										"is_minified": true,
										"children": {
											"texture": "autumn_sapling",
											"render_method": "alpha_test",
											"ambient_occlusion": false,
											"face_dimming": false
										}
									}
								]
							},
							{
								"data": "air",
								"key": "minecraft:breathability"
							},
							{
								"data": "geometry.cross_plant_hanging",
								"key": "minecraft:geometry"
							},
							{
								"data": "0.0",
								"key": "minecraft:block_light_absorption"
							},
							{
								"key": "minecraft:pick_collision",
								"is_minified": true,
								"children": {
									"origin": [
										-6,
										0,
										-6
									],
									"size": [
										12,
										12,
										12
									]
								}
							},
							{
								"data": "false",
								"key": "minecraft:entity_collision"
							},
							{
								"key": "minecraft:random_ticking",
								"children": [
									{
										"open": {
											"on_tick": {
												"event": "grow"
											}
										},
										"key": "on_tick",
										"is_minified": true,
										"children": {
											"event": "grow"
										}
									}
								]
							},
							{
								"data": "loot_tables/blocks/autumn_sapling.json",
								"key": "minecraft:loot"
							},
							{
								"key": "minecraft:on_placed",
								"is_minified": true,
								"children": {
									"event": "on_placed"
								}
							},
							{
								"open": {
									"minecraft:destroy_time": 0,
									"minecraft:material_instances": {
										"*": {
											"texture": "autumn_sapling",
											"render_method": "alpha_test",
											"ambient_occlusion": false,
											"face_dimming": false
										}
									},
									"minecraft:breathability": "air",
									"minecraft:geometry": "geometry.cross_plant_hanging",
									"minecraft:block_light_absorption": 0,
									"minecraft:pick_collision": {
										"origin": [
											-6,
											0,
											-6
										],
										"size": [
											12,
											12,
											12
										]
									},
									"minecraft:entity_collision": false,
									"minecraft:random_ticking": {
										"on_tick": {
											"event": "grow"
										}
									},
									"minecraft:loot": "loot_tables/blocks/autumn_sapling.json",
									"minecraft:on_placed": {
										"event": "on_placed"
									},
									"minecraft:on_interact": {
										"event": "fertilize",
										"condition": "query.get_equipped_item_name == 'bone_meal'",
										"target": "other"
									}
								},
								"key": "minecraft:on_interact",
								"is_minified": true,
								"children": {
									"event": "fertilize",
									"condition": "query.get_equipped_item_name == 'bone_meal'",
									"target": "other"
								}
							}
						]
					},
					{
						"key": "permutations",
						"is_minified": true,
						"children": [
							{
								"condition": "q.block_property('minecraft:direction') == 0",
								"components": {
									"minecraft:rotation": [
										0,
										0,
										0
									]
								}
							},
							{
								"condition": "q.block_property('minecraft:direction') == 1",
								"components": {
									"minecraft:rotation": [
										0,
										180,
										0
									]
								}
							},
							{
								"condition": "q.block_property('minecraft:direction') == 2",
								"components": {
									"minecraft:rotation": [
										0,
										90,
										0
									]
								}
							},
							{
								"condition": "q.block_property('minecraft:direction') == 3",
								"components": {
									"minecraft:rotation": [
										0,
										270,
										0
									]
								}
							}
						]
					},
					{
						"open": {
							"description": {
								"identifier": "boi:autumn_sapling"
							},
							"components": {
								"minecraft:destroy_time": 0,
								"minecraft:material_instances": {
									"*": {
										"texture": "autumn_sapling",
										"render_method": "alpha_test",
										"ambient_occlusion": false,
										"face_dimming": false
									}
								},
								"minecraft:breathability": "air",
								"minecraft:geometry": "geometry.cross_plant_hanging",
								"minecraft:block_light_absorption": 0,
								"minecraft:pick_collision": {
									"origin": [
										-6,
										0,
										-6
									],
									"size": [
										12,
										12,
										12
									]
								},
								"minecraft:entity_collision": false,
								"minecraft:random_ticking": {
									"on_tick": {
										"event": "grow"
									}
								},
								"minecraft:loot": "loot_tables/blocks/autumn_sapling.json",
								"minecraft:on_placed": {
									"event": "on_placed"
								},
								"minecraft:on_interact": {
									"event": "fertilize",
									"condition": "query.get_equipped_item_name == 'bone_meal'",
									"target": "other"
								}
							},
							"permutations": [
								{
									"condition": "q.block_property('minecraft:direction') == 0",
									"components": {
										"minecraft:rotation": [
											0,
											0,
											0
										]
									}
								},
								{
									"condition": "q.block_property('minecraft:direction') == 1",
									"components": {
										"minecraft:rotation": [
											0,
											180,
											0
										]
									}
								},
								{
									"condition": "q.block_property('minecraft:direction') == 2",
									"components": {
										"minecraft:rotation": [
											0,
											90,
											0
										]
									}
								},
								{
									"condition": "q.block_property('minecraft:direction') == 3",
									"components": {
										"minecraft:rotation": [
											0,
											270,
											0
										]
									}
								}
							],
							"events": {
								"grow": {
									"run_command": {
										"command": [
											"setblock ~~~ log",
											"summon boi:autumn_tree_entity ~~~ random_tree"
										]
									}
								},
								"on_placed": {
									"run_command": {
										"command": [
											"playsound dig.grass @a ~~~"
										]
									}
								},
								"fertilize": {
									"sequence": [
										{
											"run_command": {
												"command": [
													"particle minecraft:crop_growth_emitter ~~~"
												]
											},
											"decrement_stack": {}
										},
										{
											"trigger": {
												"event": "grow"
											}
										}
									]
								}
							}
						},
						"key": "events",
						"children": [
							{
								"key": "grow",
								"children": [
									{
										"open": {
											"run_command": {
												"command": [
													"setblock ~~~ log",
													"summon boi:autumn_tree_entity ~~~ random_tree"
												]
											}
										},
										"key": "run_command",
										"children": [
											{
												"open": {
													"command": [
														"setblock ~~~ log",
														"summon boi:autumn_tree_entity ~~~ random_tree"
													]
												},
												"key": "command",
												"is_minified": true,
												"children": [
													"setblock ~~~ log",
													"summon boi:autumn_tree_entity ~~~ random_tree"
												]
											}
										]
									}
								]
							},
							{
								"key": "on_placed",
								"children": [
									{
										"open": {
											"run_command": {
												"command": [
													"playsound dig.grass @a ~~~"
												]
											}
										},
										"key": "run_command",
										"children": [
											{
												"open": {
													"command": [
														"playsound dig.grass @a ~~~"
													]
												},
												"key": "command",
												"is_minified": true,
												"children": [
													"playsound dig.grass @a ~~~"
												]
											}
										]
									}
								]
							},
							{
								"open": {
									"grow": {
										"run_command": {
											"command": [
												"setblock ~~~ log",
												"summon boi:autumn_tree_entity ~~~ random_tree"
											]
										}
									},
									"on_placed": {
										"run_command": {
											"command": [
												"playsound dig.grass @a ~~~"
											]
										}
									},
									"fertilize": {
										"sequence": [
											{
												"run_command": {
													"command": [
														"particle minecraft:crop_growth_emitter ~~~"
													]
												},
												"decrement_stack": {}
											},
											{
												"trigger": {
													"event": "grow"
												}
											}
										]
									}
								},
								"key": "fertilize",
								"children": [
									{
										"key": "sequence",
										"children": [
											{
												"is_minified": true,
												"children": {
													"run_command": {
														"command": [
															"particle minecraft:crop_growth_emitter ~~~"
														]
													},
													"decrement_stack": {}
												}
											},
											{
												"children": [
													{
														"open": {
															"trigger": {
																"event": "grow"
															}
														},
														"key": "trigger",
														"is_minified": true,
														"children": {
															"event": "grow"
														}
													}
												]
											}
										]
									}
								]
							}
						]
					}
				]
			}
		]
	}
}