{
	"file_path": "C:\\Users\\fiddy\\AppData\\Local\\Packages\\Microsoft.MinecraftUWP_8wekyb3d8bbwe\\LocalState\\games\\com.mojang\\development_behavior_packs\\H_DecorB\\blocks\\building_blocks\\autumn_leaves_pile.json",
	"file_type": "block",
	"format_version": 1,
	"file_uuid": "30045c45_ba2c_4cb5_9bb1_407f1c4574b3",
	"file_version": 109,
	"cache_content": {
		"children": [
			{
				"data": "1.17.0",
				"key": "format_version"
			},
			{
				"open": {
					"format_version": "1.17.0",
					"minecraft:block": {
						"description": {
							"identifier": "boi:autumn_leaves_pile",
							"properties": {
								"minecraft:direction": {}
							}
						},
						"components": {
							"minecraft:destroy_time": 0.1,
							"minecraft:on_player_placing": {
								"event": "on_placed"
							},
							"minecraft:breathability": "air",
							"minecraft:block_light_absorption": 0,
							"minecraft:material_instances": {
								"*": {
									"texture": "autumn_leaves_pile",
									"render_method": "alpha_test",
									"ambient_occlusion": false,
									"face_dimming": true
								}
							},
							"minecraft:geometry": "geometry.decoration_snow",
							"minecraft:entity_collision": false,
							"minecraft:pick_collision": {
								"origin": [
									-8,
									0,
									-8
								],
								"size": [
									16,
									2,
									16
								]
							},
							"minecraft:placement_filter": {
								"conditions": [
									{
										"allowed_faces": [
											"up"
										]
									}
								]
							}
						},
						"permutations": [
							{
								"condition": "q.block_property('minecraft:direction') == 0",
								"components": {
									"minecraft:rotation": [
										0,
										0,
										0
									]
								}
							},
							{
								"condition": "q.block_property('minecraft:direction') == 1",
								"components": {
									"minecraft:rotation": [
										0,
										180,
										0
									]
								}
							},
							{
								"condition": "q.block_property('minecraft:direction') == 2",
								"components": {
									"minecraft:rotation": [
										0,
										90,
										0
									]
								}
							},
							{
								"condition": "q.block_property('minecraft:direction') == 3",
								"components": {
									"minecraft:rotation": [
										0,
										270,
										0
									]
								}
							}
						],
						"events": {
							"on_placed": {
								"sequence": [
									{
										"set_block_property": {
											"minecraft:direction": "query.cardinal_facing_2d - 2"
										}
									}
								]
							}
						}
					}
				},
				"key": "minecraft:block",
				"children": [
					{
						"open": {
							"description": {
								"identifier": "boi:autumn_leaves_pile",
								"properties": {
									"minecraft:direction": {}
								}
							},
							"components": {
								"minecraft:destroy_time": 0.1,
								"minecraft:on_player_placing": {
									"event": "on_placed"
								},
								"minecraft:breathability": "air",
								"minecraft:block_light_absorption": 0,
								"minecraft:material_instances": {
									"*": {
										"texture": "autumn_leaves_pile",
										"render_method": "alpha_test",
										"ambient_occlusion": false,
										"face_dimming": true
									}
								},
								"minecraft:geometry": "geometry.decoration_snow",
								"minecraft:entity_collision": false,
								"minecraft:pick_collision": {
									"origin": [
										-8,
										0,
										-8
									],
									"size": [
										16,
										2,
										16
									]
								},
								"minecraft:placement_filter": {
									"conditions": [
										{
											"allowed_faces": [
												"up"
											]
										}
									]
								}
							},
							"permutations": [
								{
									"condition": "q.block_property('minecraft:direction') == 0",
									"components": {
										"minecraft:rotation": [
											0,
											0,
											0
										]
									}
								},
								{
									"condition": "q.block_property('minecraft:direction') == 1",
									"components": {
										"minecraft:rotation": [
											0,
											180,
											0
										]
									}
								},
								{
									"condition": "q.block_property('minecraft:direction') == 2",
									"components": {
										"minecraft:rotation": [
											0,
											90,
											0
										]
									}
								},
								{
									"condition": "q.block_property('minecraft:direction') == 3",
									"components": {
										"minecraft:rotation": [
											0,
											270,
											0
										]
									}
								}
							],
							"events": {
								"on_placed": {
									"sequence": [
										{
											"set_block_property": {
												"minecraft:direction": "query.cardinal_facing_2d - 2"
											}
										}
									]
								}
							}
						},
						"key": "description",
						"is_minified": true,
						"children": {
							"identifier": "boi:autumn_leaves_pile",
							"properties": {
								"minecraft:direction": {}
							}
						}
					},
					{
						"open": {
							"description": {
								"identifier": "boi:autumn_leaves_pile",
								"properties": {
									"minecraft:direction": {}
								}
							},
							"components": {
								"minecraft:destroy_time": 0.1,
								"minecraft:on_player_placing": {
									"event": "on_placed"
								},
								"minecraft:breathability": "air",
								"minecraft:block_light_absorption": 0,
								"minecraft:material_instances": {
									"*": {
										"texture": "autumn_leaves_pile",
										"render_method": "alpha_test",
										"ambient_occlusion": false,
										"face_dimming": true
									}
								},
								"minecraft:geometry": "geometry.decoration_snow",
								"minecraft:entity_collision": false,
								"minecraft:pick_collision": {
									"origin": [
										-8,
										0,
										-8
									],
									"size": [
										16,
										2,
										16
									]
								},
								"minecraft:placement_filter": {
									"conditions": [
										{
											"allowed_faces": [
												"up"
											]
										}
									]
								}
							},
							"permutations": [
								{
									"condition": "q.block_property('minecraft:direction') == 0",
									"components": {
										"minecraft:rotation": [
											0,
											0,
											0
										]
									}
								},
								{
									"condition": "q.block_property('minecraft:direction') == 1",
									"components": {
										"minecraft:rotation": [
											0,
											180,
											0
										]
									}
								},
								{
									"condition": "q.block_property('minecraft:direction') == 2",
									"components": {
										"minecraft:rotation": [
											0,
											90,
											0
										]
									}
								},
								{
									"condition": "q.block_property('minecraft:direction') == 3",
									"components": {
										"minecraft:rotation": [
											0,
											270,
											0
										]
									}
								}
							],
							"events": {
								"on_placed": {
									"sequence": [
										{
											"set_block_property": {
												"minecraft:direction": "query.cardinal_facing_2d - 2"
											}
										}
									]
								}
							}
						},
						"key": "components",
						"children": [
							{
								"data": "0.1",
								"key": "minecraft:destroy_time"
							},
							{
								"key": "minecraft:on_player_placing",
								"is_minified": true,
								"children": {
									"event": "on_placed"
								}
							},
							{
								"data": "air",
								"key": "minecraft:breathability"
							},
							{
								"data": "0",
								"key": "minecraft:block_light_absorption"
							},
							{
								"key": "minecraft:material_instances",
								"children": [
									{
										"open": {
											"*": {
												"texture": "autumn_leaves_pile",
												"render_method": "alpha_test",
												"ambient_occlusion": false,
												"face_dimming": true
											}
										},
										"key": "*",
										"is_minified": true,
										"children": {
											"texture": "autumn_leaves_pile",
											"render_method": "alpha_test",
											"ambient_occlusion": false,
											"face_dimming": true
										}
									}
								]
							},
							{
								"data": "geometry.decoration_snow",
								"key": "minecraft:geometry"
							},
							{
								"data": "false",
								"key": "minecraft:entity_collision"
							},
							{
								"key": "minecraft:pick_collision",
								"is_minified": true,
								"children": {
									"origin": [
										-8,
										0,
										-8
									],
									"size": [
										16,
										2,
										16
									]
								}
							},
							{
								"key": "minecraft:placement_filter",
								"children": [
									{
										"open": {
											"conditions": [
												{
													"allowed_faces": [
														"up"
													]
												}
											]
										},
										"key": "conditions",
										"children": [
											{
												"open": [
													{
														"allowed_faces": [
															"up"
														]
													}
												],
												"children": [
													{
														"open": {
															"allowed_faces": [
																"up"
															]
														},
														"key": "allowed_faces",
														"is_minified": true,
														"children": [
															"up"
														]
													}
												]
											}
										]
									}
								]
							}
						]
					},
					{
						"key": "permutations",
						"is_minified": true,
						"children": [
							{
								"condition": "q.block_property('minecraft:direction') == 0",
								"components": {
									"minecraft:rotation": [
										0,
										0,
										0
									]
								}
							},
							{
								"condition": "q.block_property('minecraft:direction') == 1",
								"components": {
									"minecraft:rotation": [
										0,
										180,
										0
									]
								}
							},
							{
								"condition": "q.block_property('minecraft:direction') == 2",
								"components": {
									"minecraft:rotation": [
										0,
										90,
										0
									]
								}
							},
							{
								"condition": "q.block_property('minecraft:direction') == 3",
								"components": {
									"minecraft:rotation": [
										0,
										270,
										0
									]
								}
							}
						]
					},
					{
						"open": {
							"description": {
								"identifier": "boi:autumn_leaves_pile",
								"properties": {
									"minecraft:direction": {}
								}
							},
							"components": {
								"minecraft:destroy_time": 0.1,
								"minecraft:on_player_placing": {
									"event": "on_placed"
								},
								"minecraft:breathability": "air",
								"minecraft:block_light_absorption": 0,
								"minecraft:material_instances": {
									"*": {
										"texture": "autumn_leaves_pile",
										"render_method": "alpha_test",
										"ambient_occlusion": false,
										"face_dimming": true
									}
								},
								"minecraft:geometry": "geometry.decoration_snow",
								"minecraft:entity_collision": false,
								"minecraft:pick_collision": {
									"origin": [
										-8,
										0,
										-8
									],
									"size": [
										16,
										2,
										16
									]
								},
								"minecraft:placement_filter": {
									"conditions": [
										{
											"allowed_faces": [
												"up"
											]
										}
									]
								}
							},
							"permutations": [
								{
									"condition": "q.block_property('minecraft:direction') == 0",
									"components": {
										"minecraft:rotation": [
											0,
											0,
											0
										]
									}
								},
								{
									"condition": "q.block_property('minecraft:direction') == 1",
									"components": {
										"minecraft:rotation": [
											0,
											180,
											0
										]
									}
								},
								{
									"condition": "q.block_property('minecraft:direction') == 2",
									"components": {
										"minecraft:rotation": [
											0,
											90,
											0
										]
									}
								},
								{
									"condition": "q.block_property('minecraft:direction') == 3",
									"components": {
										"minecraft:rotation": [
											0,
											270,
											0
										]
									}
								}
							],
							"events": {
								"on_placed": {
									"sequence": [
										{
											"set_block_property": {
												"minecraft:direction": "query.cardinal_facing_2d - 2"
											}
										}
									]
								}
							}
						},
						"key": "events",
						"children": [
							{
								"key": "on_placed",
								"children": [
									{
										"open": {
											"sequence": [
												{
													"set_block_property": {
														"minecraft:direction": "query.cardinal_facing_2d - 2"
													}
												}
											]
										},
										"key": "sequence",
										"children": [
											{
												"open": [
													{
														"set_block_property": {
															"minecraft:direction": "query.cardinal_facing_2d - 2"
														}
													}
												],
												"children": [
													{
														"open": {
															"set_block_property": {
																"minecraft:direction": "query.cardinal_facing_2d - 2"
															}
														},
														"key": "set_block_property",
														"is_minified": true,
														"children": {
															"minecraft:direction": "query.cardinal_facing_2d - 2"
														}
													}
												]
											}
										]
									}
								]
							}
						]
					}
				]
			}
		]
	}
}