{
	"file_uuid": "c7387589_7ec0_46fa_9594_8c139c7b1e93",
	"file_path": "C:\\Users\\fiddy\\AppData\\Local\\Packages\\Microsoft.MinecraftUWP_8wekyb3d8bbwe\\LocalState\\games\\com.mojang\\development_behavior_packs\\H_DecorB\\blocks\\building_blocks\\autumn_leaves.json",
	"file_type": "block",
	"format_version": 1,
	"file_version": 101,
	"cache_content": {
		"children": [
			{
				"data": "1.17.0",
				"key": "format_version"
			},
			{
				"open": {
					"format_version": "1.17.0",
					"minecraft:block": {
						"description": {
							"identifier": "boi:autumn_leaves",
							"properties": {
								"minecraft:direction": {}
							}
						},
						"components": {
							"minecraft:destroy_time": 0.1,
							"minecraft:on_player_placing": {
								"event": "on_placed"
							},
							"minecraft:material_instances": {
								"*": {
									"texture": "autumn_leaves",
									"render_method": "blend"
								}
							},
							"minecraft:unit_cube": {},
							"minecraft:breathability": "air",
							"minecraft:block_light_absorption": 7
						},
						"permutations": [
							{
								"condition": "q.block_property('minecraft:direction') == 0",
								"components": {
									"minecraft:rotation": [
										0,
										0,
										0
									]
								}
							},
							{
								"condition": "q.block_property('minecraft:direction') == 1",
								"components": {
									"minecraft:rotation": [
										0,
										180,
										0
									]
								}
							},
							{
								"condition": "q.block_property('minecraft:direction') == 2",
								"components": {
									"minecraft:rotation": [
										0,
										90,
										0
									]
								}
							},
							{
								"condition": "q.block_property('minecraft:direction') == 3",
								"components": {
									"minecraft:rotation": [
										0,
										270,
										0
									]
								}
							}
						],
						"events": {
							"on_placed": {
								"sequence": [
									{
										"set_block_property": {
											"minecraft:direction": "query.cardinal_facing_2d - 2"
										}
									}
								]
							}
						}
					}
				},
				"key": "minecraft:block",
				"children": [
					{
						"open": {
							"description": {
								"identifier": "boi:autumn_leaves",
								"properties": {
									"minecraft:direction": {}
								}
							},
							"components": {
								"minecraft:destroy_time": 0.1,
								"minecraft:on_player_placing": {
									"event": "on_placed"
								},
								"minecraft:material_instances": {
									"*": {
										"texture": "autumn_leaves",
										"render_method": "blend"
									}
								},
								"minecraft:unit_cube": {},
								"minecraft:breathability": "air",
								"minecraft:block_light_absorption": 7
							},
							"permutations": [
								{
									"condition": "q.block_property('minecraft:direction') == 0",
									"components": {
										"minecraft:rotation": [
											0,
											0,
											0
										]
									}
								},
								{
									"condition": "q.block_property('minecraft:direction') == 1",
									"components": {
										"minecraft:rotation": [
											0,
											180,
											0
										]
									}
								},
								{
									"condition": "q.block_property('minecraft:direction') == 2",
									"components": {
										"minecraft:rotation": [
											0,
											90,
											0
										]
									}
								},
								{
									"condition": "q.block_property('minecraft:direction') == 3",
									"components": {
										"minecraft:rotation": [
											0,
											270,
											0
										]
									}
								}
							],
							"events": {
								"on_placed": {
									"sequence": [
										{
											"set_block_property": {
												"minecraft:direction": "query.cardinal_facing_2d - 2"
											}
										}
									]
								}
							}
						},
						"key": "description",
						"is_minified": true,
						"children": {
							"identifier": "boi:autumn_leaves",
							"properties": {
								"minecraft:direction": {}
							}
						}
					},
					{
						"open": {
							"description": {
								"identifier": "boi:autumn_leaves",
								"properties": {
									"minecraft:direction": {}
								}
							},
							"components": {
								"minecraft:destroy_time": 0.1,
								"minecraft:on_player_placing": {
									"event": "on_placed"
								},
								"minecraft:material_instances": {
									"*": {
										"texture": "autumn_leaves",
										"render_method": "blend"
									}
								},
								"minecraft:unit_cube": {},
								"minecraft:breathability": "air",
								"minecraft:block_light_absorption": 7
							},
							"permutations": [
								{
									"condition": "q.block_property('minecraft:direction') == 0",
									"components": {
										"minecraft:rotation": [
											0,
											0,
											0
										]
									}
								},
								{
									"condition": "q.block_property('minecraft:direction') == 1",
									"components": {
										"minecraft:rotation": [
											0,
											180,
											0
										]
									}
								},
								{
									"condition": "q.block_property('minecraft:direction') == 2",
									"components": {
										"minecraft:rotation": [
											0,
											90,
											0
										]
									}
								},
								{
									"condition": "q.block_property('minecraft:direction') == 3",
									"components": {
										"minecraft:rotation": [
											0,
											270,
											0
										]
									}
								}
							],
							"events": {
								"on_placed": {
									"sequence": [
										{
											"set_block_property": {
												"minecraft:direction": "query.cardinal_facing_2d - 2"
											}
										}
									]
								}
							}
						},
						"key": "components",
						"children": [
							{
								"data": "0.1",
								"key": "minecraft:destroy_time"
							},
							{
								"key": "minecraft:on_player_placing",
								"is_minified": true,
								"children": {
									"event": "on_placed"
								}
							},
							{
								"key": "minecraft:material_instances",
								"children": [
									{
										"open": {
											"*": {
												"texture": "autumn_leaves",
												"render_method": "blend"
											}
										},
										"key": "*",
										"is_minified": true,
										"children": {
											"texture": "autumn_leaves",
											"render_method": "blend"
										}
									}
								]
							},
							{
								"key": "minecraft:unit_cube",
								"is_minified": true,
								"children": {}
							},
							{
								"data": "air",
								"key": "minecraft:breathability"
							},
							{
								"open": {
									"minecraft:destroy_time": 0.1,
									"minecraft:on_player_placing": {
										"event": "on_placed"
									},
									"minecraft:material_instances": {
										"*": {
											"texture": "autumn_leaves",
											"render_method": "blend"
										}
									},
									"minecraft:unit_cube": {},
									"minecraft:breathability": "air",
									"minecraft:block_light_absorption": 7
								},
								"data": "7",
								"key": "minecraft:block_light_absorption"
							}
						]
					},
					{
						"key": "permutations",
						"is_minified": true,
						"children": [
							{
								"condition": "q.block_property('minecraft:direction') == 0",
								"components": {
									"minecraft:rotation": [
										0,
										0,
										0
									]
								}
							},
							{
								"condition": "q.block_property('minecraft:direction') == 1",
								"components": {
									"minecraft:rotation": [
										0,
										180,
										0
									]
								}
							},
							{
								"condition": "q.block_property('minecraft:direction') == 2",
								"components": {
									"minecraft:rotation": [
										0,
										90,
										0
									]
								}
							},
							{
								"condition": "q.block_property('minecraft:direction') == 3",
								"components": {
									"minecraft:rotation": [
										0,
										270,
										0
									]
								}
							}
						]
					},
					{
						"open": {
							"description": {
								"identifier": "boi:autumn_leaves",
								"properties": {
									"minecraft:direction": {}
								}
							},
							"components": {
								"minecraft:destroy_time": 0.1,
								"minecraft:on_player_placing": {
									"event": "on_placed"
								},
								"minecraft:material_instances": {
									"*": {
										"texture": "autumn_leaves",
										"render_method": "blend"
									}
								},
								"minecraft:unit_cube": {},
								"minecraft:breathability": "air",
								"minecraft:block_light_absorption": 7
							},
							"permutations": [
								{
									"condition": "q.block_property('minecraft:direction') == 0",
									"components": {
										"minecraft:rotation": [
											0,
											0,
											0
										]
									}
								},
								{
									"condition": "q.block_property('minecraft:direction') == 1",
									"components": {
										"minecraft:rotation": [
											0,
											180,
											0
										]
									}
								},
								{
									"condition": "q.block_property('minecraft:direction') == 2",
									"components": {
										"minecraft:rotation": [
											0,
											90,
											0
										]
									}
								},
								{
									"condition": "q.block_property('minecraft:direction') == 3",
									"components": {
										"minecraft:rotation": [
											0,
											270,
											0
										]
									}
								}
							],
							"events": {
								"on_placed": {
									"sequence": [
										{
											"set_block_property": {
												"minecraft:direction": "query.cardinal_facing_2d - 2"
											}
										}
									]
								}
							}
						},
						"key": "events",
						"children": [
							{
								"key": "on_placed",
								"children": [
									{
										"open": {
											"sequence": [
												{
													"set_block_property": {
														"minecraft:direction": "query.cardinal_facing_2d - 2"
													}
												}
											]
										},
										"key": "sequence",
										"children": [
											{
												"open": [
													{
														"set_block_property": {
															"minecraft:direction": "query.cardinal_facing_2d - 2"
														}
													}
												],
												"children": [
													{
														"open": {
															"set_block_property": {
																"minecraft:direction": "query.cardinal_facing_2d - 2"
															}
														},
														"key": "set_block_property",
														"is_minified": true,
														"children": {
															"minecraft:direction": "query.cardinal_facing_2d - 2"
														}
													}
												]
											}
										]
									}
								]
							}
						]
					}
				]
			}
		]
	}
}