{
	"file_path": "C:\\Users\\fiddy\\AppData\\Local\\Packages\\Microsoft.MinecraftUWP_8wekyb3d8bbwe\\LocalState\\games\\com.mojang\\development_behavior_packs\\H_DecorB\\blocks\\building_blocks\\bone_pile_skulls.json",
	"file_type": "block",
	"format_version": 1,
	"file_uuid": "54edefe5_b9fa_4a7b_81aa_1e8714d1d52c",
	"file_version": 118,
	"cache_content": {
		"children": [
			{
				"data": "1.17.0",
				"key": "format_version"
			},
			{
				"open": {
					"format_version": "1.17.0",
					"minecraft:block": {
						"description": {
							"identifier": "boi:bone_pile_skulls"
						},
						"components": {
							"minecraft:block_light_absorption": 16,
							"minecraft:destroy_time": 0.3,
							"minecraft:explosion_resistance": 1,
							"minecraft:map_color": "#B89347",
							"minecraft:entity_collision": {
								"origin": [
									-8,
									0,
									-8
								],
								"size": [
									16,
									16,
									16
								]
							},
							"minecraft:pick_collision": {
								"origin": [
									-8,
									0,
									-8
								],
								"size": [
									16,
									16,
									16
								]
							},
							"minecraft:unit_cube": {},
							"minecraft:material_instances": {
								"*": {
									"texture": "bone_pile_skulls"
								}
							}
						}
					}
				},
				"key": "minecraft:block",
				"children": [
					{
						"key": "description",
						"is_minified": true,
						"children": {
							"identifier": "boi:bone_pile_skulls"
						}
					},
					{
						"open": {
							"description": {
								"identifier": "boi:bone_pile_skulls"
							},
							"components": {
								"minecraft:block_light_absorption": 16,
								"minecraft:destroy_time": 0.3,
								"minecraft:explosion_resistance": 1,
								"minecraft:map_color": "#B89347",
								"minecraft:entity_collision": {
									"origin": [
										-8,
										0,
										-8
									],
									"size": [
										16,
										16,
										16
									]
								},
								"minecraft:pick_collision": {
									"origin": [
										-8,
										0,
										-8
									],
									"size": [
										16,
										16,
										16
									]
								},
								"minecraft:unit_cube": {},
								"minecraft:material_instances": {
									"*": {
										"texture": "bone_pile_skulls"
									}
								}
							}
						},
						"key": "components",
						"children": [
							{
								"data": "16",
								"key": "minecraft:block_light_absorption"
							},
							{
								"data": "0.3",
								"key": "minecraft:destroy_time"
							},
							{
								"data": "1",
								"key": "minecraft:explosion_resistance"
							},
							{
								"data": "#B89347",
								"key": "minecraft:map_color"
							},
							{
								"key": "minecraft:entity_collision",
								"is_minified": true,
								"children": {
									"origin": [
										-8,
										0,
										-8
									],
									"size": [
										16,
										16,
										16
									]
								}
							},
							{
								"key": "minecraft:pick_collision",
								"is_minified": true,
								"children": {
									"origin": [
										-8,
										0,
										-8
									],
									"size": [
										16,
										16,
										16
									]
								}
							},
							{
								"key": "minecraft:unit_cube",
								"is_minified": true,
								"children": {}
							},
							{
								"key": "minecraft:material_instances",
								"children": [
									{
										"open": {
											"*": {
												"texture": "bone_pile_skulls"
											}
										},
										"key": "*",
										"is_minified": true,
										"children": {
											"texture": "bone_pile_skulls"
										}
									}
								]
							}
						]
					}
				]
			}
		]
	}
}