{
	"file_path": "C:\\Users\\fiddy\\AppData\\Local\\Packages\\Microsoft.MinecraftUWP_8wekyb3d8bbwe\\LocalState\\games\\com.mojang\\development_behavior_packs\\H_DecorB\\blocks\\building_blocks\\bone_pile.json",
	"file_type": "block",
	"format_version": 1,
	"file_uuid": "9d9d0afe_c3f4_46f3_83e2_1ef8ff4fe534",
	"file_version": 116,
	"cache_content": {
		"children": [
			{
				"data": "1.17.0",
				"key": "format_version"
			},
			{
				"open": {
					"format_version": "1.17.0",
					"minecraft:block": {
						"description": {
							"identifier": "boi:bone_pile",
							"properties": {
								"bridge:block_rotation": [
									0,
									1,
									2,
									3,
									4,
									5,
									6
								]
							}
						},
						"components": {
							"minecraft:on_player_placing": {
								"event": "bridge:update_rotation"
							},
							"minecraft:block_light_absorption": 16,
							"minecraft:destroy_time": 0.3,
							"minecraft:explosion_resistance": 1,
							"minecraft:map_color": "#B89347",
							"minecraft:entity_collision": {
								"origin": [
									-8,
									0,
									-8
								],
								"size": [
									16,
									16,
									16
								]
							},
							"minecraft:pick_collision": {
								"origin": [
									-8,
									0,
									-8
								],
								"size": [
									16,
									16,
									16
								]
							},
							"minecraft:material_instances": {
								"*": {
									"texture": "bone_pile_side",
									"render_method": "opaque"
								},
								"bottom": {
									"texture": "bone_pile_top",
									"render_method": "opaque"
								},
								"top": {
									"texture": "bone_pile_top",
									"render_method": "opaque"
								},
								"down": "bottom",
								"up": "top"
							},
							"minecraft:rotation": [
								0,
								0,
								0
							],
							"minecraft:unit_cube": {}
						},
						"permutations": [
							{
								"condition": "query.block_property('bridge:block_rotation') == 0",
								"components": {
									"minecraft:rotation": [
										0,
										0,
										0
									]
								}
							},
							{
								"condition": "query.block_property('bridge:block_rotation') == 1",
								"components": {
									"minecraft:rotation": [
										0,
										0,
										180
									]
								}
							},
							{
								"condition": "query.block_property('bridge:block_rotation') == 2",
								"components": {
									"minecraft:rotation": [
										0,
										0,
										0
									]
								}
							},
							{
								"condition": "query.block_property('bridge:block_rotation') == 3",
								"components": {
									"minecraft:rotation": [
										90,
										0,
										0
									]
								}
							},
							{
								"condition": "query.block_property('bridge:block_rotation') == 4",
								"components": {
									"minecraft:rotation": [
										-90,
										0,
										0
									]
								}
							},
							{
								"condition": "query.block_property('bridge:block_rotation') == 5",
								"components": {
									"minecraft:rotation": [
										0,
										0,
										-90
									]
								}
							},
							{
								"condition": "query.block_property('bridge:block_rotation') == 6",
								"components": {
									"minecraft:rotation": [
										0,
										0,
										90
									]
								}
							}
						],
						"events": {
							"bridge:update_rotation": {
								"set_block_property": {
									"bridge:block_rotation": "query.block_face + 1"
								}
							}
						}
					}
				},
				"key": "minecraft:block",
				"children": [
					{
						"open": {
							"description": {
								"identifier": "boi:bone_pile",
								"properties": {
									"bridge:block_rotation": [
										0,
										1,
										2,
										3,
										4,
										5,
										6
									]
								}
							},
							"components": {
								"minecraft:on_player_placing": {
									"event": "bridge:update_rotation"
								},
								"minecraft:block_light_absorption": 16,
								"minecraft:destroy_time": 0.3,
								"minecraft:explosion_resistance": 1,
								"minecraft:map_color": "#B89347",
								"minecraft:entity_collision": {
									"origin": [
										-8,
										0,
										-8
									],
									"size": [
										16,
										16,
										16
									]
								},
								"minecraft:pick_collision": {
									"origin": [
										-8,
										0,
										-8
									],
									"size": [
										16,
										16,
										16
									]
								},
								"minecraft:material_instances": {
									"*": {
										"texture": "bone_pile_side",
										"render_method": "opaque"
									},
									"bottom": {
										"texture": "bone_pile_top",
										"render_method": "opaque"
									},
									"top": {
										"texture": "bone_pile_top",
										"render_method": "opaque"
									},
									"down": "bottom",
									"up": "top"
								},
								"minecraft:rotation": [
									0,
									0,
									0
								],
								"minecraft:unit_cube": {}
							},
							"permutations": [
								{
									"condition": "query.block_property('bridge:block_rotation') == 0",
									"components": {
										"minecraft:rotation": [
											0,
											0,
											0
										]
									}
								},
								{
									"condition": "query.block_property('bridge:block_rotation') == 1",
									"components": {
										"minecraft:rotation": [
											0,
											0,
											180
										]
									}
								},
								{
									"condition": "query.block_property('bridge:block_rotation') == 2",
									"components": {
										"minecraft:rotation": [
											0,
											0,
											0
										]
									}
								},
								{
									"condition": "query.block_property('bridge:block_rotation') == 3",
									"components": {
										"minecraft:rotation": [
											90,
											0,
											0
										]
									}
								},
								{
									"condition": "query.block_property('bridge:block_rotation') == 4",
									"components": {
										"minecraft:rotation": [
											-90,
											0,
											0
										]
									}
								},
								{
									"condition": "query.block_property('bridge:block_rotation') == 5",
									"components": {
										"minecraft:rotation": [
											0,
											0,
											-90
										]
									}
								},
								{
									"condition": "query.block_property('bridge:block_rotation') == 6",
									"components": {
										"minecraft:rotation": [
											0,
											0,
											90
										]
									}
								}
							],
							"events": {
								"bridge:update_rotation": {
									"set_block_property": {
										"bridge:block_rotation": "query.block_face + 1"
									}
								}
							}
						},
						"key": "description",
						"is_minified": true,
						"children": {
							"identifier": "boi:bone_pile",
							"properties": {
								"bridge:block_rotation": [
									0,
									1,
									2,
									3,
									4,
									5,
									6
								]
							}
						}
					},
					{
						"open": {
							"description": {
								"identifier": "boi:bone_pile",
								"properties": {
									"bridge:block_rotation": [
										0,
										1,
										2,
										3,
										4,
										5,
										6
									]
								}
							},
							"components": {
								"minecraft:on_player_placing": {
									"event": "bridge:update_rotation"
								},
								"minecraft:block_light_absorption": 16,
								"minecraft:destroy_time": 0.3,
								"minecraft:explosion_resistance": 1,
								"minecraft:map_color": "#B89347",
								"minecraft:entity_collision": {
									"origin": [
										-8,
										0,
										-8
									],
									"size": [
										16,
										16,
										16
									]
								},
								"minecraft:pick_collision": {
									"origin": [
										-8,
										0,
										-8
									],
									"size": [
										16,
										16,
										16
									]
								},
								"minecraft:material_instances": {
									"*": {
										"texture": "bone_pile_side",
										"render_method": "opaque"
									},
									"bottom": {
										"texture": "bone_pile_top",
										"render_method": "opaque"
									},
									"top": {
										"texture": "bone_pile_top",
										"render_method": "opaque"
									},
									"down": "bottom",
									"up": "top"
								},
								"minecraft:rotation": [
									0,
									0,
									0
								],
								"minecraft:unit_cube": {}
							},
							"permutations": [
								{
									"condition": "query.block_property('bridge:block_rotation') == 0",
									"components": {
										"minecraft:rotation": [
											0,
											0,
											0
										]
									}
								},
								{
									"condition": "query.block_property('bridge:block_rotation') == 1",
									"components": {
										"minecraft:rotation": [
											0,
											0,
											180
										]
									}
								},
								{
									"condition": "query.block_property('bridge:block_rotation') == 2",
									"components": {
										"minecraft:rotation": [
											0,
											0,
											0
										]
									}
								},
								{
									"condition": "query.block_property('bridge:block_rotation') == 3",
									"components": {
										"minecraft:rotation": [
											90,
											0,
											0
										]
									}
								},
								{
									"condition": "query.block_property('bridge:block_rotation') == 4",
									"components": {
										"minecraft:rotation": [
											-90,
											0,
											0
										]
									}
								},
								{
									"condition": "query.block_property('bridge:block_rotation') == 5",
									"components": {
										"minecraft:rotation": [
											0,
											0,
											-90
										]
									}
								},
								{
									"condition": "query.block_property('bridge:block_rotation') == 6",
									"components": {
										"minecraft:rotation": [
											0,
											0,
											90
										]
									}
								}
							],
							"events": {
								"bridge:update_rotation": {
									"set_block_property": {
										"bridge:block_rotation": "query.block_face + 1"
									}
								}
							}
						},
						"key": "components",
						"children": [
							{
								"key": "minecraft:on_player_placing",
								"is_minified": true,
								"children": {
									"event": "bridge:update_rotation"
								}
							},
							{
								"data": "16",
								"key": "minecraft:block_light_absorption"
							},
							{
								"data": "0.3",
								"key": "minecraft:destroy_time"
							},
							{
								"data": "1",
								"key": "minecraft:explosion_resistance"
							},
							{
								"data": "#B89347",
								"key": "minecraft:map_color"
							},
							{
								"key": "minecraft:entity_collision",
								"is_minified": true,
								"children": {
									"origin": [
										-8,
										0,
										-8
									],
									"size": [
										16,
										16,
										16
									]
								}
							},
							{
								"key": "minecraft:pick_collision",
								"is_minified": true,
								"children": {
									"origin": [
										-8,
										0,
										-8
									],
									"size": [
										16,
										16,
										16
									]
								}
							},
							{
								"open": {
									"minecraft:on_player_placing": {
										"event": "bridge:update_rotation"
									},
									"minecraft:block_light_absorption": 16,
									"minecraft:destroy_time": 0.3,
									"minecraft:explosion_resistance": 1,
									"minecraft:map_color": "#B89347",
									"minecraft:entity_collision": {
										"origin": [
											-8,
											0,
											-8
										],
										"size": [
											16,
											16,
											16
										]
									},
									"minecraft:pick_collision": {
										"origin": [
											-8,
											0,
											-8
										],
										"size": [
											16,
											16,
											16
										]
									},
									"minecraft:material_instances": {
										"*": {
											"texture": "bone_pile_side",
											"render_method": "opaque"
										},
										"bottom": {
											"texture": "bone_pile_top",
											"render_method": "opaque"
										},
										"top": {
											"texture": "bone_pile_top",
											"render_method": "opaque"
										},
										"down": "bottom",
										"up": "top"
									},
									"minecraft:rotation": [
										0,
										0,
										0
									],
									"minecraft:unit_cube": {}
								},
								"key": "minecraft:material_instances",
								"children": [
									{
										"open": {
											"*": {
												"texture": "bone_pile_side",
												"render_method": "opaque"
											},
											"bottom": {
												"texture": "bone_pile_top",
												"render_method": "opaque"
											},
											"top": {
												"texture": "bone_pile_top",
												"render_method": "opaque"
											},
											"down": "bottom",
											"up": "top"
										},
										"key": "*",
										"is_minified": true,
										"children": {
											"texture": "bone_pile_side",
											"render_method": "opaque"
										}
									},
									{
										"open": {
											"*": {
												"texture": "bone_pile_side",
												"render_method": "opaque"
											},
											"bottom": {
												"texture": "bone_pile_top",
												"render_method": "opaque"
											},
											"top": {
												"texture": "bone_pile_top",
												"render_method": "opaque"
											},
											"down": "bottom",
											"up": "top"
										},
										"key": "bottom",
										"is_minified": true,
										"children": {
											"texture": "bone_pile_top",
											"render_method": "opaque"
										}
									},
									{
										"open": {
											"*": {
												"texture": "bone_pile_side",
												"render_method": "opaque"
											},
											"bottom": {
												"texture": "bone_pile_top",
												"render_method": "opaque"
											},
											"top": {
												"texture": "bone_pile_top",
												"render_method": "opaque"
											},
											"down": "bottom",
											"up": "top"
										},
										"key": "top",
										"is_minified": true,
										"children": {
											"texture": "bone_pile_top",
											"render_method": "opaque"
										}
									},
									{
										"data": "bottom",
										"key": "down"
									},
									{
										"data": "top",
										"key": "up"
									}
								]
							},
							{
								"key": "minecraft:rotation",
								"is_minified": true,
								"children": [
									0,
									0,
									0
								]
							},
							{
								"key": "minecraft:unit_cube",
								"is_minified": true,
								"children": {}
							}
						]
					},
					{
						"key": "permutations",
						"is_minified": true,
						"children": [
							{
								"condition": "query.block_property('bridge:block_rotation') == 0",
								"components": {
									"minecraft:rotation": [
										0,
										0,
										0
									]
								}
							},
							{
								"condition": "query.block_property('bridge:block_rotation') == 1",
								"components": {
									"minecraft:rotation": [
										0,
										0,
										180
									]
								}
							},
							{
								"condition": "query.block_property('bridge:block_rotation') == 2",
								"components": {
									"minecraft:rotation": [
										0,
										0,
										0
									]
								}
							},
							{
								"condition": "query.block_property('bridge:block_rotation') == 3",
								"components": {
									"minecraft:rotation": [
										90,
										0,
										0
									]
								}
							},
							{
								"condition": "query.block_property('bridge:block_rotation') == 4",
								"components": {
									"minecraft:rotation": [
										-90,
										0,
										0
									]
								}
							},
							{
								"condition": "query.block_property('bridge:block_rotation') == 5",
								"components": {
									"minecraft:rotation": [
										0,
										0,
										-90
									]
								}
							},
							{
								"condition": "query.block_property('bridge:block_rotation') == 6",
								"components": {
									"minecraft:rotation": [
										0,
										0,
										90
									]
								}
							}
						]
					},
					{
						"key": "events",
						"is_minified": true,
						"children": {
							"bridge:update_rotation": {
								"set_block_property": {
									"bridge:block_rotation": "query.block_face + 1"
								}
							}
						}
					}
				]
			}
		]
	}
}