{
	"file_path": "C:\\Users\\fiddy\\AppData\\Local\\Packages\\Microsoft.MinecraftUWP_8wekyb3d8bbwe\\LocalState\\games\\com.mojang\\development_behavior_packs\\H_DecorB\\blocks\\building_blocks\\TEMP_bricks.json",
	"file_type": "block",
	"format_version": 1,
	"file_uuid": "d29e9431_5b7d_404a_9a4b_ce2bb2f277c3",
	"file_version": 135,
	"cache_content": {
		"children": [
			{
				"data": "1.17.0",
				"key": "format_version"
			},
			{
				"open": {
					"format_version": "1.17.0",
					"minecraft:block": {
						"description": {
							"identifier": "boi:temp_bricks",
							"properties": {
								"minecraft:direction": {}
							}
						},
						"components": {
							"minecraft:block_light_absorption": 16,
							"minecraft:destroy_time": 0.3,
							"minecraft:explosion_resistance": 1,
							"minecraft:map_color": "#B89347",
							"minecraft:entity_collision": {
								"origin": [
									-8,
									0,
									-8
								],
								"size": [
									16,
									16,
									16
								]
							},
							"minecraft:pick_collision": {
								"origin": [
									-8,
									0,
									-8
								],
								"size": [
									16,
									16,
									16
								]
							},
							"minecraft:unit_cube": {},
							"minecraft:material_instances": {
								"*": {
									"texture": "stonebrick"
								}
							},
							"minecraft:ticking": {
								"looping": true,
								"range": [
									1,
									3
								],
								"on_tick": {
									"event": "test"
								}
							},
							"minecraft:random_ticking": {
								"on_tick": {
									"event": "test"
								}
							}
						},
						"events": {
							"transform": {
								"randomize": [
									{
										"weight": 77,
										"run_command": {
											"command": [
												"setblock ~~~ stonebrick"
											]
										}
									},
									{
										"weight": 14,
										"run_command": {
											"command": [
												"setblock ~~~ stonebrick 1"
											]
										}
									},
									{
										"weight": 10,
										"run_command": {
											"command": [
												"setblock ~~~ stonebrick 2"
											]
										}
									}
								]
							},
							"test": {
								"run_command": {
									"command": [
										"playsound bubble.pop @a ~~~",
										"fill ~15~15~15 ~-15~-15~-15 boi:temp_bricks [\"direction\":0] replace boi:temp_bricks"
									]
								},
								"trigger": {
									"event": "transform"
								}
							}
						},
						"permutations": [
							{
								"condition": "q.block_property('minecraft:direction') == 0",
								"components": {
									"minecraft:ticking": {
										"looping": true,
										"range": [
											1,
											3
										],
										"on_tick": {
											"event": "test"
										}
									},
									"minecraft:on_placed": {
										"event": "test"
									},
									"minecraft:on_player_placing": {
										"event": "test"
									}
								}
							}
						]
					}
				},
				"key": "minecraft:block",
				"children": [
					{
						"open": {
							"description": {
								"identifier": "boi:temp_bricks",
								"properties": {
									"minecraft:direction": {}
								}
							},
							"components": {
								"minecraft:block_light_absorption": 16,
								"minecraft:destroy_time": 0.3,
								"minecraft:explosion_resistance": 1,
								"minecraft:map_color": "#B89347",
								"minecraft:entity_collision": {
									"origin": [
										-8,
										0,
										-8
									],
									"size": [
										16,
										16,
										16
									]
								},
								"minecraft:pick_collision": {
									"origin": [
										-8,
										0,
										-8
									],
									"size": [
										16,
										16,
										16
									]
								},
								"minecraft:unit_cube": {},
								"minecraft:material_instances": {
									"*": {
										"texture": "stonebrick"
									}
								},
								"minecraft:ticking": {
									"looping": true,
									"range": [
										1,
										3
									],
									"on_tick": {
										"event": "test"
									}
								},
								"minecraft:random_ticking": {
									"on_tick": {
										"event": "test"
									}
								}
							},
							"events": {
								"transform": {
									"randomize": [
										{
											"weight": 77,
											"run_command": {
												"command": [
													"setblock ~~~ stonebrick"
												]
											}
										},
										{
											"weight": 14,
											"run_command": {
												"command": [
													"setblock ~~~ stonebrick 1"
												]
											}
										},
										{
											"weight": 10,
											"run_command": {
												"command": [
													"setblock ~~~ stonebrick 2"
												]
											}
										}
									]
								},
								"test": {
									"run_command": {
										"command": [
											"playsound bubble.pop @a ~~~",
											"fill ~15~15~15 ~-15~-15~-15 boi:temp_bricks [\"direction\":0] replace boi:temp_bricks"
										]
									},
									"trigger": {
										"event": "transform"
									}
								}
							},
							"permutations": [
								{
									"condition": "q.block_property('minecraft:direction') == 0",
									"components": {
										"minecraft:ticking": {
											"looping": true,
											"range": [
												1,
												3
											],
											"on_tick": {
												"event": "test"
											}
										},
										"minecraft:on_placed": {
											"event": "test"
										},
										"minecraft:on_player_placing": {
											"event": "test"
										}
									}
								}
							]
						},
						"key": "description",
						"children": [
							{
								"data": "boi:temp_bricks",
								"key": "identifier"
							},
							{
								"open": {
									"identifier": "boi:temp_bricks",
									"properties": {
										"minecraft:direction": {}
									}
								},
								"key": "properties",
								"is_minified": true,
								"children": {
									"minecraft:direction": {}
								}
							}
						]
					},
					{
						"open": {
							"description": {
								"identifier": "boi:temp_bricks",
								"properties": {
									"minecraft:direction": {}
								}
							},
							"components": {
								"minecraft:block_light_absorption": 16,
								"minecraft:destroy_time": 0.3,
								"minecraft:explosion_resistance": 1,
								"minecraft:map_color": "#B89347",
								"minecraft:entity_collision": {
									"origin": [
										-8,
										0,
										-8
									],
									"size": [
										16,
										16,
										16
									]
								},
								"minecraft:pick_collision": {
									"origin": [
										-8,
										0,
										-8
									],
									"size": [
										16,
										16,
										16
									]
								},
								"minecraft:unit_cube": {},
								"minecraft:material_instances": {
									"*": {
										"texture": "stonebrick"
									}
								},
								"minecraft:ticking": {
									"looping": true,
									"range": [
										1,
										3
									],
									"on_tick": {
										"event": "test"
									}
								},
								"minecraft:random_ticking": {
									"on_tick": {
										"event": "test"
									}
								}
							},
							"events": {
								"transform": {
									"randomize": [
										{
											"weight": 77,
											"run_command": {
												"command": [
													"setblock ~~~ stonebrick"
												]
											}
										},
										{
											"weight": 14,
											"run_command": {
												"command": [
													"setblock ~~~ stonebrick 1"
												]
											}
										},
										{
											"weight": 10,
											"run_command": {
												"command": [
													"setblock ~~~ stonebrick 2"
												]
											}
										}
									]
								},
								"test": {
									"run_command": {
										"command": [
											"playsound bubble.pop @a ~~~",
											"fill ~15~15~15 ~-15~-15~-15 boi:temp_bricks [\"direction\":0] replace boi:temp_bricks"
										]
									},
									"trigger": {
										"event": "transform"
									}
								}
							},
							"permutations": [
								{
									"condition": "q.block_property('minecraft:direction') == 0",
									"components": {
										"minecraft:ticking": {
											"looping": true,
											"range": [
												1,
												3
											],
											"on_tick": {
												"event": "test"
											}
										},
										"minecraft:on_placed": {
											"event": "test"
										},
										"minecraft:on_player_placing": {
											"event": "test"
										}
									}
								}
							]
						},
						"key": "components",
						"children": [
							{
								"data": "16",
								"key": "minecraft:block_light_absorption"
							},
							{
								"data": "0.3",
								"key": "minecraft:destroy_time"
							},
							{
								"data": "1",
								"key": "minecraft:explosion_resistance"
							},
							{
								"data": "#B89347",
								"key": "minecraft:map_color"
							},
							{
								"key": "minecraft:entity_collision",
								"is_minified": true,
								"children": {
									"origin": [
										-8,
										0,
										-8
									],
									"size": [
										16,
										16,
										16
									]
								}
							},
							{
								"key": "minecraft:pick_collision",
								"is_minified": true,
								"children": {
									"origin": [
										-8,
										0,
										-8
									],
									"size": [
										16,
										16,
										16
									]
								}
							},
							{
								"key": "minecraft:unit_cube",
								"is_minified": true,
								"children": {}
							},
							{
								"key": "minecraft:material_instances",
								"is_minified": true,
								"children": {
									"*": {
										"texture": "stonebrick"
									}
								}
							},
							{
								"key": "minecraft:ticking",
								"children": [
									{
										"data": "true",
										"key": "looping"
									},
									{
										"key": "range",
										"is_minified": true,
										"children": [
											1,
											3
										]
									},
									{
										"open": {
											"looping": true,
											"range": [
												1,
												3
											],
											"on_tick": {
												"event": "test"
											}
										},
										"key": "on_tick",
										"is_minified": true,
										"children": {
											"event": "test"
										}
									}
								]
							},
							{
								"key": "minecraft:random_ticking",
								"children": [
									{
										"open": {
											"on_tick": {
												"event": "test"
											}
										},
										"key": "on_tick",
										"is_minified": true,
										"children": {
											"event": "test"
										}
									}
								]
							}
						]
					},
					{
						"open": {
							"description": {
								"identifier": "boi:temp_bricks",
								"properties": {
									"minecraft:direction": {}
								}
							},
							"components": {
								"minecraft:block_light_absorption": 16,
								"minecraft:destroy_time": 0.3,
								"minecraft:explosion_resistance": 1,
								"minecraft:map_color": "#B89347",
								"minecraft:entity_collision": {
									"origin": [
										-8,
										0,
										-8
									],
									"size": [
										16,
										16,
										16
									]
								},
								"minecraft:pick_collision": {
									"origin": [
										-8,
										0,
										-8
									],
									"size": [
										16,
										16,
										16
									]
								},
								"minecraft:unit_cube": {},
								"minecraft:material_instances": {
									"*": {
										"texture": "stonebrick"
									}
								},
								"minecraft:ticking": {
									"looping": true,
									"range": [
										1,
										3
									],
									"on_tick": {
										"event": "test"
									}
								},
								"minecraft:random_ticking": {
									"on_tick": {
										"event": "test"
									}
								}
							},
							"events": {
								"transform": {
									"randomize": [
										{
											"weight": 77,
											"run_command": {
												"command": [
													"setblock ~~~ stonebrick"
												]
											}
										},
										{
											"weight": 14,
											"run_command": {
												"command": [
													"setblock ~~~ stonebrick 1"
												]
											}
										},
										{
											"weight": 10,
											"run_command": {
												"command": [
													"setblock ~~~ stonebrick 2"
												]
											}
										}
									]
								},
								"test": {
									"run_command": {
										"command": [
											"playsound bubble.pop @a ~~~",
											"fill ~15~15~15 ~-15~-15~-15 boi:temp_bricks [\"direction\":0] replace boi:temp_bricks"
										]
									},
									"trigger": {
										"event": "transform"
									}
								}
							},
							"permutations": [
								{
									"condition": "q.block_property('minecraft:direction') == 0",
									"components": {
										"minecraft:ticking": {
											"looping": true,
											"range": [
												1,
												3
											],
											"on_tick": {
												"event": "test"
											}
										},
										"minecraft:on_placed": {
											"event": "test"
										},
										"minecraft:on_player_placing": {
											"event": "test"
										}
									}
								}
							]
						},
						"key": "events",
						"children": [
							{
								"key": "transform",
								"children": [
									{
										"open": {
											"randomize": [
												{
													"weight": 77,
													"run_command": {
														"command": [
															"setblock ~~~ stonebrick"
														]
													}
												},
												{
													"weight": 14,
													"run_command": {
														"command": [
															"setblock ~~~ stonebrick 1"
														]
													}
												},
												{
													"weight": 10,
													"run_command": {
														"command": [
															"setblock ~~~ stonebrick 2"
														]
													}
												}
											]
										},
										"key": "randomize",
										"children": [
											{
												"children": [
													{
														"open": {
															"weight": 77,
															"run_command": {
																"command": [
																	"setblock ~~~ stonebrick"
																]
															}
														},
														"data": "77",
														"key": "weight"
													},
													{
														"open": {
															"weight": 77,
															"run_command": {
																"command": [
																	"setblock ~~~ stonebrick"
																]
															}
														},
														"key": "run_command",
														"children": [
															{
																"open": {
																	"command": [
																		"setblock ~~~ stonebrick"
																	]
																},
																"key": "command",
																"is_minified": true,
																"children": [
																	"setblock ~~~ stonebrick"
																]
															}
														]
													}
												]
											},
											{
												"children": [
													{
														"open": {
															"weight": 14,
															"run_command": {
																"command": [
																	"setblock ~~~ stonebrick 1"
																]
															}
														},
														"data": "14",
														"key": "weight"
													},
													{
														"open": {
															"weight": 14,
															"run_command": {
																"command": [
																	"setblock ~~~ stonebrick 1"
																]
															}
														},
														"key": "run_command",
														"children": [
															{
																"open": {
																	"command": [
																		"setblock ~~~ stonebrick 1"
																	]
																},
																"key": "command",
																"is_minified": true,
																"children": [
																	"setblock ~~~ stonebrick 1"
																]
															}
														]
													}
												]
											},
											{
												"children": [
													{
														"open": {
															"weight": 10,
															"run_command": {
																"command": [
																	"setblock ~~~ stonebrick 2"
																]
															}
														},
														"data": "10",
														"key": "weight"
													},
													{
														"open": {
															"weight": 10,
															"run_command": {
																"command": [
																	"setblock ~~~ stonebrick 2"
																]
															}
														},
														"key": "run_command",
														"children": [
															{
																"open": {
																	"command": [
																		"setblock ~~~ stonebrick 2"
																	]
																},
																"key": "command",
																"is_minified": true,
																"children": [
																	"setblock ~~~ stonebrick 2"
																]
															}
														]
													}
												]
											}
										]
									}
								]
							},
							{
								"key": "test",
								"children": [
									{
										"open": {
											"run_command": {
												"command": [
													"playsound bubble.pop @a ~~~",
													"fill ~15~15~15 ~-15~-15~-15 boi:temp_bricks [\"direction\":0] replace boi:temp_bricks"
												]
											},
											"trigger": {
												"event": "transform"
											}
										},
										"key": "run_command",
										"children": [
											{
												"open": {
													"command": [
														"playsound bubble.pop @a ~~~",
														"fill ~15~15~15 ~-15~-15~-15 boi:temp_bricks [\"direction\":0] replace boi:temp_bricks"
													]
												},
												"key": "command",
												"is_minified": true,
												"children": [
													"playsound bubble.pop @a ~~~",
													"fill ~15~15~15 ~-15~-15~-15 boi:temp_bricks [\"direction\":0] replace boi:temp_bricks"
												]
											}
										]
									},
									{
										"key": "trigger",
										"is_minified": true,
										"children": {
											"event": "transform"
										}
									}
								]
							}
						]
					},
					{
						"open": {
							"description": {
								"identifier": "boi:temp_bricks",
								"properties": {
									"minecraft:direction": {}
								}
							},
							"components": {
								"minecraft:block_light_absorption": 16,
								"minecraft:destroy_time": 0.3,
								"minecraft:explosion_resistance": 1,
								"minecraft:map_color": "#B89347",
								"minecraft:entity_collision": {
									"origin": [
										-8,
										0,
										-8
									],
									"size": [
										16,
										16,
										16
									]
								},
								"minecraft:pick_collision": {
									"origin": [
										-8,
										0,
										-8
									],
									"size": [
										16,
										16,
										16
									]
								},
								"minecraft:unit_cube": {},
								"minecraft:material_instances": {
									"*": {
										"texture": "stonebrick"
									}
								},
								"minecraft:ticking": {
									"looping": true,
									"range": [
										1,
										3
									],
									"on_tick": {
										"event": "test"
									}
								},
								"minecraft:random_ticking": {
									"on_tick": {
										"event": "test"
									}
								}
							},
							"events": {
								"transform": {
									"randomize": [
										{
											"weight": 77,
											"run_command": {
												"command": [
													"setblock ~~~ stonebrick"
												]
											}
										},
										{
											"weight": 14,
											"run_command": {
												"command": [
													"setblock ~~~ stonebrick 1"
												]
											}
										},
										{
											"weight": 10,
											"run_command": {
												"command": [
													"setblock ~~~ stonebrick 2"
												]
											}
										}
									]
								},
								"test": {
									"run_command": {
										"command": [
											"playsound bubble.pop @a ~~~",
											"fill ~15~15~15 ~-15~-15~-15 boi:temp_bricks [\"direction\":0] replace boi:temp_bricks"
										]
									},
									"trigger": {
										"event": "transform"
									}
								}
							},
							"permutations": [
								{
									"condition": "q.block_property('minecraft:direction') == 0",
									"components": {
										"minecraft:ticking": {
											"looping": true,
											"range": [
												1,
												3
											],
											"on_tick": {
												"event": "test"
											}
										},
										"minecraft:on_placed": {
											"event": "test"
										},
										"minecraft:on_player_placing": {
											"event": "test"
										}
									}
								}
							]
						},
						"key": "permutations",
						"is_minified": true,
						"children": [
							{
								"condition": "q.block_property('minecraft:direction') == 0",
								"components": {
									"minecraft:ticking": {
										"looping": true,
										"range": [
											1,
											3
										],
										"on_tick": {
											"event": "test"
										}
									},
									"minecraft:on_placed": {
										"event": "test"
									},
									"minecraft:on_player_placing": {
										"event": "test"
									}
								}
							}
						]
					}
				]
			}
		]
	}
}