{
  "format_version": "1.13.0",
  "minecraft:entity": {    
    "description": {
      "identifier": "op_asa:meteo_particle_e",
      "is_spawnable": false,
      "is_summonable": true,
      "is_experimental": false
    },
    "component_groups": {
      "op_asa:despawn":{
        "minecraft:instant_despawn": {}
      }
    },
    "components": {
      "minecraft:timer": {
        "looping": false,
        "randomInterval": false,
        "time": 0,
        "time_down_event": {
         "event": "op_asa:event1",
         "target": "self"
        }
      },
      "minecraft:transformation": {
        "into": "op_asa:despawn",
        "delay": 2
      },
      "minecraft:type_family": {
        "family": [ "zusizusi" ]
      },
      "minecraft:collision_box": {
        "width": 0.0,
        "height": 0.0
      },
      "minecraft:damage_sensor": {
        "triggers": {
            "on_damage": {"filters": {}},
            "deals_damage": false
        }
      }
    },
    "events": {
      "op_asa:event1":{
        "sequence":[
          {
            "run_command":{
              "command":"effect @e[r=5,tag=!zusizusi,family=!zusizusi] slowness 3 10 true"
            }
          },
          {
            "run_command":{
              "command":"summon op_asa:meteo_e_small ~~100~"
            }
          },
          {
            "run_command":{
              "command":"summon op_asa:meteo_e_small ~~125~"
            }
          },
          {
            "run_command":{
              "command":"summon op_asa:meteo_e_small ~~150~"
            }
          }
        ]
      }
    }
  }
}