{
  "format_version": "1.13.0",
  "minecraft:entity": {
    "description": {
      "identifier": "op_asa:zusi_stone",
      "is_spawnable": false,
      "is_summonable": true,
      "is_experimental": false
    },
    "component_groups": {
      "op_asa:on_ground": {
        "minecraft:variant":{
          "value":1
        },
        "minecraft:movement": {
          "value": 0.2
        }
      },
      "op_asa:not_on_ground": {
        "minecraft:variant":{
          "value":2
        },
        "minecraft:movement": {
          "value": 0.4
        }
      },
      "op_asa:to_item": {
        "minecraft:spawn_entity": {
          "entities": {
            "min_wait_time": 0,
            "max_wait_time": 0,
            "spawn_item": "minecraft:stone"
          }
        },
        "minecraft:instant_despawn": {}
      },
      "op_asa:despawn": {
        "minecraft:instant_despawn": {}
      }
    },

    "components": {
      "minecraft:timer": {
        "looping": true,
        "randomInterval": false,
        "time": 0,
        "time_down_event": {
         "event": "op_asa:timer_event",
         "target": "self"
        }
      },
      "minecraft:type_family": {
        "family": ["inanimate","zusizusi","zusi_block"]
      },
      "minecraft:breathable": {
        "breathesWater": true,
        "breathesLava": true,
        "breathesSolids": true
      },
      "minecraft:behavior.float": {
        "priority": 0
      },
      "minecraft:navigation.walk": {
        "is_amphibious": false
      },
      "minecraft:collision_box": {
        "width":0.6,
        "height":0.6
      },
      "minecraft:knockback_resistance": {
        "value": 1
      },
      "minecraft:movement.basic": {},
      "minecraft:jump.static": {},
      "minecraft:health": {
        "value": 5,
        "max": 5
      },
      "minecraft:rideable": {
        "seat_count": 1,
        "family_types": ["player"],
        "interact_text": "action.interact.ride.boat",
        "seats": {
          "position": [ 0.0,0.85,0.0 ]
        }
      },
      "minecraft:environment_sensor": {
        "triggers": [
          {
            "filters": {
              "all_of": [
                {
                  "test": "on_ground",
                  "value":true
                },
                {
                  "test": "is_variant",
                  "operator":"!=",
                  "value":1
                }
              ]
            },
            "event": "op_asa:on_ground"
          },
          {
            "filters": {
              "all_of": [
                {
                  "test": "on_ground",
                  "value":false
                },
                {
                  "test": "is_variant",
                  "operator":"!=",
                  "value":2
                }
              ]
            },
            "event": "op_asa:not_on_ground"
          }
        ]
      },
      "minecraft:damage_sensor": {
        "triggers": [
          {
            "on_damage": {
              "filters": {
                "all_of": [
                  {
                    "test": "is_family",
                    "subject": "other",
                    "value": "player"
                  }
                ]
              },
              "event": "op_asa:to_item"
            },
            "deals_damage": false
          },
          {
            "cause": "fall",
            "deals_damage": false
          }
        ]
      },
      "minecraft:input_ground_controlled": {},
      "minecraft:pushable": {
        "is_pushable": false,
        "is_pushable_by_piston": true
      },
      "minecraft:physics": {}
    },

    "events": {
      "op_asa:on_ground": {
        "remove":{
          "component_groups":[
            "op_asa:not_on_ground"
          ]
        },
        "add": {
          "component_groups": [
            "op_asa:on_ground"
          ]
        }
      },
      "op_asa:not_on_ground": {
        "remove": {
          "component_groups": [
            "op_asa:on_ground"
          ]
        },
        "add":{
          "component_groups":[
            "op_asa:not_on_ground"
          ]
        }
      },
      "op_asa:timer_event":{
        "run_command":{
          "command":"function akumanomi/zusizusi/zusi_block"
        }
      },
      "op_asa:to_item": {
        "add": {
          "component_groups": [
            "op_asa:to_item"
          ]
        }
      },
      "op_asa:to_block": {
        "sequence":[
          {
            "add": {
              "component_groups": [
                "op_asa:despawn"
              ]
            }
          },
          {
            "run_command":{
              "command":"fill ~~~ ~~~ stone"
            }
          }
        ]
      }
    }

  }
}