{
  "format_version": "1.13.0",
  "minecraft:entity": {
    "description": {
      "identifier": "op_asa:zusi_block_check",
      "is_spawnable": false,
      "is_summonable": true,
      "is_experimental": false
    },
    "component_groups": {
      "op_asa:despawn":{
        "minecraft:instant_despawn": {}
      }
    },

    "components": {
      "minecraft:timer": {
        "looping": false,
        "randomInterval": false,
        "time": 0,
        "time_down_event": {
         "event": "op_asa:timer_event",
         "target": "self"
        }
      },
      "minecraft:damage_sensor": {
        "triggers": {
            "on_damage": {"filters": {}},
            "deals_damage": false
        }
      },
      "minecraft:fire_immune": {
      },
      "minecraft:collision_box": {
        "width":0,
        "height":0
      },
      "minecraft:physics": {
      },
      "minecraft:pushable": {
        "is_pushable": false,
        "is_pushable_by_piston":false
      },
      "minecraft:conditional_bandwidth_optimization": {
        "default_values": {
          "max_optimized_distance": 80.0,
          "max_dropped_ticks": 10,
          "use_motion_prediction_hints": true
        }
      }
    },

    "events": {
      "op_asa:timer_event":{
        "sequence":[
          {
            "add":{
              "component_groups":[
                "op_asa:despawn"
              ]
            }
          },
          {
            "run_command":{
              "command":"execute @s ~~~ detect ~~-1~ grass 0 tag @s add grass"
            }
          },
          {
            "run_command":{
              "command":"execute @s[tag=grass] ~~~ setblock ~~-1~ air"
            }
          },
          {
            "run_command":{
              "command":"execute @s[tag=grass] ~~~ summon op_asa:zusi_grass ~~-1~"
            }
          },
          {
            "run_command":{
              "command":"execute @s ~~~ detect ~~-1~ dirt 0 tag @s add dirt"
            }
          },
          {
            "run_command":{
              "command":"execute @s[tag=dirt] ~~~ setblock ~~-1~ air"
            }
          },
          {
            "run_command":{
              "command":"execute @s[tag=dirt] ~~~ summon op_asa:zusi_dirt ~~-1~"
            }
          },
          {
            "run_command":{
              "command":"execute @s ~~~ detect ~~-1~ stone 0 tag @s add stone"
            }
          },
          {
            "run_command":{
              "command":"execute @s[tag=stone] ~~~ setblock ~~-1~ air"
            }
          },
          {
            "run_command":{
              "command":"execute @s[tag=stone] ~~~ summon op_asa:zusi_stone ~~-1~"
            }
          }
        ]
      }
    }

  }
}