{
  "format_version": "1.12",
  "minecraft:recipe_shaped": {
    "description": {
      "identifier": "melted_mallows_2ec444dc"
    },
    "tags": [
      "crafting_table"
    ],
    "pattern": [
      " AB",
      " C "
    ],
    "key": {
      "A": {
        "item": "mystery:almond_water",
        "data": 0
      },
      "B": {
        "item": "mystery:greasy_marshmallows",
        "data": 0
      },
      "C": {
        "item": "mystery:fire_salt_crystal",
        "data": 0
      }
    },
    "result": {
      "item": "mystery:melted_mallows",
      "count": 1
    }
  }
}