{
  "format_version": "1.12",
  "minecraft:recipe_shapeless": {
    "description": {
      "identifier": "recipes_b847a9f3"
    },
    "tags": [
      "crafting_table"
    ],
    "ingredients": [
      {
        "item": "mystery:baseball_bat",
        "data": 0
      },
      {
        "item": "mystery:nail",
        "data": 0
      },
      {
        "item": "mystery:nail",
        "data": 0
      },
      {
        "item": "mystery:nail",
        "data": 0
      }
    ],
    "result": {
      "item": "mystery:baseball_bat_nailed",
      "count": 1
    }
  }
}