{
  "format_version": "1.12",
  "minecraft:recipe_shapeless": {
    "description": {
      "identifier": "recipes_8c3fc75c"
    },
    "tags": [
      "crafting_table"
    ],
    "ingredients": [
      {
        "item": "mystery:wormling",
        "data": 0
      },
      {
        "item": "mystery:wormling",
        "data": 0
      },
      {
        "item": "mystery:glass_beaker",
        "data": 0
      },
      {
        "item": "mystery:wormling",
        "data": 0
      }
    ],
    "result": {
      "item": "mystery:crushed_wormlings",
      "count": 1
    }
  }
}