{
  "format_version": "1.13.0",
  "minecraft:entity": {    
    "description": {
      "identifier": "op_asa:buster_attack",
      "is_spawnable": false,
      "is_summonable": true,
      "is_experimental": false
    },
    "component_groups": {

    },
    "components": {
      "minecraft:type_family": {
        "family": [ "attack" ]
      },
      "minecraft:collision_box": {
        "width": 0.0,
        "height": 0.0
      },
      "minecraft:explode": {
        "breaks_blocks":true,
        "fuse_length": 0,
        "fuse_lit": true,
        "power": 4,
        "causes_fire": true,
        "destroy_affected_by_griefing": true
      },
      "minecraft:transformation": {
        "into": "op_asa:despawn",
        "delay": 0.5
      },
      "minecraft:damage_sensor": {
        "triggers": {
            "on_damage": {"filters": {}},
            "deals_damage": false
        }
      }
    },
    "events": {
    }
  }
}