{
	"format_version": "1.12.0",
	"minecraft:geometry": [
		{
			"description": {
				"identifier": "geometry.Ink_demon_ag1",
				"texture_width": 128,
				"texture_height": 128,
				"visible_bounds_width": 3,
				"visible_bounds_height": 7.5,
				"visible_bounds_offset": [0, 3.25, 0]
			},
			"bones": [
				{
					"name": "All",
					"pivot": [0, 0, 0]
				},
				{
					"name": "Body",
					"parent": "All",
					"pivot": [0, 34, 0],
					"cubes": [
						{"origin": [-6.5, 34, -3.5], "size": [13, 4, 7], "uv": [37, 14]},
						{"origin": [-3.5, 38, -2.5], "size": [7, 10, 5], "uv": [79, 75]},
						{"origin": [5.95247, 30.06608, -2.5], "size": [2, 7, 5], "pivot": [-18.04753, 26.06608, 2.5], "rotation": [0, 0, -17.5], "uv": [16, 40]},
						{"origin": [-7.95247, 30.06608, -2.5], "size": [2, 7, 5], "pivot": [18.04753, 26.06608, 2.5], "rotation": [0, 0, 17.5], "uv": [0, 40]}
					]
				},
				{
					"name": "Torso",
					"parent": "Body",
					"pivot": [0, 48, 0],
					"cubes": [
						{"origin": [-7, 50, -4], "size": [14, 13, 8], "uv": [0, 0]},
						{"origin": [-5, 48, -3.5], "size": [10, 2, 7], "uv": [44, 0]},
						{"origin": [2, 58, 4], "size": [1, 1, 14], "pivot": [2, 59, 3], "rotation": [45, 20, 0], "uv": [16, 44]},
						{"origin": [-3, 58, 4], "size": [1, 1, 14], "pivot": [-2, 59, 3], "rotation": [45, -20, 0], "uv": [0, 40]},
						{"origin": [-2, 63, -3], "size": [4, 4, 6], "uv": [84, 65]},
						{"origin": [-1, 60, -5], "size": [2, 2, 1], "uv": [22, 55]},
						{"origin": [-4, 55.99962, -5], "size": [3, 3, 1], "pivot": [-0.47588, 47.99962, 0], "rotation": [0, 0, 5], "uv": [0, 4]},
						{"origin": [1, 55.99962, -5], "size": [3, 3, 1], "pivot": [0.47588, 47.99962, 0], "rotation": [0, 0, -5], "uv": [0, 0]},
						{"origin": [-4.29541, 58.76338, -5], "size": [2, 2, 1], "pivot": [-0.79541, 48.76338, 0], "rotation": [0, 0, 10], "uv": [16, 55]},
						{"origin": [2.29541, 58.76338, -5], "size": [2, 2, 1], "pivot": [0.79541, 48.76338, 0], "rotation": [0, 0, -10], "uv": [36, 5]}
					]
				},
				{
					"name": "Head",
					"parent": "Torso",
					"pivot": [0, 67, 0],
					"cubes": [
						{"origin": [-5, 67, -5], "size": [10, 4, 10], "uv": [30, 30]}
					]
				},
				{
					"name": "Mouth",
					"parent": "Head",
					"pivot": [0, 67, -5],
					"cubes": [
						{"origin": [-4.5, 67, -5], "size": [9, 4, 10], "uv": [90, 114]},
						{"origin": [-5, 71, -5], "size": [10, 9, 10], "uv": [0, 21]},
						{"origin": [-1, 75, -3], "size": [6, 8, 7], "pivot": [2, 75, -3], "rotation": [0, 0, 30], "uv": [68, 40]},
						{"origin": [-5, 75, -3], "size": [6, 8, 7], "pivot": [-2, 75, -3], "rotation": [0, 0, -30], "uv": [60, 25]},
						{"origin": [2.74674, 80.53058, -2], "size": [5, 6, 5], "pivot": [4.74674, 79.53058, -7], "rotation": [0, 0, -5], "uv": [87, 35]},
						{"origin": [-7.74674, 80.53058, -2], "size": [5, 6, 5], "pivot": [-4.74674, 79.53058, -7], "rotation": [0, 0, 5], "uv": [86, 24]},
						{"origin": [1.56624, 86.29271, -1], "size": [3, 6, 3], "pivot": [1.56624, 77.29271, -7], "rotation": [0, 0, 10], "uv": [94, 46]},
						{"origin": [-4.56624, 86.29271, -1], "size": [3, 6, 3], "pivot": [-1.56624, 77.29271, -7], "rotation": [0, 0, -10], "uv": [32, 80]}
					]
				},
				{
					"name": "Arm",
					"parent": "Torso",
					"pivot": [-7, 59, 0],
					"cubes": [
						{"origin": [-11, 43, -2], "size": [4, 20, 4], "uv": [16, 80]}
					]
				},
				{
					"name": "Arm2",
					"parent": "Arm",
					"pivot": [-9, 43, 0],
					"cubes": [
						{"origin": [-11, 23, -2], "size": [4, 20, 4], "uv": [78, 0]}
					]
				},
				{
					"name": "Hand",
					"parent": "Arm2",
					"pivot": [-9, 23, 0],
					"cubes": [
						{"origin": [-10.5, 19, -2], "size": [3, 4, 4], "uv": [94, 10]}
					]
				},
				{
					"name": "Finger",
					"parent": "Hand",
					"pivot": [-9, 19, 2],
					"cubes": [
						{"origin": [-10, 15, 1], "size": [2, 4, 1], "uv": [0, 55]}
					]
				},
				{
					"name": "Finger2",
					"parent": "Finger",
					"pivot": [-9, 15, 2],
					"cubes": [
						{"origin": [-10, 11, 1], "size": [2, 4, 1], "uv": [54, 25]}
					]
				},
				{
					"name": "Finger3",
					"parent": "Hand",
					"pivot": [-9, 19, -1],
					"cubes": [
						{"origin": [-10, 15, -2], "size": [2, 4, 1], "uv": [38, 52]}
					]
				},
				{
					"name": "Finger4",
					"parent": "Finger3",
					"pivot": [-9, 15, -1],
					"cubes": [
						{"origin": [-10, 11, -2], "size": [2, 4, 1], "uv": [32, 52]}
					]
				},
				{
					"name": "Finger5",
					"parent": "Hand",
					"pivot": [-9, 19, 0],
					"cubes": [
						{"origin": [-10, 15, -0.5], "size": [2, 4, 1], "uv": [50, 9]}
					]
				},
				{
					"name": "Finger6",
					"parent": "Finger5",
					"pivot": [-9, 15, 0],
					"cubes": [
						{"origin": [-10, 11, -0.5], "size": [2, 4, 1], "uv": [48, 25]}
					]
				},
				{
					"name": "Finger7",
					"parent": "Hand",
					"pivot": [-9, 23, -3],
					"cubes": [
						{"origin": [-10, 19, -3], "size": [2, 4, 1], "uv": [46, 44]}
					]
				},
				{
					"name": "Finger8",
					"parent": "Finger7",
					"pivot": [-9, 19, -2.5],
					"cubes": [
						{"origin": [-10, 15, -3], "size": [2, 4, 1], "uv": [44, 9]}
					]
				},
				{
					"name": "Arm3",
					"parent": "Torso",
					"pivot": [7, 59, 0],
					"cubes": [
						{"origin": [7, 43, -2], "size": [4, 20, 4], "uv": [0, 76]}
					]
				},
				{
					"name": "Arm4",
					"parent": "Arm3",
					"pivot": [9, 43, 0],
					"cubes": [
						{"origin": [7, 23, -2], "size": [4, 20, 4], "uv": [44, 65]}
					]
				},
				{
					"name": "Hand2",
					"parent": "Arm4",
					"pivot": [9, 23, 0],
					"cubes": [
						{"origin": [7.5, 19, -2], "size": [3, 4, 4], "uv": [32, 44]}
					]
				},
				{
					"name": "Finger9",
					"parent": "Hand2",
					"pivot": [9, 19, 2],
					"cubes": [
						{"origin": [8, 15, 1], "size": [2, 4, 1], "uv": [42, 25]}
					]
				},
				{
					"name": "Finger10",
					"parent": "Finger9",
					"pivot": [9, 15, 2],
					"cubes": [
						{"origin": [8, 11, 1], "size": [2, 4, 1], "uv": [42, 0]}
					]
				},
				{
					"name": "Finger11",
					"parent": "Hand2",
					"pivot": [9, 19, -1],
					"cubes": [
						{"origin": [8, 15, -2], "size": [2, 4, 1], "uv": [36, 25]}
					]
				},
				{
					"name": "Finger12",
					"parent": "Finger11",
					"pivot": [9, 15, -1],
					"cubes": [
						{"origin": [8, 11, -2], "size": [2, 4, 1], "uv": [36, 0]}
					]
				},
				{
					"name": "Finger13",
					"parent": "Hand2",
					"pivot": [9, 19, 0],
					"cubes": [
						{"origin": [8, 15, -0.5], "size": [2, 4, 1], "uv": [30, 26]}
					]
				},
				{
					"name": "Finger14",
					"parent": "Finger13",
					"pivot": [9, 15, 0],
					"cubes": [
						{"origin": [8, 11, -0.5], "size": [2, 4, 1], "uv": [30, 21]}
					]
				},
				{
					"name": "Finger15",
					"parent": "Hand2",
					"pivot": [9, 23, -3],
					"cubes": [
						{"origin": [8, 19, -3], "size": [2, 4, 1], "uv": [0, 26]}
					]
				},
				{
					"name": "Finger16",
					"parent": "Finger15",
					"pivot": [9, 19, -2.5],
					"cubes": [
						{"origin": [8, 15, -3], "size": [2, 4, 1], "uv": [0, 21]}
					]
				},
				{
					"name": "Leg",
					"parent": "All",
					"pivot": [-4, 34, 0],
					"cubes": [
						{"origin": [-6, 19, -3], "size": [5, 15, 6], "uv": [62, 59]}
					]
				},
				{
					"name": "Leg2",
					"parent": "Leg",
					"pivot": [-4, 19, 0],
					"cubes": [
						{"origin": [-6, 4, -3], "size": [5, 15, 6], "uv": [22, 59]}
					]
				},
				{
					"name": "Feet",
					"parent": "Leg2",
					"pivot": [-4, 4, 0],
					"cubes": [
						{"origin": [-6, 0, -3], "size": [5, 4, 6], "uv": [54, 83]},
						{"origin": [-6, 0, -9], "size": [2, 4, 6], "uv": [94, 0]},
						{"origin": [-3, 0, -9], "size": [2, 4, 6], "uv": [46, 93]}
					]
				},
				{
					"name": "Leg3",
					"parent": "All",
					"pivot": [4, 34, 0],
					"cubes": [
						{"origin": [1, 19, -3], "size": [5, 15, 6], "uv": [0, 55]}
					]
				},
				{
					"name": "Leg4",
					"parent": "Leg3",
					"pivot": [4, 19, 0],
					"cubes": [
						{"origin": [1, 4, -3], "size": [5, 15, 6], "uv": [46, 44]}
					]
				},
				{
					"name": "Feet2",
					"parent": "Leg4",
					"pivot": [4, 4, 0],
					"cubes": [
						{"origin": [1, 0, -3], "size": [5, 4, 6], "uv": [78, 55]},
						{"origin": [4, 0, -9], "size": [2, 4, 6], "uv": [86, 90]},
						{"origin": [1, 0, -9], "size": [2, 4, 6], "uv": [70, 90]}
					]
				}
			]
		}
	]
}