{
  "format_version":"1.16.100",
  "animation_controllers":{
    "controller.animation.zoro_crisis":{
      "states":{
        "default":{
          "transitions":[
            {"1":"query.health <= 100"}
          ]
        },
        "1":{
          "transitions":[
            {"2":"(1.0)"}
          ],
          "on_entry":[
            "/tag @s add crisis"
          ]
        },
        "2":{
          "on_entry":[
            "/tag @s remove crisis"
          ]
        }
      }
    }
  }
}