{
  "format_version": "1.12.0",
  "minecraft:geometry": [
    {
      "description": {
        "identifier": "geometry.yg_ink_demon",
        "texture_width": 128,
        "texture_height": 128,
        "visible_bounds_width": 5,
        "visible_bounds_height": 7,
        "visible_bounds_offset": [
          0,
          1.5,
          0
        ]
      },
      "bones": [
        {
          "name": "Root"
        },
        {
          "name": "Body",
          "pivot": [
            0,
            26.78096,
            7.49443
          ],
          "cubes": [
            {
              "origin": [
                -2.0,
                43.15328,
                -0.7706
              ],
              "size": [
                4.0,
                4.0,
                6.0
              ],
              "pivot": [
                0.0,
                45.15328,
                2.2294
              ],
              "rotation": [
                -22.5,
                0.0,
                0.0
              ],
              "uv": [
                37,
                40
              ],
              "inflate": 0
            },
            {
              "origin": [
                -3.5,
                38.91859,
                0.8488
              ],
              "size": [
                7.0,
                6.0,
                7.0
              ],
              "pivot": [
                0.0,
                41.91859,
                4.3488
              ],
              "rotation": [
                22.5,
                0.0,
                0.0
              ],
              "uv": [
                20,
                0
              ],
              "inflate": 0
            },
            {
              "origin": [
                2.17082,
                44.24337,
                4.94044
              ],
              "size": [
                1.3888,
                1.3888,
                5.5552
              ],
              "pivot": [
                2.86522,
                44.93777,
                7.71804
              ],
              "rotation": [
                10.7293,
                35.47788,
                -15.457
              ],
              "uv": [
                8,
                60
              ],
              "inflate": 0
            },
            {
              "origin": [
                -3.55962,
                44.24337,
                4.94044
              ],
              "size": [
                1.3888,
                1.3888,
                5.5552
              ],
              "pivot": [
                -2.86522,
                44.93777,
                7.71804
              ],
              "rotation": [
                10.7293,
                -35.47788,
                15.457
              ],
              "uv": [
                58,
                40
              ],
              "inflate": 0
            },
            {
              "origin": [
                4.26279,
                45.54947,
                9.00135
              ],
              "size": [
                1.16,
                1.16,
                2.32
              ],
              "pivot": [
                4.84279,
                46.12947,
                10.16135
              ],
              "rotation": [
                18.94351,
                62.16029,
                -4.84976
              ],
              "uv": [
                40,
                18
              ],
              "inflate": 0
            },
            {
              "origin": [
                -5.42279,
                45.54947,
                9.00135
              ],
              "size": [
                1.16,
                1.16,
                2.32
              ],
              "pivot": [
                -4.84279,
                46.12947,
                10.16135
              ],
              "rotation": [
                18.94351,
                -62.16029,
                4.84976
              ],
              "uv": [
                32,
                24
              ],
              "inflate": 0
            },
            {
              "origin": [
                5.65765,
                46.22001,
                9.56363
              ],
              "size": [
                1.0,
                1.0,
                2.0
              ],
              "pivot": [
                6.15765,
                46.72001,
                10.56363
              ],
              "rotation": [
                65.3117,
                80.3949,
                43.27054
              ],
              "uv": [
                38,
                24
              ],
              "inflate": 0
            },
            {
              "origin": [
                -6.65765,
                46.22001,
                9.56363
              ],
              "size": [
                1.0,
                1.0,
                2.0
              ],
              "pivot": [
                -6.15765,
                46.72001,
                10.56363
              ],
              "rotation": [
                65.3117,
                -80.3949,
                -43.27054
              ],
              "uv": [
                24,
                18
              ],
              "inflate": 0
            },
            {
              "origin": [
                -3.0,
                34.28621,
                2.96339
              ],
              "size": [
                6.0,
                7.0,
                6.0
              ],
              "pivot": [
                0.0,
                37.78621,
                5.96339
              ],
              "rotation": [
                15.0,
                0.0,
                0.0
              ],
              "uv": [
                26,
                27
              ],
              "inflate": 0
            },
            {
              "origin": [
                -2.5,
                29.40547,
                4.5
              ],
              "size": [
                5.0,
                6.0,
                5.0
              ],
              "uv": [
                17,
                40
              ],
              "inflate": 0
            },
            {
              "origin": [
                -2.75,
                26.25547,
                3.7
              ],
              "size": [
                5.5,
                3.3,
                6.6
              ],
              "uv": [
                0,
                33
              ],
              "inflate": 0
            },
            {
              "origin": [
                -3.61603,
                26.70451,
                4.0
              ],
              "size": [
                2.0,
                3.0,
                6.0
              ],
              "pivot": [
                -2.61603,
                28.20451,
                7.0
              ],
              "rotation": [
                0.0,
                0.0,
                30.0
              ],
              "uv": [
                16,
                54
              ],
              "inflate": 0
            },
            {
              "origin": [
                1.61603,
                26.70451,
                4.0
              ],
              "size": [
                2.0,
                3.0,
                6.0
              ],
              "pivot": [
                2.61603,
                28.20451,
                7.0
              ],
              "rotation": [
                0.0,
                0.0,
                -30.0
              ],
              "uv": [
                6,
                51
              ],
              "inflate": 0
            }
          ],
          "parent": "Root",
          "locators": {}
        },
        {
          "name": "Head",
          "pivot": [
            0,
            46,
            1
          ],
          "cubes": [
            {
              "origin": [
                -4.0,
                45.0,
                -4.0
              ],
              "size": [
                8.0,
                7.0,
                8.0
              ],
              "pivot": [
                0.0,
                48.5,
                0.0
              ],
              "rotation": [
                24.03208,
                42.406,
                16.73634
              ],
              "uv": [
                0,
                18
              ],
              "inflate": 0
            },
            {
              "origin": [
                -6.53744,
                47.80239,
                -2.0
              ],
              "size": [
                5.0,
                5.0,
                5.0
              ],
              "pivot": [
                -4.03744,
                50.30239,
                0.5
              ],
              "rotation": [
                0.0,
                0.0,
                -57.5
              ],
              "uv": [
                44,
                19
              ],
              "inflate": 0
            },
            {
              "origin": [
                1.53744,
                47.80239,
                -2.0
              ],
              "size": [
                5.0,
                5.0,
                5.0
              ],
              "pivot": [
                4.03744,
                50.30239,
                0.5
              ],
              "rotation": [
                0.0,
                0.0,
                57.5
              ],
              "uv": [
                43,
                8
              ],
              "inflate": 0
            },
            {
              "origin": [
                4.01062,
                50.02063,
                -1.51
              ],
              "size": [
                4.02,
                5.36,
                4.02
              ],
              "pivot": [
                6.02062,
                52.70063,
                0.5
              ],
              "rotation": [
                0.0,
                0.0,
                15.0
              ],
              "uv": [
                58,
                0
              ],
              "inflate": 0
            },
            {
              "origin": [
                -8.03062,
                50.02063,
                -1.51
              ],
              "size": [
                4.02,
                5.36,
                4.02
              ],
              "pivot": [
                -6.02062,
                52.70063,
                0.5
              ],
              "rotation": [
                0.0,
                0.0,
                -15.0
              ],
              "uv": [
                56,
                46
              ],
              "inflate": 0
            },
            {
              "origin": [
                4.28062,
                53.46788,
                -1.24
              ],
              "size": [
                3.48,
                4.64,
                3.48
              ],
              "pivot": [
                6.02062,
                55.78788,
                0.5
              ],
              "rotation": [
                0.0,
                0.0,
                -15.0
              ],
              "uv": [
                51,
                38
              ],
              "inflate": 0
            },
            {
              "origin": [
                -7.76062,
                53.46788,
                -1.24
              ],
              "size": [
                3.48,
                4.64,
                3.48
              ],
              "pivot": [
                -6.02062,
                55.78788,
                0.5
              ],
              "rotation": [
                0.0,
                0.0,
                15.0
              ],
              "uv": [
                41,
                0
              ],
              "inflate": 0
            },
            {
              "origin": [
                3.73484,
                57.12328,
                -0.86
              ],
              "size": [
                2.72,
                4.08,
                2.72
              ],
              "pivot": [
                5.09484,
                59.16328,
                0.5
              ],
              "rotation": [
                0.0,
                0.0,
                -15.0
              ],
              "uv": [
                65,
                36
              ],
              "inflate": 0
            },
            {
              "origin": [
                -6.45484,
                57.12328,
                -0.86
              ],
              "size": [
                2.72,
                4.08,
                2.72
              ],
              "pivot": [
                -5.09484,
                59.16328,
                0.5
              ],
              "rotation": [
                0.0,
                0.0,
                15.0
              ],
              "uv": [
                26,
                51
              ],
              "inflate": 0
            },
            {
              "origin": [
                2.80651,
                60.10304,
                -0.5
              ],
              "size": [
                2.0,
                4.0,
                2.0
              ],
              "pivot": [
                3.80651,
                62.10304,
                0.5
              ],
              "rotation": [
                0.0,
                0.0,
                -30.0
              ],
              "uv": [
                64,
                23
              ],
              "inflate": 0
            },
            {
              "origin": [
                -4.80651,
                60.10304,
                -0.5
              ],
              "size": [
                2.0,
                4.0,
                2.0
              ],
              "pivot": [
                -3.80651,
                62.10304,
                0.5
              ],
              "rotation": [
                0.0,
                0.0,
                30.0
              ],
              "uv": [
                0,
                18
              ],
              "inflate": 0
            }
          ],
          "parent": "Body"
        },
        {
          "name": "Rightarm",
          "pivot": [
            -4.5,
            43,
            4.5
          ],
          "cubes": [
            {
              "origin": [
                -6.0,
                32.0,
                3.0
              ],
              "size": [
                3.0,
                12.0,
                3.0
              ],
              "uv": [
                34,
                50
              ],
              "inflate": 0
            }
          ],
          "parent": "Body"
        },
        {
          "name": "Lowerrightarm",
          "pivot": [
            -4.5,
            31.75405,
            4.5
          ],
          "cubes": [
            {
              "origin": [
                -5.13,
                18.83,
                2.87
              ],
              "size": [
                1.26,
                11.34,
                1.26
              ],
              "uv": [
                28,
                63
              ],
              "inflate": 0
            },
            {
              "origin": [
                -5.13,
                18.83,
                4.87
              ],
              "size": [
                1.26,
                11.34,
                1.26
              ],
              "uv": [
                32,
                65
              ],
              "inflate": 0
            },
            {
              "origin": [
                -5.4954,
                17.4414,
                4.5046
              ],
              "size": [
                1.9908,
                2.1172,
                1.9908
              ],
              "pivot": [
                -4.5,
                18.5,
                5.5
              ],
              "rotation": [
                0.0,
                2.5,
                0.0
              ],
              "uv": [
                16,
                42
              ],
              "inflate": 0
            },
            {
              "origin": [
                -5.4954,
                17.4414,
                2.5046
              ],
              "size": [
                1.9908,
                2.1172,
                1.9908
              ],
              "pivot": [
                -4.5,
                18.5,
                3.5
              ],
              "rotation": [
                0.0,
                -5.0,
                0.0
              ],
              "uv": [
                39,
                40
              ],
              "inflate": 0
            },
            {
              "origin": [
                -7.28731,
                28.94832,
                3.89
              ],
              "size": [
                1.22,
                3.66,
                1.22
              ],
              "pivot": [
                -6.67731,
                30.77832,
                4.5
              ],
              "rotation": [
                0.0,
                0.0,
                -32.5
              ],
              "uv": [
                68,
                13
              ],
              "inflate": 0
            },
            {
              "origin": [
                -8.0,
                32.0,
                4.0
              ],
              "size": [
                1.0,
                2.0,
                1.0
              ],
              "uv": [
                20,
                51
              ],
              "inflate": 0
            },
            {
              "origin": [
                -6.21,
                28.79,
                2.79
              ],
              "size": [
                3.42,
                3.42,
                3.42
              ],
              "uv": [
                43,
                62
              ],
              "inflate": 0
            }
          ],
          "parent": "Rightarm"
        },
        {
          "name": "Righthand",
          "pivot": [
            -5.14693,
            17.70563,
            4.5
          ],
          "cubes": [
            {
              "origin": [
                -5.5,
                13.0,
                2.0
              ],
              "size": [
                2.0,
                5.0,
                5.0
              ],
              "uv": [
                59,
                13
              ],
              "inflate": 0
            },
            {
              "origin": [
                -5.69804,
                9.81035,
                1.90147
              ],
              "size": [
                1.3608,
                3.6072,
                1.3608
              ],
              "pivot": [
                -5.01764,
                11.61395,
                2.58187
              ],
              "rotation": [
                -12.08681,
                3.21132,
                14.65993
              ],
              "uv": [
                40,
                67
              ],
              "inflate": 0
            },
            {
              "origin": [
                -5.51823,
                6.14109,
                1.21965
              ],
              "size": [
                1.26,
                4.34,
                1.26
              ],
              "pivot": [
                -4.88823,
                8.31109,
                1.84965
              ],
              "rotation": [
                -12.08681,
                -3.21132,
                -14.65993
              ],
              "uv": [
                16,
                51
              ],
              "inflate": 0
            },
            {
              "origin": [
                -5.68544,
                9.79795,
                3.8622
              ],
              "size": [
                1.3356,
                3.5404,
                1.3356
              ],
              "pivot": [
                -5.01764,
                11.56815,
                4.53
              ],
              "rotation": [
                0.0,
                0.0,
                15.0
              ],
              "uv": [
                66,
                55
              ],
              "inflate": 0
            },
            {
              "origin": [
                -6.70016,
                15.46298,
                4.8622
              ],
              "size": [
                1.3356,
                3.5404,
                1.3356
              ],
              "pivot": [
                -6.03236,
                17.23318,
                5.53
              ],
              "rotation": [
                0.0,
                0.0,
                -50.0
              ],
              "uv": [
                12,
                66
              ],
              "inflate": 0
            },
            {
              "origin": [
                -6.70016,
                15.46298,
                2.8622
              ],
              "size": [
                1.3356,
                3.5404,
                1.3356
              ],
              "pivot": [
                -6.03236,
                17.23318,
                3.53
              ],
              "rotation": [
                0.0,
                0.0,
                -50.0
              ],
              "uv": [
                66,
                9
              ],
              "inflate": 0
            },
            {
              "origin": [
                -5.35421,
                6.12445,
                3.9
              ],
              "size": [
                1.26,
                4.34,
                1.26
              ],
              "pivot": [
                -4.72421,
                8.29445,
                4.53
              ],
              "rotation": [
                0.0,
                0.0,
                -20.0
              ],
              "uv": [
                53,
                0
              ],
              "inflate": 0
            },
            {
              "origin": [
                -8.00573,
                17.83324,
                2.9
              ],
              "size": [
                1.26,
                3.34,
                1.26
              ],
              "pivot": [
                -7.37573,
                19.50324,
                3.53
              ],
              "rotation": [
                0.0,
                0.0,
                -12.5
              ],
              "uv": [
                8,
                66
              ],
              "inflate": 0
            },
            {
              "origin": [
                -8.00573,
                17.83324,
                4.9
              ],
              "size": [
                1.26,
                3.34,
                1.26
              ],
              "pivot": [
                -7.37573,
                19.50324,
                5.53
              ],
              "rotation": [
                0.0,
                0.0,
                -12.5
              ],
              "uv": [
                63,
                65
              ],
              "inflate": 0
            },
            {
              "origin": [
                -4.4207,
                14.15649,
                0.84859
              ],
              "size": [
                1.36282,
                3.61254,
                1.36282
              ],
              "pivot": [
                -3.73929,
                15.96276,
                1.53
              ],
              "rotation": [
                -43.3833,
                -21.63168,
                -21.30838
              ],
              "uv": [
                16,
                66
              ],
              "inflate": 0
            },
            {
              "origin": [
                -2.86527,
                11.15484,
                -0.21614
              ],
              "size": [
                1.26,
                4.34,
                1.26
              ],
              "pivot": [
                -2.23527,
                13.32484,
                0.41386
              ],
              "rotation": [
                -5.8833,
                -21.63168,
                -21.30838
              ],
              "uv": [
                46,
                50
              ],
              "inflate": 0
            },
            {
              "origin": [
                -5.76921,
                9.86758,
                5.74504
              ],
              "size": [
                1.3356,
                3.5404,
                1.3356
              ],
              "pivot": [
                -5.10141,
                11.63778,
                6.41284
              ],
              "rotation": [
                11.93845,
                -3.73171,
                17.10967
              ],
              "uv": [
                67,
                65
              ],
              "inflate": 0
            },
            {
              "origin": [
                -5.50024,
                6.31735,
                6.48128
              ],
              "size": [
                1.26,
                4.34,
                1.26
              ],
              "pivot": [
                -4.87024,
                8.48735,
                7.11128
              ],
              "rotation": [
                11.76782,
                4.2453,
                -19.5623
              ],
              "uv": [
                52,
                59
              ],
              "inflate": 0
            }
          ],
          "parent": "Lowerrightarm"
        },
        {
          "name": "Leftarm",
          "pivot": [
            4.5,
            43,
            4.5
          ],
          "cubes": [
            {
              "origin": [
                3.0,
                32.0,
                3.0
              ],
              "size": [
                3.0,
                12.0,
                3.0
              ],
              "uv": [
                0,
                42
              ],
              "inflate": 0
            }
          ],
          "parent": "Body"
        },
        {
          "name": "Lowerleftarm",
          "pivot": [
            4.5,
            31.75405,
            4.5
          ],
          "cubes": [
            {
              "origin": [
                3.87,
                18.83,
                2.87
              ],
              "size": [
                1.26,
                11.34,
                1.26
              ],
              "uv": [
                24,
                63
              ],
              "inflate": 0
            },
            {
              "origin": [
                3.87,
                18.83,
                4.87
              ],
              "size": [
                1.26,
                11.34,
                1.26
              ],
              "uv": [
                20,
                63
              ],
              "inflate": 0
            },
            {
              "origin": [
                3.5046,
                17.4414,
                4.5046
              ],
              "size": [
                1.9908,
                2.1172,
                1.9908
              ],
              "pivot": [
                4.5,
                18.5,
                5.5
              ],
              "rotation": [
                0.0,
                -2.5,
                0.0
              ],
              "uv": [
                30,
                18
              ],
              "inflate": 0
            },
            {
              "origin": [
                3.5046,
                17.4414,
                2.5046
              ],
              "size": [
                1.9908,
                2.1172,
                1.9908
              ],
              "pivot": [
                4.5,
                18.5,
                3.5
              ],
              "rotation": [
                0.0,
                5.0,
                0.0
              ],
              "uv": [
                23,
                4
              ],
              "inflate": 0
            },
            {
              "origin": [
                6.06731,
                28.94832,
                3.89
              ],
              "size": [
                1.22,
                3.66,
                1.22
              ],
              "pivot": [
                6.67731,
                30.77832,
                4.5
              ],
              "rotation": [
                0.0,
                0.0,
                32.5
              ],
              "uv": [
                59,
                65
              ],
              "inflate": 0
            },
            {
              "origin": [
                7.0,
                32.0,
                4.0
              ],
              "size": [
                1.0,
                2.0,
                1.0
              ],
              "uv": [
                9,
                0
              ],
              "inflate": 0
            },
            {
              "origin": [
                2.79,
                28.79,
                2.79
              ],
              "size": [
                3.42,
                3.42,
                3.42
              ],
              "uv": [
                60,
                29
              ],
              "inflate": 0
            }
          ],
          "parent": "Leftarm"
        },
        {
          "name": "Lefthand",
          "pivot": [
            5.1469,
            17.70563,
            4.5
          ],
          "cubes": [
            {
              "origin": [
                3.5,
                13.0,
                2.0
              ],
              "size": [
                2.0,
                5.0,
                5.0
              ],
              "uv": [
                57,
                55
              ],
              "inflate": 0
            },
            {
              "origin": [
                4.33724,
                9.81034,
                1.90147
              ],
              "size": [
                1.3608,
                3.6072,
                1.3608
              ],
              "pivot": [
                5.01764,
                11.61394,
                2.58187
              ],
              "rotation": [
                -12.08681,
                -3.21132,
                -14.65993
              ],
              "uv": [
                55,
                65
              ],
              "inflate": 0
            },
            {
              "origin": [
                4.25823,
                6.14109,
                1.21965
              ],
              "size": [
                1.26,
                4.34,
                1.26
              ],
              "pivot": [
                4.88823,
                8.31109,
                1.84965
              ],
              "rotation": [
                -12.08681,
                3.21132,
                14.65993
              ],
              "uv": [
                50,
                29
              ],
              "inflate": 0
            },
            {
              "origin": [
                4.34984,
                9.79795,
                3.8622
              ],
              "size": [
                1.3356,
                3.5404,
                1.3356
              ],
              "pivot": [
                5.01764,
                11.56815,
                4.53
              ],
              "rotation": [
                0.0,
                0.0,
                -15.0
              ],
              "uv": [
                36,
                65
              ],
              "inflate": 0
            },
            {
              "origin": [
                5.36456,
                15.46298,
                4.8622
              ],
              "size": [
                1.3356,
                3.5404,
                1.3356
              ],
              "pivot": [
                6.03236,
                17.23318,
                5.53
              ],
              "rotation": [
                0.0,
                0.0,
                50.0
              ],
              "uv": [
                62,
                9
              ],
              "inflate": 0
            },
            {
              "origin": [
                5.36456,
                15.46298,
                2.8622
              ],
              "size": [
                1.3356,
                3.5404,
                1.3356
              ],
              "pivot": [
                6.03236,
                17.23318,
                3.53
              ],
              "rotation": [
                0.0,
                0.0,
                50.0
              ],
              "uv": [
                8,
                60
              ],
              "inflate": 0
            },
            {
              "origin": [
                4.09421,
                6.12445,
                3.9
              ],
              "size": [
                1.26,
                4.34,
                1.26
              ],
              "pivot": [
                4.72421,
                8.29445,
                4.53
              ],
              "rotation": [
                0.0,
                0.0,
                20.0
              ],
              "uv": [
                12,
                42
              ],
              "inflate": 0
            },
            {
              "origin": [
                6.74573,
                17.83324,
                2.9
              ],
              "size": [
                1.26,
                3.34,
                1.26
              ],
              "pivot": [
                7.37573,
                19.50324,
                3.53
              ],
              "rotation": [
                0.0,
                0.0,
                12.5
              ],
              "uv": [
                58,
                9
              ],
              "inflate": 0
            },
            {
              "origin": [
                6.74573,
                17.83324,
                4.9
              ],
              "size": [
                1.26,
                3.34,
                1.26
              ],
              "pivot": [
                7.37573,
                19.50324,
                5.53
              ],
              "rotation": [
                0.0,
                0.0,
                12.5
              ],
              "uv": [
                57,
                0
              ],
              "inflate": 0
            },
            {
              "origin": [
                3.05789,
                14.15649,
                0.84859
              ],
              "size": [
                1.36282,
                3.61254,
                1.36282
              ],
              "pivot": [
                3.73929,
                15.96276,
                1.53
              ],
              "rotation": [
                -43.3833,
                21.63168,
                21.30838
              ],
              "uv": [
                12,
                47
              ],
              "inflate": 0
            },
            {
              "origin": [
                1.60527,
                11.15484,
                -0.21614
              ],
              "size": [
                1.26,
                4.34,
                1.26
              ],
              "pivot": [
                2.23527,
                13.32484,
                0.41386
              ],
              "rotation": [
                -5.8833,
                21.63168,
                21.30838
              ],
              "uv": [
                0,
                33
              ],
              "inflate": 0
            },
            {
              "origin": [
                4.43361,
                9.86758,
                5.74504
              ],
              "size": [
                1.3356,
                3.5404,
                1.3356
              ],
              "pivot": [
                5.10141,
                11.63778,
                6.41284
              ],
              "rotation": [
                11.93845,
                3.73171,
                -17.10967
              ],
              "uv": [
                44,
                29
              ],
              "inflate": 0
            },
            {
              "origin": [
                4.24024,
                6.31735,
                6.48128
              ],
              "size": [
                1.26,
                4.34,
                1.26
              ],
              "pivot": [
                4.87024,
                8.48735,
                7.11128
              ],
              "rotation": [
                11.76782,
                -4.2453,
                19.5623
              ],
              "uv": [
                20,
                0
              ],
              "inflate": 0
            }
          ],
          "parent": "Lowerleftarm"
        },
        {
          "name": "Rightleg",
          "pivot": [
            -3.5,
            26.75319,
            6.05908
          ],
          "cubes": [
            {
              "origin": [
                -5.15,
                22.30928,
                -1.87598
              ],
              "size": [
                3.3,
                4.4,
                14.3
              ],
              "pivot": [
                -3.5,
                24.50928,
                5.27402
              ],
              "rotation": [
                45.0,
                0.0,
                0.0
              ],
              "uv": [
                0,
                0
              ],
              "inflate": 0
            },
            {
              "origin": [
                -5.0,
                17.4971,
                -1.15586
              ],
              "size": [
                3.0,
                3.0,
                8.0
              ],
              "pivot": [
                -3.5,
                18.9971,
                2.84414
              ],
              "rotation": [
                -12.5,
                0.0,
                0.0
              ],
              "uv": [
                26,
                13
              ],
              "inflate": 0
            }
          ],
          "parent": "Root"
        },
        {
          "name": "bone",
          "pivot": [
            -3.52646,
            18.2618,
            5.62888
          ],
          "cubes": [
            {
              "origin": [
                -4.66,
                7.4646,
                3.60902
              ],
              "size": [
                2.32,
                11.6,
                2.32
              ],
              "pivot": [
                -3.5,
                13.2646,
                4.76902
              ],
              "rotation": [
                -12.5,
                0.0,
                0.0
              ],
              "uv": [
                0,
                58
              ],
              "inflate": 0
            },
            {
              "origin": [
                -5.0,
                1.74229,
                0.80747
              ],
              "size": [
                3.0,
                9.0,
                3.0
              ],
              "pivot": [
                -3.5,
                6.24229,
                2.30747
              ],
              "rotation": [
                -35.0,
                0.0,
                0.0
              ],
              "uv": [
                0,
                0
              ],
              "inflate": 0
            },
            {
              "origin": [
                -5.76868,
                0.49769,
                -3.68833
              ],
              "size": [
                2.0,
                3.0,
                6.0
              ],
              "pivot": [
                -4.76868,
                1.99769,
                -0.68833
              ],
              "rotation": [
                13.27463,
                19.50645,
                4.50432
              ],
              "uv": [
                46,
                50
              ],
              "inflate": 0
            },
            {
              "origin": [
                -6.9679,
                0.05979,
                -5.35523
              ],
              "size": [
                2.0,
                2.0,
                3.0
              ],
              "pivot": [
                -5.9679,
                1.05979,
                -3.85523
              ],
              "rotation": [
                53.27463,
                19.50645,
                4.50432
              ],
              "uv": [
                32,
                40
              ],
              "inflate": 0
            },
            {
              "origin": [
                -2.25872,
                0.02394,
                -5.50287
              ],
              "size": [
                2.0,
                2.0,
                3.0
              ],
              "pivot": [
                -1.25872,
                1.02394,
                -4.00287
              ],
              "rotation": [
                53.27463,
                -14.6364,
                -3.3191
              ],
              "uv": [
                16,
                33
              ],
              "inflate": 0
            },
            {
              "origin": [
                -3.16348,
                0.48252,
                -3.75676
              ],
              "size": [
                2.0,
                3.0,
                6.0
              ],
              "pivot": [
                -2.16348,
                1.98252,
                -0.75676
              ],
              "rotation": [
                12.92638,
                -14.6364,
                -3.3191
              ],
              "uv": [
                50,
                29
              ],
              "inflate": 0
            }
          ],
          "parent": "Rightleg"
        },
        {
          "name": "Leftleg",
          "pivot": [
            3.5,
            26.75319,
            6.05908
          ],
          "cubes": [
            {
              "origin": [
                1.85,
                22.30928,
                -1.87598
              ],
              "size": [
                3.3,
                4.4,
                14.3
              ],
              "pivot": [
                3.5,
                24.50928,
                5.27402
              ],
              "rotation": [
                45.0,
                0.0,
                0.0
              ],
              "uv": [
                0,
                0
              ],
              "inflate": 0
            },
            {
              "origin": [
                2.0,
                17.4971,
                -1.15586
              ],
              "size": [
                3.0,
                3.0,
                8.0
              ],
              "pivot": [
                3.5,
                18.9971,
                2.84414
              ],
              "rotation": [
                -12.5,
                0.0,
                0.0
              ],
              "uv": [
                26,
                13
              ],
              "inflate": 0
            }
          ],
          "parent": "Root"
        },
        {
          "name": "bone2",
          "pivot": [
            3.47354,
            18.2618,
            5.62888
          ],
          "cubes": [
            {
              "origin": [
                2.34,
                7.4646,
                3.60902
              ],
              "size": [
                2.32,
                11.6,
                2.32
              ],
              "pivot": [
                3.5,
                13.2646,
                4.76902
              ],
              "rotation": [
                -12.5,
                0.0,
                0.0
              ],
              "uv": [
                0,
                58
              ],
              "inflate": 0
            },
            {
              "origin": [
                2.0,
                1.74229,
                0.80747
              ],
              "size": [
                3.0,
                9.0,
                3.0
              ],
              "pivot": [
                3.5,
                6.24229,
                2.30747
              ],
              "rotation": [
                -35.0,
                0.0,
                0.0
              ],
              "uv": [
                0,
                0
              ],
              "inflate": 0
            },
            {
              "origin": [
                1.0,
                0.32197,
                -3.98096
              ],
              "size": [
                2.0,
                3.0,
                6.0
              ],
              "pivot": [
                3.0,
                1.82197,
                -1.48096
              ],
              "rotation": [
                13.27463,
                19.50645,
                4.50432
              ],
              "uv": [
                46,
                50
              ],
              "inflate": 0
            },
            {
              "origin": [
                0.0321,
                0.05979,
                -5.35523
              ],
              "size": [
                2.0,
                2.0,
                3.0
              ],
              "pivot": [
                1.0321,
                1.05979,
                -3.85523
              ],
              "rotation": [
                53.27463,
                19.50645,
                4.50432
              ],
              "uv": [
                32,
                40
              ],
              "inflate": 0
            },
            {
              "origin": [
                4.74128,
                0.02394,
                -5.50287
              ],
              "size": [
                2.0,
                2.0,
                3.0
              ],
              "pivot": [
                5.74128,
                1.02394,
                -4.00287
              ],
              "rotation": [
                53.27463,
                -14.6364,
                -3.3191
              ],
              "uv": [
                16,
                33
              ],
              "inflate": 0
            },
            {
              "origin": [
                4.0,
                0.32197,
                -3.98096
              ],
              "size": [
                2.0,
                3.0,
                6.0
              ],
              "pivot": [
                4.0,
                1.82197,
                -1.48096
              ],
              "rotation": [
                12.92638,
                -14.6364,
                -3.3191
              ],
              "uv": [
                50,
                29
              ],
              "inflate": 0
            }
          ],
          "parent": "Leftleg"
        }
      ]
    }
  ]
}