{
  "format_version":"1.16.100",
  "animation_controllers":{
    "controller.animation.roger":{
      "states":{
        "default":{
          "transitions":[
            {"facing":"q.variant == 2 || q.variant == 3"},
            {"attack":"v.attack_time > 0.0"},
            {"charging" : "q.is_charged"}
          ]
        },
        "facing":{
          "transitions":[
            {"default":"(1.0)"}
          ],
          "on_entry":[
            "/tp @s ~~~ facing @p"
          ]
        },
        "attack":{
          "transitions":[
            {"default":"v.attack_time <= 0.0"}
          ],
          "on_entry":[
            "/particle op_asa:roger_particle1 ^^1^1",
            "/particle op_asa:roger_particle2 ^^1^1",
            "/summon op_asa:roger_attack"
          ]
        },
        "charging":{
          "transitions":[
            {"default":"!q.is_charged"}
          ],
          "on_entry":[
            "/event entity @s op_asa:cooldown"
          ]
        }
      }
    },
    "controller.animation.roger_timer":{
      "states":{
        "default":{
          "transitions":[
            {"1":"q.has_target"}
          ],
          "on_entry":[
            "/tag @a remove effect_haoshoku"
          ]
        },
        "1":{
          "transitions":[
            {"default":"!q.has_target"}
          ],
          "on_entry":[
            "/effect @e[r=64,family=player] weakness 25 7 true",
            "/effect @e[r=64,family=player] slowness 25 7 true",
            "/effect @e[r=64,family=player] mining_fatigue 25 7 true",
            "/particle op_asa:roger_haoshoku_particle1 ~~~",
            "/particle op_asa:roger_haoshoku_particle2 ~~~",
            "/particle op_asa:roger_haoshoku_particle3 ~~~"
          ]
        }
      }
    },
    "controller.animation.roger_haki":{
      "states":{
        "default":{
          "transitions":[
            {"haki":"q.health >= 300"},
            {"crisis_haki":"q.health < 300"}
          ]
        },
        "haki":{
          "transitions":[
            {"haki_loop":"q.health >= 300"},
            {"crisis":"q.health < 300"}
          ],
          "on_entry":[
            "/effect @s strength 1 3 true",
            "/effect @s resistance 1 3 true",
            "/execute @s ~~~ detect ~~~ op_asa:mochimochi_block 0 fill ~-1~~-1 ~1~1~1 air 0 replace op_asa:mochimochi_block"
          ]
        },
        "haki_loop":{
          "transitions":[
            {"haki":"(1.0)"}
          ]
        },
        "crisis":{
          "transitions":[
            {"crisis_haki":"(1.0)"}
          ],
          "on_entry":["/event entity @s op_asa:crisis"]
        },
        "crisis_haki":{
          "transitions":[
            {"crisis_haki_loop":"(1.0)"}
          ],
          "on_entry":[
            "/effect @s strength 1 3 true",
            "/effect @s resistance 1 3 true",
            "/execute @s ~~~ detect ~~~ op_asa:mochimochi_block 0 fill ~-1~~-1 ~1~1~1 air 0 replace op_asa:mochimochi_block"
          ]
        },
        "crisis_haki_loop":{
          "transitions":[
            {"crisis_haki":"(1.0)"}
          ]
        }
      }
    }
  }
}