{
  "format_version": "1.16.100",
  "minecraft:block": {
    "description": {
      "identifier": "mystery:fire_salts",
      "properties": {
        "pa:growth_stage": [
          0,
          1
        ]
      }
    },
    "components": {
      "minecraft:loot": "loot_tables/blocks/mystery_fire_salts.json",
      "minecraft:destroy_time": 3.0,
      "minecraft:friction": 0.1,
      "minecraft:map_color": "#FF8500",
      "minecraft:explosion_resistance": 1.0,
      "minecraft:block_light_absorption": 0.0,
      "minecraft:block_light_emission": 0.1,
      "minecraft:pick_collision": {
        "origin": [
          -6,
          0,
          -6
        ],
        "size": [
          12,
          12,
          12
        ]
      },
      "minecraft:geometry": "geometry.pa_sapling",
      "minecraft:material_instances": {
        "*": {
          "texture": "mystery_fire_salts_stage_0",
          "render_method": "alpha_test"
        }
      },
      "minecraft:breakonpush": true,
      "minecraft:entity_collision": false,
      "minecraft:on_interact": {
        "event": "grow_ticking",
        "target": "self",
        "condition": "query.get_equipped_item_name == 'bone_meal'"
      },
      "minecraft:random_ticking": {
        "on_tick": {
          "event": "random:tick",
          "target": "self"
        }
      },
      "minecraft:placement_filter": {
        "conditions": [
          {
            "block_filter": [
              "mystery:wet_carpet"
            ],
            "allowed_faces": [
              "up"
            ]
          }
        ]
      },
      "minecraft:on_player_destroyed": {
        "event": "remove:block",
        "target": "self"
      },
      "minecraft:on_step_on": {
        "event": "step:on",
        "target": "self"
      },
      "minecraft:on_step_off": {
        "event": "step:off",
        "target": "self"
      },
      "minecraft:on_placed": {
        "event": "size:block",
        "target": "self"
      },
      "minecraft:on_fall_on": {
        "event": "fall:on",
        "target": "self"
      },
      "minecraft:ticking": {
        "looping": true,
        "range": [
          10,
          10
        ],
        "on_tick": {
          "event": "on_tick",
          "target": "self"
        }
      },
      "minecraft:creative_category": {
        "category": "nature"
      }
    },
    "permutations": [
      {
        "condition": "query.block_property('pa:growth_stage') == 0",
        "components": {
          "minecraft:pick_collision": {
            "origin": [
              -8,
              0,
              -8
            ],
            "size": [
              16,
              16,
              16
            ]
          },
          "minecraft:material_instances": {
            "*": {
              "texture": "mystery_fire_salts_stage_0",
              "render_method": "alpha_test"
            }
          },
          "minecraft:loot": "loot_tables/blocks/mystery_fire_salts_stage_0.json"
        }
      },
      {
        "condition": "query.block_property('pa:growth_stage') == 1",
        "components": {
          "minecraft:pick_collision": {
            "origin": [
              -8,
              0,
              -8
            ],
            "size": [
              16,
              16,
              16
            ]
          },
          "minecraft:material_instances": {
            "*": {
              "texture": "mystery_fire_salts_stage_1",
              "render_method": "alpha_test"
            }
          },
          "minecraft:loot": "loot_tables/blocks/mystery_fire_salts_stage_1.json"
        }
      },
      {
        "condition": "query.block_property('block:rotation') == 2",
        "components": {
          "minecraft:rotation": [
            0,
            0,
            0
          ]
        }
      },
      {
        "condition": "query.block_property('block:rotation') == 3",
        "components": {
          "minecraft:rotation": [
            0,
            -180,
            0
          ]
        }
      },
      {
        "condition": "query.block_property('block:rotation') == 4",
        "components": {
          "minecraft:rotation": [
            0,
            90,
            0
          ]
        }
      },
      {
        "condition": "query.block_property('block:rotation') == 5",
        "components": {
          "minecraft:rotation": [
            0,
            -90,
            0
          ]
        }
      }
    ],
    "events": {
      "grow_ticking": {
        "randomize": [
          {
            "weight": 10
          },
          {
            "set_block_property": {
              "pa:growth_stage": "(query.block_property('pa:growth_stage')<1) ? query.block_property('pa:growth_stage') + 1 : 1"
            },
            "weight": 90
          }
        ]
      },
      "remove:block": {},
      "size:block": {},
      "step:on": {},
      "step:off": {},
      "on_tick": {},
      "random:tick": {},
      "fall:on": {}
    }
  }
}