{"format_version":"1.16.100","minecraft:block":{"components":{"minecraft:block_light_absorption":15,"minecraft:block_light_emission":0,"minecraft:creative_category":{"category":"nature"},"minecraft:destroy_time":3,"minecraft:explosion_resistance":100,"minecraft:friction":0.4,"minecraft:loot":"loot_tables/blocks/mystery_almond_grass.json","minecraft:map_color":"#FFFFFF","minecraft:material_instances":{"*":{"render_method":"blend","texture":"mystery:almond_grass"}},"minecraft:on_fall_on":{"event":"fall:on","target":"self"},"minecraft:on_placed":{"event":"size:block","target":"self"},"minecraft:on_player_destroyed":{"event":"remove:block","target":"self"},"minecraft:on_step_off":{"event":"step:off","target":"self"},"minecraft:on_step_on":{"event":"step:on","target":"self"},"minecraft:random_ticking":{"on_tick":{"event":"random:tick","target":"self"}},"minecraft:ticking":{"looping":true,"on_tick":{"event":"on_tick","target":"self"},"range":[10,10]}},"description":{"category":"Nature","identifier":"mystery:almond_grass"},"events":{"fall:on":{},"on_tick":{},"random:tick":{},"remove:block":{},"size:block":{},"step:off":{},"step:on":{}},"permutations":[{"components":{"minecraft:rotation":[0,0,0]},"condition":"query.block_property('block:rotation') == 2"},{"components":{"minecraft:rotation":[0,-180,0]},"condition":"query.block_property('block:rotation') == 3"},{"components":{"minecraft:rotation":[0,90,0]},"condition":"query.block_property('block:rotation') == 4"},{"components":{"minecraft:rotation":[0,-90,0]},"condition":"query.block_property('block:rotation') == 5"}]}}