{
  "format_version": "1.16.100",
  "minecraft:block": {
    "description": {
      "identifier": "mystery:wet_gray_floor_tile",
      "category": "Nature"
    },
    "components": {
      "minecraft:loot": "loot_tables/blocks/mystery_wet_gray_floor_tile.json",
      "minecraft:destroy_time": 100.0,
      "minecraft:friction": 0.9,
      "minecraft:map_color": "#929292",
      "minecraft:explosion_resistance": 100.0,
      "minecraft:block_light_absorption": 15,
      "minecraft:block_light_emission": 0.0,
      "minecraft:on_player_destroyed": {
        "event": "remove:block",
        "target": "self"
      },
      "minecraft:material_instances": {
        "*": {
          "texture": "mystery:wet_gray_floor_tile",
          "render_method": "blend"
        }
      },
      "minecraft:on_step_on": {
        "event": "step:on",
        "target": "self"
      },
      "minecraft:on_step_off": {
        "event": "step:off",
        "target": "self"
      },
      "minecraft:on_placed": {
        "event": "size:block",
        "target": "self"
      },
      "minecraft:random_ticking": {
        "on_tick": {
          "event": "random:tick",
          "target": "self"
        }
      },
      "minecraft:on_fall_on": {
        "event": "fall:on",
        "target": "self"
      },
      "minecraft:ticking": {
        "looping": true,
        "range": [
          10,
          10
        ],
        "on_tick": {
          "event": "on_tick",
          "target": "self"
        }
      },
      "minecraft:creative_category": {
        "category": "nature"
      }
    },
    "events": {
      "remove:block": {},
      "size:block": {},
      "step:on": {},
      "step:off": {},
      "on_tick": {},
      "random:tick": {},
      "fall:on": {}
    },
    "permutations": [
      {
        "condition": "query.block_property('block:rotation') == 2",
        "components": {
          "minecraft:rotation": [
            0,
            0,
            0
          ]
        }
      },
      {
        "condition": "query.block_property('block:rotation') == 3",
        "components": {
          "minecraft:rotation": [
            0,
            -180,
            0
          ]
        }
      },
      {
        "condition": "query.block_property('block:rotation') == 4",
        "components": {
          "minecraft:rotation": [
            0,
            90,
            0
          ]
        }
      },
      {
        "condition": "query.block_property('block:rotation') == 5",
        "components": {
          "minecraft:rotation": [
            0,
            -90,
            0
          ]
        }
      }
    ]
  }
}