{
	"format_version": "1.8.0",
	"animations": {
		"animation.akainu.attack": {
			"animation_length": 0.33333,
			"bones": {
				"Corpo_up": {
					"rotation": {
						"0.0": [12.5391, 9.99084, 0.43026],
						"0.125": [18.65587, -54.97492, -2.71133],
						"0.3333": [20.7064, -62.36595, -5.10577]
					}
				},
				"rightBraco": {
					"position": [2, 0, 0],
					"scale": 0.2
				},
				"rightBraco2": {
					"rotation": {
						"0.0": [11.71747, -7.04524, 66.04827],
						"0.125": [-45.78253, -7.04524, 66.04827],
						"0.3333": [-53.28, -7.05, 66.05]
					},
					"position": {
						"0.0": [0, 0, 0],
						"0.125": [-9, 0, -3],
						"0.3333": [-10, 0, -3]
					},
					"scale": {
						"0.0": [6.8, 6.8, 6.8],
						"0.125": [9, 9, 9],
						"0.3333": [9.2, 9.2, 9.2]
					}
				},
				"leftBraco": {
					"rotation": [-83.45779, 30.05748, -57.5255]
				}
			}
		}
	}
}