{
	"format_version": "1.8.0",
	"animations": {
		"animation.akainu.jump": {
			"loop": true,
			"bones": {
				"leftPerna": {
					"scale": 0
				},
				"rightPerna": {
					"scale": 0
				},
				"Corpo_up": {
					"rotation": [52.5, 0, 0]
				},
				"rightBraco": {
					"rotation": [-45.12449, 12.97087, 18.57564]
				},
				"rightBraco2": {
					"rotation": [115.17674, -6.02775, -4.46832],
					"position": [8, -37, -41],
					"scale": [28, 11.5, 24.8]
				},
				"leftBraco": {
					"rotation": [-60.06662, -17.28577, -14.66055]
				}
			}
		}
	}
}