{
	"format_version": "1.8.0",
	"animations": {
		"animation.buzzcut": {
			"animation_length": 1.41667,
			"bones": {
				"bone5": {
					"rotation": {
						"0.0": {
							"post": [0, 0, 0],
							"lerp_mode": "catmullrom"
						},
						"0.0833": {
							"post": [0, 15, 0],
							"lerp_mode": "catmullrom"
						},
						"0.1667": {
							"post": [0, 25, 0],
							"lerp_mode": "catmullrom"
						},
						"0.25": {
							"post": [0, 25, 0],
							"lerp_mode": "catmullrom"
						},
						"0.3333": {
							"post": [0, 25, 0],
							"lerp_mode": "catmullrom"
						},
						"0.4167": {
							"post": [0, 25, 0],
							"lerp_mode": "catmullrom"
						},
						"0.5833": {
							"post": [0, 0, 0],
							"lerp_mode": "catmullrom"
						}
					}
				},
				"bone6": {
					"rotation": {
						"0.0": {
							"post": [0, 0, 0],
							"lerp_mode": "catmullrom"
						},
						"0.0833": {
							"post": [0, 15, 0],
							"lerp_mode": "catmullrom"
						},
						"0.1667": {
							"post": [0, 22.5, 0],
							"lerp_mode": "catmullrom"
						},
						"0.25": {
							"post": [0, 22.5, 0],
							"lerp_mode": "catmullrom"
						},
						"0.3333": {
							"post": [0, 22.5, 0],
							"lerp_mode": "catmullrom"
						},
						"0.4167": {
							"post": [0, 22.5, 0],
							"lerp_mode": "catmullrom"
						},
						"0.5833": {
							"post": [0, 0, 0],
							"lerp_mode": "catmullrom"
						}
					}
				},
				"bone7": {
					"rotation": {
						"0.0": {
							"post": [0, 0, 0],
							"lerp_mode": "catmullrom"
						},
						"0.0833": {
							"post": [0, 15, 0],
							"lerp_mode": "catmullrom"
						},
						"0.1667": {
							"post": [0, 22.5, 0],
							"lerp_mode": "catmullrom"
						},
						"0.25": {
							"post": [0, 22.5, 0],
							"lerp_mode": "catmullrom"
						},
						"0.3333": {
							"post": [0, 22.5, 0],
							"lerp_mode": "catmullrom"
						},
						"0.4167": {
							"post": [0, 22.5, 0],
							"lerp_mode": "catmullrom"
						},
						"0.5833": {
							"post": [0, 5, 0],
							"lerp_mode": "catmullrom"
						}
					}
				},
				"bone8": {
					"rotation": {
						"0.0": {
							"post": [0, 0, 0],
							"lerp_mode": "catmullrom"
						},
						"0.0833": {
							"post": [0, -80, 0],
							"lerp_mode": "catmullrom"
						},
						"0.1667": {
							"post": [0, -190, 0],
							"lerp_mode": "catmullrom"
						},
						"0.25": {
							"post": [0, -317.5, 0],
							"lerp_mode": "catmullrom"
						},
						"0.3333": {
							"post": [0, -415, 0],
							"lerp_mode": "catmullrom"
						},
						"0.4167": {
							"post": [170.00791, -404.95507, -217.46557],
							"lerp_mode": "catmullrom"
						},
						"0.5833": {
							"post": [95, -440, -180],
							"lerp_mode": "catmullrom"
						},
						"0.875": {
							"post": [95, -440, -180],
							"lerp_mode": "catmullrom"
						},
						"1.0833": {
							"post": [13.58523, -402.56956, -94.20753],
							"lerp_mode": "catmullrom"
						},
						"1.2083": {
							"post": [13.59, -402.57, -94.21],
							"lerp_mode": "catmullrom"
						},
						"1.2917": {
							"post": [169.76276, -346.82407, -267.27965],
							"lerp_mode": "catmullrom"
						},
						"1.4167": {
							"post": [169.76, -346.82, -267.28],
							"lerp_mode": "catmullrom"
						}
					},
					"position": {
						"0.0": {
							"post": [0, 0, 0],
							"lerp_mode": "catmullrom"
						}
					},
					"scale": {
						"0.0": {
							"post": [1, 1, 1],
							"lerp_mode": "catmullrom"
						},
						"0.4167": {
							"post": [1, 1, 1],
							"lerp_mode": "catmullrom"
						},
						"0.5833": {
							"post": [1, 1, 3.1],
							"lerp_mode": "catmullrom"
						},
						"0.875": {
							"post": [2.5, 1.9, 3.1],
							"lerp_mode": "catmullrom"
						}
					}
				}
			}
		}
	}
}