{
	"format_version": "1.8.0",
	"animations": {
		"animation.king.cobra": {
			"animation_length": 1.33333,
			"bones": {
				"Corpo_up": {
					"rotation": {
						"0.0": [0, -22.5, 0],
						"0.25": [0, -32.5, 0],
						"0.5": [0, -37.5, 0],
						"0.625": [15.90258, 22.12655, 3.45526]
					}
				},
				"leftBraco": {
					"rotation": {
						"0.0": [49.93966, 4.39205, -74.89089],
						"0.25": [49.94, 4.39, -74.89],
						"0.5": [57.44, 4.39, -74.89],
						"0.625": [-57.31772, -17.86946, -95.31387]
					}
				},
				"leftBraco_down": {
					"rotation": {
						"0.0": [-148.20722, -8.44738, 11.82271],
						"0.25": [-125.71, -8.45, 11.82],
						"0.5": [-115.71, -8.45, 11.82],
						"0.625": [-0.71, -8.45, 11.82],
						"0.75": [-69.31744, -37.63172, -21.18762]
					},
					"position": {
						"0.625": [0, 0, 0],
						"0.75": [0, 0, 0]
					},
					"scale": {
						"0.0": [1, 1, 1],
						"0.25": [2.1, 0.6, 2.3],
						"0.5": [2.1, 0.5, 2.3],
						"0.625": [2.1, 0.5, 2.3],
						"0.75": [1, 0.9, 1]
					}
				},
				"leftBraco_down2": {
					"rotation": {
						"0.75": [0, 0, 0],
						"0.7917": [-70, 0, 0]
					},
					"position": {
						"0.625": [0, 0, 0],
						"0.75": [-6, -40, -3]
					},
					"scale": {
						"0.7917": [1, 1, 1],
						"0.875": [1, 7.9, 1]
					}
				},
				"leftBraco_down3": {
					"scale": {
						"0.625": [1, 1, 1],
						"0.75": [1, 5.1, 1]
					}
				},
				"leftBraco_down4": {
					"rotation": {
						"0.75": [0, 0, 0],
						"0.7917": [-70, 0, 0],
						"0.875": [-70, 0, 0],
						"0.9167": [-181.50371, 5.90316, 19.14314]
					},
					"position": {
						"0.625": [0, 0, 0],
						"0.75": [-6, -40, -3],
						"0.7917": [-6, -40, -3],
						"0.875": [-6, -56, -64],
						"0.9167": [-6, -56, -64]
					},
					"scale": {
						"0.875": [1, 1, 1],
						"0.9167": [1, 1, 1],
						"1.0": [1, 12.8, 1]
					}
				},
				"leftBraco_down8": {
					"rotation": {
						"0.75": [0, 0, 0],
						"0.7917": [-70, 0, 0],
						"0.875": [-70, 0, 0],
						"0.9167": [-175.23397, -1.05627, 24.97911],
						"1.0": [-175.23, -1.06, 24.98],
						"1.0417": [-302.76726, -18.01126, 40.04383]
					},
					"position": {
						"0.625": [0, 0, 0],
						"0.75": [-6, -40, -3],
						"0.7917": [-6, -40, -3],
						"0.875": [-6, -56, -64],
						"0.9167": [-6, -56, -64],
						"1.0": [42, 36, -52]
					},
					"scale": {
						"0.9167": [1, 1, 1],
						"1.0417": [1, 1, 1],
						"1.125": [1, 11.2, 1],
						"1.3333": [1, 12.7, 1]
					}
				},
				"rightBraco": {
					"rotation": {
						"0.0": [-70.1071, 10.47696, 80.83826],
						"0.25": [-62.6071, 10.47696, 80.83826],
						"0.5": [-57.6071, 10.47696, 80.83826],
						"0.625": [69.8929, 10.47696, 80.83826]
					}
				},
				"bone8": {
					"position": {
						"1.0": [0, 0, 0],
						"1.125": [0, -5, 0]
					},
					"scale": {
						"1.0": [1, 1, 1],
						"1.125": [10.6, 2.2, 12.5]
					}
				}
			}
		}
	}
}