{
	"format_version": "1.8.0",
	"animations": {
		"animation.gear2": {
			"loop": true,
			"animation_length": 1.5,
			"bones": {
				"bone": {
					"scale": {
						"0.0": {
							"post": [1, 1, 1],
							"lerp_mode": "catmullrom"
						},
						"0.5": {
							"post": [2.1, 1, 1],
							"lerp_mode": "catmullrom"
						},
						"1.0": {
							"post": [2.1, 1, 1.6],
							"lerp_mode": "catmullrom"
						},
						"1.5": {
							"post": [1, 1, 1],
							"lerp_mode": "catmullrom"
						}
					}
				},
				"bone2": {
					"scale": {
						"0.0": {
							"post": [1, 1, 1],
							"lerp_mode": "catmullrom"
						},
						"0.5": {
							"post": [1.5, 1, 1.8],
							"lerp_mode": "catmullrom"
						},
						"1.0": {
							"post": [1.9, 1, 1.5],
							"lerp_mode": "catmullrom"
						},
						"1.5": {
							"post": [1, 1, 1],
							"lerp_mode": "catmullrom"
						}
					}
				},
				"bone3": {
					"scale": {
						"0.0": {
							"post": [1, 1, 1],
							"lerp_mode": "catmullrom"
						},
						"0.5": {
							"post": [1.7, 1.1, 1],
							"lerp_mode": "catmullrom"
						},
						"1.0": {
							"post": [1.7, 1.1, 2],
							"lerp_mode": "catmullrom"
						},
						"1.5": {
							"post": [1, 1, 1],
							"lerp_mode": "catmullrom"
						}
					}
				},
				"bone4": {
					"scale": {
						"0.0": {
							"post": [1, 1, 1],
							"lerp_mode": "catmullrom"
						},
						"0.5": {
							"post": [1.7, 1, 1],
							"lerp_mode": "catmullrom"
						},
						"1.0": {
							"post": [1.7, 1, 2.1],
							"lerp_mode": "catmullrom"
						},
						"1.5": {
							"post": [1, 1, 1],
							"lerp_mode": "catmullrom"
						}
					}
				}
			}
		}
	}
}