{
	"format_version": "1.8.0",
	"animations": {
		"animation.gear4.stop": {
			"loop": true,
			"animation_length": 0.875,
			"bones": {
				"Corpo": {
					"position": {
						"0.0": {
							"post": [0, 0, 0],
							"lerp_mode": "catmullrom"
						},
						"0.25": {
							"post": [0, 3, 0],
							"lerp_mode": "catmullrom"
						},
						"0.4167": {
							"post": [0, -5, 0],
							"lerp_mode": "catmullrom"
						},
						"0.7083": {
							"post": [0, -7, 0],
							"lerp_mode": "catmullrom"
						},
						"0.875": {
							"post": [0, 0, 0],
							"lerp_mode": "catmullrom"
						}
					}
				},
				"leftPerna": {
					"rotation": {
						"0.0": {
							"post": [-19.50755, -4.46835, -11.68737],
							"lerp_mode": "catmullrom"
						},
						"0.25": {
							"post": [-9.98861, 0.90049, 2.33224],
							"lerp_mode": "catmullrom"
						},
						"0.4167": {
							"post": [-44.81714, -4.02571, -3.3274],
							"lerp_mode": "catmullrom"
						},
						"0.7083": {
							"post": [-59.81714, -4.02571, -3.3274],
							"lerp_mode": "catmullrom"
						},
						"0.875": {
							"post": [-19.50755, -4.46835, -11.68737],
							"lerp_mode": "catmullrom"
						}
					}
				},
				"leftPerna_down": {
					"rotation": {
						"0.0": {
							"post": [10, 0, 0],
							"lerp_mode": "catmullrom"
						},
						"0.25": {
							"post": [2.5, 0, 0],
							"lerp_mode": "catmullrom"
						},
						"0.4167": {
							"post": [32.5, 0, 0],
							"lerp_mode": "catmullrom"
						},
						"0.7083": {
							"post": [55, 0, 0],
							"lerp_mode": "catmullrom"
						},
						"0.875": {
							"post": [10, 0, 0],
							"lerp_mode": "catmullrom"
						}
					}
				},
				"rightPerna": {
					"rotation": {
						"0.0": {
							"post": [-29.48033, 0.12496, 7.48307],
							"lerp_mode": "catmullrom"
						},
						"0.25": {
							"post": [-19.14197, -4.94889, -1.14357],
							"lerp_mode": "catmullrom"
						},
						"0.4167": {
							"post": [-46.61376, 7.55836, 7.26786],
							"lerp_mode": "catmullrom"
						},
						"0.7083": {
							"post": [-59.11376, 7.55836, 7.26786],
							"lerp_mode": "catmullrom"
						},
						"0.875": {
							"post": [-29.48033, 0.12496, 7.48307],
							"lerp_mode": "catmullrom"
						}
					}
				},
				"rightPerna_down": {
					"rotation": {
						"0.0": {
							"post": [35, 0, 0],
							"lerp_mode": "catmullrom"
						},
						"0.25": {
							"post": [10, 0, 0],
							"lerp_mode": "catmullrom"
						},
						"0.4167": {
							"post": [70, 0, 0],
							"lerp_mode": "catmullrom"
						},
						"0.7083": {
							"post": [60, 0, 0],
							"lerp_mode": "catmullrom"
						},
						"0.875": {
							"post": [35, 0, 0],
							"lerp_mode": "catmullrom"
						}
					}
				},
				"Corpo_up": {
					"rotation": {
						"0.0": {
							"post": [15, 0, 0],
							"lerp_mode": "catmullrom"
						}
					}
				},
				"bone3": {
					"rotation": {
						"0.0": {
							"post": [0, 0, 0],
							"lerp_mode": "catmullrom"
						},
						"0.2917": {
							"post": [0, -95, 0],
							"lerp_mode": "catmullrom"
						},
						"0.625": {
							"post": [0, -165, 0],
							"lerp_mode": "catmullrom"
						},
						"0.875": {
							"post": [0, -367.5, 0],
							"lerp_mode": "catmullrom"
						}
					},
					"position": {
						"0.0": {
							"post": [0, 0, 0],
							"lerp_mode": "catmullrom"
						},
						"0.2917": {
							"post": [0, 12, 0],
							"lerp_mode": "catmullrom"
						},
						"0.625": {
							"post": [0, 22, 0],
							"lerp_mode": "catmullrom"
						},
						"0.875": {
							"post": [0, 0, 0],
							"lerp_mode": "catmullrom"
						}
					}
				}
			}
		}
	}
}