{
	"format_version": "1.8.0",
	"animations": {
		"animation.gear4.gatling": {
			"loop": true,
			"animation_length": 0.91667,
			"bones": {
				"Corpo_up": {
					"rotation": {
						"0.0": {
							"post": [50.22568, -5.74434, -4.82939],
							"lerp_mode": "catmullrom"
						},
						"0.0833": {
							"post": [50.70632, 9.55041, 8.10487],
							"lerp_mode": "catmullrom"
						},
						"0.1667": {
							"post": [50.22568, -5.74434, -4.82939],
							"lerp_mode": "catmullrom"
						},
						"0.25": {
							"post": [50.70632, 9.55041, 8.10487],
							"lerp_mode": "catmullrom"
						},
						"0.3333": {
							"post": [50.22568, -5.74434, -4.82939],
							"lerp_mode": "catmullrom"
						},
						"0.4167": {
							"post": [50.70632, 9.55041, 8.10487],
							"lerp_mode": "catmullrom"
						},
						"0.5": {
							"post": [50.22568, -5.74434, -4.82939],
							"lerp_mode": "catmullrom"
						},
						"0.5833": {
							"post": [50.70632, 9.55041, 8.10487],
							"lerp_mode": "catmullrom"
						},
						"0.6667": {
							"post": [50.22568, -5.74434, -4.82939],
							"lerp_mode": "catmullrom"
						},
						"0.75": {
							"post": [50.70632, 9.55041, 8.10487],
							"lerp_mode": "catmullrom"
						},
						"0.8333": {
							"post": [50.22568, -5.74434, -4.82939],
							"lerp_mode": "catmullrom"
						},
						"0.9167": {
							"post": [50.70632, 9.55041, 8.10487],
							"lerp_mode": "catmullrom"
						}
					}
				},
				"rightBraco": {
					"rotation": {
						"0.0": [-92.80497, 42.77144, 87.26547],
						"0.3333": [-92.80497, 42.77144, 87.26547],
						"0.6667": [-92.80497, 42.77144, 87.26547]
					},
					"position": {
						"0.0": [-15, 55, -44],
						"0.0833": [-27, 3, 12],
						"0.1667": [-52, 75, -35],
						"0.25": [-52, -54, 24],
						"0.3333": [-15, 55, -44],
						"0.4167": [-27, 3, 12],
						"0.5": [-52, 75, -35],
						"0.5833": [-52, -54, 24],
						"0.6667": [-15, 55, -44],
						"0.75": [-27, 3, 12],
						"0.8333": [-52, 75, -35],
						"0.9167": [-52, -54, 24]
					},
					"scale": {
						"0.0": [1, 6.4, 1],
						"0.3333": [1, 6.4, 1],
						"0.6667": [1, 6.4, 1]
					}
				},
				"leftBraco": {
					"rotation": {
						"0.0": [-99.61224, -41.72136, -73.65269],
						"0.3333": [-99.61224, -41.72136, -73.65269],
						"0.6667": [-99.61224, -41.72136, -73.65269]
					},
					"position": {
						"0.0": [38, -44, 53],
						"0.0833": [0, 63, -50],
						"0.1667": [27, -24, 61],
						"0.25": [27, 63, -17],
						"0.3333": [38, -44, 53],
						"0.4167": [0, 63, -50],
						"0.5": [27, -24, 61],
						"0.5833": [27, 63, -17],
						"0.6667": [38, -44, 53],
						"0.75": [0, 63, -50],
						"0.8333": [27, -24, 61],
						"0.9167": [27, 63, -17]
					},
					"scale": {
						"0.0": [1, 6.4, 1],
						"0.3333": [1, 6.4, 1],
						"0.6667": [1, 6.4, 1]
					}
				}
			}
		}
	}
}