{
	"format_version": "1.8.0",
	"animations": {
		"animation.gomu.pistol": {
			"animation_length": 1.25,
			"bones": {
				"body": {
					"rotation": {
						"0.0": {
							"post": [12.5, 17.5, 0],
							"lerp_mode": "catmullrom"
						},
						"0.25": {
							"post": [12.68472, 19.93989, 0.57543],
							"lerp_mode": "catmullrom"
						},
						"0.4167": {
							"post": [4.5022, -6.94821, -5.2872],
							"lerp_mode": "catmullrom"
						},
						"0.5833": {
							"post": [4.61261, -14.42637, -5.89588],
							"lerp_mode": "catmullrom"
						}
					},
					"position": {
						"0.0": {
							"post": [0, 0, -2],
							"lerp_mode": "catmullrom"
						}
					}
				},
				"leftArm": {
					"rotation": {
						"0.0": {
							"post": [-100.62758, -19.6835, 3.61644],
							"lerp_mode": "catmullrom"
						},
						"0.25": {
							"post": [-100.34527, -14.76689, 2.66399],
							"lerp_mode": "catmullrom"
						},
						"0.4167": {
							"post": [-32.84527, -14.76689, 2.66399],
							"lerp_mode": "catmullrom"
						},
						"0.5833": {
							"post": [-34.61535, -9.20362, 11.16293],
							"lerp_mode": "catmullrom"
						}
					},
					"position": {
						"0.4167": {
							"pre": [0, 0, 0],
							"post": [0, 0, 0],
							"lerp_mode": "catmullrom"
						},
						"0.5833": {
							"post": [0, 0, 3],
							"lerp_mode": "catmullrom"
						}
					}
				},
				"rightArm": {
					"rotation": {
						"0.0": {
							"post": [76.73902, -22.23652, 2.89224],
							"lerp_mode": "catmullrom"
						},
						"0.4167": {
							"post": [85.08878, -7.94426, -2.79057],
							"lerp_mode": "catmullrom"
						},
						"0.5833": {
							"post": [-97.41, 12.06, -2.76],
							"lerp_mode": "catmullrom"
						},
						"1.0833": {
							"post": [-97.41, 12.06, -2.76],
							"lerp_mode": "catmullrom"
						}
					},
					"position": {
						"0.0": {
							"post": [-3, 0, 8],
							"lerp_mode": "catmullrom"
						},
						"0.25": {
							"post": [-4, 0, 9],
							"lerp_mode": "catmullrom"
						},
						"0.4167": {
							"post": [0, 0, -2],
							"lerp_mode": "catmullrom"
						},
						"0.5833": {
							"post": [0, 0, -2],
							"lerp_mode": "catmullrom"
						},
						"0.7083": {
							"post": [-1, 1, -8],
							"lerp_mode": "catmullrom"
						},
						"0.9167": {
							"post": [-1, 1, -12],
							"lerp_mode": "catmullrom"
						},
						"1.0833": {
							"post": [-1, 1, 0],
							"lerp_mode": "catmullrom"
						}
					},
					"scale": {
						"0.0": {
							"post": [1, 4.1, 1],
							"lerp_mode": "catmullrom"
						},
						"0.25": {
							"post": [1, 4.6, 1],
							"lerp_mode": "catmullrom"
						},
						"0.4167": {
							"post": [1, 1.2, 1],
							"lerp_mode": "catmullrom"
						},
						"0.5833": {
							"post": [1, 1.2, 1],
							"lerp_mode": "catmullrom"
						},
						"0.7083": {
							"post": [1, 4.5, 1],
							"lerp_mode": "catmullrom"
						},
						"0.9167": {
							"post": [1, 5.9, 1],
							"lerp_mode": "catmullrom"
						},
						"1.0833": {
							"post": [1, 0.9, 1],
							"lerp_mode": "catmullrom"
						},
						"1.25": {
							"post": [1, 0.9, 1],
							"lerp_mode": "catmullrom"
						}
					}
				},
				"leftLeg": {
					"rotation": {
						"0.0": {
							"post": [-12.5, 0, 0],
							"lerp_mode": "catmullrom"
						},
						"0.25": {
							"post": [-10, 0, 0],
							"lerp_mode": "catmullrom"
						}
					},
					"position": {
						"0.0": {
							"post": [0, 0, -2],
							"lerp_mode": "catmullrom"
						},
						"0.25": {
							"post": [0, 0, -3],
							"lerp_mode": "catmullrom"
						}
					}
				},
				"rightLeg": {
					"rotation": {
						"0.0": {
							"post": [25, 0, 0],
							"lerp_mode": "catmullrom"
						},
						"0.25": {
							"post": [20, 0, 0],
							"lerp_mode": "catmullrom"
						}
					},
					"position": {
						"0.0": {
							"post": [0, 0, 2],
							"lerp_mode": "catmullrom"
						},
						"0.25": {
							"post": [0, 0, 3],
							"lerp_mode": "catmullrom"
						}
					}
				}
			}
		}
	}
}