{
	"format_version": "1.8.0",
	"animations": {
		"animation.player.slash2": {
			"animation_length": 0.66667,
			"bones": {
				"root": {
					"rotation": {
						"0.0": {
							"post": [0, 0, 0],
							"lerp_mode": "catmullrom"
						},
						"0.1667": {
							"post": [10, 0, 0],
							"lerp_mode": "catmullrom"
						},
						"0.4167": {
							"post": [15, 0, 0],
							"lerp_mode": "catmullrom"
						},
						"0.6667": {
							"post": [15, 0, 0],
							"lerp_mode": "catmullrom"
						}
					}
				},
				"leftArm": {
					"rotation": {
						"0.0": {
							"post": [-103.35553, -2.34914, -69.98246],
							"lerp_mode": "catmullrom"
						},
						"0.1667": {
							"post": [34.14, -2.35, -69.98],
							"lerp_mode": "catmullrom"
						},
						"0.4167": {
							"post": [44.14, -2.35, -69.98],
							"lerp_mode": "catmullrom"
						},
						"0.6667": {
							"post": [44.14, -2.35, -69.98],
							"lerp_mode": "catmullrom"
						}
					}
				},
				"rightArm": {
					"rotation": {
						"0.0": {
							"post": [-121.71604, -12.06754, 74.65279],
							"lerp_mode": "catmullrom"
						},
						"0.1667": {
							"post": [20.78, -12.07, 74.65],
							"lerp_mode": "catmullrom"
						},
						"0.4167": {
							"post": [33.28, -12.07, 74.65],
							"lerp_mode": "catmullrom"
						},
						"0.6667": {
							"post": [33.28, -12.07, 74.65],
							"lerp_mode": "catmullrom"
						}
					}
				},
				"leftLeg": {
					"rotation": {
						"0.0": {
							"post": [7.5, 0, 0],
							"lerp_mode": "catmullrom"
						},
						"0.1667": {
							"post": [-12.5, 0, 0],
							"lerp_mode": "catmullrom"
						},
						"0.4167": {
							"post": [-5, 0, 0],
							"lerp_mode": "catmullrom"
						},
						"0.6667": {
							"post": [-5, 0, 0],
							"lerp_mode": "catmullrom"
						}
					},
					"position": {
						"0.0": {
							"post": [0, 0, -3],
							"lerp_mode": "catmullrom"
						},
						"0.1667": {
							"post": [0, 0, -2],
							"lerp_mode": "catmullrom"
						},
						"0.6667": {
							"post": [0, 0, -2],
							"lerp_mode": "catmullrom"
						}
					}
				},
				"rightLeg": {
					"rotation": {
						"0.0": {
							"post": [22.5, 0, 0],
							"lerp_mode": "catmullrom"
						},
						"0.1667": {
							"post": [45, 0, 0],
							"lerp_mode": "catmullrom"
						},
						"0.4167": {
							"post": [55, 0, 0],
							"lerp_mode": "catmullrom"
						},
						"0.6667": {
							"post": [55, 0, 0],
							"lerp_mode": "catmullrom"
						}
					}
				}
			}
		}
	}
}