{
	"format_version": "1.8.0",
	"animations": {
		"animation.lgear4.stop": {
			"loop": true,
			"animation_length": 0.6667,
			"bones": {
				"Corpo": {
					"rotation": {
						"0.0": {
							"post": [0, -12.5, 0],
							"lerp_mode": "catmullrom"
						},
						"0.1667": {
							"post": [0, -12.5, 0],
							"lerp_mode": "catmullrom"
						}
					},
					"position": {
						"0.0": {
							"post": [0, 2, 0],
							"lerp_mode": "catmullrom"
						},
						"0.1667": {
							"post": [0, 4, 0],
							"lerp_mode": "catmullrom"
						},
						"0.3333": {
							"post": [0, 0, 0],
							"lerp_mode": "catmullrom"
						},
						"0.5": {
							"post": [0, -9, 0],
							"lerp_mode": "catmullrom"
						},
						"0.6667": {
							"post": [0, 2, 0],
							"lerp_mode": "catmullrom"
						}
					}
				},
				"leftPerna": {
					"rotation": {
						"0.0": [-57.5, -22.5, 0],
						"0.1667": [-77.5, -22.5, 0],
						"0.3333": [-55, -22.5, 0],
						"0.5": [-77.5, -22.5, 0],
						"0.6667": [-57.5, -22.5, 0]
					}
				},
				"leftPerna_down": {
					"rotation": {
						"0.0": {
							"post": [77.5, 0, 0],
							"lerp_mode": "catmullrom"
						},
						"0.1667": {
							"post": [92.5, 0, 0],
							"lerp_mode": "catmullrom"
						},
						"0.3333": {
							"post": [75, 0, 0],
							"lerp_mode": "catmullrom"
						},
						"0.5": {
							"post": [90, 0, 0],
							"lerp_mode": "catmullrom"
						},
						"0.6667": {
							"post": [77.5, 0, 0],
							"lerp_mode": "catmullrom"
						}
					}
				},
				"Pe3": {
					"rotation": [37.5, 0, 0]
				},
				"rightPerna": {
					"rotation": {
						"0.0": {
							"post": [-37.5, 27.5, 0],
							"lerp_mode": "catmullrom"
						},
						"0.1667": {
							"post": [-50, 27.5, 0],
							"lerp_mode": "catmullrom"
						},
						"0.3333": {
							"post": [-42.5, 27.5, 0],
							"lerp_mode": "catmullrom"
						},
						"0.5": {
							"post": [-72.5, 27.5, 0],
							"lerp_mode": "catmullrom"
						},
						"0.6667": {
							"post": [-37.5, 27.5, 0],
							"lerp_mode": "catmullrom"
						}
					}
				},
				"rightPerna_down": {
					"rotation": {
						"0.0": {
							"post": [62.5, 0, 0],
							"lerp_mode": "catmullrom"
						},
						"0.1667": {
							"post": [82.5, 0, 0],
							"lerp_mode": "catmullrom"
						},
						"0.3333": {
							"post": [65, 0, 0],
							"lerp_mode": "catmullrom"
						},
						"0.5": {
							"post": [95, 0, 0],
							"lerp_mode": "catmullrom"
						},
						"0.6667": {
							"post": [62.5, 0, 0],
							"lerp_mode": "catmullrom"
						}
					}
				},
				"Pe2": {
					"rotation": [37.5, 0, 0]
				},
				"bone3": {
					"rotation": {
						"0.0": {
							"post": [0, 0, 0],
							"lerp_mode": "catmullrom"
						},
						"0.1667": {
							"post": [0, -102.5, 0],
							"lerp_mode": "catmullrom"
						},
						"0.3333": {
							"post": [0, -172.5, 0],
							"lerp_mode": "catmullrom"
						},
						"0.5": {
							"post": [0, -270, 0],
							"lerp_mode": "catmullrom"
						},
						"0.6667": {
							"post": [0, -347.5, 0],
							"lerp_mode": "catmullrom"
						}
					}
				},
				"rightBraco": {
					"rotation": {
						"0.0": {
							"post": [-100.0362, 5.60097, -2.30209],
							"lerp_mode": "catmullrom"
						},
						"0.1667": {
							"post": [-92.54, 5.6, -2.3],
							"lerp_mode": "catmullrom"
						},
						"0.3333": {
							"post": [-92.54, 5.6, -2.3],
							"lerp_mode": "catmullrom"
						},
						"0.5": {
							"post": [-97.54, 5.6, -2.3],
							"lerp_mode": "catmullrom"
						},
						"0.6667": {
							"post": [-100.0362, 5.60097, -2.30209],
							"lerp_mode": "catmullrom"
						}
					}
				},
				"leftBraco": {
					"rotation": {
						"0.0": {
							"post": [-4.95491, -0.80112, -79.59477],
							"lerp_mode": "catmullrom"
						},
						"0.1667": {
							"post": [-5.32113, -1.9061, -69.64913],
							"lerp_mode": "catmullrom"
						},
						"0.3333": {
							"post": [-5.02835, -1.08306, -77.10964],
							"lerp_mode": "catmullrom"
						},
						"0.5": {
							"post": [-4.80881, 0.06007, -87.04667],
							"lerp_mode": "catmullrom"
						},
						"0.6667": {
							"post": [-4.95491, -0.80112, -79.59477],
							"lerp_mode": "catmullrom"
						}
					}
				},
				"leftBraco_down": {
					"rotation": {
						"0.0": {
							"post": [-142.5, 370, 0],
							"lerp_mode": "catmullrom"
						}
					}
				},
				"rightHand": {
					"rotation": {
						"0.0": {
							"post": [-168.17274, -61.45265, 108.57346],
							"lerp_mode": "catmullrom"
						}
					}
				}
			}
		}
	}
}