{
	"format_version": "1.8.0",
	"animations": {
		"animation.metal.prison": {
			"animation_length": 1000,
			"bones": {
				"bone": {
					"rotation": {
						"0.4583": {
							"pre": [0, 0, 0],
							"post": [0, 0, 0],
							"lerp_mode": "catmullrom"
						}
					},
					"position": {
						"0.0": {
							"post": [33, 32, -28],
							"lerp_mode": "catmullrom"
						},
						"0.125": {
							"post": [12, -1, -9],
							"lerp_mode": "catmullrom"
						},
						"0.4583": {
							"post": [12, -1, -9],
							"lerp_mode": "catmullrom"
						}
					}
				},
				"bone2": {
					"position": {
						"0.0": {
							"post": [-44, 49, -54],
							"lerp_mode": "catmullrom"
						},
						"0.125": {
							"post": [-1, 4, 0],
							"lerp_mode": "catmullrom"
						},
						"0.4583": {
							"post": [-1, 4, 0],
							"lerp_mode": "catmullrom"
						}
					},
					"scale": {
						"0.0": {
							"post": [-0.5, -0.5, -0.5],
							"lerp_mode": "catmullrom"
						}
					}
				},
				"bone3": {
					"position": {
						"0.0": {
							"post": [56, 63, 46],
							"lerp_mode": "catmullrom"
						},
						"0.125": {
							"post": [17, 12, -6],
							"lerp_mode": "catmullrom"
						},
						"0.4583": {
							"post": [17, 12, -6],
							"lerp_mode": "catmullrom"
						}
					},
					"scale": {
						"0.0": {
							"post": [2.2, 2.2, 2.2],
							"lerp_mode": "catmullrom"
						}
					}
				},
				"bone4": {
					"position": {
						"0.0": {
							"post": [-96, 28, 46],
							"lerp_mode": "catmullrom"
						},
						"0.125": {
							"post": [1, -5, 5],
							"lerp_mode": "catmullrom"
						},
						"0.4583": {
							"post": [1, -5, 5],
							"lerp_mode": "catmullrom"
						}
					},
					"scale": {
						"0.0": {
							"post": [1.6, 1.6, 1.6],
							"lerp_mode": "catmullrom"
						}
					}
				}
			}
		}
	}
}