{
	"format_version": "1.8.0",
	"animations": {
		"animation.metal.shot": {
			"loop": true,
			"animation_length": 0.75,
			"bones": {
				"bone": {
					"position": {
						"0.0": {
							"post": [-17, 12, 0],
							"lerp_mode": "catmullrom"
						},
						"0.25": {
							"post": [18, 12, 0],
							"lerp_mode": "catmullrom"
						},
						"0.5": {
							"post": [0, 33, 0],
							"lerp_mode": "catmullrom"
						},
						"0.75": {
							"post": [-17, 12, 0],
							"lerp_mode": "catmullrom"
						}
					}
				},
				"bone2": {
					"position": {
						"0.0": {
							"post": [13, 26, 0],
							"lerp_mode": "catmullrom"
						},
						"0.25": {
							"post": [-21, -2, 0],
							"lerp_mode": "catmullrom"
						},
						"0.5": {
							"post": [-16, 20, 0],
							"lerp_mode": "catmullrom"
						},
						"0.75": {
							"post": [13, 26, 0],
							"lerp_mode": "catmullrom"
						}
					}
				},
				"bone3": {
					"position": {
						"0.0": {
							"post": [-13, -22, 0],
							"lerp_mode": "catmullrom"
						},
						"0.25": {
							"post": [12, 41, 0],
							"lerp_mode": "catmullrom"
						},
						"0.5": {
							"post": [-2, 8, 0],
							"lerp_mode": "catmullrom"
						},
						"0.75": {
							"post": [-13, -22, 0],
							"lerp_mode": "catmullrom"
						}
					}
				},
				"bone4": {
					"position": {
						"0.0": {
							"post": [13, -4, 0],
							"lerp_mode": "catmullrom"
						},
						"0.25": {
							"post": [-14, 31, 0],
							"lerp_mode": "catmullrom"
						},
						"0.5": {
							"post": [30, 14, 0],
							"lerp_mode": "catmullrom"
						},
						"0.75": {
							"post": [13, -4, 0],
							"lerp_mode": "catmullrom"
						}
					}
				}
			}
		}
	}
}