{
	"format_version": "1.8.0",
	"animations": {
		"animation.mochi_barrage": {
			"loop": true,
			"animation_length": 0.66667,
			"bones": {
				"bone": {
					"rotation": {
						"0.0": {
							"post": [0, 0, 0],
							"lerp_mode": "catmullrom"
						},
						"0.1667": {
							"post": [0, 0, -10],
							"lerp_mode": "catmullrom"
						},
						"0.3333": {
							"post": [0, 0, 0],
							"lerp_mode": "catmullrom"
						},
						"0.5": {
							"post": [0, 0, -10],
							"lerp_mode": "catmullrom"
						},
						"0.6667": {
							"post": [0, 0, 0],
							"lerp_mode": "catmullrom"
						}
					}
				},
				"bone2": {
					"scale": {
						"0.0": [1, 1, 12.3],
						"0.0833": [1, 1, 0.8],
						"0.1667": [1, 1, 12.3],
						"0.25": [1, 1, 12.3],
						"0.3333": [1, 1, 0.8],
						"0.4167": [1, 1, 12.3],
						"0.5": [1, 1, 12.3],
						"0.5833": [1, 1, 0.8],
						"0.6667": [1, 1, 12.3]
					}
				},
				"bone3": {
					"rotation": {
						"0.0": {
							"post": [0, 0, 0],
							"lerp_mode": "catmullrom"
						},
						"0.1667": {
							"post": [0, 0, -10],
							"lerp_mode": "catmullrom"
						},
						"0.3333": {
							"post": [0, 0, 0],
							"lerp_mode": "catmullrom"
						},
						"0.5": {
							"post": [0, 0, -10],
							"lerp_mode": "catmullrom"
						},
						"0.6667": {
							"post": [0, 0, 0],
							"lerp_mode": "catmullrom"
						}
					}
				},
				"bone4": {
					"scale": {
						"0.0": [1, 1, 11.8],
						"0.0833": [1, 1, 0.8],
						"0.1667": [1, 1, 11.8],
						"0.25": [1, 1, 11.8],
						"0.3333": [1, 1, 0.8],
						"0.4167": [1, 1, 11.8],
						"0.5": [1, 1, 11.8],
						"0.5833": [1, 1, 0.8],
						"0.6667": [1, 1, 11.8]
					}
				},
				"bone5": {
					"rotation": {
						"0.0": {
							"post": [0, 0, 0],
							"lerp_mode": "catmullrom"
						},
						"0.1667": {
							"post": [0, 0, 7.5],
							"lerp_mode": "catmullrom"
						},
						"0.3333": {
							"post": [0, 0, 0],
							"lerp_mode": "catmullrom"
						},
						"0.5": {
							"post": [0, 0, 7.5],
							"lerp_mode": "catmullrom"
						},
						"0.6667": {
							"post": [0, 0, 0],
							"lerp_mode": "catmullrom"
						}
					}
				},
				"bone6": {
					"scale": {
						"0.0": [1, 1, 1],
						"0.0833": [1, 1, 11.5],
						"0.1667": [1, 1, 1],
						"0.25": [1, 1, 1],
						"0.3333": [1, 1, 11.5],
						"0.4167": [1, 1, 1],
						"0.5": [1, 1, 1],
						"0.5833": [1, 1, 11.5],
						"0.6667": [1, 1, 1]
					}
				},
				"bone7": {
					"rotation": {
						"0.0": {
							"post": [0, 0, 0],
							"lerp_mode": "catmullrom"
						},
						"0.1667": {
							"post": [0, 0, 12.5],
							"lerp_mode": "catmullrom"
						},
						"0.3333": {
							"post": [0, 0, 0],
							"lerp_mode": "catmullrom"
						},
						"0.5": {
							"post": [0, 0, 12.5],
							"lerp_mode": "catmullrom"
						},
						"0.6667": {
							"post": [0, 0, 0],
							"lerp_mode": "catmullrom"
						}
					}
				},
				"bone8": {
					"scale": {
						"0.0": [1, 1, 12.3],
						"0.0833": [1, 1, 1.4],
						"0.1667": [1, 1, 12.3],
						"0.25": [1, 1, 12.3],
						"0.3333": [1, 1, 1.4],
						"0.4167": [1, 1, 12.3],
						"0.5": [1, 1, 12.3],
						"0.5833": [1, 1, 1.4],
						"0.6667": [1, 1, 12.3]
					}
				},
				"bone9": {
					"rotation": {
						"0.0": {
							"post": [0, 0, 0],
							"lerp_mode": "catmullrom"
						},
						"0.1667": {
							"post": [0, 0, -10],
							"lerp_mode": "catmullrom"
						},
						"0.3333": {
							"post": [0, 0, 0],
							"lerp_mode": "catmullrom"
						},
						"0.5": {
							"post": [0, 0, -10],
							"lerp_mode": "catmullrom"
						},
						"0.6667": {
							"post": [0, 0, 0],
							"lerp_mode": "catmullrom"
						}
					}
				},
				"bone10": {
					"scale": {
						"0.0": [1, 1, 1],
						"0.0833": [1, 1, 10.6],
						"0.1667": [1, 1, 1.6],
						"0.25": [1, 1, 1],
						"0.3333": [1, 1, 10.6],
						"0.4167": [1, 1, 1.6],
						"0.5": [1, 1, 1],
						"0.5833": [1, 1, 10.6],
						"0.6667": [1, 1, 1.6]
					}
				},
				"bone11": {
					"rotation": {
						"0.0": {
							"post": [0, 0, 0],
							"lerp_mode": "catmullrom"
						},
						"0.1667": {
							"post": [0, 0, -17.5],
							"lerp_mode": "catmullrom"
						},
						"0.3333": {
							"post": [0, 0, 0],
							"lerp_mode": "catmullrom"
						},
						"0.5": {
							"post": [0, 0, -17.5],
							"lerp_mode": "catmullrom"
						},
						"0.6667": {
							"post": [0, 0, 0],
							"lerp_mode": "catmullrom"
						}
					}
				},
				"bone12": {
					"scale": {
						"0.0": [1, 1, 1],
						"0.0833": [1, 1, 10.3],
						"0.1667": [1, 1, 1],
						"0.25": [1, 1, 1],
						"0.3333": [1, 1, 10.3],
						"0.4167": [1, 1, 1],
						"0.5": [1, 1, 1],
						"0.5833": [1, 1, 10.3],
						"0.6667": [1, 1, 1]
					}
				}
			}
		}
	}
}