{
	"format_version": "1.8.0",
	"animations": {
		"animation.mochi_punch": {
			"animation_length": 1.25,
			"bones": {
				"bone": {
					"rotation": [0, 45, 0],
					"scale": 0.6
				},
				"bone3": {
					"rotation": [0, -40, 0],
					"scale": 0.3
				},
				"bone5": {
					"rotation": [0, -92.5, 0],
					"scale": 0.4
				},
				"bone7": {
					"rotation": [0, 85, 0],
					"scale": 0.3
				},
				"bone9": {
					"rotation": {
						"0.0": {
							"post": [0, 30, 0],
							"lerp_mode": "catmullrom"
						},
						"0.2083": {
							"post": [0, 50, 0],
							"lerp_mode": "catmullrom"
						},
						"0.4167": {
							"post": [0, 50, 0],
							"lerp_mode": "catmullrom"
						},
						"0.5417": {
							"post": [0, -90, 0],
							"lerp_mode": "catmullrom"
						},
						"0.9167": {
							"post": [0, -107.5, 0],
							"lerp_mode": "catmullrom"
						},
						"1.125": {
							"post": [0, 22.5, 0],
							"lerp_mode": "catmullrom"
						},
						"1.25": {
							"post": [0, 22.5, 0],
							"lerp_mode": "catmullrom"
						}
					},
					"scale": {
						"0.0": {
							"post": [1, 1, 1],
							"lerp_mode": "catmullrom"
						},
						"0.2083": {
							"post": [2.8, 3.4, 3.5],
							"lerp_mode": "catmullrom"
						},
						"0.4167": {
							"post": [2.8, 3.4, 3.5],
							"lerp_mode": "catmullrom"
						},
						"0.9167": {
							"post": [2.8, 3.4, 3.5],
							"lerp_mode": "catmullrom"
						},
						"1.125": {
							"post": [0.5, 3.4, 3.5],
							"lerp_mode": "catmullrom"
						},
						"1.25": {
							"post": [0, 1.9, 0],
							"lerp_mode": "catmullrom"
						}
					}
				},
				"bone11": {
					"rotation": [0, -60, 0],
					"scale": 0.3
				}
			}
		}
	}
}