{
	"format_version": "1.8.0",
	"animations": {
		"animation.snakeman.run": {
			"loop": true,
			"animation_length": 7.7917,
			"bones": {
				"Corpo": {
					"rotation": {
						"0.0": [40, 0, 0],
						"0.7917": [40, 0, 0],
						"1.5833": [40, 0, 0],
						"2.375": [40, 0, 0],
						"3.1667": [40, 0, 0],
						"3.9583": [40, 0, 0],
						"4.75": [40, 0, 0],
						"5.5417": [40, 0, 0],
						"6.3333": [40, 0, 0],
						"7.125": [40, 0, 0]
					},
					"position": {
						"0.0": [0, -3, -10],
						"0.1667": [0, -5, -10],
						"0.375": [0, -3, -10],
						"0.5833": [0, -7, -10],
						"0.7917": [0, -3, -10],
						"0.9583": [0, -5, -10],
						"1.1667": [0, -3, -10],
						"1.375": [0, -7, -10],
						"1.5833": [0, -3, -10],
						"1.75": [0, -5, -10],
						"1.9583": [0, -3, -10],
						"2.1667": [0, -7, -10],
						"2.375": [0, -3, -10],
						"2.5417": [0, -5, -10],
						"2.75": [0, -3, -10],
						"2.9583": [0, -7, -10],
						"3.1667": [0, -3, -10],
						"3.3333": [0, -5, -10],
						"3.5417": [0, -3, -10],
						"3.75": [0, -7, -10],
						"3.9583": [0, -3, -10],
						"4.125": [0, -5, -10],
						"4.3333": [0, -3, -10],
						"4.5417": [0, -7, -10],
						"4.75": [0, -3, -10],
						"4.9167": [0, -5, -10],
						"5.125": [0, -3, -10],
						"5.3333": [0, -7, -10],
						"5.5417": [0, -3, -10],
						"5.7083": [0, -5, -10],
						"5.9167": [0, -3, -10],
						"6.125": [0, -7, -10],
						"6.3333": [0, -3, -10],
						"6.5": [0, -5, -10],
						"6.7083": [0, -3, -10],
						"6.9167": [0, -7, -10],
						"7.125": [0, -3, -10],
						"7.2917": [0, -5, -10],
						"7.5": [0, -3, -10],
						"7.7083": [0, -7, -10]
					}
				},
				"rightPerna": {
					"rotation": {
						"0.0": [-115, 0, 0],
						"0.125": [-101.87, 0, 0],
						"0.1667": [-77.5, 0, 0],
						"0.25": [-27.5, 0, 0],
						"0.5417": [0, 0, 0],
						"0.6667": [-80, 0, 0],
						"0.7917": [-115, 0, 0],
						"0.9167": [-101.87, 0, 0],
						"0.9583": [-77.5, 0, 0],
						"1.0417": [-27.5, 0, 0],
						"1.3333": [0, 0, 0],
						"1.4583": [-80, 0, 0],
						"1.5833": [-115, 0, 0],
						"1.7083": [-101.87, 0, 0],
						"1.75": [-77.5, 0, 0],
						"1.8333": [-27.5, 0, 0],
						"2.125": [0, 0, 0],
						"2.25": [-80, 0, 0],
						"2.375": [-115, 0, 0],
						"2.5": [-101.87, 0, 0],
						"2.5417": [-77.5, 0, 0],
						"2.625": [-27.5, 0, 0],
						"2.9167": [0, 0, 0],
						"3.0417": [-80, 0, 0],
						"3.1667": [-115, 0, 0],
						"3.2917": [-101.87, 0, 0],
						"3.3333": [-77.5, 0, 0],
						"3.4167": [-27.5, 0, 0],
						"3.7083": [0, 0, 0],
						"3.8333": [-80, 0, 0],
						"3.9583": [-115, 0, 0],
						"4.0833": [-101.87, 0, 0],
						"4.125": [-77.5, 0, 0],
						"4.2083": [-27.5, 0, 0],
						"4.5": [0, 0, 0],
						"4.625": [-80, 0, 0],
						"4.75": [-115, 0, 0],
						"4.875": [-101.87, 0, 0],
						"4.9167": [-77.5, 0, 0],
						"5.0": [-27.5, 0, 0],
						"5.2917": [0, 0, 0],
						"5.4167": [-80, 0, 0],
						"5.5417": [-115, 0, 0],
						"5.6667": [-101.87, 0, 0],
						"5.7083": [-77.5, 0, 0],
						"5.7917": [-27.5, 0, 0],
						"6.0833": [0, 0, 0],
						"6.2083": [-80, 0, 0],
						"6.3333": [-115, 0, 0],
						"6.4583": [-101.87, 0, 0],
						"6.5": [-77.5, 0, 0],
						"6.5833": [-27.5, 0, 0],
						"6.875": [0, 0, 0],
						"7.0": [-80, 0, 0],
						"7.125": [-115, 0, 0],
						"7.25": [-101.87, 0, 0],
						"7.2917": [-77.5, 0, 0],
						"7.375": [-27.5, 0, 0],
						"7.6667": [0, 0, 0],
						"7.7917": [-80, 0, 0]
					}
				},
				"rightPerna_down": {
					"rotation": {
						"0.0": [117.5, 0, 0],
						"0.1667": [17.5, 0, 0],
						"0.6667": [105, 0, 0],
						"0.7917": [117.5, 0, 0],
						"0.9583": [17.5, 0, 0],
						"1.4583": [105, 0, 0],
						"1.5833": [117.5, 0, 0],
						"1.75": [17.5, 0, 0],
						"2.25": [105, 0, 0],
						"2.375": [117.5, 0, 0],
						"2.5417": [17.5, 0, 0],
						"3.0417": [105, 0, 0],
						"3.1667": [117.5, 0, 0],
						"3.3333": [17.5, 0, 0],
						"3.8333": [105, 0, 0],
						"3.9583": [117.5, 0, 0],
						"4.125": [17.5, 0, 0],
						"4.625": [105, 0, 0],
						"4.75": [117.5, 0, 0],
						"4.9167": [17.5, 0, 0],
						"5.4167": [105, 0, 0],
						"5.5417": [117.5, 0, 0],
						"5.7083": [17.5, 0, 0],
						"6.2083": [105, 0, 0],
						"6.3333": [117.5, 0, 0],
						"6.5": [17.5, 0, 0],
						"7.0": [105, 0, 0],
						"7.125": [117.5, 0, 0],
						"7.2917": [17.5, 0, 0],
						"7.7917": [105, 0, 0]
					}
				},
				"leftPerna": {
					"rotation": {
						"0.0": [-10, 0, 0],
						"0.125": [-12, 0, 0],
						"0.2083": [-81.79, 0, 0],
						"0.375": [-107.5, 0, 0],
						"0.5417": [-112.5, 0, 0],
						"0.6667": [-60, 0, 0],
						"0.7917": [-10, 0, 0],
						"0.9167": [-12, 0, 0],
						"1.0": [-81.79, 0, 0],
						"1.1667": [-107.5, 0, 0],
						"1.3333": [-112.5, 0, 0],
						"1.4583": [-60, 0, 0],
						"1.5833": [-10, 0, 0],
						"1.7083": [-12, 0, 0],
						"1.7917": [-81.79, 0, 0],
						"1.9583": [-107.5, 0, 0],
						"2.125": [-112.5, 0, 0],
						"2.25": [-60, 0, 0],
						"2.375": [-10, 0, 0],
						"2.5": [-12, 0, 0],
						"2.5833": [-81.79, 0, 0],
						"2.75": [-107.5, 0, 0],
						"2.9167": [-112.5, 0, 0],
						"3.0417": [-60, 0, 0],
						"3.1667": [-10, 0, 0],
						"3.2917": [-12, 0, 0],
						"3.375": [-81.79, 0, 0],
						"3.5417": [-107.5, 0, 0],
						"3.7083": [-112.5, 0, 0],
						"3.8333": [-60, 0, 0],
						"3.9583": [-10, 0, 0],
						"4.0833": [-12, 0, 0],
						"4.1667": [-81.79, 0, 0],
						"4.3333": [-107.5, 0, 0],
						"4.5": [-112.5, 0, 0],
						"4.625": [-60, 0, 0],
						"4.75": [-10, 0, 0],
						"4.875": [-12, 0, 0],
						"4.9583": [-81.79, 0, 0],
						"5.125": [-107.5, 0, 0],
						"5.2917": [-112.5, 0, 0],
						"5.4167": [-60, 0, 0],
						"5.5417": [-10, 0, 0],
						"5.6667": [-12, 0, 0],
						"5.75": [-81.79, 0, 0],
						"5.9167": [-107.5, 0, 0],
						"6.0833": [-112.5, 0, 0],
						"6.2083": [-60, 0, 0],
						"6.3333": [-10, 0, 0],
						"6.4583": [-12, 0, 0],
						"6.5417": [-81.79, 0, 0],
						"6.7083": [-107.5, 0, 0],
						"6.875": [-112.5, 0, 0],
						"7.0": [-60, 0, 0],
						"7.125": [-10, 0, 0],
						"7.25": [-12, 0, 0],
						"7.3333": [-81.79, 0, 0],
						"7.5": [-107.5, 0, 0],
						"7.6667": [-112.5, 0, 0],
						"7.7917": [-60, 0, 0]
					}
				},
				"leftPerna_down": {
					"rotation": {
						"0.0": [2.5, 0, 0],
						"0.2083": [125.5, 0, 0],
						"0.375": [137.5, 0, 0],
						"0.5417": [32.5, 0, 0],
						"0.7917": [2.5, 0, 0],
						"1.0": [125.5, 0, 0],
						"1.1667": [137.5, 0, 0],
						"1.3333": [32.5, 0, 0],
						"1.5833": [2.5, 0, 0],
						"1.7917": [125.5, 0, 0],
						"1.9583": [137.5, 0, 0],
						"2.125": [32.5, 0, 0],
						"2.375": [2.5, 0, 0],
						"2.5833": [125.5, 0, 0],
						"2.75": [137.5, 0, 0],
						"2.9167": [32.5, 0, 0],
						"3.1667": [2.5, 0, 0],
						"3.375": [125.5, 0, 0],
						"3.5417": [137.5, 0, 0],
						"3.7083": [32.5, 0, 0],
						"3.9583": [2.5, 0, 0],
						"4.1667": [125.5, 0, 0],
						"4.3333": [137.5, 0, 0],
						"4.5": [32.5, 0, 0],
						"4.75": [2.5, 0, 0],
						"4.9583": [125.5, 0, 0],
						"5.125": [137.5, 0, 0],
						"5.2917": [32.5, 0, 0],
						"5.5417": [2.5, 0, 0],
						"5.75": [125.5, 0, 0],
						"5.9167": [137.5, 0, 0],
						"6.0833": [32.5, 0, 0],
						"6.3333": [2.5, 0, 0],
						"6.5417": [125.5, 0, 0],
						"6.7083": [137.5, 0, 0],
						"6.875": [32.5, 0, 0],
						"7.125": [2.5, 0, 0],
						"7.3333": [125.5, 0, 0],
						"7.5": [137.5, 0, 0],
						"7.6667": [32.5, 0, 0]
					}
				},
				"Corpo_up": {
					"rotation": {
						"0.0": [-2.45581, 15.66628, -0.93876],
						"0.2083": [25, 0, 0],
						"0.375": [10, -15, 0],
						"0.5833": [20, 0, 0],
						"0.7917": [-2.45581, 15.66628, -0.93876],
						"1.0": [25, 0, 0],
						"1.1667": [10, -15, 0],
						"1.375": [20, 0, 0],
						"1.5833": [-2.45581, 15.66628, -0.93876],
						"1.7917": [25, 0, 0],
						"1.9583": [10, -15, 0],
						"2.1667": [20, 0, 0],
						"2.375": [-2.45581, 15.66628, -0.93876],
						"2.5833": [25, 0, 0],
						"2.75": [10, -15, 0],
						"2.9583": [20, 0, 0],
						"3.1667": [-2.45581, 15.66628, -0.93876],
						"3.375": [25, 0, 0],
						"3.5417": [10, -15, 0],
						"3.75": [20, 0, 0],
						"3.9583": [-2.45581, 15.66628, -0.93876],
						"4.1667": [25, 0, 0],
						"4.3333": [10, -15, 0],
						"4.5417": [20, 0, 0],
						"4.75": [-2.45581, 15.66628, -0.93876],
						"4.9583": [25, 0, 0],
						"5.125": [10, -15, 0],
						"5.3333": [20, 0, 0],
						"5.5417": [-2.45581, 15.66628, -0.93876],
						"5.75": [25, 0, 0],
						"5.9167": [10, -15, 0],
						"6.125": [20, 0, 0],
						"6.3333": [-2.45581, 15.66628, -0.93876],
						"6.5417": [25, 0, 0],
						"6.7083": [10, -15, 0],
						"6.9167": [20, 0, 0],
						"7.125": [-2.45581, 15.66628, -0.93876],
						"7.3333": [25, 0, 0],
						"7.5": [10, -15, 0],
						"7.7083": [20, 0, 0]
					}
				},
				"rightBraco": {
					"rotation": {
						"0.0": [52.5, -7.5, 7.5],
						"0.1667": [15, -7.5, 2.5],
						"0.3333": [-67, -5, 2.5],
						"0.5417": [-68.57, -8.3, -7.84],
						"0.6667": [6.43, 1.7, 4.66],
						"0.7917": [52.5, -7.5, 7.5],
						"0.9583": [15, -7.5, 2.5],
						"1.125": [-67, -5, 2.5],
						"1.3333": [-68.57, -8.3, -7.84],
						"1.4583": [6.43, 1.7, 4.66],
						"1.5833": [52.5, -7.5, 7.5],
						"1.75": [15, -7.5, 2.5],
						"1.9167": [-67, -5, 2.5],
						"2.125": [-68.57, -8.3, -7.84],
						"2.25": [6.43, 1.7, 4.66],
						"2.375": [52.5, -7.5, 7.5],
						"2.5417": [15, -7.5, 2.5],
						"2.7083": [-67, -5, 2.5],
						"2.9167": [-68.57, -8.3, -7.84],
						"3.0417": [6.43, 1.7, 4.66],
						"3.1667": [52.5, -7.5, 7.5],
						"3.3333": [15, -7.5, 2.5],
						"3.5": [-67, -5, 2.5],
						"3.7083": [-68.57, -8.3, -7.84],
						"3.8333": [6.43, 1.7, 4.66],
						"3.9583": [52.5, -7.5, 7.5],
						"4.125": [15, -7.5, 2.5],
						"4.2917": [-67, -5, 2.5],
						"4.5": [-68.57, -8.3, -7.84],
						"4.625": [6.43, 1.7, 4.66],
						"4.75": [52.5, -7.5, 7.5],
						"4.9167": [15, -7.5, 2.5],
						"5.0833": [-67, -5, 2.5],
						"5.2917": [-68.57, -8.3, -7.84],
						"5.4167": [6.43, 1.7, 4.66],
						"5.5417": [52.5, -7.5, 7.5],
						"5.7083": [15, -7.5, 2.5],
						"5.875": [-67, -5, 2.5],
						"6.0833": [-68.57, -8.3, -7.84],
						"6.2083": [6.43, 1.7, 4.66],
						"6.3333": [52.5, -7.5, 7.5],
						"6.5": [15, -7.5, 2.5],
						"6.6667": [-67, -5, 2.5],
						"6.875": [-68.57, -8.3, -7.84],
						"7.0": [6.43, 1.7, 4.66],
						"7.125": [52.5, -7.5, 7.5],
						"7.2917": [15, -7.5, 2.5],
						"7.4583": [-67, -5, 2.5],
						"7.6667": [-68.57, -8.3, -7.84],
						"7.7917": [6.43, 1.7, 4.66]
					}
				},
				"rightBraco_down": {
					"rotation": {
						"0.0": [-52.5, 0, 0],
						"0.2083": [-85, 0, 0],
						"0.3333": [-100.54, 0, 0],
						"0.7917": [-52.5, 0, 0],
						"1.0": [-85, 0, 0],
						"1.125": [-100.54, 0, 0],
						"1.5833": [-52.5, 0, 0],
						"1.7917": [-85, 0, 0],
						"1.9167": [-100.54, 0, 0],
						"2.375": [-52.5, 0, 0],
						"2.5833": [-85, 0, 0],
						"2.7083": [-100.54, 0, 0],
						"3.1667": [-52.5, 0, 0],
						"3.375": [-85, 0, 0],
						"3.5": [-100.54, 0, 0],
						"3.9583": [-52.5, 0, 0],
						"4.1667": [-85, 0, 0],
						"4.2917": [-100.54, 0, 0],
						"4.75": [-52.5, 0, 0],
						"4.9583": [-85, 0, 0],
						"5.0833": [-100.54, 0, 0],
						"5.5417": [-52.5, 0, 0],
						"5.75": [-85, 0, 0],
						"5.875": [-100.54, 0, 0],
						"6.3333": [-52.5, 0, 0],
						"6.5417": [-85, 0, 0],
						"6.6667": [-100.54, 0, 0],
						"7.125": [-52.5, 0, 0],
						"7.3333": [-85, 0, 0],
						"7.4583": [-100.54, 0, 0],
						"7.6667": [-52.5, 0, 0]
					}
				},
				"leftBraco": {
					"rotation": {
						"0.0": [-60, 17.5, -22.5],
						"0.1667": [17.5, -5, -7.5],
						"0.3333": [32.5, -5, -7.5],
						"0.5417": [55, -5, -7.5],
						"0.6667": [0, -5, -7.5],
						"0.7917": [-60, 17.5, -22.5],
						"0.9583": [17.5, -5, -7.5],
						"1.125": [32.5, -5, -7.5],
						"1.3333": [55, -5, -7.5],
						"1.4583": [0, -5, -7.5],
						"1.5833": [-60, 17.5, -22.5],
						"1.75": [17.5, -5, -7.5],
						"1.9167": [32.5, -5, -7.5],
						"2.125": [55, -5, -7.5],
						"2.25": [0, -5, -7.5],
						"2.375": [-60, 17.5, -22.5],
						"2.5417": [17.5, -5, -7.5],
						"2.7083": [32.5, -5, -7.5],
						"2.9167": [55, -5, -7.5],
						"3.0417": [0, -5, -7.5],
						"3.1667": [-60, 17.5, -22.5],
						"3.3333": [17.5, -5, -7.5],
						"3.5": [32.5, -5, -7.5],
						"3.7083": [55, -5, -7.5],
						"3.8333": [0, -5, -7.5],
						"3.9583": [-60, 17.5, -22.5],
						"4.125": [17.5, -5, -7.5],
						"4.2917": [32.5, -5, -7.5],
						"4.5": [55, -5, -7.5],
						"4.625": [0, -5, -7.5],
						"4.75": [-60, 17.5, -22.5],
						"4.9167": [17.5, -5, -7.5],
						"5.0833": [32.5, -5, -7.5],
						"5.2917": [55, -5, -7.5],
						"5.4167": [0, -5, -7.5],
						"5.5417": [-60, 17.5, -22.5],
						"5.7083": [17.5, -5, -7.5],
						"5.875": [32.5, -5, -7.5],
						"6.0833": [55, -5, -7.5],
						"6.2083": [0, -5, -7.5],
						"6.3333": [-60, 17.5, -22.5],
						"6.5": [17.5, -5, -7.5],
						"6.6667": [32.5, -5, -7.5],
						"6.875": [55, -5, -7.5],
						"7.0": [0, -5, -7.5],
						"7.125": [-60, 17.5, -22.5],
						"7.2917": [17.5, -5, -7.5],
						"7.4583": [32.5, -5, -7.5],
						"7.6667": [55, -5, -7.5],
						"7.7917": [0, -5, -7.5]
					}
				},
				"leftBraco_down": {
					"rotation": {
						"0.0": [-97.5, 0, 0],
						"0.1667": [-90.23957, -0.30728, 1.8371],
						"0.3333": [-57.74631, 0.2609, 2.17981],
						"0.6667": [-77.75, 0.26, 2.18],
						"0.7917": [-97.5, 0, 0],
						"0.9583": [-90.23957, -0.30728, 1.8371],
						"1.125": [-57.74631, 0.2609, 2.17981],
						"1.4583": [-77.75, 0.26, 2.18],
						"1.5833": [-97.5, 0, 0],
						"1.75": [-90.23957, -0.30728, 1.8371],
						"1.9167": [-57.74631, 0.2609, 2.17981],
						"2.25": [-77.75, 0.26, 2.18],
						"2.375": [-97.5, 0, 0],
						"2.5417": [-90.23957, -0.30728, 1.8371],
						"2.7083": [-57.74631, 0.2609, 2.17981],
						"3.0417": [-77.75, 0.26, 2.18],
						"3.1667": [-97.5, 0, 0],
						"3.3333": [-90.23957, -0.30728, 1.8371],
						"3.5": [-57.74631, 0.2609, 2.17981],
						"3.8333": [-77.75, 0.26, 2.18],
						"3.9583": [-97.5, 0, 0],
						"4.125": [-90.23957, -0.30728, 1.8371],
						"4.2917": [-57.74631, 0.2609, 2.17981],
						"4.625": [-77.75, 0.26, 2.18],
						"4.75": [-97.5, 0, 0],
						"4.9167": [-90.23957, -0.30728, 1.8371],
						"5.0833": [-57.74631, 0.2609, 2.17981],
						"5.4167": [-77.75, 0.26, 2.18],
						"5.5417": [-97.5, 0, 0],
						"5.7083": [-90.23957, -0.30728, 1.8371],
						"5.875": [-57.74631, 0.2609, 2.17981],
						"6.2083": [-77.75, 0.26, 2.18],
						"6.3333": [-97.5, 0, 0],
						"6.5": [-90.23957, -0.30728, 1.8371],
						"6.6667": [-57.74631, 0.2609, 2.17981],
						"7.0": [-77.75, 0.26, 2.18],
						"7.125": [-97.5, 0, 0],
						"7.2917": [-90.23957, -0.30728, 1.8371],
						"7.4583": [-57.74631, 0.2609, 2.17981],
						"7.7917": [-77.75, 0.26, 2.18]
					}
				},
				"Cabeca": {
					"rotation": {
						"0.0": [-30, -17.5, 0],
						"0.2083": [-47.5, 0, 0],
						"0.4167": [-40.22199, 10.77588, 0.45996],
						"0.625": [-47.72, -1.72, 0.46],
						"0.7917": [-30, -17.5, 0],
						"1.0": [-47.5, 0, 0],
						"1.2083": [-40.22199, 10.77588, 0.45996],
						"1.4167": [-47.72, -1.72, 0.46],
						"1.5833": [-30, -17.5, 0],
						"1.7917": [-47.5, 0, 0],
						"2.0": [-40.22199, 10.77588, 0.45996],
						"2.2083": [-47.72, -1.72, 0.46],
						"2.375": [-30, -17.5, 0],
						"2.5833": [-47.5, 0, 0],
						"2.7917": [-40.22199, 10.77588, 0.45996],
						"3.0": [-47.72, -1.72, 0.46],
						"3.1667": [-30, -17.5, 0],
						"3.375": [-47.5, 0, 0],
						"3.5833": [-40.22199, 10.77588, 0.45996],
						"3.7917": [-47.72, -1.72, 0.46],
						"3.9583": [-30, -17.5, 0],
						"4.1667": [-47.5, 0, 0],
						"4.375": [-40.22199, 10.77588, 0.45996],
						"4.5833": [-47.72, -1.72, 0.46],
						"4.75": [-30, -17.5, 0],
						"4.9583": [-47.5, 0, 0],
						"5.1667": [-40.22199, 10.77588, 0.45996],
						"5.375": [-47.72, -1.72, 0.46],
						"5.5417": [-30, -17.5, 0],
						"5.75": [-47.5, 0, 0],
						"5.9583": [-40.22199, 10.77588, 0.45996],
						"6.1667": [-47.72, -1.72, 0.46],
						"6.3333": [-30, -17.5, 0],
						"6.5417": [-47.5, 0, 0],
						"6.75": [-40.22199, 10.77588, 0.45996],
						"6.9583": [-47.72, -1.72, 0.46],
						"7.125": [-30, -17.5, 0],
						"7.3333": [-47.5, 0, 0],
						"7.5417": [-40.22199, 10.77588, 0.45996],
						"7.75": [-47.72, -1.72, 0.46]
					}
				},
				"Lamina": {
					"scale": [0, 0.4, 0.1]
				},
				"rightLamina": {
					"scale": 0
				},
				"leftLamina": {
					"scale": 0.1
				},
				"rightTentaculo_um": {
					"scale": -0.1
				},
				"rightTentaculo_dois": {
					"scale": 0
				},
				"rightTentaculo_tres": {
					"scale": -0.1
				},
				"leftTentaculo_tres": {
					"scale": -0.1
				},
				"leftTentaculo_um": {
					"scale": 0
				},
				"leftTentaculo_dois": {
					"scale": 0
				}
			}
		}
	}
}