{
	"format_version": "1.8.0",
	"animations": {
		"animation.life": {
			"animation_length": 1.04167,
			"bones": {
				"bone": {
					"position": [0, -40, 0]
				},
				"bone2": {
					"position": [0, -55, 0]
				},
				"bone3": {
					"position": [0, -38, 0]
				},
				"bone4": {
					"position": [0, -45, 0]
				},
				"bone5": {
					"position": [0, -42, 0]
				},
				"bone6": {
					"position": [0, -45, 0]
				},
				"bone7": {
					"scale": {
						"0.0": [9.3, 0.2, 9.1],
						"0.1667": [10.9, 0.2, 10],
						"0.2917": [10.9, 0.9, 10],
						"0.5833": [10.9, 1.1, 10],
						"0.875": [10.9, 1.1, 10],
						"1.0417": [10.9, -0.7, 10]
					}
				},
				"bone8": {
					"position": [0, -47, 0]
				}
			}
		}
	}
}