{
	"file_path": "C:\\Users\\fiddy\\AppData\\Local\\Packages\\Microsoft.MinecraftUWP_8wekyb3d8bbwe\\LocalState\\games\\com.mojang\\development_resource_packs\\SeasonalDecorRP\\sounds\\sound_definitions.json",
	"file_type": "sound_definition",
	"format_version": 1,
	"file_uuid": "418807ef_8f21_4e2a_a206_258316a05491",
	"file_version": 76,
	"cache_content": {
		"children": [
			{
				"key": "ambient.weather.lightning.impact",
				"children": [
					{
						"data": "hostile",
						"key": "category"
					},
					{
						"open": {
							"category": "hostile",
							"sounds": [
								"nothing"
							]
						},
						"key": "sounds",
						"is_minified": true,
						"children": [
							"nothing"
						]
					}
				]
			},
			{
				"key": "boi.broom.wind",
				"children": [
					{
						"open": {
							"category": "music",
							"sounds": [
								"sounds/broom_wind0",
								"sounds/broom_wind1",
								"sounds/broom_wind2"
							]
						},
						"data": "music",
						"key": "category"
					},
					{
						"open": {
							"category": "music",
							"sounds": [
								"sounds/broom_wind0",
								"sounds/broom_wind1",
								"sounds/broom_wind2"
							]
						},
						"key": "sounds",
						"is_minified": true,
						"children": [
							"sounds/broom_wind0",
							"sounds/broom_wind1",
							"sounds/broom_wind2"
						]
					}
				]
			},
			{
				"key": "boi.hall.outside",
				"children": [
					{
						"open": {
							"category": "ambient",
							"sounds": [
								"sounds/owl0",
								"sounds/owl1",
								"sounds/owl2",
								"sounds/howl0",
								"sounds/howl1",
								"sounds/howl2",
								"sounds/bell0",
								"sounds/ghost0"
							]
						},
						"data": "ambient",
						"key": "category"
					},
					{
						"open": {
							"category": "ambient",
							"sounds": [
								"sounds/owl0",
								"sounds/owl1",
								"sounds/owl2",
								"sounds/howl0",
								"sounds/howl1",
								"sounds/howl2",
								"sounds/bell0",
								"sounds/ghost0"
							]
						},
						"key": "sounds",
						"is_minified": true,
						"children": [
							"sounds/owl0",
							"sounds/owl1",
							"sounds/owl2",
							"sounds/howl0",
							"sounds/howl1",
							"sounds/howl2",
							"sounds/bell0",
							"sounds/ghost0"
						]
					}
				]
			},
			{
				"key": "boi.hall.crickets",
				"children": [
					{
						"open": {
							"category": "ambient",
							"sounds": [
								{
									"name": "sounds/forest_night1",
									"load_on_low_memory": true,
									"volume": 0.1
								},
								{
									"name": "sounds/forest_night2",
									"load_on_low_memory": true,
									"volume": 0.1
								}
							]
						},
						"data": "ambient",
						"key": "category"
					},
					{
						"key": "sounds",
						"children": [
							{
								"open": [
									{
										"name": "sounds/forest_night1",
										"load_on_low_memory": true,
										"volume": 0.1
									},
									{
										"name": "sounds/forest_night2",
										"load_on_low_memory": true,
										"volume": 0.1
									}
								],
								"is_minified": true,
								"children": {
									"name": "sounds/forest_night1",
									"load_on_low_memory": true,
									"volume": 0.1
								}
							},
							{
								"open": [
									{
										"name": "sounds/forest_night1",
										"load_on_low_memory": true,
										"volume": 0.1
									},
									{
										"name": "sounds/forest_night2",
										"load_on_low_memory": true,
										"volume": 0.1
									}
								],
								"is_minified": true,
								"children": {
									"name": "sounds/forest_night2",
									"load_on_low_memory": true,
									"volume": 0.1
								}
							}
						]
					}
				]
			},
			{
				"key": "boi.hall.zap",
				"is_minified": true,
				"children": {
					"category": "hostile",
					"sounds": [
						"sounds/zap0",
						"sounds/zap1",
						"sounds/zap2"
					]
				}
			},
			{
				"key": "boi.hall.trader_spawn",
				"children": [
					{
						"data": "ambient",
						"key": "category"
					},
					{
						"open": {
							"category": "ambient",
							"sounds": [
								"sounds/howl0",
								"sounds/howl1",
								"sounds/howl2",
								"sounds/bell0",
								"sounds/ghost0"
							]
						},
						"key": "sounds",
						"is_minified": true,
						"children": [
							"sounds/howl0",
							"sounds/howl1",
							"sounds/howl2",
							"sounds/bell0",
							"sounds/ghost0"
						]
					}
				]
			},
			{
				"open": {
					"ambient.weather.lightning.impact": {
						"category": "hostile",
						"sounds": [
							"nothing"
						]
					},
					"boi.broom.wind": {
						"category": "music",
						"sounds": [
							"sounds/broom_wind0",
							"sounds/broom_wind1",
							"sounds/broom_wind2"
						]
					},
					"boi.hall.outside": {
						"category": "ambient",
						"sounds": [
							"sounds/owl0",
							"sounds/owl1",
							"sounds/owl2",
							"sounds/howl0",
							"sounds/howl1",
							"sounds/howl2",
							"sounds/bell0",
							"sounds/ghost0"
						]
					},
					"boi.hall.crickets": {
						"category": "ambient",
						"sounds": [
							{
								"name": "sounds/forest_night1",
								"load_on_low_memory": true,
								"volume": 0.1
							},
							{
								"name": "sounds/forest_night2",
								"load_on_low_memory": true,
								"volume": 0.1
							}
						]
					},
					"boi.hall.zap": {
						"category": "hostile",
						"sounds": [
							"sounds/zap0",
							"sounds/zap1",
							"sounds/zap2"
						]
					},
					"boi.hall.trader_spawn": {
						"category": "ambient",
						"sounds": [
							"sounds/howl0",
							"sounds/howl1",
							"sounds/howl2",
							"sounds/bell0",
							"sounds/ghost0"
						]
					},
					"mob.ghostcat.meow": {
						"__use_legacy_max_distance": true,
						"category": "neutral",
						"sounds": [
							{
								"name": "sounds/ghost_meow0",
								"volume": 0.8
							},
							{
								"name": "sounds/ghost_meow1",
								"volume": 0.8
							},
							{
								"name": "sounds/ghost_meow2",
								"volume": 0.8
							}
						]
					},
					"mob.ghostcat.hit": {
						"__use_legacy_max_distance": true,
						"category": "neutral",
						"sounds": [
							"sounds/ghost_hit0",
							"sounds/ghost_hit1",
							"sounds/ghost_hit2"
						]
					}
				},
				"key": "mob.ghostcat.meow",
				"children": [
					{
						"data": "true",
						"key": "__use_legacy_max_distance"
					},
					{
						"data": "neutral",
						"key": "category"
					},
					{
						"open": {
							"__use_legacy_max_distance": true,
							"category": "neutral",
							"sounds": [
								{
									"name": "sounds/ghost_meow0",
									"volume": 0.8
								},
								{
									"name": "sounds/ghost_meow1",
									"volume": 0.8
								},
								{
									"name": "sounds/ghost_meow2",
									"volume": 0.8
								}
							]
						},
						"key": "sounds",
						"children": [
							{
								"open": [
									{
										"name": "sounds/ghost_meow0",
										"volume": 0.8
									},
									{
										"name": "sounds/ghost_meow1",
										"volume": 0.8
									},
									{
										"name": "sounds/ghost_meow2",
										"volume": 0.8
									}
								],
								"is_minified": true,
								"children": {
									"name": "sounds/ghost_meow0",
									"volume": 0.8
								}
							},
							{
								"open": [
									{
										"name": "sounds/ghost_meow0",
										"volume": 0.8
									},
									{
										"name": "sounds/ghost_meow1",
										"volume": 0.8
									},
									{
										"name": "sounds/ghost_meow2",
										"volume": 0.8
									}
								],
								"is_minified": true,
								"children": {
									"name": "sounds/ghost_meow1",
									"volume": 0.8
								}
							},
							{
								"open": [
									{
										"name": "sounds/ghost_meow0",
										"volume": 0.8
									},
									{
										"name": "sounds/ghost_meow1",
										"volume": 0.8
									},
									{
										"name": "sounds/ghost_meow2",
										"volume": 0.8
									}
								],
								"is_minified": true,
								"children": {
									"name": "sounds/ghost_meow2",
									"volume": 0.8
								}
							}
						]
					}
				]
			},
			{
				"open": {
					"ambient.weather.lightning.impact": {
						"category": "hostile",
						"sounds": [
							"nothing"
						]
					},
					"boi.broom.wind": {
						"category": "music",
						"sounds": [
							"sounds/broom_wind0",
							"sounds/broom_wind1",
							"sounds/broom_wind2"
						]
					},
					"boi.hall.outside": {
						"category": "ambient",
						"sounds": [
							"sounds/owl0",
							"sounds/owl1",
							"sounds/owl2",
							"sounds/howl0",
							"sounds/howl1",
							"sounds/howl2",
							"sounds/bell0",
							"sounds/ghost0"
						]
					},
					"boi.hall.crickets": {
						"category": "ambient",
						"sounds": [
							{
								"name": "sounds/forest_night1",
								"load_on_low_memory": true,
								"volume": 0.1
							},
							{
								"name": "sounds/forest_night2",
								"load_on_low_memory": true,
								"volume": 0.1
							}
						]
					},
					"boi.hall.zap": {
						"category": "hostile",
						"sounds": [
							"sounds/zap0",
							"sounds/zap1",
							"sounds/zap2"
						]
					},
					"boi.hall.trader_spawn": {
						"category": "ambient",
						"sounds": [
							"sounds/howl0",
							"sounds/howl1",
							"sounds/howl2",
							"sounds/bell0",
							"sounds/ghost0"
						]
					},
					"mob.ghostcat.meow": {
						"__use_legacy_max_distance": true,
						"category": "neutral",
						"sounds": [
							{
								"name": "sounds/ghost_meow0",
								"volume": 0.8
							},
							{
								"name": "sounds/ghost_meow1",
								"volume": 0.8
							},
							{
								"name": "sounds/ghost_meow2",
								"volume": 0.8
							}
						]
					},
					"mob.ghostcat.hit": {
						"__use_legacy_max_distance": true,
						"category": "neutral",
						"sounds": [
							"sounds/ghost_hit0",
							"sounds/ghost_hit1",
							"sounds/ghost_hit2"
						]
					}
				},
				"key": "mob.ghostcat.hit",
				"children": [
					{
						"data": "true",
						"key": "__use_legacy_max_distance"
					},
					{
						"data": "neutral",
						"key": "category"
					},
					{
						"open": {
							"__use_legacy_max_distance": true,
							"category": "neutral",
							"sounds": [
								"sounds/ghost_hit0",
								"sounds/ghost_hit1",
								"sounds/ghost_hit2"
							]
						},
						"key": "sounds",
						"is_minified": true,
						"children": [
							"sounds/ghost_hit0",
							"sounds/ghost_hit1",
							"sounds/ghost_hit2"
						]
					}
				]
			}
		]
	}
}