{"format_version":"1.18.20","minecraft:entity":{"description":{"identifier":"mobvote:rascal","is_spawnable":true,"is_summonable":true,"is_experimental":false},"component_groups":{"counting":{"minecraft:movement":{"value":0.65},"minecraft:timer":{"looping":false,"time":[10,15],"randomInterval":true,"time_down_event":{"event":"hide_and_seek","target":"self"}},"minecraft:skin_id":{"value":0},"minecraft:behavior.panic":{"priority":1,"speed_multiplier":0.6},"minecraft:variant":{"value":0},"minecraft:navigation.walk":{"can_path_over_water":true,"avoid_water":true,"avoid_damage_blocks":true},"minecraft:movement.basic":{},"minecraft:teleport":{"random_teleports":true,"max_random_teleport_time":1,"random_teleport_cube":[32,2,32],"target_distance":16,"target_teleport_chance":1,"light_teleport_chance":0}},"no_play":{"minecraft:movement":{"value":0.3},"minecraft:timer":{"looping":false,"time":[50,50],"randomInterval":true,"time_down_event":{"event":"counting","target":"self"}},"minecraft:skin_id":{"value":0},"minecraft:variant":{"value":0},"minecraft:navigation.walk":{"can_path_over_water":true,"avoid_water":true,"avoid_damage_blocks":true},"minecraft:movement.basic":{},"minecraft:teleport":{"random_teleports":true,"max_random_teleport_time":1,"random_teleport_cube":[32,2,32],"target_distance":16,"target_teleport_chance":1,"light_teleport_chance":0}},"hide_and_seek":{"minecraft:on_target_acquired":{"event":"caught","target":"self"},"minecraft:movement":{"value":0.35},"minecraft:skin_id":{"value":1},"minecraft:variant":{"value":0},"minecraft:interact":{"interactions":[{"cooldown":2.5,"use_item":false,"interact_text":"action.interact.catch","on_interact":{"filters":{"all_of":[{"test":"is_family","subject":"other","value":"player"}]},"event":"caught","target":"self"}}]},"minecraft:ambient_sound_interval":{"event_name":"ambient","range":10,"value":1},"minecraft:navigation.walk":{"can_path_over_water":true,"avoid_water":true,"avoid_damage_blocks":true},"minecraft:movement.basic":{}},"giving":{"minecraft:timer":{"looping":true,"time":5,"time_down_event":{"event":"no_play"}},"minecraft:movement":{"value":0},"minecraft:variant":{"value":2},"minecraft:skin_id":{"value":0}},"get":{"minecraft:movement":{"value":0},"minecraft:variant":{"value":1},"minecraft:interact":{"interactions":[{"cooldown":2.5,"use_item":false,"spawn_items":{"table":"loot_tables/entities/rascal_gift.json"},"interact_text":"action.interact.gift","on_interact":{"filters":{"all_of":[{"test":"is_family","subject":"other","value":"player"}]},"event":"giving","target":"self"}}]},"minecraft:skin_id":{"value":0}}},"components":{"minecraft:is_hidden_when_invisible":{},"minecraft:type_family":{"family":["rascal","mob"]},"minecraft:breathable":{"totalSupply":15,"suffocateTime":0},"minecraft:navigation.walk":{"can_path_over_water":true,"avoid_water":true,"avoid_damage_blocks":true},"minecraft:movement.basic":{},"minecraft:jump.static":{},"minecraft:can_climb":{},"minecraft:collision_box":{"width":1,"height":1},"minecraft:nameable":{},"minecraft:health":{"value":20,"max":20},"minecraft:behavior.float":{"priority":0},"minecraft:behavior.avoid_mob_type":{"priority":5,"entity_types":[{"filters":{"any_of":[{"all_of":[{"test":"is_family","subject":"other","value":"player"}]},{"test":"is_family","subject":"other","value":"mob"}]},"max_dist":10,"walk_speed_multiplier":1,"sprint_speed_multiplier":1.5}]},"minecraft:behavior.random_stroll":{"priority":13,"speed_multiplier":0.8},"minecraft:behavior.look_at_player":{"priority":14,"look_distance":6,"probability":0.02},"minecraft:behavior.random_look_around":{"priority":15},"minecraft:physics":{},"minecraft:pushable":{"is_pushable":true,"is_pushable_by_piston":true},"minecraft:conditional_bandwidth_optimization":{}},"events":{"giving":{"remove":{"component_groups":["no_play","counting","hide_and_seek","get"]},"add":{"component_groups":["giving"]}},"gifted":{"remove":{"component_groups":["no_play","counting","hide_and_seek"]},"add":{"component_groups":["get"]}},"hide_and_seek":{"remove":{"component_groups":["counting"]},"add":{"component_groups":["hide_and_seek"]}},"no_play":{"remove":{"component_groups":["hide_and_seek","counting","giving"]},"add":{"component_groups":["no_play"]}},"counting":{"remove":{"component_groups":["hide_and_seek"]},"add":{"component_groups":["counting"]}},"caught":{"run_command":{"command":["function hide_and_seek"]}},"minecraft:entity_spawned":{"remove":{},"add":{"component_groups":["counting"]}}}}}