{
  "format_version": "1.12.0",
  "minecraft:entity": {
    "description": {
      "identifier": "op_asa:ursus_shock_p",
      "is_spawnable": false,
      "is_summonable": true,
      "is_experimental": false,
      "runtime_identifier": "minecraft:snowball"
    },
    "component_groups": {
    },

    "components": {
      "minecraft:timer": {
        "looping": true,
        "randomInterval": false,
        "time": 0.0,
        "time_down_event": {
         "event": "op_asa:timer_event",
         "target": "self"
        }
      },
      "minecraft:collision_box": {
        "width": 0.0,
        "height": 0.0
      },
      "minecraft:projectile": {
        "on_hit": {
          "spawn_chance": {
            "first_spawn_percent_chance": 100.0,
            "first_spawn_count": 1,
            "spawn_definition": "op_asa:ursus_shock_e"
          },
          "remove_on_hit": { }
        },
        "power": 0.25,
        "gravity": 0.00,
        "angle_offset": 0.0,
        "inertia": 1,
        "knockback":false,
        "multiple_targets":true,
        "liquid_inertia": 1,
        "offset": [ 0, 0, 0 ]
      },
      "minecraft:transformation": {
        "into": "op_asa:ursus_shock_e",
        "delay": 5
      },
	    "minecraft:physics": {
      },
      "minecraft:pushable": {
        "is_pushable": false,
        "is_pushable_by_piston": false
      },
      "minecraft:conditional_bandwidth_optimization": {
        "default_values": {
          "max_optimized_distance": 80.0,
          "max_dropped_ticks": 10,
          "use_motion_prediction_hints": true
        }
      }
    },

    "events": {
      "op_asa:timer_event":{
        "run_command":{
          "command":"function akumanomi/nikyunikyu/ursus_shock_p"
        }
      }
  }
}
}
