{
  "format_version":"1.16.100",
  "animation_controllers":{
    "controller.animation.fish_kaizoku2":{
      "states":{
        "default":{
          "transitions":[
            {"melee_mode":"q.variant == 0"},
            {"ranged_mode":"q.variant == 1"}
          ]
        },
        "ranged_mode":{
          "transitions":[
            {"melee_mode":"q.variant == 0"}
          ],
          "on_entry":[
            "/replaceitem entity @s slot.weapon.mainhand 0 air"
          ]
        },
        "melee_mode":{
          "transitions":[
            {"ranged_mode":"q.variant == 1"}
          ],
          "on_entry":[
            "/replaceitem entity @s slot.weapon.mainhand 0 op_asa:cutlass2"
          ]
        }
      }
    }
  }
}