{
  "format_version":"1.16.100",
  "animation_controllers":{
    "controller.animation.water":{
      "states":{
        "default":{
          "transitions":[
            {"on_ground":"!q.is_in_water || (q.is_in_water && (q.equipped_item_all_tags('slot.weapon.offhand','op_asa:soap_bubbles') == 1.0 || q.is_riding))"},
            {"in_water":"q.is_in_water && q.equipped_item_all_tags('slot.weapon.offhand','op_asa:soap_bubbles') == 0.0 && !q.is_riding"}
          ]
        },
        "in_water":{
          "transitions":[
            {"on_ground":"!q.is_in_water || (q.is_in_water && (q.equipped_item_all_tags('slot.weapon.offhand','op_asa:soap_bubbles') == 1.0 || q.is_riding))"}
          ],
          "on_entry":[
            "/effect @s slowness 100000 10 true",
            "/effect @s weakness 100000 10 true",
            "/effect @s mining_fatigue 100000 10 true"
          ]
        },
        "on_ground":{
          "transitions":[
            {"in_water":"q.is_in_water && q.equipped_item_all_tags('slot.weapon.offhand','op_asa:soap_bubbles') == 0.0 && !q.is_riding"}
          ],
          "on_entry":[
            "/effect @s slowness 0 11 true",
            "/effect @s weakness 0 11 true",
            "/effect @s mining_fatigue 0 11 true"
          ]
        }
      }
    }
  }
}