{
    "format_version": 2,
    "header": {
            "description": "Seasonal decorations to breathe life into your worlds. Made by the Big Onion Institute",
        "name": "Big Onion's Seasonal Decorations Resources",
        "uuid": "6e4c7ed0-5e66-4b64-a74e-66c9a76a959e",
        "version": [0, 0, 1],
        "min_engine_version": [1, 14, 0]
    },
    "modules": [
        {
            "description": "Seasonal decorations to breathe life into your worlds. Made by the Big Onion Institute",
            "type": "resources",
            "uuid": "c56a0b28-6193-4324-993c-d361bdd70cb6",
            "version": [0, 0, 4]
        }
    ]
}