{
  "format_version": "1.15.0",
  "minecraft:biome": {
    "description": {
      "identifier": "nightmarebiome"
    },
    "components": {
      "minecraft:climate": {
        "downfall": 0.4,
        "snow_accumulation": [
          0.0,
          0.0
        ],
        "temperature": 2.0,
        "blue_spores": 0,
        "red_spores": 0,
        "white_ash": 0,
        "ash": 0
      },
      "minecraft:overworld_height": {
        "noise_type": "extreme"
      },
      "animal": {},
      "monster": {},
      "overworld": {},
      "nightmarebiome": {},
      "minecraft:surface_parameters": {
        "top_material": "mr:nightmare_sand",
        "mid_material": "minecraft:soul_sand",
        "foundation_material": "minecraft:stone",
        "sea_floor_material": "minecraft:gravel",
        "sea_material": "minecraft:water",
        "sea_floor_depth": 7
      },
      "minecraft:overworld_generation_rules": {
        "river_transformation": "frozen_ocean",
        "generate_for_climates": [
          [
            "cold",
            10
          ],
          [
            "medium",
            30
          ],
          [
            "lukewarm",
            20
          ]
        ],
        "shore_transformation": "mega_taiga_hills",
        "hills_transformation": "cold_taiga_hills"
      }
    }
  }
}