{
	"format_version": "1.8.0",
	"animations": {
		"animation.jiki_repel": {
			"animation_length": 0.5,
			"loop": true,
			"timeline": {
				"0.0": [
					"/particle op_asa:repel_particle ~~1~"
				]
			}
		},
		"animation.jiki_combo": {
			"animation_length": 0.25,
			"timeline": {
				"0.0": [
					"/effect @s weakness 10 40 true"
				],
				"0.25": [
					"/damage @e[tag=jiba,r=6] 15 suicide entity @s"
				]
			}
		},
		"animation.hotoke_impact1": {
			"animation_length": 0.5,
			"loop": true,
			"timeline": {
				"0.5": [
					"/execute @s ^^1^13 damage @e[r=10,tag=!hotoke,family=!hotoke,type=!item,type=!xp_orb] 2 suicide",
					"/execute @s ^^1^13 effect @e[r=10,tag=!hotoke,family=!hotoke] slowness 1 3 true"
				]
			}
		},
		"animation.hotoke_impact2": {
			"animation_length": 0.05,
			"loop": true,
			"timeline": {
				"0.0": [
					"/particle op_asa:hotoke_particle ^^1^13"
				]
			}
		},
		"animation.suna_goundsecco": {
			"animation_length": 4,
			"loop": "hold_on_last_frame",
			"timeline": {
				"0.0": [
					"/function akumanomi/sunasuna/grandsekko1",
					"/execute @e[r=5] ~~~ detect ~~-1~ sand 0 effect @s wither 3 3 true"
				],
				"1.0": [
					"/function akumanomi/sunasuna/grandsekko2",
					"/execute @e[r=10] ~~~ detect ~~-1~ sand 0 effect @s wither 3 3 true"
				],
				"2.0": [
					"/function akumanomi/sunasuna/grandsekko3",
					"/execute @e[r=16] ~~~ detect ~~-1~ sand 0 effect @s wither 3 3 true"
				],
				"3.0": [
					"/function akumanomi/sunasuna/grandsekko4",
					"/execute @e[r=24] ~~~ detect ~~-1~ sand 0 effect @s wither 3 3 true"
				],
				"4.0": [
					"/function akumanomi/sunasuna/grandsekko5",
					"/execute @e[r=32] ~~~ detect ~~-1~ sand 0 effect @s wither 3 3 true"
				]
			}
		},
		"animation.tori_ongle": {
			"animation_length": 0.05,
			"loop": true,
			"timeline": {
				"0.0": [
					"/execute @s[family=!haki] ~~~ summon op_asa:ongle_attack ^^^1",
					"/execute @s[family=haki] ~~~ summon op_asa:ongle_attack_haki ^^^1",
					"/execute @s ^^^1 damage @e[r=2,tag=!toritori,family=!toritori,type=!item,type=!xp_orb] 10 entity_attack entity @s",
					"/effect @s slow_falling 0 10 true",
					"/effect @s levitation 0 10 true"
				]
			}
		},
		"animation.moku_whitesnake": {
			"animation_length": 0.05,
			"loop": true,
			"timeline": {
				"0.0": [
					"/function akumanomi/mokumoku/whitesnake"
				]
			}
		},
		"animation.gom_gatling": {
			"animation_length": 0.05,
			"loop": true,
			"timeline": {
				"0.0": [
					"/execute @s ^^1^3 damage @e[r=3,c=1,type=!item,type=!xp_orb] 4 entity_attack entity @s"
				]
			}
		},
		"animation.gom_storm": {
			"animation_length": 0.05,
			"loop": true,
			"timeline": {
				"0.0": [
					"/effect @s speed 1 2 true",
					"/execute @s[rx=0,rxm=-90] ~~~ effect @s slow_falling 1 2 true",
					"/execute @s[rx=-2.5,rxm=-60] ~~~ summon op_asa:gom_storm_e2 ^^^-1",
					"/execute @s[rx=-61,rxm=-90] ~~~ summon op_asa:gom_storm_e3 ~~-1~",
					// no haki
					"/execute @s[family=!haki] ^^1^4 damage @e[r=4,c=1,type=!item,type=!xp_orb] 4 entity_attack entity @s",
					// haki
					"/execute @s[family=haki] ^^1^4 damage @e[r=4,c=1,type=!item,type=!xp_orb] 6 entity_attack entity @s"
				]
			}
		},
		"animation.gom_ufo": {
			"animation_length": 0.05,
			"loop": true,
			"timeline": {
				"0.0": [
					"/damage @e[r=4,hasitem={item=op_asa:gom_ufo,location=slot.weaponmainhand,quantity=0},type=!item,type=!xp_orb] 1 entity_attack entity @s",
					"/execute @s[rx=0,rxm=-90] ~~~ effect @s slow_falling 1 2 true",
					"/execute @s[rx=90,rxm=1] ~~~ summon op_asa:gom_ufo_e2 ^^^-1",
					"/execute @s[rx=0,rxm=-60] ~~~ summon op_asa:gom_ufo_e2 ^^^-1",
					"/execute @s[rx=-61,rxm=-90] ~~~ summon op_asa:gom_ufo_e3 ~~-1~"
				]
			}
		},
		"animation.gom_jetgatling": {
			"animation_length": 0.05,
			"loop": true,
			"timeline": {
				"0.0": [
					"/particle minecraft:camera_shoot_explosion ^1^1^1",
					"/particle minecraft:camera_shoot_explosion ^-1^1^1",
					// no haki
					"/execute @s[family=!haki] ^^1^4 damage @e[r=4,c=1,type=!item,type=!xp_orb] 6 entity_attack entity @s",
					// haki
					"/execute @s[family=haki] ^^1^4 damage @e[r=4,c=1,type=!item,type=!xp_orb] 8 entity_attack entity @s",
					"/execute @s[family=haki] ~~~ particle minecraft:camera_shoot_explosion ^1^1^3",
					"/execute @s[family=haki] ~~~ particle minecraft:camera_shoot_explosion ^-1^1^3"
				]
			}
		},
		"animation.gom_redhawk": {
			"animation_length": 0.5,
			"timeline": {
				"0.5": [
					"/effect @s fire_resistance 2 0 true",
					"/execute @s[family=b_haki] ~~~ summon op_asa:redhawk_attack",
					"/execute @s[family=ryuo] ~~~ summon op_asa:redhawk_attack_r"
				]
			}
		},
		"animation.gom_blackmamba": {
			"animation_length": 4.0,
			"loop": "hold_on_last_frame",
			"timeline": {
				"1.0": [
					"/function akumanomi/gomgom/blackmamba1"
				],
				"2.0": [
					"/function akumanomi/gomgom/blackmamba2"
				],
				"3.0": [
					"/function akumanomi/gomgom/blackmamba3"
				],
				"4.0": [
					"/function akumanomi/gomgom/blackmamba4"
				]
			}
		},
		"animation.hana_gigantescomano": {
			"animation_length": 0.4,
			"loop": true,
			"timeline": {
				"0.0": [
					"/execute @e[type=op_asa:gigantescomano_e,c=1] ~~~ summon op_asa:gigantescomano_a ^^2^5"
				]
			}
		},
		"animation.ito_kakusei": {
			"animation_length": 4,
			"loop": "hold_on_last_frame",
			"timeline": {
				"0.0": [
					"/function akumanomi/itoito/itoito1"
				],
				"1.0": [
					"/function akumanomi/itoito/itoito2"
				],
				"2.0": [
					"/function akumanomi/itoito/itoito3"
				],
				"3.0": [
					"/function akumanomi/itoito/itoito4"
				],
				"4.0": [
					"/function akumanomi/itoito/itoito5"
				]
			}
		},
		"animation.yami_blackhole0": {
			"animation_length": 0.05,
			"loop": true,
			"timeline": {
				"0.0": [
					"/particle op_asa:blackhole_spread_particle1 ~~~"
				]
			}
		},
		"animation.yami_blackhole1": {
			"animation_length": 0.05,
			"loop": true,
			"timeline": {
				"0.0": [
					"/function akumanomi/yamiyami/blackhole1"
				]
			}
		},
		"animation.yami_blackhole2": {
			"animation_length": 0.05,
			"loop": true,
			"timeline": {
				"0.0": [
					"/function akumanomi/yamiyami/blackhole2"
				]
			}
		},
		"animation.yami_blackhole3": {
			"animation_length": 0.05,
			"loop": true,
			"timeline": {
				"0.0": [
					"/function akumanomi/yamiyami/blackhole3"
				]
			}
		},
		"animation.yami_blackhole4": {
			"animation_length": 0.05,
			"loop": true,
			"timeline": {
				"0.0": [
					"/function akumanomi/yamiyami/blackhole4"
				]
			}
		},
		"animation.mochi_nagaremochi": {
			"animation_length": 4.0,
			"loop": "hold_on_last_frame",
			"timeline": {
				"0.0": [
					"/function akumanomi/mochimochi/mochimochi1"
				],
				"1.0": [
					"/function akumanomi/mochimochi/mochimochi2"
				],
				"2.0": [
					"/function akumanomi/mochimochi/mochimochi3"
				],
				"3.0": [
					"/function akumanomi/mochimochi/mochimochi4"
				],
				"4.0": [
					"/function akumanomi/mochimochi/mochimochi5"
				]
			}
		},
		"animation.mochi_musodonatu": {
			"animation_length": 0.05,
			"loop": true,
			"timeline": {
				"0.0": [
					"/execute @s ~~~ detect ~~-1~ op_asa:mochimochi_block 0 effect @s speed 1 2 true"
				]
			}
		},
		"animation.doku_dokugumo": {
			"animation_length": 6.0,
			"loop":"hold_on_last_frame",
			"timeline": {
				"0.0": [
					"/particle op_asa:chloroball_particle ~~~",
					"/effect @e[r=6,tag=!dokudoku,family=!dokudoku] nausea 15 1",
					"/effect @e[r=6,tag=!dokudoku,family=!dokudoku] mining_fatigue 10 2 true",
					"/effect @e[r=6,tag=!dokudoku,family=!dokudoku] slowness 10 2 true",
					"/effect @e[r=6,tag=!dokudoku,family=!dokudoku] weakness 10 2 true"
				],
				"1.0": [
					"/effect @e[r=10,tag=!dokudoku,family=!dokudoku] nausea 15 1",
					"/effect @e[r=10,tag=!dokudoku,family=!dokudoku] mining_fatigue 10 2 true",
					"/effect @e[r=10,tag=!dokudoku,family=!dokudoku] slowness 10 2 true",
					"/effect @e[r=10,tag=!dokudoku,family=!dokudoku] weakness 10 2 true"
				],
				"2.0": [
					"/particle op_asa:chloroball_particle ~~~",
					"/effect @e[r=14,tag=!dokudoku,family=!dokudoku] nausea 15 1",
					"/effect @e[r=14,tag=!dokudoku,family=!dokudoku] mining_fatigue 10 2 true",
					"/effect @e[r=14,tag=!dokudoku,family=!dokudoku] slowness 10 2 true",
					"/effect @e[r=14,tag=!dokudoku,family=!dokudoku] weakness 10 2 true"
				],
				"3.0": [
					"/effect @e[r=18,tag=!dokudoku,family=!dokudoku] nausea 15 1",
					"/effect @e[r=18,tag=!dokudoku,family=!dokudoku] mining_fatigue 10 2 true",
					"/effect @e[r=18,tag=!dokudoku,family=!dokudoku] slowness 10 2 true",
					"/effect @e[r=18,tag=!dokudoku,family=!dokudoku] weakness 10 2 true"
				],
				"4.0": [
					"/particle op_asa:chloroball_particle ~~~",
					"/effect @e[r=22,tag=!dokudoku,family=!dokudoku] nausea 15 1",
					"/effect @e[r=22,tag=!dokudoku,family=!dokudoku] mining_fatigue 10 2 true",
					"/effect @e[r=22,tag=!dokudoku,family=!dokudoku] slowness 10 2 true",
					"/effect @e[r=22,tag=!dokudoku,family=!dokudoku] weakness 10 2 true"
				],
				"5.0": [
					"/effect @e[r=26,tag=!dokudoku,family=!dokudoku] nausea 15 1",
					"/effect @e[r=26,tag=!dokudoku,family=!dokudoku] mining_fatigue 10 2 true",
					"/effect @e[r=26,tag=!dokudoku,family=!dokudoku] slowness 10 2 true",
					"/effect @e[r=26,tag=!dokudoku,family=!dokudoku] weakness 10 2 true"
				]
			}
		},
		"animation.doku_dokugumo_loop": {
			"animation_length": 2.0,
			"loop":true,
			"timeline": {
				"0.0": [
					"/particle op_asa:chloroball_particle ~~~",
					"/effect @e[r=30,tag=!dokudoku,family=!dokudoku] nausea 15 1",
					"/effect @e[r=30,tag=!dokudoku,family=!dokudoku] mining_fatigue 10 2 true",
					"/effect @e[r=30,tag=!dokudoku,family=!dokudoku] slowness 10 2 true",
					"/effect @e[r=30,tag=!dokudoku,family=!dokudoku] weakness 10 2 true"
				],
				"1.0": [
					"/effect @e[r=30,tag=!dokudoku,family=!dokudoku] nausea 15 1",
					"/effect @e[r=30,tag=!dokudoku,family=!dokudoku] mining_fatigue 10 2 true",
					"/effect @e[r=30,tag=!dokudoku,family=!dokudoku] slowness 10 2 true",
					"/effect @e[r=30,tag=!dokudoku,family=!dokudoku] weakness 10 2 true"
				]
			}
		},
		"animation.goru_generate": {
			"animation_length": 3.0,
			"loop": "hold_on_last_frame",
			"timeline": {
				"0.0": [
					"/fill ~8~~8 ~-8~~-8 gold_block 0 replace air"
				],
				"1.0": [
					"/fill ~16~~16 ~-16~~-16 gold_block 0 replace air"
				],
				"2.0": [
					"/fill ~24~~24 ~-24~~-24 gold_block 0 replace air"
				],
				"3.0": [
					"/fill ~32~~32 ~-32~~-32 gold_block 0 replace air"
				]
			}
		},
		"animation.nikyu_combo1": {
			"animation_length": 0.05,
			"loop": true,
			"timeline": {
				"0.0": [
					"/particle op_asa:pressure_cannon_combo_particle ^^1^4",
					"/execute @s ^^1^3 damage @e[r=3,c=1,type=!item,type=!xp_orb] 4 entity_attack entity @s",
					"/particle op_asa:pressure_cannon_combo_particle ^^1^7",
					"/execute @s ^^1^7 damage @e[r=3,c=1,type=!item,type=!xp_orb] 4 entity_attack entity @s"
				]
			}
		},
		"animation.nikyu_combo2": {
			"animation_length": 0.15,
			"loop": true,
			"timeline": {
				"0.0": [
					"/particle op_asa:pressure_cannon_particle ^^1^2",
            		"/particle op_asa:pressure_cannon_particle ^^1^4"
				],
				"0.05": [
					"/particle op_asa:pressure_cannon_particle ^1^1^2",
					"/particle op_asa:pressure_cannon_particle ^1^1^4"
				],
				"0.1": [
					"/particle op_asa:pressure_cannon_particle ^-1^1^2",
					"/particle op_asa:pressure_cannon_particle ^-1^1^4"
				]
			}
		},
		"animation.sneaking_stay": {
			"animation_length": 1.2,
			"loop": true,
			"timeline": {
				"0.0": [
					"/effect @s levitation 1 0 true",
            		"/effect @s slow_falling 2 0 true"
				]
			}
		},
		"animation.yomi2_float": {
			"animation_length": 0.05,
			"loop": true,
			"timeline": {
				"0.0": [
					"/function akumanomi/yomiyomi/yomiyomi2float"
				]
			}
		},
		"animation.sanzensekai_charge": {
			"animation_length": 2.5,
			"timeline": {
				"2.4": [
					"/function katanawaza/sanzensekai_charged"
				]
			}
		},
		"animation.sanzensekai_charged_attack": {
			"animation_length": 0.05,
			"loop": true,
			"timeline": {
				"0.0": [
					"/function katanawaza/sanzensekai"
				]
			}
		}
	}
}


/*
memo





*/