{
	"format_version": "1.8.0",
	"animations": {
		"animation.haki_on": {
			"animation_length": 0.05,
			"loop": true,
			"timeline": {
				"0.0": [
					"/function akasi/status/haki_on"
				]
			}
		},
		"animation.haki_off": {
			"animation_length": 0.05,
			"loop": true,
			"timeline": {
				"0.0": [
					"/function akasi/status/haki_off"
				]
			}
		},
		"animation.haki_none": {
			"animation_length": 0.05,
			"loop": true,
			"timeline": {
				"0.0": [
					"/function akasi/status/haki_none"
				]
			}
		},
		"animation.haki_gear4": {
			"animation_length": 0.05,
			"loop": true,
			"timeline": {
				"0.0": [
					"/function akasi/status/haki_gear4"
				]
			}
		}
	}
}


/*
memo





*/