{
	"format_version": "1.8.0",
	"animations": {
		"animation.loop_inwater": {
			"animation_length": 0.05,
			"loop": true,
			"timeline": {
				"0.0": [
					"/function loop_inwater",
					"/function akasi/status/score"
				]
			}
		},
		"animation.loop_onground": {
			"animation_length": 0.05,
			"loop": true,
			"timeline": {
				"0.0": [
					"/function loop",
					"/function akasi/status/score"
				]
			}
		},
		"animation.loop_inwater_soapbubbles": {
			"animation_length": 0.05,
			"loop": true,
			"timeline": {
				"0.0": [
					"/function loop_inwater_soapbubbles",
					"/function akasi/status/score"
				]
			}
		},
		"animation.loop_es": {
			"animation_length": 0.05,
			"loop": true,
			"timeline": {
				"0.0": [
					"/function es"
				]
			}
		}
	}
}


/*
memo





*/