{
	"format_version": "1.8.0",
	"animations": {
		"animation.mag_move": {
			"animation_length": 1.05,
			"loop": "hold_on_last_frame",
			"timeline": {
				"0.0": [
					"/summon op_asa:magmag_move ^^^-1",
					"/particle op_asa:mag_move_particle ^^0.5^0.5",
					"/scoreboard players set @s magcharge 0"
				],
				"0.05": [
					"/particle op_asa:mag_move_particle ^^0.5^0.5"
				],
				"0.1": [
					"/particle op_asa:mag_move_particle ^^0.5^0.5",
					"/scoreboard players set @s magcharge 1"
				],
				"0.15": [
					"/particle op_asa:mag_move_particle ^^0.5^0.5"
				],
				"0.2": [
					"/summon op_asa:magmag_move ^^^-1",
					"/particle op_asa:mag_move_particle ^^0.5^0.5",
					"/scoreboard players set @s magcharge 2"
				],
				"0.25": [
					"/particle op_asa:mag_move_particle ^^0.5^0.5"
				],
				"0.3": [
					"/particle op_asa:mag_move_particle ^^0.5^0.5",
					"/scoreboard players set @s magcharge 3"
				],
				"0.35": [
					"/particle op_asa:mag_move_particle ^^0.5^0.5"
				],
				"0.4": [
					"/summon op_asa:magmag_move ^^^-1",
					"/particle op_asa:mag_move_particle ^^0.5^0.5",
					"/scoreboard players set @s magcharge 4"
				],
				"0.45": [
					"/particle op_asa:mag_move_particle ^^0.5^0.5"
				],
				"0.5": [
					"/particle op_asa:mag_move_particle ^^0.5^0.5",
					"/scoreboard players set @s magcharge 5"
				],
				"0.55": [
					"/particle op_asa:mag_move_particle ^^0.5^0.5"
				],
				"0.6": [
					"/summon op_asa:magmag_move ^^^-1",
					"/particle op_asa:mag_move_particle ^^0.5^0.5",
					"/scoreboard players set @s magcharge 6"
				],
				"0.65": [
					"/particle op_asa:mag_move_particle ^^0.5^0.5"
				],
				"0.7": [
					"/particle op_asa:mag_move_particle ^^0.5^0.5",
					"/scoreboard players set @s magcharge 7"
				],
				"0.75": [
					"/particle op_asa:mag_move_particle ^^0.5^0.5"
				],
				"0.8": [
					"/summon op_asa:magmag_move ^^^-1",
					"/particle op_asa:mag_move_particle ^^0.5^0.5",
					"/scoreboard players set @s magcharge 8"
				],
				"0.85": [
					"/particle op_asa:mag_move_particle ^^0.5^0.5"
				],
				"0.9": [
					"/particle op_asa:mag_move_particle ^^0.5^0.5",
					"/scoreboard players set @s magcharge 9"
				],
				"0.95": [
					"/particle op_asa:mag_move_particle ^^0.5^0.5"
				],
				"1.0": [
					"/particle op_asa:mag_move_particle ^^0.5^0.5",
					"/scoreboard players set @s magcharge 10"
				]
			}
		},
		"animation.mag_meigou_hold": {
			"animation_length": 0.25,
			"loop": true,
			"timeline": {
				"0.0": [
					"/execute @s ^0.5^^-0.2 particle op_asa:ryuseikazan_particle1 ~~1~"
				]
			}
		},
		"animation.mag_meigou_charge": {
			"animation_length": 2.05,
			"loop": "hold_on_last_frame",
			"timeline": {
				"0.0": [
					"/scoreboard players set @s magcharge 0"
				],
				"0.2": [
					"/scoreboard players set @s magcharge 1"
				],
				"0.4": [
					"/scoreboard players set @s magcharge 2"
				],
				"0.6": [
					"/scoreboard players set @s magcharge 3"
				],
				"0.8": [
					"/scoreboard players set @s magcharge 4"
				],
				"1.0": [
					"/scoreboard players set @s magcharge 5"
				],
				"1.2": [
					"/scoreboard players set @s magcharge 6"
				],
				"1.4": [
					"/scoreboard players set @s magcharge 7"
				],
				"1.6": [
					"/scoreboard players set @s magcharge 8"
				],
				"1.8": [
					"/scoreboard players set @s magcharge 9"
				],
				"2.0": [
					"/scoreboard players set @s magcharge 10"
				]
			}
		},
		"animation.mag_meigou_attack": {
			"animation_length": 0.5,
			"loop": "hold_on_last_frame",
			"timeline": {
				"0.0": [
					"/damage @e[r=3,c=1,tag=!magmag,family=!magmag,type=!item,type=!xp_orb] 40 lava entity @s"
				],
				"0.05": [
					"/damage @e[r=3,c=1,tag=!magmag,family=!magmag,type=!item,type=!xp_orb] 40 lava entity @s"
				],
				"0.1": [
					"/damage @e[r=3,c=1,tag=!magmag,family=!magmag,type=!item,type=!xp_orb] 40 lava entity @s"
				],
				"0.15": [
					"/damage @e[r=3,c=1,tag=!magmag,family=!magmag,type=!item,type=!xp_orb] 40 lava entity @s"
				],
				"0.2": [
					"/damage @e[r=3,c=1,tag=!magmag,family=!magmag,type=!item,type=!xp_orb] 40 lava entity @s"
				],
				"0.25": [
					"/damage @e[r=3,c=1,tag=!magmag,family=!magmag,type=!item,type=!xp_orb] 40 lava entity @s"
				],
				"0.3": [
					"/damage @e[r=3,c=1,tag=!magmag,family=!magmag,type=!item,type=!xp_orb] 40 lava entity @s"
				],
				"0.35": [
					"/damage @e[r=3,c=1,tag=!magmag,family=!magmag,type=!item,type=!xp_orb] 40 lava entity @s"
				],
				"0.4": [
					"/damage @e[r=3,c=1,tag=!magmag,family=!magmag,type=!item,type=!xp_orb] 40 lava entity @s"
				],
				"0.45": [
					"/damage @e[r=3,c=1,tag=!magmag,family=!magmag,type=!item,type=!xp_orb] 40 lava entity @s"
				],
				"0.5": [
					"/damage @e[r=3,c=1,tag=!magmag,family=!magmag,type=!item,type=!xp_orb] 40 lava entity @s"
				]
			}
		},
		"animation.mag_meigou_charged_attack": {
			"animation_length": 0.5,
			"loop": "hold_on_last_frame",
			"timeline": {
				"0.0": [
					"/damage @e[r=3,c=1,tag=!magmag,family=!magmag,type=!item,type=!xp_orb] 40 suicide entity @s"
				],
				"0.05": [
					"/damage @e[r=3,c=1,tag=!magmag,family=!magmag,type=!item,type=!xp_orb] 40 suicide entity @s"
				],
				"0.1": [
					"/damage @e[r=3,c=1,tag=!magmag,family=!magmag,type=!item,type=!xp_orb] 40 suicide entity @s"
				],
				"0.15": [
					"/damage @e[r=3,c=1,tag=!magmag,family=!magmag,type=!item,type=!xp_orb] 40 suicide entity @s"
				],
				"0.2": [
					"/damage @e[r=3,c=1,tag=!magmag,family=!magmag,type=!item,type=!xp_orb] 40 suicide entity @s"
				],
				"0.25": [
					"/damage @e[r=3,c=1,tag=!magmag,family=!magmag,type=!item,type=!xp_orb] 40 suicide entity @s"
				],
				"0.3": [
					"/damage @e[r=3,c=1,tag=!magmag,family=!magmag,type=!item,type=!xp_orb] 40 suicide entity @s"
				],
				"0.35": [
					"/damage @e[r=3,c=1,tag=!magmag,family=!magmag,type=!item,type=!xp_orb] 40 suicide entity @s"
				],
				"0.4": [
					"/damage @e[r=3,c=1,tag=!magmag,family=!magmag,type=!item,type=!xp_orb] 40 suicide entity @s"
				],
				"0.45": [
					"/damage @e[r=3,c=1,tag=!magmag,family=!magmag,type=!item,type=!xp_orb] 40 suicide entity @s"
				],
				"0.5": [
					"/damage @e[r=3,c=1,tag=!magmag,family=!magmag,type=!item,type=!xp_orb] 40 suicide entity @s"
				]
			}
		},
		"animation.mag_field": {
			"animation_length": 1.65,
			"loop": "hold_on_last_frame",
			"timeline": {
				"0.1": [
					"/execute @s[scores={magpower=10..}] ~~~ function akumanomi/magmag/mag_field/1",
					"/scoreboard players remove @s[scores={magpower=10..}] magpower 10",
					"/scoreboard players set @s magcharge 1"
				],
				"0.2": [
					"/execute @s[scores={magpower=10..}] ~~~ function akumanomi/magmag/mag_field/2",
					"/scoreboard players remove @s[scores={magpower=10..}] magpower 10"
				],
				"0.25": [
					"/scoreboard players set @s magcharge 2"
				],
				"0.3": [
					"/execute @s[scores={magpower=10..}] ~~~ function akumanomi/magmag/mag_field/3",
					"/scoreboard players remove @s[scores={magpower=10..}] magpower 10"
				],
				"0.4": [
					"/execute @s[scores={magpower=10..}] ~~~ function akumanomi/magmag/mag_field/4",
					"/scoreboard players remove @s[scores={magpower=10..}] magpower 10",
					"/scoreboard players set @s magcharge 3"
				],
				"0.5": [
					"/execute @s[scores={magpower=10..}] ~~~ function akumanomi/magmag/mag_field/5",
					"/scoreboard players remove @s[scores={magpower=10..}] magpower 10"
				],
				"0.55": [
					"/scoreboard players set @s magcharge 4"
				],
				"0.6": [
					"/execute @s[scores={magpower=10..}] ~~~ function akumanomi/magmag/mag_field/6",
					"/scoreboard players remove @s[scores={magpower=10..}] magpower 10"
				],
				"0.7": [
					"/execute @s[scores={magpower=10..}] ~~~ function akumanomi/magmag/mag_field/7",
					"/scoreboard players remove @s[scores={magpower=10..}] magpower 10",
					"/scoreboard players set @s magcharge 5"
				],
				"0.8": [
					"/execute @s[scores={magpower=10..}] ~~~ function akumanomi/magmag/mag_field/8",
					"/scoreboard players remove @s[scores={magpower=10..}] magpower 10"
				],
				"0.85": [
					"/scoreboard players set @s magcharge 6"
				],
				"0.9": [
					"/execute @s[scores={magpower=10..}] ~~~ function akumanomi/magmag/mag_field/9",
					"/scoreboard players remove @s[scores={magpower=10..}] magpower 10"
				],
				"1.0": [
					"/execute @s[scores={magpower=10..}] ~~~ function akumanomi/magmag/mag_field/10",
					"/scoreboard players remove @s[scores={magpower=10..}] magpower 10",
					"/scoreboard players set @s magcharge 7"
				],
				"1.1": [
					"/execute @s[scores={magpower=10..}] ~~~ function akumanomi/magmag/mag_field/11",
					"/scoreboard players remove @s[scores={magpower=10..}] magpower 10"
				],
				"1.15": [
					"/scoreboard players set @s magcharge 8"
				],
				"1.2": [
					"/execute @s[scores={magpower=10..}] ~~~ function akumanomi/magmag/mag_field/12",
					"/scoreboard players remove @s[scores={magpower=10..}] magpower 10"
				],
				"1.3": [
					"/execute @s[scores={magpower=10..}] ~~~ function akumanomi/magmag/mag_field/13",
					"/scoreboard players remove @s[scores={magpower=10..}] magpower 10",
					"/scoreboard players set @s magcharge 9"
				],
				"1.4": [
					"/execute @s[scores={magpower=10..}] ~~~ function akumanomi/magmag/mag_field/14",
					"/scoreboard players remove @s[scores={magpower=10..}] magpower 10"
				],
				"1.45": [
					"/scoreboard players set @s magcharge 10"
				],
				"1.5": [
					"/execute @s[scores={magpower=10..}] ~~~ function akumanomi/magmag/mag_field/15",
					"/scoreboard players remove @s[scores={magpower=10..}] magpower 10"
				],
				"1.6": [
					"/execute @s[scores={magpower=10..}] ~~~ function akumanomi/magmag/mag_field/16",
					"/scoreboard players remove @s[scores={magpower=10..}] magpower 10"
				]
			}
		},
		"animation.mag_ryuseikazan": {
			"animation_length": 0.39,
			"loop": true,
			"timeline": {
				"0.0": [
					"/execute @s[scores={magpower=40..}] ^0.7^^ summon op_asa:ryuseikazan_up ~~4~ op_asa:levitation",
					"/event entity @s[scores={magpower=40..}] ryuseikazan",
					"/execute @s[scores={magpower=40..}] ^0.5^^ particle op_asa:ryuseikazan_particle1 ~~1.1~",
					"/execute @s[scores={magpower=40..}] ^0.7^^ particle op_asa:ryuseikazan_particle2 ~~2~",
					"/scoreboard players remove @s[scores={magpower=40..}] magpower 40"
				],
				"0.1": [
					"/execute @s[scores={magpower=40..}] ^-0.5^^ particle op_asa:ryuseikazan_particle1 ~~1.1~"
				],
				"0.2": [
					"/execute @s[scores={magpower=40..}] ^-0.7^^ summon op_asa:ryuseikazan_up ~~4~ op_asa:levitation",
					"/event entity @s[scores={magpower=40..}] ryuseikazan",
					"/execute @s[scores={magpower=40..}] ^0.5^^ particle op_asa:ryuseikazan_particle1 ~~1.1~",
					"/execute @s[scores={magpower=40..}] ^-0.7^^ particle op_asa:ryuseikazan_particle2 ~~2~"
				],
				"0.3": [
					"/execute @s[scores={magpower=40..}] ^-0.5^^ particle op_asa:ryuseikazan_particle1 ~~1.1~",
					"/scoreboard players remove @s[scores={magpower=40..}] magpower 40"
				]
			}
		}
	}
}


/*
memo





*/