{
	"format_version": "1.8.0",
	"animations": {
		"animation.mera_entei": {
			"animation_length": 2.0,
			"loop": "hold_on_last_frame",
			"timeline": {
				"0.0": [
					"/fill ~16~2~16 ~-16~3~-16 fire 0 replace air",
					"/fill ~16~1~16 ~-16~-1~-16 fire 0 replace air",
					"/fill ~16~-2~16 ~-16~-3~-16 fire 0 replace air",
					"/particle op_asa:entei_spread_particle ~~~"
				],
				"0.5": [
					"/particle op_asa:entei_ascend_particle ~~~"
				],
				"2.0": [
					"/summon op_asa:entei_e ~~~"
				]
			}
		},
		"animation.mera_enkai": {
			"animation_length": 1.0,
			"loop": "hold_on_last_frame",
			"timeline": {
				"0.0": [
					"/summon op_asa:enkai1"
				],
				"0.05": [
					"/summon op_asa:enkai2"
				],
				"0.1": [
					"/summon op_asa:enkai3"
				],
				"1.0":[]
			}
		},
		"animation.mera_hotarubi": {
			"animation_length": 3.1,
			"loop": "hold_on_last_frame",
			"timeline": {
				"0.0": [
					"/tp @e[type=op_asa:hotarubi,c=1] ^^1.5^1"
				],
				"0.1": [
					"/tp @e[type=op_asa:hotarubi,c=1] ^^1.5^2"
				],
				"0.2": [
					"/tp @e[type=op_asa:hotarubi,c=1] ^^1.5^3"
				],
				"0.3": [
					"/tp @e[type=op_asa:hotarubi,c=1] ^^1.5^4"
				],
				"0.4": [
					"/tp @e[type=op_asa:hotarubi,c=1] ^^1.5^5"
				],
				"0.5": [
					"/tp @e[type=op_asa:hotarubi,c=1] ^^1.5^6"
				],
				"0.6": [
					"/tp @e[type=op_asa:hotarubi,c=1] ^^1.5^7"
				],
				"0.7": [
					"/tp @e[type=op_asa:hotarubi,c=1] ^^1.5^8"
				],
				"0.8": [
					"/tp @e[type=op_asa:hotarubi,c=1] ^^1.5^9"
				],
				"0.9": [
					"/tp @e[type=op_asa:hotarubi,c=1] ^^1.5^10"
				],
				"1.0": [
					"/tp @e[type=op_asa:hotarubi,c=1] ^^1.5^11"
				],
				"1.1": [
					"/tp @e[type=op_asa:hotarubi,c=1] ^^1.5^12"
				],
				"1.2": [
					"/tp @e[type=op_asa:hotarubi,c=1] ^^1.5^13"
				],
				"1.3": [
					"/tp @e[type=op_asa:hotarubi,c=1] ^^1.5^14"
				],
				"1.4": [
					"/tp @e[type=op_asa:hotarubi,c=1] ^^1.5^15"
				],
				"1.5": [
					"/tp @e[type=op_asa:hotarubi,c=1] ^^1.5^16"
				],
				"1.6": [
					"/tp @e[type=op_asa:hotarubi,c=1] ^^1.5^17"
				],
				"1.7": [
					"/tp @e[type=op_asa:hotarubi,c=1] ^^1.5^18"
				],
				"1.8": [
					"/tp @e[type=op_asa:hotarubi,c=1] ^^1.5^19"
				],
				"1.9": [
					"/tp @e[type=op_asa:hotarubi,c=1] ^^1.5^20"
				],
				"2.0": [
					"/tp @e[type=op_asa:hotarubi,c=1] ^^1.5^21"
				],
				"2.1": [
					"/tp @e[type=op_asa:hotarubi,c=1] ^^1.5^22"
				],
				"2.2": [
					"/tp @e[type=op_asa:hotarubi,c=1] ^^1.5^23"
				],
				"2.3": [
					"/tp @e[type=op_asa:hotarubi,c=1] ^^1.5^24"
				],
				"2.4": [
					"/tp @e[type=op_asa:hotarubi,c=1] ^^1.5^25"
				],
				"2.5": [
					"/tp @e[type=op_asa:hotarubi,c=1] ^^1.5^26"
				],
				"2.6": [
					"/tp @e[type=op_asa:hotarubi,c=1] ^^1.5^27"
				],
				"2.7": [
					"/tp @e[type=op_asa:hotarubi,c=1] ^^1.5^28"
				],
				"2.8": [
					"/tp @e[type=op_asa:hotarubi,c=1] ^^1.5^29"
				],
				"2.9": [
					"/tp @e[type=op_asa:hotarubi,c=1] ^^1.5^30"
				],
				"3.0": [
					"/tp @e[type=op_asa:hotarubi,c=1] ^^1.5^31"
				],
				"3.1": [
					"/tp @e[type=op_asa:hotarubi,c=1] ^^1.5^32"
				]
			}
		},
		"animation.mera_kagerou": {
			"animation_length": 0.5,
			"loop": "hold_on_last_frame",
			"timeline": {
				"0.0": [
					"/particle op_asa:mera_move_particle ^^1^1",
					"/execute @e[r=3,tag=!meramera,family=!meramera,type=!item,type=!xp_orb] ~~~ particle op_asa:mera_move_particle ~~1~",
					"/damage @e[r=3,tag=!meramera,family=!meramera,type=!item,type=!xp_orb] 10 fire entity @s"
				],
				"0.05": [
					"/particle op_asa:mera_move_particle ^^1^1",
					"/execute @e[r=3,tag=!meramera,family=!meramera,type=!item,type=!xp_orb] ~~~ particle op_asa:mera_move_particle ~~1~",
					"/damage @e[r=3,tag=!meramera,family=!meramera,type=!item,type=!xp_orb] 10 fire entity @s"
				],
				"0.1": [
					"/particle op_asa:mera_move_particle ^^1^1",
					"/execute @e[r=3,tag=!meramera,family=!meramera,type=!item,type=!xp_orb] ~~~ particle op_asa:mera_move_particle ~~1~",
					"/damage @e[r=3,tag=!meramera,family=!meramera,type=!item,type=!xp_orb] 10 fire entity @s"
				],
				"0.15": [
					"/particle op_asa:mera_move_particle ^^1^1",
					"/execute @e[r=3,tag=!meramera,family=!meramera,type=!item,type=!xp_orb] ~~~ particle op_asa:mera_move_particle ~~1~",
					"/damage @e[r=3,tag=!meramera,family=!meramera,type=!item,type=!xp_orb] 10 fire entity @s"
				],
				"0.2": [
					"/particle op_asa:mera_move_particle ^^1^1",
					"/execute @e[r=3,tag=!meramera,family=!meramera,type=!item,type=!xp_orb] ~~~ particle op_asa:mera_move_particle ~~1~",
					"/damage @e[r=3,tag=!meramera,family=!meramera,type=!item,type=!xp_orb] 10 fire entity @s"
				],
				"0.25": [
					"/particle op_asa:mera_move_particle ^^1^1",
					"/execute @e[r=3,tag=!meramera,family=!meramera,type=!item,type=!xp_orb] ~~~ particle op_asa:mera_move_particle ~~1~",
					"/damage @e[r=3,tag=!meramera,family=!meramera,type=!item,type=!xp_orb] 10 fire entity @s"
				],
				"0.3": [
					"/particle op_asa:mera_move_particle ^^1^1",
					"/execute @e[r=3,tag=!meramera,family=!meramera,type=!item,type=!xp_orb] ~~~ particle op_asa:mera_move_particle ~~1~",
					"/damage @e[r=3,tag=!meramera,family=!meramera,type=!item,type=!xp_orb] 10 fire entity @s"
				],
				"0.35": [
					"/particle op_asa:mera_move_particle ^^1^1",
					"/execute @e[r=3,tag=!meramera,family=!meramera,type=!item,type=!xp_orb] ~~~ particle op_asa:mera_move_particle ~~1~",
					"/damage @e[r=3,tag=!meramera,family=!meramera,type=!item,type=!xp_orb] 10 fire entity @s"
				],
				"0.4": [
					"/particle op_asa:mera_move_particle ^^1^1",
					"/execute @e[r=3,tag=!meramera,family=!meramera,type=!item,type=!xp_orb] ~~~ particle op_asa:mera_move_particle ~~1~",
					"/damage @e[r=3,tag=!meramera,family=!meramera,type=!item,type=!xp_orb] 10 fire entity @s"
				],
				"0.45": [
					"/particle op_asa:mera_move_particle ^^1^1",
					"/execute @e[r=3,tag=!meramera,family=!meramera,type=!item,type=!xp_orb] ~~~ particle op_asa:mera_move_particle ~~1~",
					"/damage @e[r=3,tag=!meramera,family=!meramera,type=!item,type=!xp_orb] 10 fire entity @s"
				],
				"0.5": [
					"/particle op_asa:mera_move_particle ^^1^1",
					"/execute @e[r=3,tag=!meramera,family=!meramera,type=!item,type=!xp_orb] ~~~ particle op_asa:mera_move_particle ~~1~",
					"/damage @e[r=3,tag=!meramera,family=!meramera,type=!item,type=!xp_orb] 10 fire entity @s"
				]
			}
		},
		"animation.mera_kaenryuo": {
			"animation_length": 0.05,
			"loop": true,
			"timeline": {
				"0.0": [
					"/function akumanomi/meramera/kaen_ryuo_hold"
				]
			}
		},
		"animation.mera_higan": {
			"animation_length": 0.05,
			"loop": true,
			"timeline": {
				"0.0": [
					"/event entity @s[scores={merapower=24..}] higan",
					"/scoreboard players remove @s[scores={merapower=6..}] merapower 6"
				]
			}
		},
		"animation.mera_charge_enjoumou": {
			"animation_length": 1.5,
			"loop": "hold_on_last_frame",
			"timeline": {
				"0.0": [
					"/scoreboard players set @s meracharge 0"
				],
				"0.15": [
					"/scoreboard players set @s meracharge 1"
				],
				"0.3": [
					"/scoreboard players set @s meracharge 2"
				],
				"0.45": [
					"/scoreboard players set @s meracharge 3"
				],
				"0.6": [
					"/scoreboard players set @s meracharge 4"
				],
				"0.75": [
					"/scoreboard players set @s meracharge 5"
				],
				"0.9": [
					"/scoreboard players set @s meracharge 6"
				],
				"1.05": [
					"/scoreboard players set @s meracharge 7"
				],
				"1.2": [
					"/scoreboard players set @s meracharge 8"
				],
				"1.35": [
					"/scoreboard players set @s meracharge 9"
				],
				"1.5": [
					"/scoreboard players set @s meracharge 10"
				]
			}
		},
		"animation.mera_charge_enkai": {
			"animation_length": 1.0,
			"loop": "hold_on_last_frame",
			"timeline": {
				"0.0": [
					"/scoreboard players set @s meracharge 0"
				],
				"0.1": [
					"/scoreboard players set @s meracharge 1"
				],
				"0.2": [
					"/scoreboard players set @s meracharge 2"
				],
				"0.3": [
					"/scoreboard players set @s meracharge 3"
				],
				"0.4": [
					"/scoreboard players set @s meracharge 4"
				],
				"0.5": [
					"/scoreboard players set @s meracharge 5"
				],
				"0.6": [
					"/scoreboard players set @s meracharge 6"
				],
				"0.7": [
					"/scoreboard players set @s meracharge 7"
				],
				"0.8": [
					"/scoreboard players set @s meracharge 8"
				],
				"0.9": [
					"/scoreboard players set @s meracharge 9"
				],
				"1.0": [
					"/scoreboard players set @s meracharge 10"
				]
			}
		},
		"animation.mera_charge_entei": {
			"animation_length": 2.0,
			"loop": "hold_on_last_frame",
			"timeline": {
				"0.0": [
					"/scoreboard players set @s meracharge 0"
				],
				"0.2": [
					"/scoreboard players set @s meracharge 1"
				],
				"0.4": [
					"/scoreboard players set @s meracharge 2"
				],
				"0.6": [
					"/scoreboard players set @s meracharge 3"
				],
				"0.8": [
					"/scoreboard players set @s meracharge 4"
				],
				"1.0": [
					"/scoreboard players set @s meracharge 5"
				],
				"1.2": [
					"/scoreboard players set @s meracharge 6"
				],
				"1.4": [
					"/scoreboard players set @s meracharge 7"
				],
				"1.6": [
					"/scoreboard players set @s meracharge 8"
				],
				"1.8": [
					"/scoreboard players set @s meracharge 9"
				],
				"2.0": [
					"/scoreboard players set @s meracharge 10"
				]
			}
		},
		"animation.mera_charge_hotarubi": {
			"animation_length": 3.0,
			"loop": "hold_on_last_frame",
			"timeline": {
				"0.0": [
					"/scoreboard players set @s meracharge 0"
				],
				"0.3": [
					"/scoreboard players set @s meracharge 1"
				],
				"0.6": [
					"/scoreboard players set @s meracharge 2"
				],
				"0.9": [
					"/scoreboard players set @s meracharge 3"
				],
				"1.2": [
					"/scoreboard players set @s meracharge 4"
				],
				"1.5": [
					"/scoreboard players set @s meracharge 5"
				],
				"1.8": [
					"/scoreboard players set @s meracharge 6"
				],
				"2.1": [
					"/scoreboard players set @s meracharge 7"
				],
				"2.4": [
					"/scoreboard players set @s meracharge 8"
				],
				"2.7": [
					"/scoreboard players set @s meracharge 9"
				],
				"3.0": [
					"/scoreboard players set @s meracharge 10"
				]
			}
		}
	}
}


/*
memo





*/