{
	"format_version": "1.8.0",
	"animations": {
		"animation.status_mera": {
			"animation_length": 0.05,
			"loop": true,
			"timeline": {
				"0.0": [
					"/function akasi/status/status_mera"
				]
			}
		},
		"animation.status_mag": {
			"animation_length": 0.05,
			"loop": true,
			"timeline": {
				"0.0": [
					"/function akasi/status/status_mag"
				]
			}
		},
		"animation.status_goro": {
			"animation_length": 0.05,
			"loop": true,
			"timeline": {
				"0.0": [
					"/function akasi/status/status_goro"
				]
			}
		},
		"animation.status_amal": {
			"animation_length": 0.05,
			"loop": true,
			"timeline": {
				"0.0": [
					"/function akasi/status/status_amal"
				]
			}
		},
		"animation.status_soru": {
			"animation_length": 0.05,
			"loop": true,
			"timeline": {
				"0.0": [
					"/function akasi/status/status_soru"
				]
			}
		},
		"animation.status_yomi": {
			"animation_length": 0.05,
			"loop": true,
			"timeline": {
				"0.0": [
					"/function akasi/status/status_yomi"
				]
			}
		},
		"animation.status_ope": {
			"animation_length": 0.05,
			"loop": true,
			"timeline": {
				"0.0": [
					"/function akasi/status/status_ope"
				]
			}
		},
		"animation.status_wara": {
			"animation_length": 0.05,
			"loop": true,
			"timeline": {
				"0.0": [
					"/function akasi/status/status_wara"
				]
			}
		},"animation.status_jiki": {
			"animation_length": 0.05,
			"loop": true,
			"timeline": {
				"0.0": [
					"/function akasi/status/status_jiki"
				]
			}
		},
		"animation.status_raki": {
			"animation_length": 0.05,
			"loop": true,
			"timeline": {
				"0.0": [
					"/function akasi/status/status_raki"
				]
			}
		},
		"animation.status_cooltime": {
			"animation_length": 0.05,
			"loop": true,
			"timeline": {
				"0.0": [
					"/function cooltime_state"
				]
			}
		}
	}
}


/*
memo





*/