{
	"format_version": "1.8.0",
	"geometry.broomstick.boi": {
		"texturewidth": 128,
		"textureheight": 128,
		"visible_bounds_width": 5,
		"visible_bounds_height": 2.125,
		"visible_bounds_offset": [0, 0.9375, 0],
		"bones": [
			{
				"name": "body",
				"pivot": [0, 19, 2]
			},
			{
				"name": "head",
				"parent": "body",
				"pivot": [0, 10, 1]
			},
			{
				"name": "idle",
				"parent": "head",
				"pivot": [0, 10, 1],
				"cubes": [
					{"origin": [-2, 8, 6], "size": [4, 4, 8], "uv": [3, 16]},
					{"origin": [-3, 7, 13], "size": [6, 6, 9], "uv": [0, 0]},
					{"origin": [-1.5, 8.5, 2], "size": [3, 3, 1], "uv": [39, 0]},
					{"origin": [-1, 9, -21], "size": [2, 2, 32], "uv": [0, 0]}
				],
				"locators": {
					"smoke_locator": [0, 10, 16]
				}
			}
		]
	}
}