{
	"format_version": "1.12.0",
	"minecraft:geometry": [
		{
			"description": {
				"identifier": "geometry.trader.christmas",
				"texture_width": 64,
				"texture_height": 64,
				"visible_bounds_width": 4,
				"visible_bounds_height": 4,
				"visible_bounds_offset": [0, 2, 0]
			},
			"bones": [
				{
					"name": "body",
					"pivot": [0, 0, 0],
					"cubes": [
						{
							"origin": [-4, 12, -3],
							"size": [8, 12, 6],
							"uv": {
								"north": {"uv": [22, 26], "uv_size": [8, 12]},
								"east": {"uv": [16, 26], "uv_size": [6, 12]},
								"south": {"uv": [36, 26], "uv_size": [8, 12]},
								"west": {"uv": [30, 26], "uv_size": [6, 12]},
								"up": {"uv": [22, 20], "uv_size": [8, 6]},
								"down": {"uv": [30, 26], "uv_size": [8, -6]}
							}
						},
						{
							"origin": [-4, 6, -3],
							"size": [8, 18, 6],
							"inflate": 0.5,
							"uv": {
								"north": {"uv": [6, 44], "uv_size": [8, 18]},
								"east": {"uv": [0, 44], "uv_size": [6, 18]},
								"south": {"uv": [20, 44], "uv_size": [8, 18]},
								"west": {"uv": [14, 44], "uv_size": [6, 18]},
								"up": {"uv": [6, 38], "uv_size": [8, 6]},
								"down": {"uv": [14, 44], "uv_size": [8, -6]}
							}
						},
						{
							"origin": [-8, 12, 3],
							"size": [10, 8, 8],
							"uv": {
								"north": {"uv": [46, 56], "uv_size": [10, 8]},
								"east": {"uv": [56, 56], "uv_size": [8, 8]},
								"south": {"uv": [46, 56], "uv_size": [10, 8]},
								"west": {"uv": [56, 56], "uv_size": [8, 8]},
								"up": {"uv": [46, 64], "uv_size": [-10, -8]},
								"down": {"uv": [46, 64], "uv_size": [-10, -8]}
							}
						},
						{
							"origin": [-7, 20, 3],
							"size": [8, 4, 7],
							"uv": {
								"north": {"uv": [47, 60], "uv_size": [8, 4]},
								"east": {"uv": [64, 52], "uv_size": [-7, 4]},
								"south": {"uv": [47, 60], "uv_size": [8, 4]},
								"west": {"uv": [64, 52], "uv_size": [-7, 4]},
								"up": {"uv": [57, 56], "uv_size": [-8, -7]},
								"down": {"uv": [8, 1], "uv_size": [-1, -1]}
							}
						},
						{
							"origin": [-5, 17.75, -3.75],
							"size": [1, 7, 8],
							"uv": {
								"north": {"uv": [45, 57], "uv_size": [1, 7]},
								"east": {"uv": [37, 50], "uv_size": [8, 7]},
								"south": {"uv": [7, 0], "uv_size": [1, 1]},
								"west": {"uv": [7, 0], "uv_size": [1, 1]},
								"up": {"uv": [46, 64], "uv_size": [-1, -8]},
								"down": {"uv": [8, 1], "uv_size": [-1, -1]}
							}
						}
					],
					"locators": {
						"lead_hold": [0, 40, 0]
					}
				},
				{
					"name": "head",
					"parent": "body",
					"pivot": [0, 24, 0],
					"cubes": [
						{
							"origin": [-4, 24, -4],
							"size": [8, 10, 8],
							"uv": {
								"north": {"uv": [8, 8], "uv_size": [8, 10]},
								"east": {"uv": [0, 8], "uv_size": [8, 10]},
								"south": {"uv": [24, 8], "uv_size": [8, 10]},
								"west": {"uv": [16, 8], "uv_size": [8, 10]},
								"up": {"uv": [8, 0], "uv_size": [8, 8]},
								"down": {"uv": [16, 8], "uv_size": [8, -8]}
							}
						}
					]
				},
				{
					"name": "helmet",
					"parent": "head",
					"pivot": [0, 24, 0]
				},
				{
					"name": "nose",
					"parent": "head",
					"pivot": [0, 26, 0],
					"cubes": [
						{
							"origin": [-1, 23, -6],
							"size": [2, 4, 2],
							"uv": {
								"north": {"uv": [26, 2], "uv_size": [2, 4]},
								"east": {"uv": [24, 2], "uv_size": [2, 4]},
								"south": {"uv": [30, 2], "uv_size": [2, 4]},
								"west": {"uv": [28, 2], "uv_size": [2, 4]},
								"up": {"uv": [26, 0], "uv_size": [2, 2]},
								"down": {"uv": [28, 2], "uv_size": [2, -2]}
							}
						}
					]
				},
				{
					"name": "head2",
					"parent": "head",
					"pivot": [0, 23, -0.75],
					"rotation": [-7.5, 0, 0]
				},
				{
					"name": "santa_hat",
					"parent": "head2",
					"pivot": [0, 32.25, -0.5],
					"rotation": [-5, 0, 0],
					"cubes": [
						{
							"origin": [-5, 30.25, -5.5],
							"size": [10, 3, 10],
							"uv": {
								"north": {"uv": [54, 0], "uv_size": [10, 3]},
								"east": {"uv": [54, 0], "uv_size": [10, 3]},
								"south": {"uv": [54, 0], "uv_size": [10, 3]},
								"west": {"uv": [54, 0], "uv_size": [10, 3]},
								"up": {"uv": [64, 10], "uv_size": [-10, -10]},
								"down": {"uv": [64, 10], "uv_size": [-10, -10]}
							}
						}
					]
				},
				{
					"name": "santa_hat1",
					"parent": "santa_hat",
					"pivot": [0, 32.75, -3.5],
					"rotation": [-17.5, 0, 0],
					"cubes": [
						{
							"origin": [-4, 33, -4.5],
							"size": [8, 3, 7],
							"inflate": 0.2,
							"uv": {
								"north": {"uv": [16, 8], "uv_size": [8, 4]},
								"east": {"uv": [16, 8], "uv_size": [8, 4]},
								"south": {"uv": [16, 8], "uv_size": [8, 4]},
								"west": {"uv": [16, 8], "uv_size": [8, 4]},
								"up": {"uv": [32, 16], "uv_size": [-8, -8]},
								"down": {"uv": [32, 16], "uv_size": [-8, -8]}
							}
						}
					]
				},
				{
					"name": "santa_hat2",
					"parent": "santa_hat1",
					"pivot": [0, 36.25, -3.75],
					"rotation": [-50, 0, 0],
					"cubes": [
						{
							"origin": [-3, 35.75, -3.75],
							"size": [6, 4.5, 6],
							"uv": {
								"north": {"uv": [21, 48], "uv_size": [6, 4]},
								"east": {"uv": [21, 48], "uv_size": [6, 4]},
								"south": {"uv": [21, 48], "uv_size": [6, 4]},
								"west": {"uv": [21, 48], "uv_size": [6, 4]},
								"up": {"uv": [31, 16], "uv_size": [-6, -6]},
								"down": {"uv": [31, 16], "uv_size": [-6, -6]}
							}
						},
						{
							"origin": [-1.5, 40.25, -3],
							"size": [3, 2, 3],
							"uv": {
								"north": {"uv": [27, 13], "uv_size": [3, 2]},
								"east": {"uv": [27, 13], "uv_size": [3, 2]},
								"south": {"uv": [27, 13], "uv_size": [3, 2]},
								"west": {"uv": [27, 13], "uv_size": [3, 2]},
								"up": {"uv": [30, 13], "uv_size": [-3, -3]},
								"down": {"uv": [30, 13], "uv_size": [-3, -3]}
							}
						},
						{
							"origin": [-1, 42.25, -2],
							"size": [2, 2, 2],
							"uv": {
								"north": {"uv": [23, 11], "uv_size": [2, 2]},
								"east": {"uv": [23, 11], "uv_size": [2, 2]},
								"south": {"uv": [23, 11], "uv_size": [2, 2]},
								"west": {"uv": [23, 11], "uv_size": [2, 2]},
								"up": {"uv": [25, 13], "uv_size": [-2, -2]},
								"down": {"uv": [25, 13], "uv_size": [-2, -2]}
							}
						}
					]
				},
				{
					"name": "santa_hat3",
					"parent": "santa_hat2",
					"pivot": [-0.5, 44.25, -2.75],
					"rotation": [-27.5, 0, 0],
					"cubes": [
						{
							"origin": [-1.5, 44.25, -2.25],
							"size": [3, 3, 3],
							"uv": {
								"north": {"uv": [58, 0], "uv_size": [3, 3]},
								"east": {"uv": [61, 3], "uv_size": [3, 3]},
								"south": {"uv": [58, 3], "uv_size": [3, 3]},
								"west": {"uv": [61, 0], "uv_size": [3, 3]},
								"up": {"uv": [58, 3], "uv_size": [-3, -3]},
								"down": {"uv": [58, 6], "uv_size": [-3, -3]}
							}
						}
					]
				},
				{
					"name": "arms",
					"parent": "body",
					"pivot": [0, 22, 0],
					"cubes": [
						{
							"origin": [-4, 16, -2],
							"size": [8, 4, 4],
							"uv": {
								"north": {"uv": [44, 42], "uv_size": [8, 4]},
								"east": {"uv": [40, 42], "uv_size": [4, 4]},
								"south": {"uv": [56, 42], "uv_size": [8, 4]},
								"west": {"uv": [52, 42], "uv_size": [4, 4]},
								"up": {"uv": [44, 38], "uv_size": [8, 4]},
								"down": {"uv": [52, 42], "uv_size": [8, -4]}
							}
						},
						{
							"origin": [-8, 16, -2],
							"size": [4, 8, 4],
							"uv": {
								"north": {"uv": [48, 26], "uv_size": [4, 8]},
								"east": {"uv": [44, 26], "uv_size": [4, 8]},
								"south": {"uv": [56, 26], "uv_size": [4, 8]},
								"west": {"uv": [52, 26], "uv_size": [4, 8]},
								"up": {"uv": [48, 22], "uv_size": [4, 4]},
								"down": {"uv": [52, 26], "uv_size": [4, -4]}
							}
						},
						{
							"origin": [4, 16, -2],
							"size": [4, 8, 4],
							"uv": {
								"north": {"uv": [52, 26], "uv_size": [-4, 8]},
								"east": {"uv": [56, 26], "uv_size": [-4, 8]},
								"south": {"uv": [60, 26], "uv_size": [-4, 8]},
								"west": {"uv": [48, 26], "uv_size": [-4, 8]},
								"up": {"uv": [52, 22], "uv_size": [-4, 4]},
								"down": {"uv": [56, 26], "uv_size": [-4, -4]}
							}
						}
					]
				},
				{
					"name": "held_item",
					"parent": "arms",
					"pivot": [0, 0, 0]
				},
				{
					"name": "leg0",
					"parent": "body",
					"pivot": [-2, 12, 0],
					"cubes": [
						{
							"origin": [-4, 0, -2],
							"size": [4, 12, 4],
							"uv": {
								"north": {"uv": [4, 26], "uv_size": [4, 12]},
								"east": {"uv": [0, 26], "uv_size": [4, 12]},
								"south": {"uv": [12, 26], "uv_size": [4, 12]},
								"west": {"uv": [8, 26], "uv_size": [4, 12]},
								"up": {"uv": [4, 22], "uv_size": [4, 4]},
								"down": {"uv": [8, 26], "uv_size": [4, -4]}
							}
						}
					]
				},
				{
					"name": "leg1",
					"parent": "body",
					"pivot": [2, 12, 0],
					"cubes": [
						{
							"origin": [0, 0, -2],
							"size": [4, 12, 4],
							"uv": {
								"north": {"uv": [8, 26], "uv_size": [-4, 12]},
								"east": {"uv": [12, 26], "uv_size": [-4, 12]},
								"south": {"uv": [16, 26], "uv_size": [-4, 12]},
								"west": {"uv": [4, 26], "uv_size": [-4, 12]},
								"up": {"uv": [8, 22], "uv_size": [-4, 4]},
								"down": {"uv": [12, 26], "uv_size": [-4, -4]}
							}
						}
					]
				},
				{
					"name": "present0",
					"pivot": [-3.75, 23.5, 8.5],
					"rotation": [-12.5, 0, -10],
					"cubes": [
						{
							"origin": [-5.75, 21.5, 4.25],
							"size": [5, 5, 5],
							"uv": {
								"north": {"uv": [49, 0], "uv_size": [5, 5]},
								"east": {"uv": [49, 0], "uv_size": [5, 5]},
								"south": {"uv": [49, 0], "uv_size": [5, 5]},
								"west": {"uv": [49, 0], "uv_size": [5, 5]},
								"up": {"uv": [54, 10], "uv_size": [-5, -5]},
								"down": {"uv": [54, 10], "uv_size": [-5, -5]}
							}
						},
						{
							"origin": [-3.25, 26.5, 5.25],
							"size": [0, 1, 3],
							"uv": {
								"north": {"uv": [7, 0], "uv_size": [1, 1]},
								"east": {"uv": [50, 10], "uv_size": [3, 1]},
								"south": {"uv": [7, 0], "uv_size": [1, 1]},
								"west": {"uv": [7, 0], "uv_size": [1, 1]},
								"up": {"uv": [8, 1], "uv_size": [-1, -1]},
								"down": {"uv": [8, 1], "uv_size": [-1, -1]}
							}
						},
						{
							"origin": [-4.75, 26.5, 6.75],
							"size": [3, 1, 0],
							"uv": {
								"north": {"uv": [7, 0], "uv_size": [1, 1]},
								"east": {"uv": [7, 0], "uv_size": [1, 1]},
								"south": {"uv": [50, 10], "uv_size": [3, 1]},
								"west": {"uv": [7, 0], "uv_size": [1, 1]},
								"up": {"uv": [8, 1], "uv_size": [-1, -1]},
								"down": {"uv": [8, 1], "uv_size": [-1, -1]}
							}
						}
					]
				}
			]
		}
	]
}