{
	"format_version": "1.12.0",
	"minecraft:geometry": [
		{
			"description": {
				"identifier": "geometry.costume.santa.pants",
				"texture_width": 64,
				"texture_height": 64,
				"visible_bounds_width": 245,
				"visible_bounds_height": 190,
				"visible_bounds_offset": [0, 95, 0]
			},
			"bones": [
				{
					"name": "waist",
					"pivot": [0, 12, 0]
				},
				{
					"name": "body",
					"parent": "waist",
					"pivot": [0, 24, 0]
				},
				{
					"name": "head",
					"parent": "body",
					"pivot": [0, 24, 0]
				},
				{
					"name": "hat",
					"parent": "head",
					"pivot": [0, 24, 0]
				},
				{
					"name": "beard",
					"parent": "head",
					"pivot": [-0.5, 24, 0.5]
				},
				{
					"name": "santa_hat",
					"parent": "head",
					"pivot": [0, 31.25, 0],
					"rotation": [-5, 0, 0]
				},
				{
					"name": "santa_hat1",
					"parent": "santa_hat",
					"pivot": [0, 31.75, -3],
					"rotation": [-17.5, 0, 0]
				},
				{
					"name": "santa_hat2",
					"parent": "santa_hat1",
					"pivot": [0, 35.25, -3.25],
					"rotation": [-50, 0, 0]
				},
				{
					"name": "santa_hat3",
					"parent": "santa_hat2",
					"pivot": [-0.5, 43.25, -2.25],
					"rotation": [-27.5, 0, 0]
				},
				{
					"name": "rightArm",
					"parent": "body",
					"pivot": [-5, 22, 0]
				},
				{
					"name": "rightItem",
					"parent": "rightArm",
					"pivot": [-6, 15, 1]
				},
				{
					"name": "leftArm",
					"parent": "body",
					"pivot": [5, 22, 0]
				},
				{
					"name": "rightLeg",
					"parent": "body",
					"pivot": [-1.9, 12, 0],
					"cubes": [
						{
							"origin": [-4.1, 0, -2],
							"size": [4.25, 12, 4],
							"inflate": 0.15,
							"uv": {
								"north": {"uv": [52, 0], "uv_size": [4, 12]},
								"east": {"uv": [52, 0], "uv_size": [4, 12]},
								"south": {"uv": [52, 0], "uv_size": [4, 12]},
								"west": {"uv": [52, 0], "uv_size": [4, 12]},
								"up": {"uv": [58, 11], "uv_size": [-2, -2]},
								"down": {"uv": [58, 11], "uv_size": [-2, -2]}
							}
						}
					]
				},
				{
					"name": "leftLeg",
					"parent": "body",
					"pivot": [1.9, 12, 0],
					"cubes": [
						{
							"origin": [-0.35, 0, -2],
							"size": [4.25, 12, 4],
							"inflate": 0.1,
							"uv": {
								"north": {"uv": [52, 0], "uv_size": [4, 12]},
								"east": {"uv": [52, 0], "uv_size": [4, 12]},
								"south": {"uv": [52, 0], "uv_size": [4, 12]},
								"west": {"uv": [52, 0], "uv_size": [4, 12]},
								"up": {"uv": [58, 11], "uv_size": [-2, -2]},
								"down": {"uv": [58, 11], "uv_size": [-2, -2]}
							}
						}
					]
				}
			]
		}
	]
}