{
	"format_version": "1.12.0",
	"minecraft:geometry": [
		{
			"description": {
				"identifier": "geometry.costume.bolts",
				"texture_width": 64,
				"texture_height": 64,
				"visible_bounds_width": 245,
				"visible_bounds_height": 190,
				"visible_bounds_offset": [0, 95, 0]
			},
			"bones": [
				{
					"name": "waist",
					"pivot": [0, 12, 0]
				},
				{
					"name": "body",
					"parent": "waist",
					"pivot": [0, 24, 0]
				},
				{
					"name": "head",
					"parent": "body",
					"pivot": [0, 24, 0],
					"cubes": [
						{
							"origin": [-4, 24, -4],
							"size": [8, 8, 8],
							"inflate": -4,
							"uv": {
								"north": {"uv": [8, 8], "uv_size": [8, 8]},
								"east": {"uv": [0, 8], "uv_size": [8, 8]},
								"south": {"uv": [24, 8], "uv_size": [8, 8]},
								"west": {"uv": [16, 8], "uv_size": [8, 8]},
								"up": {"uv": [8, 0], "uv_size": [8, 8]},
								"down": {"uv": [16, 8], "uv_size": [8, -8]}
							}
						},
						{
							"origin": [-5, 25.5, -0.5],
							"size": [1, 1, 1],
							"uv": {
								"north": {"uv": [2, 5], "uv_size": [1, 1]},
								"east": {"uv": [2, 5], "uv_size": [1, 1]},
								"south": {"uv": [2, 6], "uv_size": [1, 1]},
								"west": {"uv": [2, 5], "uv_size": [1, 1]},
								"up": {"uv": [2, 6], "uv_size": [1, 1]},
								"down": {"uv": [2, 6], "uv_size": [1, -1]}
							}
						},
						{
							"origin": [4, 25.5, -0.5],
							"size": [1, 1, 1],
							"uv": {
								"north": {"uv": [2, 5], "uv_size": [1, 1]},
								"east": {"uv": [2, 5], "uv_size": [1, 1]},
								"south": {"uv": [2, 6], "uv_size": [1, 1]},
								"west": {"uv": [2, 5], "uv_size": [1, 1]},
								"up": {"uv": [2, 6], "uv_size": [1, 1]},
								"down": {"uv": [2, 6], "uv_size": [1, -1]}
							}
						},
						{
							"origin": [-6, 25, -1],
							"size": [1, 2, 2],
							"uv": {
								"north": {"uv": [2, 5], "uv_size": [1, 2]},
								"east": {"uv": [0, 5], "uv_size": [2, 2]},
								"south": {"uv": [2, 5], "uv_size": [1, 2]},
								"west": {"uv": [0, 5], "uv_size": [2, 2]},
								"up": {"uv": [2, 4], "uv_size": [1, 2]},
								"down": {"uv": [2, 6], "uv_size": [1, -2]}
							}
						},
						{
							"origin": [-3.5, 29.5, 2.25],
							"size": [1, 2, 2],
							"uv": {
								"north": {"uv": [2, 5], "uv_size": [1, 2]},
								"east": {"uv": [0, 5], "uv_size": [2, 2]},
								"south": {"uv": [2, 5], "uv_size": [1, 2]},
								"west": {"uv": [0, 5], "uv_size": [2, 2]},
								"up": {"uv": [2, 4], "uv_size": [1, 2]},
								"down": {"uv": [2, 6], "uv_size": [1, -2]}
							}
						},
						{
							"origin": [-0.5, 29.5, 2.25],
							"size": [1, 2, 2],
							"uv": {
								"north": {"uv": [2, 5], "uv_size": [1, 2]},
								"east": {"uv": [0, 5], "uv_size": [2, 2]},
								"south": {"uv": [2, 5], "uv_size": [1, 2]},
								"west": {"uv": [0, 5], "uv_size": [2, 2]},
								"up": {"uv": [2, 4], "uv_size": [1, 2]},
								"down": {"uv": [2, 6], "uv_size": [1, -2]}
							}
						},
						{
							"origin": [-0.5, 29.5, -4.25],
							"size": [1, 2, 2],
							"uv": {
								"north": {"uv": [2, 5], "uv_size": [1, 2]},
								"east": {"uv": [0, 5], "uv_size": [2, 2]},
								"south": {"uv": [2, 5], "uv_size": [1, 2]},
								"west": {"uv": [0, 5], "uv_size": [2, 2]},
								"up": {"uv": [2, 4], "uv_size": [1, 2]},
								"down": {"uv": [2, 6], "uv_size": [1, -2]}
							}
						},
						{
							"origin": [-3.5, 29.5, -4.25],
							"size": [1, 2, 2],
							"uv": {
								"north": {"uv": [2, 5], "uv_size": [1, 2]},
								"east": {"uv": [0, 5], "uv_size": [2, 2]},
								"south": {"uv": [2, 5], "uv_size": [1, 2]},
								"west": {"uv": [0, 5], "uv_size": [2, 2]},
								"up": {"uv": [2, 4], "uv_size": [1, 2]},
								"down": {"uv": [2, 6], "uv_size": [1, -2]}
							}
						},
						{
							"origin": [2.5, 29.5, -4.25],
							"size": [1, 2, 2],
							"uv": {
								"north": {"uv": [2, 5], "uv_size": [1, 2]},
								"east": {"uv": [0, 5], "uv_size": [2, 2]},
								"south": {"uv": [2, 5], "uv_size": [1, 2]},
								"west": {"uv": [0, 5], "uv_size": [2, 2]},
								"up": {"uv": [2, 4], "uv_size": [1, 2]},
								"down": {"uv": [2, 6], "uv_size": [1, -2]}
							}
						},
						{
							"origin": [2.5, 29.5, 2.25],
							"size": [1, 2, 2],
							"uv": {
								"north": {"uv": [2, 5], "uv_size": [1, 2]},
								"east": {"uv": [0, 5], "uv_size": [2, 2]},
								"south": {"uv": [2, 5], "uv_size": [1, 2]},
								"west": {"uv": [0, 5], "uv_size": [2, 2]},
								"up": {"uv": [2, 4], "uv_size": [1, 2]},
								"down": {"uv": [2, 6], "uv_size": [1, -2]}
							}
						},
						{
							"origin": [5, 25, -1],
							"size": [1, 2, 2],
							"uv": {
								"north": {"uv": [2, 5], "uv_size": [1, 2]},
								"east": {"uv": [0, 5], "uv_size": [2, 2]},
								"south": {"uv": [2, 5], "uv_size": [1, 2]},
								"west": {"uv": [0, 5], "uv_size": [2, 2]},
								"up": {"uv": [2, 4], "uv_size": [1, 2]},
								"down": {"uv": [2, 6], "uv_size": [1, -2]}
							}
						},
						{
							"origin": [-3.5, 31.75, -3.5],
							"size": [7, 1, 7],
							"uv": {
								"north": {"uv": [8, 7], "uv_size": [7, 1]},
								"east": {"uv": [8, 7], "uv_size": [7, 1]},
								"south": {"uv": [8, 7], "uv_size": [7, 1]},
								"west": {"uv": [8, 7], "uv_size": [7, 1]},
								"up": {"uv": [15, 7], "uv_size": [-7, -7]},
								"down": {"uv": [1, 1], "uv_size": [-1, -1]}
							}
						},
						{
							"origin": [-3, 32.75, -3],
							"size": [6, 1, 6],
							"uv": {
								"north": {"uv": [22, 7], "uv_size": [7, 1]},
								"east": {"uv": [15, 7], "uv_size": [7, 1]},
								"south": {"uv": [22, 7], "uv_size": [7, 1]},
								"west": {"uv": [15, 7], "uv_size": [7, 1]},
								"up": {"uv": [22, 7], "uv_size": [-7, -7]},
								"down": {"uv": [1, 1], "uv_size": [-1, -1]}
							}
						}
					]
				},
				{
					"name": "hat",
					"parent": "head",
					"pivot": [0, 24, 0]
				},
				{
					"name": "staples",
					"parent": "head",
					"pivot": [0, 24, 0],
					"rotation": [0, -90, 0],
					"cubes": [
						{
							"origin": [-2.5, 29.5, -4.25],
							"size": [1, 2, 2],
							"uv": {
								"north": {"uv": [2, 5], "uv_size": [1, 2]},
								"east": {"uv": [0, 5], "uv_size": [2, 2]},
								"south": {"uv": [2, 5], "uv_size": [1, 2]},
								"west": {"uv": [0, 5], "uv_size": [2, 2]},
								"up": {"uv": [2, 4], "uv_size": [1, 2]},
								"down": {"uv": [2, 6], "uv_size": [1, -2]}
							}
						},
						{
							"origin": [1.5, 29.5, -4.25],
							"size": [1, 2, 2],
							"uv": {
								"north": {"uv": [2, 5], "uv_size": [1, 2]},
								"east": {"uv": [0, 5], "uv_size": [2, 2]},
								"south": {"uv": [2, 5], "uv_size": [1, 2]},
								"west": {"uv": [0, 5], "uv_size": [2, 2]},
								"up": {"uv": [2, 4], "uv_size": [1, 2]},
								"down": {"uv": [2, 6], "uv_size": [1, -2]}
							}
						},
						{
							"origin": [-2.5, 29.5, 2.25],
							"size": [1, 2, 2],
							"uv": {
								"north": {"uv": [2, 5], "uv_size": [1, 2]},
								"east": {"uv": [0, 5], "uv_size": [2, 2]},
								"south": {"uv": [2, 5], "uv_size": [1, 2]},
								"west": {"uv": [0, 5], "uv_size": [2, 2]},
								"up": {"uv": [2, 4], "uv_size": [1, 2]},
								"down": {"uv": [2, 6], "uv_size": [1, -2]}
							}
						},
						{
							"origin": [1.5, 29.5, 2.25],
							"size": [1, 2, 2],
							"uv": {
								"north": {"uv": [2, 5], "uv_size": [1, 2]},
								"east": {"uv": [0, 5], "uv_size": [2, 2]},
								"south": {"uv": [2, 5], "uv_size": [1, 2]},
								"west": {"uv": [0, 5], "uv_size": [2, 2]},
								"up": {"uv": [2, 4], "uv_size": [1, 2]},
								"down": {"uv": [2, 6], "uv_size": [1, -2]}
							}
						}
					]
				},
				{
					"name": "rightArm",
					"parent": "body",
					"pivot": [-5, 22, 0]
				},
				{
					"name": "rightItem",
					"parent": "rightArm",
					"pivot": [-6, 15, 1]
				},
				{
					"name": "leftArm",
					"parent": "body",
					"pivot": [5, 22, 0]
				},
				{
					"name": "rightLeg",
					"parent": "body",
					"pivot": [-1.9, 12, 0]
				},
				{
					"name": "leftLeg",
					"parent": "body",
					"pivot": [1.9, 12, 0]
				}
			]
		}
	]
}