{
	"format_version": "1.8.0",
	"geometry.costume.witch_hat": {
		"texturewidth": 64,
		"textureheight": 128,
		"visible_bounds_width": 2,
		"visible_bounds_height": 4,
		"visible_bounds_offset": [0, 2, 0],
		"bones": [
			{
				"name": "head",
				"pivot": [0, 0, 0]
			},
			{
				"name": "witch",
				"parent": "head",
				"pivot": [-5, 6.78125, -5],
				"cubes": [
					{"origin": [-5, 6.8, -5], "size": [10, 2, 10], "uv": [0, 64]}
				]
			},
			{
				"name": "hat2",
				"parent": "witch",
				"pivot": [1.75, 6.75, 2],
				"rotation": [-3, 0, 1.5],
				"cubes": [
					{"origin": [-3.25, 8.25, -3], "size": [7, 4, 7], "uv": [0, 76]}
				]
			},
			{
				"name": "hat3",
				"parent": "hat2",
				"pivot": [1.75, 9.75, 2],
				"rotation": [-6, 0, 3],
				"cubes": [
					{"origin": [-1.5, 11.25, -1], "size": [4, 4, 4], "uv": [0, 87]}
				]
			},
			{
				"name": "hat4",
				"parent": "hat3",
				"pivot": [1.75, 12.75, 2],
				"rotation": [-12, 0, 6],
				"cubes": [
					{"origin": [0.25, 14.75, 1], "size": [1, 2, 1], "uv": [0, 95], "inflate": 0.25}
				]
			}
		]
	}
}