{
	"format_version": "1.12.0",
	"minecraft:geometry": [
		{
			"description": {
				"identifier": "geometry.costume.sweater.0",
				"texture_width": 32,
				"texture_height": 32,
				"visible_bounds_width": 245,
				"visible_bounds_height": 190,
				"visible_bounds_offset": [0, 95, 0]
			},
			"bones": [
				{
					"name": "waist",
					"pivot": [0, 12, 0]
				},
				{
					"name": "body",
					"parent": "waist",
					"pivot": [0, 24, 0],
					"cubes": [
						{
							"origin": [-4.5, 10.75, -2.25],
							"size": [9, 13.5, 4.5],
							"inflate": 0.1,
							"uv": {
								"north": {"uv": [0, 0], "uv_size": [8, 12]},
								"east": {"uv": [0, 12], "uv_size": [4, 12]},
								"south": {"uv": [8, 0], "uv_size": [8, 12]},
								"west": {"uv": [0, 12], "uv_size": [4, 12]},
								"up": {"uv": [12, 16], "uv_size": [-8, -4]},
								"down": {"uv": [32, 32], "uv_size": [-1, -1]}
							}
						}
					]
				},
				{
					"name": "head",
					"parent": "body",
					"pivot": [0, 24, 0]
				},
				{
					"name": "hat",
					"parent": "head",
					"pivot": [0, 24, 0]
				},
				{
					"name": "beard",
					"parent": "head",
					"pivot": [-0.5, 24, 0.5]
				},
				{
					"name": "santa_hat",
					"parent": "head",
					"pivot": [0, 31.25, 0],
					"rotation": [-5, 0, 0]
				},
				{
					"name": "santa_hat1",
					"parent": "santa_hat",
					"pivot": [0, 31.75, -3],
					"rotation": [-17.5, 0, 0]
				},
				{
					"name": "santa_hat2",
					"parent": "santa_hat1",
					"pivot": [0, 35.25, -3.25],
					"rotation": [-50, 0, 0]
				},
				{
					"name": "santa_hat3",
					"parent": "santa_hat2",
					"pivot": [-0.5, 43.25, -2.25],
					"rotation": [-27.5, 0, 0]
				},
				{
					"name": "rightArm",
					"parent": "body",
					"pivot": [-5, 22, 0],
					"cubes": [
						{
							"origin": [-8.6, 12, -2.5],
							"size": [4.5, 12.5, 5],
							"inflate": 0.1,
							"uv": {
								"north": {"uv": [28, 0], "uv_size": [4, 12]},
								"east": {"uv": [28, 0], "uv_size": [4, 12]},
								"south": {"uv": [28, 0], "uv_size": [4, 12]},
								"west": {"uv": [28, 0], "uv_size": [4, 12]},
								"up": {"uv": [28, 4], "uv_size": [-4, -4]},
								"down": {"uv": [32, 32], "uv_size": [-1, -1.5]}
							}
						}
					]
				},
				{
					"name": "rightItem",
					"parent": "rightArm",
					"pivot": [-6, 15, 1]
				},
				{
					"name": "leftArm",
					"parent": "body",
					"pivot": [5, 22, 0],
					"cubes": [
						{
							"origin": [4.15, 12, -2.5],
							"size": [4.5, 12.5, 5],
							"inflate": 0.1,
							"uv": {
								"north": {"uv": [32, 0], "uv_size": [-4, 12]},
								"east": {"uv": [32, 0], "uv_size": [-4, 12]},
								"south": {"uv": [32, 0], "uv_size": [-4, 12]},
								"west": {"uv": [32, 0], "uv_size": [-4, 12]},
								"up": {"uv": [24, 4], "uv_size": [4, -4]},
								"down": {"uv": [31, 32], "uv_size": [1, -1.5]}
							}
						}
					]
				},
				{
					"name": "rightLeg",
					"parent": "body",
					"pivot": [-1.9, 12, 0]
				},
				{
					"name": "leftLeg",
					"parent": "body",
					"pivot": [1.9, 12, 0]
				}
			]
		}
	]
}