{
	"format_version": "1.12.0",
	"minecraft:geometry": [
		{
			"description": {
				"identifier": "geometry.costume.eyeball",
				"texture_width": 64,
				"texture_height": 64,
				"visible_bounds_width": 245,
				"visible_bounds_height": 190,
				"visible_bounds_offset": [0, 95, 0]
			},
			"bones": [
				{
					"name": "waist",
					"pivot": [0, 12, 0]
				},
				{
					"name": "body",
					"parent": "waist",
					"pivot": [0, 24, 0]
				},
				{
					"name": "head",
					"parent": "body",
					"pivot": [0, 24, 0],
					"cubes": [
						{
							"origin": [-5, 23, -5],
							"size": [10, 10, 10],
							"inflate": -0.4,
							"uv": {
								"north": {"uv": [32, 12], "uv_size": [10, 10]},
								"east": {"uv": [42, 12], "uv_size": [10, 10]},
								"south": {"uv": [52, 22], "uv_size": [10, 10]},
								"west": {"uv": [52, 12], "uv_size": [-10, 10]},
								"up": {"uv": [52, 12], "uv_size": [10, 10]},
								"down": {"uv": [62, 22], "uv_size": [-10, -10]}
							}
						}
					]
				},
				{
					"name": "hat",
					"parent": "head",
					"pivot": [0, 24, 0]
				},
				{
					"name": "staples",
					"parent": "head",
					"pivot": [0, 24, 0],
					"rotation": [0, -90, 0]
				},
				{
					"name": "rightArm",
					"parent": "body",
					"pivot": [-5, 22, 0]
				},
				{
					"name": "rightItem",
					"parent": "rightArm",
					"pivot": [-6, 15, 1]
				},
				{
					"name": "leftArm",
					"parent": "body",
					"pivot": [5, 22, 0]
				},
				{
					"name": "rightLeg",
					"parent": "body",
					"pivot": [-1.9, 12, 0]
				},
				{
					"name": "leftLeg",
					"parent": "body",
					"pivot": [1.9, 12, 0]
				}
			]
		}
	]
}