{
	"format_version": "1.12.0",
	"minecraft:geometry": [
		{
			"description": {
				"identifier": "geometry.costume.werewolf_head",
				"texture_width": 64,
				"texture_height": 64,
				"visible_bounds_width": 245,
				"visible_bounds_height": 190,
				"visible_bounds_offset": [0, 95, 0]
			},
			"bones": [
				{
					"name": "waist",
					"pivot": [0, 12, 0]
				},
				{
					"name": "body",
					"parent": "waist",
					"pivot": [0, 24, 0],
					"cubes": [
						{
							"origin": [-4, 18, -2],
							"size": [8, 6, 4],
							"inflate": 0.2,
							"uv": {
								"north": {"uv": [56, 41], "uv_size": [8, 6]},
								"east": {"uv": [0, 0], "uv_size": [1, 1]},
								"south": {"uv": [56, 41], "uv_size": [8, 6]},
								"west": {"uv": [0, 0], "uv_size": [1, 1]},
								"up": {"uv": [63, 44], "uv_size": [-6, -3]},
								"down": {"uv": [1, 1], "uv_size": [-1, -1]}
							}
						}
					]
				},
				{
					"name": "head",
					"parent": "body",
					"pivot": [0, 24, 0],
					"cubes": [
						{
							"origin": [-4.5, 23, -5],
							"size": [9, 9, 9],
							"inflate": 0.1,
							"uv": {
								"north": {"uv": [32, 22], "uv_size": [10, 10]},
								"east": {"uv": [42, 22], "uv_size": [10, 10]},
								"south": {"uv": [42, 32], "uv_size": [10, 10]},
								"west": {"uv": [52, 22], "uv_size": [-10, 10]},
								"up": {"uv": [42, 32], "uv_size": [10, 10]},
								"down": {"uv": [52, 42], "uv_size": [-10, -10]}
							}
						},
						{
							"origin": [-2, 23.5, -11],
							"size": [4, 4, 6],
							"uv": {
								"north": {"uv": [38, 32], "uv_size": [4, 4]},
								"east": {"uv": [32, 32], "uv_size": [6, 4]},
								"south": {"uv": [42, 32], "uv_size": [10, 10]},
								"west": {"uv": [38, 32], "uv_size": [-6, 4]},
								"up": {"uv": [38, 36], "uv_size": [4, 6]},
								"down": {"uv": [38, 42], "uv_size": [-4, -6]}
							}
						},
						{
							"origin": [2, 21.5, -10],
							"size": [0, 2, 1],
							"uv": {
								"north": {"uv": [0, 0], "uv_size": [1, 1]},
								"east": {"uv": [0, 0], "uv_size": [1, 1]},
								"south": {"uv": [0, 0], "uv_size": [1, 1]},
								"west": {"uv": [21, 17], "uv_size": [1, 2]},
								"up": {"uv": [1, 1], "uv_size": [-1, -1]},
								"down": {"uv": [1, 1], "uv_size": [-1, -1]}
							}
						},
						{
							"origin": [-2, 21.5, -10],
							"size": [0, 2, 1],
							"uv": {
								"north": {"uv": [0, 0], "uv_size": [1, 1]},
								"east": {"uv": [0, 0], "uv_size": [1, 1]},
								"south": {"uv": [0, 0], "uv_size": [1, 1]},
								"west": {"uv": [21, 17], "uv_size": [1, 2]},
								"up": {"uv": [1, 1], "uv_size": [-1, -1]},
								"down": {"uv": [1, 1], "uv_size": [-1, -1]}
							}
						},
						{
							"origin": [-2, 22.5, -8],
							"size": [0, 1, 1],
							"uv": {
								"north": {"uv": [0, 0], "uv_size": [1, 1]},
								"east": {"uv": [0, 0], "uv_size": [1, 1]},
								"south": {"uv": [0, 0], "uv_size": [1, 1]},
								"west": {"uv": [21, 17], "uv_size": [1, 1]},
								"up": {"uv": [1, 1], "uv_size": [-1, -1]},
								"down": {"uv": [1, 1], "uv_size": [-1, -1]}
							}
						},
						{
							"origin": [2, 22.5, -8],
							"size": [0, 1, 1],
							"uv": {
								"north": {"uv": [0, 0], "uv_size": [1, 1]},
								"east": {"uv": [0, 0], "uv_size": [1, 1]},
								"south": {"uv": [0, 0], "uv_size": [1, 1]},
								"west": {"uv": [21, 17], "uv_size": [1, 1]},
								"up": {"uv": [1, 1], "uv_size": [-1, -1]},
								"down": {"uv": [1, 1], "uv_size": [-1, -1]}
							}
						},
						{
							"origin": [-6, 30, 0],
							"size": [2, 4, 1],
							"uv": {
								"north": {"uv": [59, 41], "uv_size": [2, 4]},
								"east": {"uv": [60, 41], "uv_size": [1, 4]},
								"south": {"uv": [46, 23], "uv_size": [2, 4]},
								"west": {"uv": [43, 35], "uv_size": [1, 4]},
								"up": {"uv": [46, 30], "uv_size": [-2, -1]},
								"down": {"uv": [42, 31], "uv_size": [-2, -1]}
							}
						},
						{
							"origin": [4, 30, 0],
							"size": [2, 4, 1],
							"uv": {
								"north": {"uv": [44, 27], "uv_size": [2, 4]},
								"east": {"uv": [46, 34], "uv_size": [1, 4]},
								"south": {"uv": [46, 25], "uv_size": [2, 4]},
								"west": {"uv": [41, 36], "uv_size": [1, 4]},
								"up": {"uv": [48, 29], "uv_size": [-2, -1]},
								"down": {"uv": [42, 31], "uv_size": [-2, -1]}
							}
						},
						{
							"origin": [-5, 34, 0],
							"size": [1, 1, 1],
							"uv": {
								"north": {"uv": [46, 29], "uv_size": [1, 1]},
								"east": {"uv": [45, 28], "uv_size": [1, 1]},
								"south": {"uv": [44, 30], "uv_size": [1, 1]},
								"west": {"uv": [41, 40], "uv_size": [1, 1]},
								"up": {"uv": [45, 31], "uv_size": [-1, -1]},
								"down": {"uv": [42, 31], "uv_size": [-2, -1]}
							}
						},
						{
							"origin": [4, 34, 0],
							"size": [1, 1, 1],
							"uv": {
								"north": {"uv": [46, 29], "uv_size": [1, 1]},
								"east": {"uv": [45, 28], "uv_size": [1, 1]},
								"south": {"uv": [44, 30], "uv_size": [1, 1]},
								"west": {"uv": [41, 40], "uv_size": [1, 1]},
								"up": {"uv": [45, 31], "uv_size": [-1, -1]},
								"down": {"uv": [42, 31], "uv_size": [-2, -1]}
							}
						}
					]
				},
				{
					"name": "hat",
					"parent": "head",
					"pivot": [0, 24, 0]
				},
				{
					"name": "staples",
					"parent": "head",
					"pivot": [0, 24, 0],
					"rotation": [0, -90, 0]
				},
				{
					"name": "Jaw",
					"parent": "head",
					"pivot": [0, 24, -5],
					"rotation": [27.5, 0, 0],
					"cubes": [
						{
							"origin": [-1.5, 22, -10.5],
							"size": [3, 2, 7],
							"uv": {
								"north": {"uv": [47, 43], "uv_size": [3, 2]},
								"east": {"uv": [45, 43], "uv_size": [7, 2]},
								"south": {"uv": [0, 0], "uv_size": [1, 1]},
								"west": {"uv": [45, 43], "uv_size": [7, 2]},
								"up": {"uv": [38, 43], "uv_size": [-3, -7]},
								"down": {"uv": [55, 45], "uv_size": [-3, -7]}
							}
						},
						{
							"origin": [1.25, 23.75, -10.25],
							"size": [0, 1, 1],
							"uv": {
								"north": {"uv": [0, 0], "uv_size": [1, 1]},
								"east": {"uv": [0, 0], "uv_size": [1, 1]},
								"south": {"uv": [0, 0], "uv_size": [1, 1]},
								"west": {"uv": [21, 17], "uv_size": [1, 1]},
								"up": {"uv": [1, 1], "uv_size": [-1, -1]},
								"down": {"uv": [1, 1], "uv_size": [-1, -1]}
							}
						},
						{
							"origin": [-1.25, 23.75, -10.25],
							"size": [0, 1, 1],
							"uv": {
								"north": {"uv": [0, 0], "uv_size": [1, 1]},
								"east": {"uv": [0, 0], "uv_size": [1, 1]},
								"south": {"uv": [0, 0], "uv_size": [1, 1]},
								"west": {"uv": [21, 17], "uv_size": [1, 1]},
								"up": {"uv": [1, 1], "uv_size": [-1, -1]},
								"down": {"uv": [1, 1], "uv_size": [-1, -1]}
							}
						}
					]
				},
				{
					"name": "furR",
					"parent": "head",
					"pivot": [-4.5, 23, -5],
					"cubes": [
						{
							"origin": [-9.5, 23, -4],
							"size": [5, 7, 0],
							"pivot": [-4.5, 22, -4],
							"rotation": [0, 45, 0],
							"uv": {
								"north": {"uv": [56, 33], "uv_size": [5, 7]},
								"east": {"uv": [0, 0], "uv_size": [1, 1]},
								"south": {"uv": [0, 0], "uv_size": [1, 1]},
								"west": {"uv": [56, 33], "uv_size": [5, 7]},
								"up": {"uv": [1, 1], "uv_size": [-1, -1]},
								"down": {"uv": [1, 1], "uv_size": [-1, -1]}
							}
						}
					]
				},
				{
					"name": "furL",
					"parent": "head",
					"pivot": [4.5, 23, -5],
					"rotation": [0, 90, 0],
					"cubes": [
						{
							"origin": [-1.20711, 23, -5.70711],
							"size": [5, 7, 0],
							"pivot": [4.5, 23, -5],
							"rotation": [0, 45, 0],
							"uv": {
								"north": {"uv": [56, 33], "uv_size": [5, 7]},
								"east": {"uv": [0, 0], "uv_size": [1, 1]},
								"south": {"uv": [0, 0], "uv_size": [1, 1]},
								"west": {"uv": [56, 33], "uv_size": [5, 7]},
								"up": {"uv": [1, 1], "uv_size": [-1, -1]},
								"down": {"uv": [1, 1], "uv_size": [-1, -1]}
							}
						}
					]
				},
				{
					"name": "rightArm",
					"parent": "body",
					"pivot": [-5, 22, 0],
					"cubes": [
						{
							"origin": [-8, 19.25, -2],
							"size": [4, 4.75, 4],
							"inflate": 0.2,
							"uv": {
								"north": {"uv": [58, 43], "uv_size": [4, 4]},
								"east": {"uv": [57, 43], "uv_size": [4, 4]},
								"south": {"uv": [57, 43], "uv_size": [4, 4]},
								"west": {"uv": [59, 42], "uv_size": [4, 4]},
								"up": {"uv": [62, 45], "uv_size": [-4, -4]},
								"down": {"uv": [1, 1], "uv_size": [-1, -1]}
							}
						}
					]
				},
				{
					"name": "rightItem",
					"parent": "rightArm",
					"pivot": [-6, 15, 1]
				},
				{
					"name": "leftArm",
					"parent": "body",
					"pivot": [5, 22, 0],
					"cubes": [
						{
							"origin": [4, 19.25, -2],
							"size": [4, 4.75, 4],
							"inflate": 0.2,
							"uv": {
								"north": {"uv": [58, 43], "uv_size": [4, 4]},
								"east": {"uv": [57, 43], "uv_size": [4, 4]},
								"south": {"uv": [57, 43], "uv_size": [4, 4]},
								"west": {"uv": [59, 42], "uv_size": [4, 4]},
								"up": {"uv": [62, 45], "uv_size": [-4, -4]},
								"down": {"uv": [1, 1], "uv_size": [-1, -1]}
							}
						}
					]
				},
				{
					"name": "rightLeg",
					"parent": "body",
					"pivot": [-1.9, 12, 0]
				},
				{
					"name": "leftLeg",
					"parent": "body",
					"pivot": [1.9, 12, 0]
				}
			]
		}
	]
}