{
	"format_version": "1.12.0",
	"minecraft:geometry": [
		{
			"description": {
				"identifier": "geometry.costume.heart_crown",
				"texture_width": 32,
				"texture_height": 32,
				"visible_bounds_width": 245,
				"visible_bounds_height": 190,
				"visible_bounds_offset": [0, 95, 0]
			},
			"bones": [
				{
					"name": "waist",
					"pivot": [0, 12, 0]
				},
				{
					"name": "body",
					"parent": "waist",
					"pivot": [0, 24, 0]
				},
				{
					"name": "head",
					"parent": "body",
					"pivot": [0, 24, 0],
					"cubes": [
						{
							"origin": [-4, 24, -4],
							"size": [8, 8, 8],
							"inflate": -4,
							"uv": {
								"north": {"uv": [6, 0.5], "uv_size": [5, 6]},
								"east": {"uv": [6, 5], "uv_size": [5, 6]},
								"south": {"uv": [9, 3], "uv_size": [5, 6]},
								"west": {"uv": [7.5, 2.5], "uv_size": [5, 6]},
								"up": {"uv": [7.5, 3], "uv_size": [5, 5]},
								"down": {"uv": [0.5, 0.5], "uv_size": [-0.5, -0.5]}
							}
						}
					],
					"locators": {
						"emitter": [0, 37, 0]
					}
				},
				{
					"name": "tophat",
					"parent": "head",
					"pivot": [0, 30, 0],
					"rotation": [-5, 0, 0],
					"cubes": [
						{
							"origin": [-4, 30, -4],
							"size": [8, 2, 8],
							"inflate": 0.2,
							"uv": {
								"north": {"uv": [0, 0], "uv_size": [8, 2]},
								"east": {"uv": [0, 0], "uv_size": [8, 2]},
								"south": {"uv": [0, 0], "uv_size": [8, 2]},
								"west": {"uv": [0, 0], "uv_size": [8, 2]},
								"up": {"uv": [32, 0], "uv_size": [0, 0]},
								"down": {"uv": [32, 0], "uv_size": [0, 0]}
							}
						},
						{
							"origin": [-2.5, 30.75, -4.75],
							"size": [5, 4, 0],
							"uv": {
								"north": {"uv": [0, 29], "uv_size": [5, -4]},
								"east": {"uv": [32, 0], "uv_size": [0, 0]},
								"south": {"uv": [32, 0], "uv_size": [0, 0]},
								"west": {"uv": [32, 0], "uv_size": [0, 0]},
								"up": {"uv": [32, 0], "uv_size": [0, 0]},
								"down": {"uv": [32, 0], "uv_size": [0, 0]}
							}
						},
						{
							"origin": [-4.5, 30.75, -4.5],
							"size": [9, 3, 9],
							"uv": {
								"north": {"uv": [0, 32], "uv_size": [9, -3]},
								"east": {"uv": [0, 32], "uv_size": [9, -3]},
								"south": {"uv": [0, 32], "uv_size": [9, -3]},
								"west": {"uv": [0, 32], "uv_size": [9, -3]},
								"up": {"uv": [32, 0], "uv_size": [0, 0]},
								"down": {"uv": [32, 0], "uv_size": [0, 0]}
							}
						}
					]
				},
				{
					"name": "staples",
					"parent": "head",
					"pivot": [0, 24, 0],
					"rotation": [0, -90, 0]
				},
				{
					"name": "rightArm",
					"parent": "body",
					"pivot": [-5, 22, 0]
				},
				{
					"name": "rightItem",
					"parent": "rightArm",
					"pivot": [-6, 15, 1]
				},
				{
					"name": "leftArm",
					"parent": "body",
					"pivot": [5, 22, 0]
				},
				{
					"name": "rightLeg",
					"parent": "body",
					"pivot": [-1.9, 12, 0]
				},
				{
					"name": "leftLeg",
					"parent": "body",
					"pivot": [1.9, 12, 0]
				}
			]
		}
	]
}