{
	"format_version": "1.12.0",
	"minecraft:geometry": [
		{
			"description": {
				"identifier": "geometry.costume.cupid_wings",
				"texture_width": 64,
				"texture_height": 64,
				"visible_bounds_width": 245,
				"visible_bounds_height": 191,
				"visible_bounds_offset": [0, 94.5, 0]
			},
			"bones": [
				{
					"name": "waist",
					"pivot": [0, 12, 0]
				},
				{
					"name": "body",
					"parent": "waist",
					"pivot": [0, 24, 0],
					"cubes": [
						{
							"origin": [-4, 12, -2],
							"size": [8, 12, 4],
							"inflate": -1.8,
							"uv": {
								"north": {"uv": [56, 0], "uv_size": [8, 6]},
								"east": {"uv": [0, 0], "uv_size": [1, 1]},
								"south": {"uv": [56, 0], "uv_size": [8, 6]},
								"west": {"uv": [0, 0], "uv_size": [1, 1]},
								"up": {"uv": [64, 3], "uv_size": [-6, -3]},
								"down": {"uv": [1, 1], "uv_size": [-1, -1]}
							}
						}
					]
				},
				{
					"name": "head",
					"parent": "body",
					"pivot": [0, 24, 0],
					"cubes": [
						{
							"origin": [-4.5, 23, -5],
							"size": [9, 9, 9],
							"inflate": -4,
							"uv": {
								"north": {"uv": [32, 22], "uv_size": [10, 10]},
								"east": {"uv": [42, 22], "uv_size": [10, 10]},
								"south": {"uv": [42, 32], "uv_size": [10, 10]},
								"west": {"uv": [52, 22], "uv_size": [-10, 10]},
								"up": {"uv": [42, 32], "uv_size": [10, 10]},
								"down": {"uv": [52, 42], "uv_size": [-10, -10]}
							}
						}
					]
				},
				{
					"name": "hat",
					"parent": "head",
					"pivot": [0, 24, 0]
				},
				{
					"name": "staples",
					"parent": "head",
					"pivot": [0, 24, 0],
					"rotation": [0, -90, 0]
				},
				{
					"name": "rightArm",
					"parent": "body",
					"pivot": [-5, 22, 0],
					"cubes": [
						{
							"origin": [-8, 19.25, -2],
							"size": [4, 4.75, 4],
							"inflate": -1.8,
							"uv": {
								"north": {"uv": [58, 43], "uv_size": [4, 4]},
								"east": {"uv": [57, 43], "uv_size": [4, 4]},
								"south": {"uv": [57, 43], "uv_size": [4, 4]},
								"west": {"uv": [59, 42], "uv_size": [4, 4]},
								"up": {"uv": [62, 45], "uv_size": [-4, -4]},
								"down": {"uv": [1, 1], "uv_size": [-1, -1]}
							}
						}
					]
				},
				{
					"name": "rightItem",
					"parent": "rightArm",
					"pivot": [-6, 15, 1]
				},
				{
					"name": "leftArm",
					"parent": "body",
					"pivot": [5, 22, 0],
					"cubes": [
						{
							"origin": [4, 19.25, -2],
							"size": [4, 4.75, 4],
							"inflate": -1.8,
							"uv": {
								"north": {"uv": [58, 43], "uv_size": [4, 4]},
								"east": {"uv": [57, 43], "uv_size": [4, 4]},
								"south": {"uv": [57, 43], "uv_size": [4, 4]},
								"west": {"uv": [59, 42], "uv_size": [4, 4]},
								"up": {"uv": [62, 45], "uv_size": [-4, -4]},
								"down": {"uv": [1, 1], "uv_size": [-1, -1]}
							}
						}
					]
				},
				{
					"name": "rightLeg",
					"parent": "body",
					"pivot": [-1.9, 12, 0]
				},
				{
					"name": "leftLeg",
					"parent": "body",
					"pivot": [1.9, 12, 0]
				},
				{
					"name": "Wing_r",
					"parent": "body",
					"pivot": [-2, 19, 2],
					"rotation": [0, -30, 0],
					"cubes": [
						{
							"origin": [-2.25, 10, 1.56699],
							"size": [0, 32, 8],
							"uv": {
								"north": {"uv": [0, 0], "uv_size": [1, 1]},
								"east": {"uv": [65, 0], "uv_size": [-1, 0]},
								"south": {"uv": [0, 0], "uv_size": [1, 1]},
								"west": {"uv": [0, 0], "uv_size": [8, 32]},
								"up": {"uv": [1, 1], "uv_size": [-1, -1]},
								"down": {"uv": [1, 1], "uv_size": [-1, -1]}
							}
						},
						{
							"origin": [-1.5, 10, 1.56699],
							"size": [0, 32, 8],
							"uv": {
								"north": {"uv": [0, 0], "uv_size": [1, 1]},
								"east": {"uv": [65, 0], "uv_size": [-1, 0]},
								"south": {"uv": [0, 0], "uv_size": [1, 1]},
								"west": {"uv": [0, 32], "uv_size": [8, 32]},
								"up": {"uv": [1, 1], "uv_size": [-1, -1]},
								"down": {"uv": [1, 1], "uv_size": [-1, -1]}
							}
						},
						{
							"origin": [-2.75, 10, 1.56699],
							"size": [0, 32, 7.75],
							"uv": {
								"north": {"uv": [0, 0], "uv_size": [1, 1]},
								"east": {"uv": [65, 0], "uv_size": [-1, 0]},
								"south": {"uv": [0, 0], "uv_size": [1, 1]},
								"west": {"uv": [0, 32], "uv_size": [8, 32]},
								"up": {"uv": [1, 1], "uv_size": [-1, -1]},
								"down": {"uv": [1, 1], "uv_size": [-1, -1]}
							}
						}
					]
				},
				{
					"name": "Wing_r2",
					"parent": "Wing_r",
					"pivot": [-2, 19, 10],
					"rotation": [0, -50, 0],
					"cubes": [
						{
							"origin": [-2.4924, 10, 9.91318],
							"size": [0, 32, 24],
							"uv": {
								"north": {"uv": [0, 0], "uv_size": [1, 1]},
								"east": {"uv": [64, 0], "uv_size": [10, 0]},
								"south": {"uv": [0, 0], "uv_size": [1, 1]},
								"west": {"uv": [9, 0], "uv_size": [24, 32]},
								"up": {"uv": [64, 1], "uv_size": [-1, -1]},
								"down": {"uv": [64, 1], "uv_size": [-1, -1]}
							}
						},
						{
							"origin": [-1.9924, 10, 9.41318],
							"size": [0, 32, 24.5],
							"uv": {
								"north": {"uv": [0, 0], "uv_size": [1, 1]},
								"east": {"uv": [64, 0], "uv_size": [10, 0]},
								"south": {"uv": [0, 0], "uv_size": [1, 1]},
								"west": {"uv": [9, 32], "uv_size": [24, 32]},
								"up": {"uv": [64, 1], "uv_size": [-1, -1]},
								"down": {"uv": [64, 1], "uv_size": [-1, -1]}
							}
						},
						{
							"origin": [-2.9924, 10, 10.16318],
							"size": [0, 32, 23.75],
							"uv": {
								"north": {"uv": [0, 0], "uv_size": [1, 1]},
								"east": {"uv": [64, 0], "uv_size": [10, 0]},
								"south": {"uv": [0, 0], "uv_size": [1, 1]},
								"west": {"uv": [9, 32], "uv_size": [24, 32]},
								"up": {"uv": [64, 1], "uv_size": [-1, -1]},
								"down": {"uv": [64, 1], "uv_size": [-1, -1]}
							}
						}
					]
				},
				{
					"name": "Wing_l",
					"parent": "body",
					"pivot": [2, 19, 2],
					"rotation": [0, 30, 0],
					"cubes": [
						{
							"origin": [2.25, 10, 1.56699],
							"size": [0, 32, 8],
							"uv": {
								"north": {"uv": [0, 0], "uv_size": [1, 1]},
								"east": {"uv": [65, 0], "uv_size": [-1, 0]},
								"south": {"uv": [0, 0], "uv_size": [1, 1]},
								"west": {"uv": [0, 0], "uv_size": [8, 32]},
								"up": {"uv": [1, 1], "uv_size": [-1, -1]},
								"down": {"uv": [1, 1], "uv_size": [-1, -1]}
							}
						},
						{
							"origin": [3, 10, 1.56699],
							"size": [0, 32, 8],
							"uv": {
								"north": {"uv": [0, 0], "uv_size": [1, 1]},
								"east": {"uv": [65, 0], "uv_size": [-1, 0]},
								"south": {"uv": [0, 0], "uv_size": [1, 1]},
								"west": {"uv": [0, 32], "uv_size": [8, 32]},
								"up": {"uv": [1, 1], "uv_size": [-1, -1]},
								"down": {"uv": [1, 1], "uv_size": [-1, -1]}
							}
						},
						{
							"origin": [1.75, 10, 1.56699],
							"size": [0, 32, 7.75],
							"uv": {
								"north": {"uv": [0, 0], "uv_size": [1, 1]},
								"east": {"uv": [65, 0], "uv_size": [-1, 0]},
								"south": {"uv": [0, 0], "uv_size": [1, 1]},
								"west": {"uv": [0, 32], "uv_size": [8, 32]},
								"up": {"uv": [1, 1], "uv_size": [-1, -1]},
								"down": {"uv": [1, 1], "uv_size": [-1, -1]}
							}
						}
					]
				},
				{
					"name": "Wing_l2",
					"parent": "Wing_l",
					"pivot": [2, 19, 10],
					"rotation": [0, 50, 0],
					"cubes": [
						{
							"origin": [2.4924, 10, 9.91318],
							"size": [0, 32, 24],
							"uv": {
								"north": {"uv": [0, 0], "uv_size": [1, 1]},
								"east": {"uv": [64, 0], "uv_size": [10, 0]},
								"south": {"uv": [0, 0], "uv_size": [1, 1]},
								"west": {"uv": [9, 0], "uv_size": [24, 32]},
								"up": {"uv": [64, 1], "uv_size": [-1, -1]},
								"down": {"uv": [64, 1], "uv_size": [-1, -1]}
							}
						},
						{
							"origin": [2.9924, 10, 9.41318],
							"size": [0, 32, 24.5],
							"uv": {
								"north": {"uv": [0, 0], "uv_size": [1, 1]},
								"east": {"uv": [64, 0], "uv_size": [10, 0]},
								"south": {"uv": [0, 0], "uv_size": [1, 1]},
								"west": {"uv": [9, 32], "uv_size": [24, 32]},
								"up": {"uv": [64, 1], "uv_size": [-1, -1]},
								"down": {"uv": [64, 1], "uv_size": [-1, -1]}
							}
						},
						{
							"origin": [1.9924, 10, 10.16318],
							"size": [0, 32, 23.75],
							"uv": {
								"north": {"uv": [0, 0], "uv_size": [1, 1]},
								"east": {"uv": [64, 0], "uv_size": [10, 0]},
								"south": {"uv": [0, 0], "uv_size": [1, 1]},
								"west": {"uv": [9, 32], "uv_size": [24, 32]},
								"up": {"uv": [64, 1], "uv_size": [-1, -1]},
								"down": {"uv": [64, 1], "uv_size": [-1, -1]}
							}
						}
					]
				},
				{
					"name": "quiver",
					"parent": "body",
					"pivot": [-0.25, 19, 3],
					"rotation": [-5, 0, 5],
					"cubes": [
						{
							"origin": [-2.75, 13, 3],
							"size": [5, 12, 4],
							"uv": {
								"north": {"uv": [59, 52], "uv_size": [5, 12]},
								"east": {"uv": [55, 52], "uv_size": [4, 12]},
								"south": {"uv": [59, 52], "uv_size": [5, 12]},
								"west": {"uv": [55, 52], "uv_size": [4, 12]},
								"up": {"uv": [64, 0], "uv_size": [0, 0]},
								"down": {"uv": [64, 52], "uv_size": [-5, -4]}
							}
						},
						{
							"origin": [-2.75, 24, 3],
							"size": [5, 0, 4],
							"uv": {
								"north": {"uv": [59, 52], "uv_size": [5, 12]},
								"east": {"uv": [55, 52], "uv_size": [4, 12]},
								"south": {"uv": [59, 52], "uv_size": [5, 12]},
								"west": {"uv": [55, 52], "uv_size": [4, 12]},
								"up": {"uv": [64, 47], "uv_size": [-5, -4]},
								"down": {"uv": [64, 4], "uv_size": [-5, -4]}
							}
						}
					]
				},
				{
					"name": "arrow0",
					"parent": "quiver",
					"pivot": [0.75, 22, 5.75],
					"rotation": [-8.29798, -26.2754, 11.25814],
					"cubes": [
						{
							"origin": [-0.75, 22, 5.75],
							"size": [3, 8, 0],
							"uv": {
								"north": {"uv": [0, 0], "uv_size": [1, 1]},
								"east": {"uv": [0, 0], "uv_size": [1, 1]},
								"south": {"uv": [52, 56], "uv_size": [3, 8]},
								"west": {"uv": [0, 0], "uv_size": [1, 1]},
								"up": {"uv": [1, 1], "uv_size": [-1, -1]},
								"down": {"uv": [1, 1], "uv_size": [-1, -1]}
							}
						},
						{
							"origin": [0.75, 22, 4.25],
							"size": [0, 8, 3],
							"uv": {
								"north": {"uv": [0, 0], "uv_size": [1, 1]},
								"east": {"uv": [52, 56], "uv_size": [3, 8]},
								"south": {"uv": [0, 0], "uv_size": [1, 1]},
								"west": {"uv": [0, 0], "uv_size": [1, 1]},
								"up": {"uv": [1, 1], "uv_size": [-1, -1]},
								"down": {"uv": [1, 1], "uv_size": [-1, -1]}
							}
						}
					]
				},
				{
					"name": "arrow1",
					"parent": "quiver",
					"pivot": [0.75, 22, 5],
					"rotation": [-10, 0, -15],
					"cubes": [
						{
							"origin": [-2.75, 22, 5],
							"size": [3, 8, 0],
							"uv": {
								"north": {"uv": [0, 0], "uv_size": [1, 1]},
								"east": {"uv": [0, 0], "uv_size": [1, 1]},
								"south": {"uv": [52, 56], "uv_size": [3, 8]},
								"west": {"uv": [0, 0], "uv_size": [1, 1]},
								"up": {"uv": [1, 1], "uv_size": [-1, -1]},
								"down": {"uv": [1, 1], "uv_size": [-1, -1]}
							}
						},
						{
							"origin": [-1.25, 22, 3.5],
							"size": [0, 8, 3],
							"uv": {
								"north": {"uv": [0, 0], "uv_size": [1, 1]},
								"east": {"uv": [52, 56], "uv_size": [3, 8]},
								"south": {"uv": [0, 0], "uv_size": [1, 1]},
								"west": {"uv": [0, 0], "uv_size": [1, 1]},
								"up": {"uv": [1, 1], "uv_size": [-1, -1]},
								"down": {"uv": [1, 1], "uv_size": [-1, -1]}
							}
						}
					]
				},
				{
					"name": "arrow2",
					"parent": "quiver",
					"pivot": [0.75, 23, 5],
					"rotation": [-5, 0, 0],
					"cubes": [
						{
							"origin": [-1.75, 23, 4],
							"size": [3, 8, 0],
							"uv": {
								"north": {"uv": [0, 0], "uv_size": [1, 1]},
								"east": {"uv": [0, 0], "uv_size": [1, 1]},
								"south": {"uv": [52, 56], "uv_size": [3, 8]},
								"west": {"uv": [0, 0], "uv_size": [1, 1]},
								"up": {"uv": [1, 1], "uv_size": [-1, -1]},
								"down": {"uv": [1, 1], "uv_size": [-1, -1]}
							}
						},
						{
							"origin": [-0.25, 23, 2.5],
							"size": [0, 8, 3],
							"uv": {
								"north": {"uv": [0, 0], "uv_size": [1, 1]},
								"east": {"uv": [52, 56], "uv_size": [3, 8]},
								"south": {"uv": [0, 0], "uv_size": [1, 1]},
								"west": {"uv": [0, 0], "uv_size": [1, 1]},
								"up": {"uv": [1, 1], "uv_size": [-1, -1]},
								"down": {"uv": [1, 1], "uv_size": [-1, -1]}
							}
						}
					]
				}
			]
		}
	]
}