{
	"format_version": "1.12.0",
	"minecraft:geometry": [
		{
			"description": {
				"identifier": "geometry.costume.santa.coat_bag",
				"texture_width": 64,
				"texture_height": 64,
				"visible_bounds_width": 245,
				"visible_bounds_height": 190,
				"visible_bounds_offset": [0, 95, 0]
			},
			"bones": [
				{
					"name": "waist",
					"pivot": [0, 12, 0]
				},
				{
					"name": "body",
					"parent": "waist",
					"pivot": [0, 24, 0],
					"cubes": [
						{
							"origin": [-4, 20, -2],
							"size": [8, 4, 4],
							"inflate": 0.1,
							"uv": {
								"north": {"uv": [43, 0], "uv_size": [8, 4]},
								"east": {"uv": [37, 0], "uv_size": [4, 4]},
								"south": {"uv": [27, 0], "uv_size": [8, 4]},
								"west": {"uv": [37, 0], "uv_size": [4, 4]},
								"up": {"uv": [35, 4], "uv_size": [-8, -4]},
								"down": {"uv": [35, 4], "uv_size": [-8, -4]}
							}
						},
						{
							"origin": [-5, 11.75, -3],
							"size": [10, 8.25, 6],
							"uv": {
								"north": {"uv": [42, 0], "uv_size": [10, 8]},
								"east": {"uv": [36, 0], "uv_size": [6, 8]},
								"south": {"uv": [26, 0], "uv_size": [10, 8]},
								"west": {"uv": [36, 0], "uv_size": [6, 8]},
								"up": {"uv": [36, 6], "uv_size": [-10, -6]},
								"down": {"uv": [36, 6], "uv_size": [-10, -6]}
							}
						},
						{
							"origin": [-5, 9.75, -3],
							"size": [10, 2, 6],
							"uv": {
								"north": {"uv": [42, 8], "uv_size": [10, 2]},
								"east": {"uv": [36, 8], "uv_size": [6, 2]},
								"south": {"uv": [35, 8], "uv_size": [10, 2]},
								"west": {"uv": [36, 8], "uv_size": [6, 2]},
								"up": {"uv": [64, 64], "uv_size": [-1, -1]},
								"down": {"uv": [64, 64], "uv_size": [-1, -1]}
							}
						},
						{
							"origin": [-5.25, 17.25, -3.25],
							"size": [1, 7, 8],
							"uv": {
								"north": {"uv": [43, 20], "uv_size": [1, 7]},
								"east": {"uv": [36, 33], "uv_size": [8, -7]},
								"south": {"uv": [61, 25], "uv_size": [1, 1]},
								"west": {"uv": [63, 63], "uv_size": [1, 1]},
								"up": {"uv": [44, 27], "uv_size": [-1, -8]},
								"down": {"uv": [64, 64], "uv_size": [-1, -1]}
							}
						},
						{
							"origin": [-8, 12, 3],
							"size": [10, 8, 8],
							"uv": {
								"north": {"uv": [46, 19], "uv_size": [10, 8]},
								"east": {"uv": [56, 19], "uv_size": [8, 8]},
								"south": {"uv": [46, 19], "uv_size": [10, 8]},
								"west": {"uv": [56, 19], "uv_size": [8, 8]},
								"up": {"uv": [46, 27], "uv_size": [-10, -8]},
								"down": {"uv": [46, 27], "uv_size": [-10, -8]}
							}
						},
						{
							"origin": [-7, 20, 3],
							"size": [8, 4, 7],
							"uv": {
								"north": {"uv": [43, 23], "uv_size": [8, 4]},
								"east": {"uv": [60, 15], "uv_size": [-7, 4]},
								"south": {"uv": [43, 23], "uv_size": [8, 4]},
								"west": {"uv": [60, 15], "uv_size": [-7, 4]},
								"up": {"uv": [53, 19], "uv_size": [-8, -7]},
								"down": {"uv": [7, 1], "uv_size": [-1, -1]}
							}
						}
					]
				},
				{
					"name": "head",
					"parent": "body",
					"pivot": [0, 24, 0]
				},
				{
					"name": "hat",
					"parent": "head",
					"pivot": [0, 24, 0]
				},
				{
					"name": "beard",
					"parent": "head",
					"pivot": [-0.5, 24, 0.5]
				},
				{
					"name": "santa_hat",
					"parent": "head",
					"pivot": [0, 31.25, 0],
					"rotation": [-5, 0, 0]
				},
				{
					"name": "santa_hat1",
					"parent": "santa_hat",
					"pivot": [0, 31.75, -3],
					"rotation": [-17.5, 0, 0]
				},
				{
					"name": "santa_hat2",
					"parent": "santa_hat1",
					"pivot": [0, 35.25, -3.25],
					"rotation": [-50, 0, 0]
				},
				{
					"name": "santa_hat3",
					"parent": "santa_hat2",
					"pivot": [-0.5, 43.25, -2.25],
					"rotation": [-27.5, 0, 0]
				},
				{
					"name": "rightArm",
					"parent": "body",
					"pivot": [-5, 22, 0],
					"cubes": [
						{
							"origin": [-8.1, 12, -2.25],
							"size": [4.25, 12, 4.5],
							"inflate": 0.1,
							"uv": {
								"north": {"uv": [60, 0], "uv_size": [4, 12]},
								"east": {"uv": [56, 0], "uv_size": [4, 12]},
								"south": {"uv": [60, 0], "uv_size": [4, 12]},
								"west": {"uv": [56, 0], "uv_size": [4, 12]},
								"up": {"uv": [62, 4], "uv_size": [-4, -4]},
								"down": {"uv": [60, 12], "uv_size": [-4, -3]}
							}
						}
					]
				},
				{
					"name": "rightItem",
					"parent": "rightArm",
					"pivot": [-6, 15, 1]
				},
				{
					"name": "leftArm",
					"parent": "body",
					"pivot": [5, 22, 0],
					"cubes": [
						{
							"origin": [4.15, 12, -2],
							"size": [4.25, 12, 4],
							"inflate": 0.1,
							"uv": {
								"north": {"uv": [64, 0], "uv_size": [-4, 12]},
								"east": {"uv": [60, 0], "uv_size": [-4, 12]},
								"south": {"uv": [64, 0], "uv_size": [-4, 12]},
								"west": {"uv": [60, 0], "uv_size": [-4, 12]},
								"up": {"uv": [58, 4], "uv_size": [4, -4]},
								"down": {"uv": [56, 12], "uv_size": [4, -3]}
							}
						}
					]
				},
				{
					"name": "rightLeg",
					"parent": "body",
					"pivot": [-1.9, 12, 0]
				},
				{
					"name": "leftLeg",
					"parent": "body",
					"pivot": [1.9, 12, 0]
				},
				{
					"name": "present0",
					"parent": "body",
					"pivot": [-3.75, 23.5, 8.5],
					"rotation": [-12.5, 0, -10],
					"cubes": [
						{
							"origin": [-5.75, 21.5, 4.25],
							"size": [5, 5, 5],
							"uv": {
								"north": {"uv": [6, 2], "uv_size": [5, 5]},
								"east": {"uv": [6, 2], "uv_size": [5, 5]},
								"south": {"uv": [6, 2], "uv_size": [5, 5]},
								"west": {"uv": [6, 2], "uv_size": [5, 5]},
								"up": {"uv": [11, 12], "uv_size": [-5, -5]},
								"down": {"uv": [11, 12], "uv_size": [-5, -5]}
							}
						},
						{
							"origin": [-3.25, 26.5, 5.25],
							"size": [0, 1, 3],
							"uv": {
								"north": {"uv": [11, 7], "uv_size": [1, 1]},
								"east": {"uv": [7, 12], "uv_size": [3, 1]},
								"south": {"uv": [11, 7], "uv_size": [1, 1]},
								"west": {"uv": [11, 7], "uv_size": [1, 1]},
								"up": {"uv": [12, 8], "uv_size": [-1, -1]},
								"down": {"uv": [12, 8], "uv_size": [-1, -1]}
							}
						},
						{
							"origin": [-4.75, 26.5, 6.75],
							"size": [3, 1, 0],
							"uv": {
								"north": {"uv": [11, 7], "uv_size": [1, 1]},
								"east": {"uv": [11, 7], "uv_size": [1, 1]},
								"south": {"uv": [7, 12], "uv_size": [3, 1]},
								"west": {"uv": [11, 7], "uv_size": [1, 1]},
								"up": {"uv": [12, 8], "uv_size": [-1, -1]},
								"down": {"uv": [12, 8], "uv_size": [-1, -1]}
							}
						}
					]
				}
			]
		}
	]
}