{
	"format_version": "1.12.0",
	"minecraft:geometry": [
		{
			"description": {
				"identifier": "geometry.costume.santa.hat2",
				"texture_width": 64,
				"texture_height": 64,
				"visible_bounds_width": 245,
				"visible_bounds_height": 190,
				"visible_bounds_offset": [0, 95, 0]
			},
			"bones": [
				{
					"name": "waist",
					"pivot": [0, 12, 0]
				},
				{
					"name": "body",
					"parent": "waist",
					"pivot": [0, 24, 0],
					"cubes": [
						{
							"origin": [-4, 20, -2],
							"size": [8, 4, 4],
							"inflate": 0.1,
							"uv": {
								"north": {"uv": [43, 0], "uv_size": [8, 4]},
								"east": {"uv": [37, 0], "uv_size": [4, 4]},
								"south": {"uv": [27, 0], "uv_size": [8, 4]},
								"west": {"uv": [37, 0], "uv_size": [4, 4]},
								"up": {"uv": [35, 4], "uv_size": [-8, -4]},
								"down": {"uv": [35, 4], "uv_size": [-8, -4]}
							}
						},
						{
							"origin": [-5, 11.75, -3],
							"size": [10, 8.25, 6],
							"uv": {
								"north": {"uv": [42, 0], "uv_size": [10, 8]},
								"east": {"uv": [36, 0], "uv_size": [6, 8]},
								"south": {"uv": [26, 0], "uv_size": [10, 8]},
								"west": {"uv": [36, 0], "uv_size": [6, 8]},
								"up": {"uv": [36, 6], "uv_size": [-10, -6]},
								"down": {"uv": [36, 6], "uv_size": [-10, -6]}
							}
						},
						{
							"origin": [-5, 9.75, -3],
							"size": [10, 2, 6],
							"uv": {
								"north": {"uv": [42, 8], "uv_size": [10, 2]},
								"east": {"uv": [36, 8], "uv_size": [6, 2]},
								"south": {"uv": [35, 8], "uv_size": [10, 2]},
								"west": {"uv": [36, 8], "uv_size": [6, 2]},
								"up": {"uv": [64, 64], "uv_size": [-1, -1]},
								"down": {"uv": [64, 64], "uv_size": [-1, -1]}
							}
						}
					]
				},
				{
					"name": "head",
					"parent": "body",
					"pivot": [0, 24, 0],
					"cubes": [
						{
							"origin": [-4, 24, -4],
							"size": [8, 8, 8],
							"inflate": -0.2,
							"uv": {
								"north": {"uv": [0, 0], "uv_size": [1, 1]},
								"east": {"uv": [0, 0], "uv_size": [1, 1]},
								"south": {"uv": [0, 0], "uv_size": [1, 1]},
								"west": {"uv": [0, 0], "uv_size": [1, 1]},
								"up": {"uv": [1, 1], "uv_size": [-1, -1]},
								"down": {"uv": [1, 1], "uv_size": [-1, -1]}
							}
						}
					]
				},
				{
					"name": "hat",
					"parent": "head",
					"pivot": [0, 24, 0]
				},
				{
					"name": "beard",
					"parent": "head",
					"pivot": [-0.5, 24, 0.5],
					"cubes": [
						{
							"origin": [-4.25, 20, -4.25],
							"size": [8.5, 8, 6],
							"uv": {
								"north": {"uv": [17, 0], "uv_size": [9, 8]},
								"east": {"uv": [11, 0], "uv_size": [6, 8]},
								"south": {"uv": [63, 63], "uv_size": [1, 1]},
								"west": {"uv": [17, 0], "uv_size": [-6, 8]},
								"up": {"uv": [64, 64], "uv_size": [-1, -1]},
								"down": {"uv": [64, 64], "uv_size": [-1, -1]}
							}
						},
						{
							"origin": [-2, 25, -4.35],
							"size": [4, 2, 0],
							"uv": {
								"north": {"uv": [6, 0], "uv_size": [4, 2]},
								"east": {"uv": [0, 0], "uv_size": [1, 1]},
								"south": {"uv": [63, 63], "uv_size": [1, 1]},
								"west": {"uv": [0, 0], "uv_size": [1, 1]},
								"up": {"uv": [1, 1], "uv_size": [-1, -1]},
								"down": {"uv": [1, 1], "uv_size": [-1, -1]}
							}
						}
					]
				},
				{
					"name": "santa_hat",
					"parent": "head",
					"pivot": [0, 31.25, 0],
					"rotation": [-5, 0, 0],
					"cubes": [
						{
							"origin": [-5, 29.25, -5],
							"size": [10, 3, 10],
							"uv": {
								"north": {"uv": [35, 8], "uv_size": [10, 3]},
								"east": {"uv": [35, 8], "uv_size": [10, 3]},
								"south": {"uv": [35, 8], "uv_size": [10, 3]},
								"west": {"uv": [35, 8], "uv_size": [10, 3]},
								"up": {"uv": [45, 18], "uv_size": [-10, -10]},
								"down": {"uv": [45, 18], "uv_size": [-10, -10]}
							}
						}
					]
				},
				{
					"name": "santa_hat1",
					"parent": "santa_hat",
					"pivot": [0, 31.75, -3],
					"rotation": [-17.5, 0, 0],
					"cubes": [
						{
							"origin": [-4, 31.75, -3.75],
							"size": [8, 3, 7],
							"inflate": 0.2,
							"uv": {
								"north": {"uv": [27, 3], "uv_size": [8, 4]},
								"east": {"uv": [27, 3], "uv_size": [8, 4]},
								"south": {"uv": [27, 3], "uv_size": [8, 4]},
								"west": {"uv": [27, 3], "uv_size": [8, 4]},
								"up": {"uv": [35, 8], "uv_size": [-8, -8]},
								"down": {"uv": [1, 1], "uv_size": [-1, -1]}
							}
						}
					]
				},
				{
					"name": "santa_hat2",
					"parent": "santa_hat1",
					"pivot": [0, 35.25, -3.25],
					"rotation": [-50, 0, 0],
					"cubes": [
						{
							"origin": [-3, 34.75, -3.25],
							"size": [6, 4.5, 6],
							"uv": {
								"north": {"uv": [36, 1], "uv_size": [6, 4]},
								"east": {"uv": [36, 1], "uv_size": [6, 4]},
								"south": {"uv": [36, 1], "uv_size": [6, 4]},
								"west": {"uv": [36, 1], "uv_size": [6, 4]},
								"up": {"uv": [34, 6], "uv_size": [-6, -6]},
								"down": {"uv": [34, 6], "uv_size": [-6, -6]}
							}
						},
						{
							"origin": [-1.5, 39.25, -2.5],
							"size": [3, 2, 3],
							"uv": {
								"north": {"uv": [29, 5], "uv_size": [3, 2]},
								"east": {"uv": [29, 5], "uv_size": [3, 2]},
								"south": {"uv": [29, 5], "uv_size": [3, 2]},
								"west": {"uv": [29, 5], "uv_size": [3, 2]},
								"up": {"uv": [32, 4], "uv_size": [-3, -3]},
								"down": {"uv": [32, 4], "uv_size": [-3, -3]}
							}
						},
						{
							"origin": [-1, 41.25, -1.5],
							"size": [2, 2, 2],
							"uv": {
								"north": {"uv": [29, 1], "uv_size": [2, 2]},
								"east": {"uv": [29, 1], "uv_size": [2, 2]},
								"south": {"uv": [29, 1], "uv_size": [2, 2]},
								"west": {"uv": [29, 1], "uv_size": [2, 2]},
								"up": {"uv": [31, 3], "uv_size": [-2, -2]},
								"down": {"uv": [31, 3], "uv_size": [-2, -2]}
							}
						}
					]
				},
				{
					"name": "santa_hat3",
					"parent": "santa_hat2",
					"pivot": [-0.5, 43.25, -2.25],
					"rotation": [-27.5, 0, 0],
					"cubes": [
						{
							"origin": [-1.5, 43.25, -1.75],
							"size": [3, 3, 3],
							"uv": {
								"north": {"uv": [39, 8], "uv_size": [3, 3]},
								"east": {"uv": [42, 11], "uv_size": [3, 3]},
								"south": {"uv": [39, 11], "uv_size": [3, 3]},
								"west": {"uv": [42, 8], "uv_size": [3, 3]},
								"up": {"uv": [39, 11], "uv_size": [-3, -3]},
								"down": {"uv": [39, 14], "uv_size": [-3, -3]}
							}
						}
					]
				},
				{
					"name": "rightArm",
					"parent": "body",
					"pivot": [-5, 22, 0],
					"cubes": [
						{
							"origin": [-8.1, 12, -2.25],
							"size": [4.25, 12, 4.5],
							"inflate": 0.1,
							"uv": {
								"north": {"uv": [60, 0], "uv_size": [4, 12]},
								"east": {"uv": [56, 0], "uv_size": [4, 12]},
								"south": {"uv": [60, 0], "uv_size": [4, 12]},
								"west": {"uv": [56, 0], "uv_size": [4, 12]},
								"up": {"uv": [62, 4], "uv_size": [-4, -4]},
								"down": {"uv": [60, 12], "uv_size": [-4, -3]}
							}
						}
					]
				},
				{
					"name": "rightItem",
					"parent": "rightArm",
					"pivot": [-6, 15, 1]
				},
				{
					"name": "leftArm",
					"parent": "body",
					"pivot": [5, 22, 0],
					"cubes": [
						{
							"origin": [4.15, 12, -2],
							"size": [4.25, 12, 4],
							"inflate": 0.1,
							"uv": {
								"north": {"uv": [64, 0], "uv_size": [-4, 12]},
								"east": {"uv": [60, 0], "uv_size": [-4, 12]},
								"south": {"uv": [64, 0], "uv_size": [-4, 12]},
								"west": {"uv": [60, 0], "uv_size": [-4, 12]},
								"up": {"uv": [58, 4], "uv_size": [4, -4]},
								"down": {"uv": [56, 12], "uv_size": [4, -3]}
							}
						}
					]
				},
				{
					"name": "rightLeg",
					"parent": "body",
					"pivot": [-1.9, 12, 0],
					"cubes": [
						{
							"origin": [-4.1, 0, -2],
							"size": [4.25, 12, 4],
							"inflate": 0.15,
							"uv": {
								"north": {"uv": [52, 0], "uv_size": [4, 12]},
								"east": {"uv": [52, 0], "uv_size": [4, 12]},
								"south": {"uv": [52, 0], "uv_size": [4, 12]},
								"west": {"uv": [52, 0], "uv_size": [4, 12]},
								"up": {"uv": [58, 11], "uv_size": [-2, -2]},
								"down": {"uv": [58, 11], "uv_size": [-2, -2]}
							}
						}
					]
				},
				{
					"name": "leftLeg",
					"parent": "body",
					"pivot": [1.9, 12, 0],
					"cubes": [
						{
							"origin": [-0.35, 0, -2],
							"size": [4.25, 12, 4],
							"inflate": 0.1,
							"uv": {
								"north": {"uv": [52, 0], "uv_size": [4, 12]},
								"east": {"uv": [52, 0], "uv_size": [4, 12]},
								"south": {"uv": [52, 0], "uv_size": [4, 12]},
								"west": {"uv": [52, 0], "uv_size": [4, 12]},
								"up": {"uv": [58, 11], "uv_size": [-2, -2]},
								"down": {"uv": [58, 11], "uv_size": [-2, -2]}
							}
						}
					]
				}
			]
		}
	]
}