{
	"format_version": "1.8.0",
	"geometry.costume.arrow": {
		"texturewidth": 64,
		"textureheight": 64,
		"visible_bounds_width": 3,
		"visible_bounds_height": 3,
		"visible_bounds_offset": [0, 1.5, 0],
		"bones": [
			{
				"name": "waist",
				"pivot": [0, 12, 0]
			},
			{
				"name": "body",
				"parent": "waist",
				"pivot": [0, 24, 0]
			},
			{
				"name": "head",
				"parent": "body",
				"pivot": [0, 24, 0],
				"cubes": [
					{"origin": [-4, 24, -4], "size": [8, 8, 8], "uv": [0, 0], "inflate": -4},
					{"origin": [-4, 24, -0.5], "size": [8, 8, 1], "uv": [1, 17], "inflate": 0.2}
				]
			},
			{
				"name": "hat",
				"parent": "head",
				"pivot": [0, 24, 0]
			},
			{
				"name": "arrow",
				"parent": "head",
				"pivot": [0, 28, 0],
				"rotation": [45, 0, 0],
				"cubes": [
					{"origin": [4, 25.5, 0], "size": [5, 5, 0], "uv": [20, 21]},
					{"origin": [-9, 25.5, 0], "size": [5, 5, 0], "uv": [20, 16]}
				]
			},
			{
				"name": "arrow2",
				"parent": "arrow",
				"pivot": [0, 28, 0],
				"rotation": [-90, 0, 0],
				"cubes": [
					{"origin": [4, 25.5, 0], "size": [5, 5, 0], "uv": [20, 21]},
					{"origin": [-9, 25.5, 0], "size": [5, 5, 0], "uv": [20, 16]}
				]
			},
			{
				"name": "rightArm",
				"parent": "body",
				"pivot": [-5, 22, 0]
			},
			{
				"name": "rightItem",
				"parent": "rightArm",
				"pivot": [-6, 15, 1]
			},
			{
				"name": "leftArm",
				"parent": "body",
				"pivot": [5, 22, 0],
				"mirror": true
			},
			{
				"name": "rightLeg",
				"parent": "body",
				"pivot": [-1.9, 12, 0]
			},
			{
				"name": "leftLeg",
				"parent": "body",
				"pivot": [1.9, 12, 0],
				"mirror": true
			}
		]
	},
	"geometry.player.armor.leggings:geometry.player.armor2": {
		"bones": [
			{
				"name": "head",
				"reset": true
			},
			{
				"name": "hat",
				"reset": true
			},
			{
				"name": "rightArm",
				"reset": true
			},
			{
				"name": "leftArm",
				"reset": true
			}
		]
	},
	"geometry.player.armor.base2": {
		"texturewidth": 32,
		"textureheight": 32,
		"visible_bounds_width": 2,
		"visible_bounds_height": 1,
		"visible_bounds_offset": [0, 0.5, 0],
		"bones": [
			{
				"name": "waist",
				"pivot": [0, 12, 0]
			},
			{
				"name": "body",
				"parent": "waist",
				"pivot": [0, 24, 0]
			},
			{
				"name": "head",
				"parent": "body",
				"pivot": [0, 24, 0],
				"cubes": [
					{"origin": [-4, 24, -4], "size": [8, 8, 8], "uv": [0, 0], "inflate": -0.1},
					{"origin": [-1, 24.5, -4.75], "size": [2, 2, 1], "uv": [0, 0]},
					{"origin": [-2, 25, -4.5], "size": [1, 1, 1], "uv": [1, 1]},
					{"origin": [1, 25, -4.5], "size": [1, 1, 1], "uv": [1, 1]}
				]
			},
			{
				"name": "hat",
				"parent": "head",
				"pivot": [0, 24, 0]
			},
			{
				"name": "rightArm",
				"parent": "body",
				"pivot": [-5, 22, 0]
			},
			{
				"name": "rightItem",
				"parent": "rightArm",
				"pivot": [-6, 15, 1]
			},
			{
				"name": "leftArm",
				"parent": "body",
				"pivot": [5, 22, 0],
				"mirror": true
			},
			{
				"name": "rightLeg",
				"parent": "body",
				"pivot": [-1.9, 12, 0]
			},
			{
				"name": "leftLeg",
				"parent": "body",
				"pivot": [1.9, 12, 0],
				"mirror": true
			}
		]
	}
}