{
	"format_version": "1.12.0",
	"minecraft:geometry": [
		{
			"description": {
				"identifier": "geometry.ghost_cat",
				"texture_width": 64,
				"texture_height": 32,
				"visible_bounds_width": 5,
				"visible_bounds_height": 2,
				"visible_bounds_offset": [0, 1, 0]
			},
			"bones": [
				{
					"name": "body",
					"pivot": [0, 7, 1],
					"rotation": [90, 0, 0],
					"cubes": [
						{
							"origin": [-2, -1, -2],
							"size": [4, 0, 6],
							"uv": {
								"north": {"uv": [26, 6], "uv_size": [4, 16]},
								"east": {"uv": [20, 6], "uv_size": [6, 16]},
								"south": {"uv": [36, 6], "uv_size": [4, 16]},
								"west": {"uv": [30, 6], "uv_size": [6, 16]},
								"up": {"uv": [60, 0], "uv_size": [4, 6]},
								"down": {"uv": [30, 6], "uv_size": [4, -6]}
							}
						},
						{
							"origin": [-2, 14.75, -2],
							"size": [4, 0, 6],
							"uv": {
								"north": {"uv": [26, 6], "uv_size": [4, 16]},
								"east": {"uv": [20, 6], "uv_size": [6, 16]},
								"south": {"uv": [36, 6], "uv_size": [4, 16]},
								"west": {"uv": [30, 6], "uv_size": [6, 16]},
								"up": {"uv": [60, 0], "uv_size": [4, 6]},
								"down": {"uv": [30, 6], "uv_size": [4, -6]}
							}
						},
						{
							"origin": [-2, 15, -2],
							"size": [4, 0, 6],
							"uv": {
								"north": {"uv": [26, 6], "uv_size": [4, 16]},
								"east": {"uv": [20, 6], "uv_size": [6, 16]},
								"south": {"uv": [36, 6], "uv_size": [4, 16]},
								"west": {"uv": [30, 6], "uv_size": [6, 16]},
								"up": {"uv": [26, 0], "uv_size": [4, 6]},
								"down": {"uv": [60, 6], "uv_size": [4, -6]}
							}
						},
						{
							"origin": [-2, -0.75, -2],
							"size": [4, 0, 6],
							"uv": {
								"north": {"uv": [26, 6], "uv_size": [4, 16]},
								"east": {"uv": [20, 6], "uv_size": [6, 16]},
								"south": {"uv": [36, 6], "uv_size": [4, 16]},
								"west": {"uv": [30, 6], "uv_size": [6, 16]},
								"up": {"uv": [26, 0], "uv_size": [4, 6]},
								"down": {"uv": [60, 6], "uv_size": [4, -6]}
							}
						},
						{
							"origin": [-2, -1, 4],
							"size": [4, 16, 0],
							"uv": {
								"north": {"uv": [26, 6], "uv_size": [4, 16]},
								"east": {"uv": [20, 6], "uv_size": [6, 16]},
								"south": {"uv": [36, 6], "uv_size": [4, 16]},
								"west": {"uv": [30, 6], "uv_size": [6, 16]},
								"up": {"uv": [26, 0], "uv_size": [4, 6]},
								"down": {"uv": [60, 6], "uv_size": [4, -6]}
							}
						},
						{
							"origin": [-2, -1, 3],
							"size": [4, 16, 0],
							"uv": {
								"north": {"uv": [36, 6], "uv_size": [4, 16]},
								"east": {"uv": [20, 6], "uv_size": [6, 16]},
								"south": {"uv": [26, 6], "uv_size": [4, 16]},
								"west": {"uv": [30, 6], "uv_size": [6, 16]},
								"up": {"uv": [26, 0], "uv_size": [4, 6]},
								"down": {"uv": [60, 6], "uv_size": [4, -6]}
							}
						},
						{
							"origin": [-1.75, -1, -2],
							"size": [0, 16, 6],
							"uv": {
								"north": {"uv": [46, 6], "uv_size": [0, 16]},
								"east": {"uv": [66, 8], "uv_size": [-2, 0]},
								"south": {"uv": [52, 6], "uv_size": [0, 16]},
								"west": {"uv": [26, 6], "uv_size": [-6, 16]},
								"up": {"uv": [46, 0], "uv_size": [0, 6]},
								"down": {"uv": [46, 6], "uv_size": [0, -6]}
							}
						},
						{
							"origin": [2, -1, -2],
							"size": [0, 16, 6],
							"uv": {
								"north": {"uv": [46, 6], "uv_size": [0, 16]},
								"east": {"uv": [66, 8], "uv_size": [-2, 0]},
								"south": {"uv": [52, 6], "uv_size": [0, 16]},
								"west": {"uv": [26, 6], "uv_size": [-6, 16]},
								"up": {"uv": [46, 0], "uv_size": [0, 6]},
								"down": {"uv": [46, 6], "uv_size": [0, -6]}
							}
						},
						{
							"origin": [1.75, -1, -2],
							"size": [0, 16, 6],
							"uv": {
								"north": {"uv": [46, 6], "uv_size": [0, 16]},
								"east": {"uv": [36, 6], "uv_size": [-6, 16]},
								"south": {"uv": [52, 6], "uv_size": [0, 16]},
								"west": {"uv": [64, 26], "uv_size": [-1, 1]},
								"up": {"uv": [46, 0], "uv_size": [0, 6]},
								"down": {"uv": [46, 6], "uv_size": [0, -6]}
							}
						},
						{
							"origin": [-2, -1, -2],
							"size": [0, 16, 6],
							"uv": {
								"north": {"uv": [46, 6], "uv_size": [0, 16]},
								"east": {"uv": [36, 6], "uv_size": [-6, 16]},
								"south": {"uv": [52, 6], "uv_size": [0, 16]},
								"west": {"uv": [64, 26], "uv_size": [-1, 1]},
								"up": {"uv": [46, 0], "uv_size": [0, 6]},
								"down": {"uv": [46, 6], "uv_size": [0, -6]}
							}
						}
					]
				},
				{
					"name": "head",
					"parent": "body",
					"pivot": [0, 16, 3],
					"rotation": [-90, 0, 0],
					"cubes": [
						{
							"origin": [-2.5, 14, 0],
							"size": [5, 4, 5],
							"uv": {
								"north": {"uv": [5, 5], "uv_size": [5, 4]},
								"east": {"uv": [0, 5], "uv_size": [5, 4]},
								"south": {"uv": [15, 5], "uv_size": [5, 4]},
								"west": {"uv": [10, 5], "uv_size": [5, 4]},
								"up": {"uv": [5, 0], "uv_size": [5, 5]},
								"down": {"uv": [10, 5], "uv_size": [5, -5]}
							}
						},
						{
							"origin": [-1.5, 14.01562, -1],
							"size": [3, 2, 2],
							"uv": {
								"north": {"uv": [2, 26], "uv_size": [3, 2]},
								"east": {"uv": [0, 26], "uv_size": [2, 2]},
								"south": {"uv": [7, 26], "uv_size": [3, 2]},
								"west": {"uv": [5, 26], "uv_size": [2, 2]},
								"up": {"uv": [2, 24], "uv_size": [3, 2]},
								"down": {"uv": [5, 26], "uv_size": [3, -2]}
							}
						},
						{
							"origin": [-2, 18, 3],
							"size": [1, 1, 2],
							"uv": {
								"north": {"uv": [2, 12], "uv_size": [1, 1]},
								"east": {"uv": [0, 12], "uv_size": [2, 1]},
								"south": {"uv": [5, 12], "uv_size": [1, 1]},
								"west": {"uv": [3, 12], "uv_size": [2, 1]},
								"up": {"uv": [2, 10], "uv_size": [1, 2]},
								"down": {"uv": [3, 12], "uv_size": [1, -2]}
							}
						},
						{
							"origin": [1, 18, 3],
							"size": [1, 1, 2],
							"uv": {
								"north": {"uv": [8, 12], "uv_size": [1, 1]},
								"east": {"uv": [6, 12], "uv_size": [2, 1]},
								"south": {"uv": [11, 12], "uv_size": [1, 1]},
								"west": {"uv": [9, 12], "uv_size": [2, 1]},
								"up": {"uv": [8, 10], "uv_size": [1, 2]},
								"down": {"uv": [9, 12], "uv_size": [1, -2]}
							}
						}
					],
					"locators": {
						"lead": [0, 16, 3]
					}
				},
				{
					"name": "tail1",
					"parent": "body",
					"pivot": [0, 1, 3],
					"cubes": [
						{
							"origin": [-0.5, -7, 2],
							"size": [1, 8, 1],
							"uv": {
								"north": {"uv": [1, 16], "uv_size": [1, 8]},
								"east": {"uv": [0, 16], "uv_size": [1, 8]},
								"south": {"uv": [3, 16], "uv_size": [1, 8]},
								"west": {"uv": [2, 16], "uv_size": [1, 8]},
								"up": {"uv": [1, 15], "uv_size": [1, 1]},
								"down": {"uv": [2, 16], "uv_size": [1, -1]}
							}
						}
					]
				},
				{
					"name": "tail2",
					"parent": "tail1",
					"pivot": [0, -7, 2],
					"cubes": [
						{
							"origin": [-0.5, -15, 2],
							"size": [1, 8, 1],
							"uv": {
								"north": {"uv": [5, 16], "uv_size": [1, 8]},
								"east": {"uv": [4, 16], "uv_size": [1, 8]},
								"south": {"uv": [7, 16], "uv_size": [1, 8]},
								"west": {"uv": [6, 16], "uv_size": [1, 8]},
								"up": {"uv": [5, 15], "uv_size": [1, 1]},
								"down": {"uv": [6, 16], "uv_size": [1, -1]}
							}
						}
					]
				}
			]
		}
	]
}