{
	"format_version": "1.12.0",
	"minecraft:geometry": [
		{
			"description": {
				"identifier": "geometry.recipe.ui",
				"texture_width": 64,
				"texture_height": 64,
				"visible_bounds_width": 6,
				"visible_bounds_height": 7,
				"visible_bounds_offset": [0, 1.5, 0]
			},
			"bones": [
				{
					"name": "body",
					"pivot": [0, 32, 0]
				},
				{
					"name": "left",
					"parent": "body",
					"pivot": [0, 0, 0],
					"rotation": [0, 15, 0],
					"cubes": [
						{
							"origin": [-32, 0, 0],
							"size": [32, 64, 0],
							"uv": {
								"north": {"uv": [64, 0], "uv_size": [-32, 64]},
								"east": {"uv": [0, 0], "uv_size": [0, 0]},
								"south": {"uv": [0, 0], "uv_size": [0, 0]},
								"west": {"uv": [0, 0], "uv_size": [0, 0]},
								"up": {"uv": [0, 0], "uv_size": [0, 0]},
								"down": {"uv": [0, 0], "uv_size": [0, 0]}
							}
						}
					]
				},
				{
					"name": "right",
					"parent": "body",
					"pivot": [0, 0, 0],
					"rotation": [0, -15, 0],
					"cubes": [
						{
							"origin": [0, 0, 0],
							"size": [32, 64, 0],
							"uv": {
								"north": {"uv": [32, 0], "uv_size": [-32, 64]},
								"east": {"uv": [0, 0], "uv_size": [0, 0]},
								"south": {"uv": [0, 0], "uv_size": [0, 0]},
								"west": {"uv": [0, 0], "uv_size": [0, 0]},
								"up": {"uv": [0, 0], "uv_size": [0, 0]},
								"down": {"uv": [0, 0], "uv_size": [0, 0]}
							}
						}
					]
				}
			]
		}
	]
}