{
	"format_version": "1.12.0",
	"minecraft:geometry": [
		{
			"description": {
				"identifier": "geometry.reindeer",
				"texture_width": 64,
				"texture_height": 64,
				"visible_bounds_width": 9,
				"visible_bounds_height": 5,
				"visible_bounds_offset": [0, 1.5, 0]
			},
			"bones": [
				{
					"name": "Body",
					"pivot": [0, 13, 9],
					"cubes": [
						{
							"origin": [-5, 11, -12],
							"size": [10, 10, 24],
							"uv": {
								"north": {"uv": [54, 0], "uv_size": [10, 10]},
								"east": {"uv": [9, 0], "uv_size": [24, 10]},
								"south": {"uv": [54, 10], "uv_size": [10, 10]},
								"west": {"uv": [33, 0], "uv_size": [-24, 10]},
								"up": {"uv": [43, 0], "uv_size": [-10, 24]},
								"down": {"uv": [53, 24], "uv_size": [-10, -24]}
							}
						}
					]
				},
				{
					"name": "Tail",
					"parent": "Body",
					"pivot": [0, 20, 11],
					"rotation": [7.5, 0, 0],
					"cubes": [
						{
							"origin": [-1.5, 17.75, 10],
							"size": [3, 3, 6],
							"uv": {
								"north": {"uv": [20, 2], "uv_size": [3, 3]},
								"east": {"uv": [55, 20], "uv_size": [6, 3]},
								"south": {"uv": [61, 28], "uv_size": [3, -3]},
								"west": {"uv": [61, 20], "uv_size": [-6, 3]},
								"up": {"uv": [58, 20], "uv_size": [3, 6]},
								"down": {"uv": [61, 26], "uv_size": [3, -6]}
							}
						}
					]
				},
				{
					"name": "leg1",
					"parent": "Body",
					"pivot": [3, 11, 9],
					"cubes": [
						{
							"origin": [1, 0, 7],
							"size": [4, 11, 4],
							"uv": {
								"north": {"uv": [4, 0], "uv_size": [-4, 11]},
								"east": {"uv": [8, 0], "uv_size": [-4, 11]},
								"south": {"uv": [4, 0], "uv_size": [-4, 11]},
								"west": {"uv": [8, 0], "uv_size": [-4, 11]},
								"up": {"uv": [0, 11], "uv_size": [4, 4]},
								"down": {"uv": [4, 15], "uv_size": [4, -4]}
							}
						}
					]
				},
				{
					"name": "leg0",
					"parent": "Body",
					"pivot": [-3, 11, 9],
					"cubes": [
						{
							"origin": [-5, 0, 7],
							"size": [4, 11, 4],
							"uv": {
								"north": {"uv": [0, 0], "uv_size": [4, 11]},
								"east": {"uv": [4, 0], "uv_size": [4, 11]},
								"south": {"uv": [0, 0], "uv_size": [4, 11]},
								"west": {"uv": [4, 0], "uv_size": [4, 11]},
								"up": {"uv": [0, 11], "uv_size": [4, 4]},
								"down": {"uv": [4, 15], "uv_size": [4, -4]}
							}
						}
					]
				},
				{
					"name": "leg3",
					"parent": "Body",
					"pivot": [3, 11, -8],
					"cubes": [
						{
							"origin": [1, 0, -10],
							"size": [4, 11, 4],
							"uv": {
								"north": {"uv": [4, 0], "uv_size": [-4, 11]},
								"east": {"uv": [8, 0], "uv_size": [-4, 11]},
								"south": {"uv": [4, 0], "uv_size": [-4, 11]},
								"west": {"uv": [8, 0], "uv_size": [-4, 11]},
								"up": {"uv": [0, 11], "uv_size": [4, 4]},
								"down": {"uv": [4, 15], "uv_size": [4, -4]}
							}
						}
					]
				},
				{
					"name": "leg2",
					"parent": "Body",
					"pivot": [-3, 11, -8],
					"cubes": [
						{
							"origin": [-5, 0, -10],
							"size": [4, 11, 4],
							"uv": {
								"north": {"uv": [0, 0], "uv_size": [4, 11]},
								"east": {"uv": [4, 0], "uv_size": [4, 11]},
								"south": {"uv": [0, 0], "uv_size": [4, 11]},
								"west": {"uv": [4, 0], "uv_size": [4, 11]},
								"up": {"uv": [0, 11], "uv_size": [4, 4]},
								"down": {"uv": [4, 15], "uv_size": [4, -4]}
							}
						}
					]
				},
				{
					"name": "BagL",
					"parent": "Body",
					"pivot": [5, 21, 11],
					"rotation": [0, 90, 0]
				},
				{
					"name": "BagR",
					"parent": "Body",
					"pivot": [-5, 21, 11],
					"rotation": [0, -90, 0]
				},
				{
					"name": "Saddle",
					"parent": "Body",
					"pivot": [0, 22, 2],
					"cubes": [
						{
							"origin": [-5, 12, -4.5],
							"size": [10, 9, 11],
							"inflate": 0.5,
							"uv": {
								"north": {"uv": [8, 0], "uv_size": [1, 1]},
								"east": {"uv": [19, 10], "uv_size": [11, 9]},
								"south": {"uv": [8, 0], "uv_size": [1, 1]},
								"west": {"uv": [19, 10], "uv_size": [11, 9]},
								"up": {"uv": [9, 10], "uv_size": [10, 11]},
								"down": {"uv": [8, 1], "uv_size": [1, -1]}
							}
						}
					]
				},
				{
					"name": "Head",
					"pivot": [0, 20, -9]
				},
				{
					"name": "Neck",
					"parent": "Head",
					"pivot": [0, 17, -8],
					"rotation": [30, 0, 0],
					"cubes": [
						{
							"origin": [-2.75, 16, -11],
							"size": [5.5, 12, 7],
							"uv": {
								"north": {"uv": [46, 24], "uv_size": [6, 12]},
								"east": {"uv": [46, 24], "uv_size": [-7, 12]},
								"south": {"uv": [33, 24], "uv_size": [6, 12]},
								"west": {"uv": [39, 24], "uv_size": [7, 12]},
								"up": {"uv": [8, 0], "uv_size": [1, 1]},
								"down": {"uv": [8, 1], "uv_size": [1, -1]}
							}
						}
					],
					"locators": {
						"lead": [0, 17, -8]
					}
				},
				{
					"name": "Head2",
					"parent": "Neck",
					"pivot": [0, 28, -11],
					"cubes": [
						{
							"origin": [-3, 28, -11],
							"size": [6, 5, 7],
							"uv": {
								"north": {"uv": [51, 43], "uv_size": [6, 5]},
								"east": {"uv": [64, 43], "uv_size": [-7, 5]},
								"south": {"uv": [58, 31], "uv_size": [6, 5]},
								"west": {"uv": [57, 43], "uv_size": [7, 5]},
								"up": {"uv": [52, 36], "uv_size": [6, 7]},
								"down": {"uv": [58, 43], "uv_size": [6, -7]}
							}
						}
					]
				},
				{
					"name": "Muzzle",
					"parent": "Head2",
					"pivot": [0, 28, -11],
					"cubes": [
						{
							"origin": [-2, 28, -16],
							"size": [4, 5, 5],
							"uv": {
								"north": {"uv": [55, 49], "uv_size": [4, 5]},
								"east": {"uv": [64, 49], "uv_size": [-5, 5]},
								"south": {"uv": [8, 0], "uv_size": [1, 1]},
								"west": {"uv": [59, 49], "uv_size": [5, 5]},
								"up": {"uv": [56, 54], "uv_size": [4, 5]},
								"down": {"uv": [60, 59], "uv_size": [4, -5]}
							}
						}
					]
				},
				{
					"name": "ReinsL",
					"parent": "Head2",
					"pivot": [2, 30.5, -13.5],
					"rotation": [-35, 0, 0],
					"cubes": [
						{
							"origin": [3.1, 29, -13],
							"size": [0, 3, 16],
							"uv": {
								"north": {"uv": [8, 0], "uv_size": [1, 1]},
								"east": {"uv": [8, 0], "uv_size": [1, 1]},
								"south": {"uv": [8, 0], "uv_size": [1, 1]},
								"west": {"uv": [0, 42], "uv_size": [16, 3]},
								"up": {"uv": [9, 1], "uv_size": [-1, -1]},
								"down": {"uv": [9, 1], "uv_size": [-1, -1]}
							}
						}
					]
				},
				{
					"name": "ReinsR",
					"parent": "Head2",
					"pivot": [-3, 30.5, -13.5],
					"rotation": [-35, 0, 0],
					"cubes": [
						{
							"origin": [-3.1, 29, -13],
							"size": [0, 3, 16],
							"uv": {
								"north": {"uv": [8, 0], "uv_size": [1, 1]},
								"east": {"uv": [8, 0], "uv_size": [1, 1]},
								"south": {"uv": [8, 0], "uv_size": [1, 1]},
								"west": {"uv": [0, 42], "uv_size": [16, 3]},
								"up": {"uv": [9, 1], "uv_size": [-1, -1]},
								"down": {"uv": [9, 1], "uv_size": [-1, -1]}
							}
						}
					]
				},
				{
					"name": "Bridle",
					"parent": "Head2",
					"pivot": [0, 17, -8],
					"cubes": [
						{
							"origin": [-2, 28, -13],
							"size": [4, 5, 2],
							"inflate": 0.25,
							"uv": {
								"north": {"uv": [0, 33], "uv_size": [4, 5]},
								"east": {"uv": [4, 33], "uv_size": [2, 5]},
								"south": {"uv": [0, 33], "uv_size": [4, 5]},
								"west": {"uv": [4, 33], "uv_size": [2, 5]},
								"up": {"uv": [0, 38], "uv_size": [4, 2]},
								"down": {"uv": [0, 42], "uv_size": [4, -2]}
							}
						},
						{
							"origin": [-3, 28, -11],
							"size": [6, 5, 7],
							"inflate": 0.25,
							"uv": {
								"north": {"uv": [0, 21], "uv_size": [6, 5]},
								"east": {"uv": [0, 16], "uv_size": [7, 5]},
								"south": {"uv": [0, 21], "uv_size": [6, 5]},
								"west": {"uv": [0, 16], "uv_size": [7, 5]},
								"up": {"uv": [0, 26], "uv_size": [6, 7]},
								"down": {"uv": [8, 1], "uv_size": [1, -1]}
							}
						}
					]
				},
				{
					"name": "BitL",
					"parent": "Bridle",
					"pivot": [0, 17, -8],
					"cubes": [
						{
							"origin": [2, 29, -14],
							"size": [1, 2, 2],
							"uv": {
								"north": {"uv": [31, 7], "uv_size": [1, 2]},
								"east": {"uv": [29, 7], "uv_size": [2, 2]},
								"south": {"uv": [34, 7], "uv_size": [1, 2]},
								"west": {"uv": [32, 7], "uv_size": [2, 2]},
								"up": {"uv": [31, 5], "uv_size": [1, 2]},
								"down": {"uv": [32, 7], "uv_size": [1, -2]}
							}
						}
					]
				},
				{
					"name": "BitR",
					"parent": "Bridle",
					"pivot": [0, 17, -8],
					"cubes": [
						{
							"origin": [-3, 29, -14],
							"size": [1, 2, 2],
							"uv": {
								"north": {"uv": [31, 7], "uv_size": [1, 2]},
								"east": {"uv": [29, 7], "uv_size": [2, 2]},
								"south": {"uv": [34, 7], "uv_size": [1, 2]},
								"west": {"uv": [32, 7], "uv_size": [2, 2]},
								"up": {"uv": [31, 5], "uv_size": [1, 2]},
								"down": {"uv": [32, 7], "uv_size": [1, -2]}
							}
						}
					]
				},
				{
					"name": "EarL",
					"parent": "Head2",
					"pivot": [-3, 31, -6],
					"rotation": [0, 30, 0],
					"cubes": [
						{
							"origin": [-6.25, 29.75, -6],
							"size": [3, 3, 1],
							"uv": {
								"north": {"uv": [64, 60], "uv_size": [-3, 3]},
								"east": {"uv": [24, 3], "uv_size": [1, 3]},
								"south": {"uv": [11, 2], "uv_size": [3, 3]},
								"west": {"uv": [14, 2], "uv_size": [1, 3]},
								"up": {"uv": [18, 4], "uv_size": [3, 1]},
								"down": {"uv": [46, 35], "uv_size": [3, -1]}
							}
						}
					]
				},
				{
					"name": "EarR",
					"parent": "Head2",
					"pivot": [3, 31, -6],
					"rotation": [0, -30, 0],
					"cubes": [
						{
							"origin": [3.25, 29.75, -6],
							"size": [3, 3, 1],
							"uv": {
								"north": {"uv": [61, 60], "uv_size": [3, 3]},
								"east": {"uv": [24, 3], "uv_size": [1, 3]},
								"south": {"uv": [27, 3], "uv_size": [3, 3]},
								"west": {"uv": [14, 2], "uv_size": [1, 3]},
								"up": {"uv": [18, 4], "uv_size": [3, 1]},
								"down": {"uv": [46, 35], "uv_size": [3, -1]}
							}
						}
					]
				},
				{
					"name": "AntlerL",
					"parent": "Head2",
					"pivot": [2, 33, -7],
					"rotation": [0, 0, 30],
					"cubes": [
						{
							"origin": [2, 33, -10],
							"size": [0, 14, 14],
							"uv": {
								"north": {"uv": [8, 0], "uv_size": [1, 1]},
								"east": {"uv": [47, 37], "uv_size": [-14, 14]},
								"south": {"uv": [8, 0], "uv_size": [1, 1]},
								"west": {"uv": [8, 0], "uv_size": [1, 1]},
								"up": {"uv": [9, 1], "uv_size": [-1, -1]},
								"down": {"uv": [9, 1], "uv_size": [-1, -1]}
							}
						}
					]
				},
				{
					"name": "AntlerR",
					"parent": "Head2",
					"pivot": [-2, 33, -3],
					"rotation": [0, 0, -30],
					"cubes": [
						{
							"origin": [-2, 33, -10],
							"size": [0, 14, 14],
							"uv": {
								"north": {"uv": [8, 0], "uv_size": [1, 1]},
								"east": {"uv": [8, 0], "uv_size": [1, 1]},
								"south": {"uv": [8, 0], "uv_size": [1, 1]},
								"west": {"uv": [33, 37], "uv_size": [14, 14]},
								"up": {"uv": [9, 1], "uv_size": [-1, -1]},
								"down": {"uv": [9, 1], "uv_size": [-1, -1]}
							}
						}
					]
				},
				{
					"name": "NeckFloof",
					"parent": "Neck",
					"pivot": [0, 17, -8],
					"rotation": [-25, 0, 0],
					"cubes": [
						{
							"origin": [0, 14, -16],
							"size": [0, 12, 4],
							"uv": {
								"north": {"uv": [8, 0], "uv_size": [1, 1]},
								"east": {"uv": [8, 0], "uv_size": [1, 1]},
								"south": {"uv": [8, 0], "uv_size": [1, 1]},
								"west": {"uv": [53, 24], "uv_size": [4, 12]},
								"up": {"uv": [9, 1], "uv_size": [-1, -1]},
								"down": {"uv": [9, 1], "uv_size": [-1, -1]}
							}
						},
						{
							"origin": [2, 15, -15],
							"size": [0, 12, 4],
							"uv": {
								"north": {"uv": [8, 0], "uv_size": [1, 1]},
								"east": {"uv": [8, 0], "uv_size": [1, 1]},
								"south": {"uv": [8, 0], "uv_size": [1, 1]},
								"west": {"uv": [53, 24], "uv_size": [4, 12]},
								"up": {"uv": [9, 1], "uv_size": [-1, -1]},
								"down": {"uv": [9, 1], "uv_size": [-1, -1]}
							}
						},
						{
							"origin": [-2, 15, -15],
							"size": [0, 12, 4],
							"uv": {
								"north": {"uv": [8, 0], "uv_size": [1, 1]},
								"east": {"uv": [8, 0], "uv_size": [1, 1]},
								"south": {"uv": [8, 0], "uv_size": [1, 1]},
								"west": {"uv": [53, 24], "uv_size": [4, 12]},
								"up": {"uv": [9, 1], "uv_size": [-1, -1]},
								"down": {"uv": [9, 1], "uv_size": [-1, -1]}
							}
						}
					]
				},
				{
					"name": "Sleigh",
					"pivot": [0, 13, 9],
					"cubes": [
						{
							"origin": [-10, 4, 24],
							"size": [20, 18, 33],
							"uv": {
								"north": {"uv": [8, 0], "uv_size": [1, 1]},
								"east": {"uv": [33, 46], "uv_size": [-33, 18]},
								"south": {"uv": [8, 0], "uv_size": [1, 1]},
								"west": {"uv": [0, 46], "uv_size": [33, 18]},
								"up": {"uv": [9, 1], "uv_size": [-1, -1]},
								"down": {"uv": [9, 1], "uv_size": [-1, -1]}
							}
						},
						{
							"origin": [-9.5, 4, 24],
							"size": [19, 18, 33],
							"uv": {
								"north": {"uv": [8, 0], "uv_size": [1, 1]},
								"east": {"uv": [33, 46], "uv_size": [-33, 18]},
								"south": {"uv": [8, 0], "uv_size": [1, 1]},
								"west": {"uv": [0, 46], "uv_size": [33, 18]},
								"up": {"uv": [9, 1], "uv_size": [-1, -1]},
								"down": {"uv": [9, 1], "uv_size": [-1, -1]}
							}
						},
						{
							"origin": [-10, 7, 26],
							"size": [20, 6, 1],
							"uv": {
								"north": {"uv": [33, 57], "uv_size": [20, 7]},
								"east": {"uv": [8, 0], "uv_size": [1, 1]},
								"south": {"uv": [8, 0], "uv_size": [1, 1]},
								"west": {"uv": [8, 0], "uv_size": [1, 1]},
								"up": {"uv": [53, 64], "uv_size": [-20, -1]},
								"down": {"uv": [53, 64], "uv_size": [-20, -1]}
							}
						},
						{
							"origin": [-10, 9, 55],
							"size": [20, 4, 1],
							"uv": {
								"north": {"uv": [8, 0], "uv_size": [1, 1]},
								"east": {"uv": [8, 0], "uv_size": [1, 1]},
								"south": {"uv": [33, 58], "uv_size": [20, 5]},
								"west": {"uv": [8, 0], "uv_size": [1, 1]},
								"up": {"uv": [53, 63], "uv_size": [-20, -1]},
								"down": {"uv": [53, 63], "uv_size": [-20, -1]}
							}
						},
						{
							"origin": [-10, 7, 54],
							"size": [20, 2, 1],
							"uv": {
								"north": {"uv": [8, 0], "uv_size": [1, 1]},
								"east": {"uv": [8, 0], "uv_size": [1, 1]},
								"south": {"uv": [33, 57], "uv_size": [20, 2]},
								"west": {"uv": [8, 0], "uv_size": [1, 1]},
								"up": {"uv": [9, 1], "uv_size": [-1, -1]},
								"down": {"uv": [53, 62], "uv_size": [-20, -1]}
							}
						},
						{
							"origin": [-10, 6, 53],
							"size": [20, 1, 1],
							"uv": {
								"north": {"uv": [8, 0], "uv_size": [1, 1]},
								"east": {"uv": [8, 0], "uv_size": [1, 1]},
								"south": {"uv": [33, 58], "uv_size": [20, 1]},
								"west": {"uv": [8, 0], "uv_size": [1, 1]},
								"up": {"uv": [9, 1], "uv_size": [-1, -1]},
								"down": {"uv": [53, 62], "uv_size": [-20, -1]}
							}
						},
						{
							"origin": [-10, 5, 51],
							"size": [20, 1, 2],
							"uv": {
								"north": {"uv": [8, 0], "uv_size": [1, 1]},
								"east": {"uv": [8, 0], "uv_size": [1, 1]},
								"south": {"uv": [33, 58], "uv_size": [20, 1]},
								"west": {"uv": [8, 0], "uv_size": [1, 1]},
								"up": {"uv": [9, 1], "uv_size": [-1, -1]},
								"down": {"uv": [53, 61], "uv_size": [-20, -2]}
							}
						},
						{
							"origin": [-10, 13, 54],
							"size": [20, 2, 1],
							"uv": {
								"north": {"uv": [8, 0], "uv_size": [1, 1]},
								"east": {"uv": [8, 0], "uv_size": [1, 1]},
								"south": {"uv": [33, 62], "uv_size": [20, 2]},
								"west": {"uv": [8, 0], "uv_size": [1, 1]},
								"up": {"uv": [53, 61], "uv_size": [-20, -1]},
								"down": {"uv": [9, 1], "uv_size": [-1, -1]}
							}
						},
						{
							"origin": [-10, 13, 53],
							"size": [20, 5, 1],
							"uv": {
								"north": {"uv": [33, 58], "uv_size": [20, 5]},
								"east": {"uv": [8, 0], "uv_size": [1, 1]},
								"south": {"uv": [33, 58], "uv_size": [20, 5]},
								"west": {"uv": [8, 0], "uv_size": [1, 1]},
								"up": {"uv": [53, 61], "uv_size": [-20, -1]},
								"down": {"uv": [9, 1], "uv_size": [-1, -1]}
							}
						},
						{
							"origin": [-10, 8, 52],
							"size": [20, 5, 1],
							"uv": {
								"north": {"uv": [33, 58], "uv_size": [20, 5]},
								"east": {"uv": [8, 0], "uv_size": [1, 1]},
								"south": {"uv": [33, 58], "uv_size": [20, 5]},
								"west": {"uv": [8, 0], "uv_size": [1, 1]},
								"up": {"uv": [53, 61], "uv_size": [-20, -1]},
								"down": {"uv": [9, 1], "uv_size": [-1, -1]}
							}
						},
						{
							"origin": [-10, 6, 27],
							"size": [20, 1, 1],
							"uv": {
								"north": {"uv": [33, 62], "uv_size": [20, 1]},
								"east": {"uv": [8, 0], "uv_size": [1, 1]},
								"south": {"uv": [8, 0], "uv_size": [1, 1]},
								"west": {"uv": [8, 0], "uv_size": [1, 1]},
								"up": {"uv": [9, 1], "uv_size": [-1, -1]},
								"down": {"uv": [53, 63], "uv_size": [-20, -1]}
							}
						},
						{
							"origin": [-10, 4, 31],
							"size": [20, 1, 6],
							"uv": {
								"north": {"uv": [33, 63], "uv_size": [20, 1]},
								"east": {"uv": [8, 0], "uv_size": [1, 1]},
								"south": {"uv": [8, 0], "uv_size": [1, 1]},
								"west": {"uv": [8, 0], "uv_size": [1, 1]},
								"up": {"uv": [9, 1], "uv_size": [-1, -1]},
								"down": {"uv": [53, 64], "uv_size": [-20, -6]}
							}
						},
						{
							"origin": [-10, 4, 45],
							"size": [20, 1, 6],
							"uv": {
								"north": {"uv": [8, 0], "uv_size": [1, 1]},
								"east": {"uv": [8, 0], "uv_size": [1, 1]},
								"south": {"uv": [33, 63], "uv_size": [20, 1]},
								"west": {"uv": [8, 0], "uv_size": [1, 1]},
								"up": {"uv": [9, 1], "uv_size": [-1, -1]},
								"down": {"uv": [53, 63], "uv_size": [-20, -6]}
							}
						},
						{
							"origin": [-10, 4, 37],
							"size": [20, 1, 8],
							"uv": {
								"north": {"uv": [8, 0], "uv_size": [1, 1]},
								"east": {"uv": [8, 0], "uv_size": [1, 1]},
								"south": {"uv": [8, 0], "uv_size": [1, 1]},
								"west": {"uv": [8, 0], "uv_size": [1, 1]},
								"up": {"uv": [9, 1], "uv_size": [-1, -1]},
								"down": {"uv": [53, 63], "uv_size": [-20, -5]}
							}
						},
						{
							"origin": [-10, 8, 30],
							"size": [20, 1, 25],
							"uv": {
								"north": {"uv": [8, 0], "uv_size": [1, 1]},
								"east": {"uv": [8, 0], "uv_size": [1, 1]},
								"south": {"uv": [8, 0], "uv_size": [1, 1]},
								"west": {"uv": [8, 0], "uv_size": [1, 1]},
								"up": {"uv": [9, 1], "uv_size": [-1, -1]},
								"down": {"uv": [53, 63], "uv_size": [-20, -5]}
							}
						},
						{
							"origin": [-10, 5, 28],
							"size": [20, 1, 3],
							"uv": {
								"north": {"uv": [33, 61], "uv_size": [20, 1]},
								"east": {"uv": [8, 0], "uv_size": [1, 1]},
								"south": {"uv": [8, 0], "uv_size": [1, 1]},
								"west": {"uv": [8, 0], "uv_size": [1, 1]},
								"up": {"uv": [9, 1], "uv_size": [-1, -1]},
								"down": {"uv": [53, 63], "uv_size": [-20, -3]}
							}
						},
						{
							"origin": [-10, 10, 27],
							"size": [20, 5, 3],
							"uv": {
								"north": {"uv": [33, 58], "uv_size": [20, 5]},
								"east": {"uv": [8, 0], "uv_size": [1, 1]},
								"south": {"uv": [33, 58], "uv_size": [20, 5]},
								"west": {"uv": [8, 0], "uv_size": [1, 1]},
								"up": {"uv": [53, 61], "uv_size": [-20, 2]},
								"down": {"uv": [9, 1], "uv_size": [-1, -1]}
							}
						},
						{
							"origin": [-10, 6, 28],
							"size": [20, 5, 3],
							"uv": {
								"north": {"uv": [33, 58], "uv_size": [20, 5]},
								"east": {"uv": [8, 0], "uv_size": [1, 1]},
								"south": {"uv": [33, 58], "uv_size": [20, 5]},
								"west": {"uv": [8, 0], "uv_size": [1, 1]},
								"up": {"uv": [53, 61], "uv_size": [-20, 2]},
								"down": {"uv": [9, 1], "uv_size": [-1, -1]}
							}
						}
					]
				},
				{
					"name": "SkidR",
					"parent": "Sleigh",
					"pivot": [-9, 4, 31],
					"cubes": [
						{
							"origin": [-9, 0, 29],
							"size": [0, 4, 12],
							"uv": {
								"north": {"uv": [8, 0], "uv_size": [1, 1]},
								"east": {"uv": [45, 53], "uv_size": [-12, 4]},
								"south": {"uv": [8, 0], "uv_size": [1, 1]},
								"west": {"uv": [8, 0], "uv_size": [1, 1]},
								"up": {"uv": [9, 1], "uv_size": [-1, -1]},
								"down": {"uv": [9, 1], "uv_size": [-1, -1]}
							}
						},
						{
							"origin": [-9, 0, 21],
							"size": [0, 7, 8],
							"uv": {
								"north": {"uv": [8, 0], "uv_size": [1, 1]},
								"east": {"uv": [26, 39], "uv_size": [-8, 7]},
								"south": {"uv": [8, 0], "uv_size": [1, 1]},
								"west": {"uv": [8, 0], "uv_size": [1, 1]},
								"up": {"uv": [9, 1], "uv_size": [-1, -1]},
								"down": {"uv": [9, 1], "uv_size": [-1, -1]}
							}
						},
						{
							"origin": [-9, 0, 53],
							"size": [0, 3, 7],
							"uv": {
								"north": {"uv": [8, 0], "uv_size": [1, 1]},
								"east": {"uv": [19, 43], "uv_size": [7, 3]},
								"south": {"uv": [8, 0], "uv_size": [1, 1]},
								"west": {"uv": [8, 0], "uv_size": [1, 1]},
								"up": {"uv": [9, 1], "uv_size": [-1, -1]},
								"down": {"uv": [9, 1], "uv_size": [-1, -1]}
							}
						},
						{
							"origin": [-9, 0, 41],
							"size": [0, 4, 12],
							"uv": {
								"north": {"uv": [8, 0], "uv_size": [1, 1]},
								"east": {"uv": [33, 53], "uv_size": [12, 4]},
								"south": {"uv": [8, 0], "uv_size": [1, 1]},
								"west": {"uv": [8, 0], "uv_size": [1, 1]},
								"up": {"uv": [9, 1], "uv_size": [-1, -1]},
								"down": {"uv": [9, 1], "uv_size": [-1, -1]}
							}
						}
					]
				},
				{
					"name": "SkidL",
					"parent": "Sleigh",
					"pivot": [9, 4, 31],
					"cubes": [
						{
							"origin": [9, 0, 29],
							"size": [0, 4, 12],
							"uv": {
								"north": {"uv": [8, 0], "uv_size": [1, 1]},
								"east": {"uv": [45, 53], "uv_size": [-12, 4]},
								"south": {"uv": [8, 0], "uv_size": [1, 1]},
								"west": {"uv": [8, 0], "uv_size": [1, 1]},
								"up": {"uv": [9, 1], "uv_size": [-1, -1]},
								"down": {"uv": [9, 1], "uv_size": [-1, -1]}
							}
						},
						{
							"origin": [9, 0, 21],
							"size": [0, 7, 8],
							"uv": {
								"north": {"uv": [8, 0], "uv_size": [1, 1]},
								"east": {"uv": [26, 39], "uv_size": [-8, 7]},
								"south": {"uv": [8, 0], "uv_size": [1, 1]},
								"west": {"uv": [8, 0], "uv_size": [1, 1]},
								"up": {"uv": [9, 1], "uv_size": [-1, -1]},
								"down": {"uv": [9, 1], "uv_size": [-1, -1]}
							}
						},
						{
							"origin": [9, 0, 53],
							"size": [0, 3, 7],
							"uv": {
								"north": {"uv": [8, 0], "uv_size": [1, 1]},
								"east": {"uv": [19, 43], "uv_size": [7, 3]},
								"south": {"uv": [8, 0], "uv_size": [1, 1]},
								"west": {"uv": [8, 0], "uv_size": [1, 1]},
								"up": {"uv": [9, 1], "uv_size": [-1, -1]},
								"down": {"uv": [9, 1], "uv_size": [-1, -1]}
							}
						},
						{
							"origin": [9, 0, 41],
							"size": [0, 4, 12],
							"uv": {
								"north": {"uv": [8, 0], "uv_size": [1, 1]},
								"east": {"uv": [33, 53], "uv_size": [12, 4]},
								"south": {"uv": [8, 0], "uv_size": [1, 1]},
								"west": {"uv": [8, 0], "uv_size": [1, 1]},
								"up": {"uv": [9, 1], "uv_size": [-1, -1]},
								"down": {"uv": [9, 1], "uv_size": [-1, -1]}
							}
						}
					]
				},
				{
					"name": "presents",
					"parent": "Sleigh",
					"pivot": [0, 9, 40]
				},
				{
					"name": "Gift0",
					"parent": "presents",
					"pivot": [-6, 9, 47],
					"rotation": [0, -7.5, 0],
					"cubes": [
						{
							"origin": [-9.5, 9, 43],
							"size": [8, 8, 8],
							"uv": {
								"north": {"uv": [14, 21], "uv_size": [8, 8]},
								"east": {"uv": [14, 21], "uv_size": [8, 8]},
								"south": {"uv": [14, 21], "uv_size": [8, 8]},
								"west": {"uv": [14, 21], "uv_size": [8, 8]},
								"up": {"uv": [14, 29], "uv_size": [-8, -8]},
								"down": {"uv": [14, 29], "uv_size": [-8, -8]}
							}
						},
						{
							"origin": [-8.5, 17, 47],
							"size": [5, 3, 0],
							"uv": {
								"north": {"uv": [22, 19], "uv_size": [5, 3]},
								"east": {"uv": [22, 19], "uv_size": [5, 3]},
								"south": {"uv": [8, 0], "uv_size": [1, 1]},
								"west": {"uv": [22, 19], "uv_size": [5, 3]},
								"up": {"uv": [9, 1], "uv_size": [-1, -1]},
								"down": {"uv": [9, 1], "uv_size": [-1, -1]}
							}
						},
						{
							"origin": [-6, 17, 44.5],
							"size": [0, 3, 5],
							"uv": {
								"north": {"uv": [8, 0], "uv_size": [1, 1]},
								"east": {"uv": [8, 0], "uv_size": [1, 1]},
								"south": {"uv": [8, 0], "uv_size": [1, 1]},
								"west": {"uv": [22, 19], "uv_size": [5, 3]},
								"up": {"uv": [9, 1], "uv_size": [-1, -1]},
								"down": {"uv": [9, 1], "uv_size": [-1, -1]}
							}
						}
					]
				},
				{
					"name": "Gift1",
					"parent": "presents",
					"pivot": [4, 9, 46],
					"rotation": [0, 22.5, 0],
					"cubes": [
						{
							"origin": [0, 9, 42],
							"size": [8, 8, 8],
							"uv": {
								"north": {"uv": [14, 21], "uv_size": [8, 8]},
								"east": {"uv": [14, 21], "uv_size": [8, 8]},
								"south": {"uv": [14, 21], "uv_size": [8, 8]},
								"west": {"uv": [14, 21], "uv_size": [8, 8]},
								"up": {"uv": [14, 29], "uv_size": [-8, -8]},
								"down": {"uv": [14, 29], "uv_size": [-8, -8]}
							}
						},
						{
							"origin": [1.5, 17, 46],
							"size": [5, 3, 0],
							"uv": {
								"north": {"uv": [22, 19], "uv_size": [5, 3]},
								"east": {"uv": [22, 19], "uv_size": [5, 3]},
								"south": {"uv": [8, 0], "uv_size": [1, 1]},
								"west": {"uv": [22, 19], "uv_size": [5, 3]},
								"up": {"uv": [9, 1], "uv_size": [-1, -1]},
								"down": {"uv": [9, 1], "uv_size": [-1, -1]}
							}
						},
						{
							"origin": [4, 17, 43.5],
							"size": [0, 3, 5],
							"uv": {
								"north": {"uv": [8, 0], "uv_size": [1, 1]},
								"east": {"uv": [8, 0], "uv_size": [1, 1]},
								"south": {"uv": [8, 0], "uv_size": [1, 1]},
								"west": {"uv": [22, 19], "uv_size": [5, 3]},
								"up": {"uv": [9, 1], "uv_size": [-1, -1]},
								"down": {"uv": [9, 1], "uv_size": [-1, -1]}
							}
						}
					]
				},
				{
					"name": "Gift2",
					"parent": "presents",
					"pivot": [0, 7, 41],
					"rotation": [0, 10, 0],
					"cubes": [
						{
							"origin": [-4, 7, 37],
							"size": [8, 8, 8],
							"uv": {
								"north": {"uv": [14, 21], "uv_size": [8, 8]},
								"east": {"uv": [14, 21], "uv_size": [8, 8]},
								"south": {"uv": [14, 21], "uv_size": [8, 8]},
								"west": {"uv": [14, 21], "uv_size": [8, 8]},
								"up": {"uv": [14, 29], "uv_size": [-8, -8]},
								"down": {"uv": [14, 29], "uv_size": [-8, -8]}
							}
						},
						{
							"origin": [-2.5, 15, 41],
							"size": [5, 3, 0],
							"uv": {
								"north": {"uv": [22, 19], "uv_size": [5, 3]},
								"east": {"uv": [22, 19], "uv_size": [5, 3]},
								"south": {"uv": [8, 0], "uv_size": [1, 1]},
								"west": {"uv": [22, 19], "uv_size": [5, 3]},
								"up": {"uv": [9, 1], "uv_size": [-1, -1]},
								"down": {"uv": [9, 1], "uv_size": [-1, -1]}
							}
						},
						{
							"origin": [0, 15, 38.5],
							"size": [0, 3, 5],
							"uv": {
								"north": {"uv": [8, 0], "uv_size": [1, 1]},
								"east": {"uv": [8, 0], "uv_size": [1, 1]},
								"south": {"uv": [8, 0], "uv_size": [1, 1]},
								"west": {"uv": [22, 19], "uv_size": [5, 3]},
								"up": {"uv": [9, 1], "uv_size": [-1, -1]},
								"down": {"uv": [9, 1], "uv_size": [-1, -1]}
							}
						}
					]
				},
				{
					"name": "Gift3",
					"parent": "presents",
					"pivot": [0, 17, 49],
					"rotation": [0, 7.5, 0],
					"cubes": [
						{
							"origin": [-4, 17, 45],
							"size": [8, 8, 8],
							"uv": {
								"north": {"uv": [14, 21], "uv_size": [8, 8]},
								"east": {"uv": [14, 21], "uv_size": [8, 8]},
								"south": {"uv": [14, 21], "uv_size": [8, 8]},
								"west": {"uv": [14, 21], "uv_size": [8, 8]},
								"up": {"uv": [14, 29], "uv_size": [-8, -8]},
								"down": {"uv": [14, 29], "uv_size": [-8, -8]}
							}
						},
						{
							"origin": [-2.5, 25, 49],
							"size": [5, 3, 0],
							"uv": {
								"north": {"uv": [22, 19], "uv_size": [5, 3]},
								"east": {"uv": [22, 19], "uv_size": [5, 3]},
								"south": {"uv": [8, 0], "uv_size": [1, 1]},
								"west": {"uv": [22, 19], "uv_size": [5, 3]},
								"up": {"uv": [9, 1], "uv_size": [-1, -1]},
								"down": {"uv": [9, 1], "uv_size": [-1, -1]}
							}
						},
						{
							"origin": [0, 25, 46.5],
							"size": [0, 3, 5],
							"uv": {
								"north": {"uv": [8, 0], "uv_size": [1, 1]},
								"east": {"uv": [8, 0], "uv_size": [1, 1]},
								"south": {"uv": [8, 0], "uv_size": [1, 1]},
								"west": {"uv": [22, 19], "uv_size": [5, 3]},
								"up": {"uv": [9, 1], "uv_size": [-1, -1]},
								"down": {"uv": [9, 1], "uv_size": [-1, -1]}
							}
						}
					]
				},
				{
					"name": "Gift4",
					"parent": "presents",
					"pivot": [-5.75, 5, 34.25],
					"rotation": [0, 25, 0],
					"cubes": [
						{
							"origin": [-8.25, 8, 31.75],
							"size": [5, 5, 5],
							"uv": {
								"north": {"uv": [22, 22], "uv_size": [5, 5]},
								"east": {"uv": [22, 22], "uv_size": [5, 5]},
								"south": {"uv": [22, 22], "uv_size": [5, 5]},
								"west": {"uv": [22, 22], "uv_size": [5, 5]},
								"up": {"uv": [27, 32], "uv_size": [-5, -5]},
								"down": {"uv": [27, 32], "uv_size": [-5, -5]}
							}
						},
						{
							"origin": [-7.25, 13, 34.25],
							"size": [3, 1, 0],
							"uv": {
								"north": {"uv": [19, 20], "uv_size": [3, 1]},
								"east": {"uv": [19, 20], "uv_size": [3, 1]},
								"south": {"uv": [8, 0], "uv_size": [1, 1]},
								"west": {"uv": [19, 20], "uv_size": [2, 1]},
								"up": {"uv": [9, 1], "uv_size": [-1, -1]},
								"down": {"uv": [9, 1], "uv_size": [-1, -1]}
							}
						},
						{
							"origin": [-5.75, 13, 32.75],
							"size": [0, 1, 3],
							"uv": {
								"north": {"uv": [8, 0], "uv_size": [1, 1]},
								"east": {"uv": [8, 0], "uv_size": [1, 1]},
								"south": {"uv": [8, 0], "uv_size": [1, 1]},
								"west": {"uv": [19, 20], "uv_size": [3, 1]},
								"up": {"uv": [9, 1], "uv_size": [-1, -1]},
								"down": {"uv": [9, 1], "uv_size": [-1, -1]}
							}
						}
					]
				},
				{
					"name": "Gift5",
					"parent": "presents",
					"pivot": [6.75, 14, 49.25],
					"rotation": [0, 2.5, 0],
					"cubes": [
						{
							"origin": [4.25, 17, 46.75],
							"size": [5, 5, 5],
							"uv": {
								"north": {"uv": [22, 22], "uv_size": [5, 5]},
								"east": {"uv": [22, 22], "uv_size": [5, 5]},
								"south": {"uv": [22, 22], "uv_size": [5, 5]},
								"west": {"uv": [22, 22], "uv_size": [5, 5]},
								"up": {"uv": [27, 32], "uv_size": [-5, -5]},
								"down": {"uv": [27, 32], "uv_size": [-5, -5]}
							}
						},
						{
							"origin": [5.25, 22, 49.25],
							"size": [3, 1, 0],
							"uv": {
								"north": {"uv": [19, 20], "uv_size": [3, 1]},
								"east": {"uv": [19, 20], "uv_size": [3, 1]},
								"south": {"uv": [8, 0], "uv_size": [1, 1]},
								"west": {"uv": [19, 20], "uv_size": [2, 1]},
								"up": {"uv": [9, 1], "uv_size": [-1, -1]},
								"down": {"uv": [9, 1], "uv_size": [-1, -1]}
							}
						},
						{
							"origin": [6.75, 22, 47.75],
							"size": [0, 1, 3],
							"uv": {
								"north": {"uv": [8, 0], "uv_size": [1, 1]},
								"east": {"uv": [8, 0], "uv_size": [1, 1]},
								"south": {"uv": [8, 0], "uv_size": [1, 1]},
								"west": {"uv": [19, 20], "uv_size": [3, 1]},
								"up": {"uv": [9, 1], "uv_size": [-1, -1]},
								"down": {"uv": [9, 1], "uv_size": [-1, -1]}
							}
						}
					]
				},
				{
					"name": "Gift6",
					"parent": "presents",
					"pivot": [-6.75, 14, 50.25],
					"rotation": [0, 2.5, 0],
					"cubes": [
						{
							"origin": [-9.25, 17, 47.75],
							"size": [5, 5, 5],
							"uv": {
								"north": {"uv": [27, 19], "uv_size": [5, 5]},
								"east": {"uv": [27, 19], "uv_size": [5, 5]},
								"south": {"uv": [27, 19], "uv_size": [5, 5]},
								"west": {"uv": [27, 19], "uv_size": [5, 5]},
								"up": {"uv": [32, 29], "uv_size": [-5, -5]},
								"down": {"uv": [32, 29], "uv_size": [-5, -5]}
							}
						},
						{
							"origin": [-8.25, 22, 50.25],
							"size": [3, 1, 0],
							"uv": {
								"north": {"uv": [19, 20], "uv_size": [3, 1]},
								"east": {"uv": [19, 20], "uv_size": [3, 1]},
								"south": {"uv": [8, 0], "uv_size": [1, 1]},
								"west": {"uv": [19, 20], "uv_size": [2, 1]},
								"up": {"uv": [9, 1], "uv_size": [-1, -1]},
								"down": {"uv": [9, 1], "uv_size": [-1, -1]}
							}
						},
						{
							"origin": [-6.75, 22, 48.75],
							"size": [0, 1, 3],
							"uv": {
								"north": {"uv": [8, 0], "uv_size": [1, 1]},
								"east": {"uv": [8, 0], "uv_size": [1, 1]},
								"south": {"uv": [8, 0], "uv_size": [1, 1]},
								"west": {"uv": [19, 20], "uv_size": [3, 1]},
								"up": {"uv": [9, 1], "uv_size": [-1, -1]},
								"down": {"uv": [9, 1], "uv_size": [-1, -1]}
							}
						}
					]
				},
				{
					"name": "Gift7",
					"parent": "presents",
					"pivot": [-6.75, 14, 50.25],
					"rotation": [0, 2.5, 0],
					"cubes": [
						{
							"origin": [4.75, 8, 35.75],
							"size": [5, 5, 5],
							"uv": {
								"north": {"uv": [27, 19], "uv_size": [5, 5]},
								"east": {"uv": [27, 19], "uv_size": [5, 5]},
								"south": {"uv": [27, 19], "uv_size": [5, 5]},
								"west": {"uv": [27, 19], "uv_size": [5, 5]},
								"up": {"uv": [32, 29], "uv_size": [-5, -5]},
								"down": {"uv": [32, 29], "uv_size": [-5, -5]}
							}
						},
						{
							"origin": [5.75, 13, 38.25],
							"size": [3, 1, 0],
							"uv": {
								"north": {"uv": [19, 20], "uv_size": [3, 1]},
								"east": {"uv": [19, 20], "uv_size": [3, 1]},
								"south": {"uv": [8, 0], "uv_size": [1, 1]},
								"west": {"uv": [19, 20], "uv_size": [2, 1]},
								"up": {"uv": [9, 1], "uv_size": [-1, -1]},
								"down": {"uv": [9, 1], "uv_size": [-1, -1]}
							}
						},
						{
							"origin": [7.25, 13, 36.75],
							"size": [0, 1, 3],
							"uv": {
								"north": {"uv": [8, 0], "uv_size": [1, 1]},
								"east": {"uv": [8, 0], "uv_size": [1, 1]},
								"south": {"uv": [8, 0], "uv_size": [1, 1]},
								"west": {"uv": [19, 20], "uv_size": [3, 1]},
								"up": {"uv": [9, 1], "uv_size": [-1, -1]},
								"down": {"uv": [9, 1], "uv_size": [-1, -1]}
							}
						}
					]
				},
				{
					"name": "Thingies",
					"parent": "Sleigh",
					"pivot": [0, 10, 27],
					"rotation": [-17.5, 0, 0],
					"cubes": [
						{
							"origin": [-5.25, 9, 5],
							"size": [10.5, 3, 22],
							"uv": {
								"north": {"uv": [8, 0], "uv_size": [1, 1]},
								"east": {"uv": [6, 35], "uv_size": [22, 3]},
								"south": {"uv": [8, 0], "uv_size": [1, 1]},
								"west": {"uv": [6, 35], "uv_size": [22, 3]},
								"up": {"uv": [9, 1], "uv_size": [-1, -1]},
								"down": {"uv": [9, 1], "uv_size": [-1, -1]}
							}
						}
					]
				}
			]
		}
	]
}