{
	"format_version": "1.8.0",
	"geometry.skel_wolf_collar": {
		"texturewidth": 64,
		"textureheight": 32,
		"visible_bounds_width": 2,
		"visible_bounds_height": 2,
		"visible_bounds_offset": [0, 1, 0],
		"bones": [
			{
				"name": "upperBody",
				"pivot": [-1, 10, 2],
				"cubes": [
					{"origin": [-5, 13.1, -1], "size": [8, 0, 1], "uv": [46, 31], "inflate": 0.1},
					{"origin": [-5, 13.1, 5], "size": [8, 0, 1], "uv": [46, 31], "inflate": 0.1},
					{"origin": [2, 13.1, 0], "size": [1, 0, 5], "uv": [52, 27], "inflate": 0.1},
					{"origin": [-5, 13.1, 0], "size": [1, 0, 5], "uv": [52, 27], "inflate": 0.1}
				]
			}
		]
	}
}