{
	"format_version": "1.12.0",
	"minecraft:geometry": [
		{
			"description": {
				"identifier": "geometry.sleigh",
				"texture_width": 64,
				"texture_height": 64,
				"visible_bounds_width": 9,
				"visible_bounds_height": 5,
				"visible_bounds_offset": [0, 1.5, 0]
			},
			"bones": [
				{
					"name": "Sleigh",
					"pivot": [0, 13, -32],
					"cubes": [
						{
							"origin": [-10, 4, -17],
							"size": [20, 18, 33],
							"uv": {
								"north": {"uv": [8, 0], "uv_size": [1, 1]},
								"east": {"uv": [33, 46], "uv_size": [-33, 18]},
								"south": {"uv": [8, 0], "uv_size": [1, 1]},
								"west": {"uv": [0, 46], "uv_size": [33, 18]},
								"up": {"uv": [9, 1], "uv_size": [-1, -1]},
								"down": {"uv": [9, 1], "uv_size": [-1, -1]}
							}
						},
						{
							"origin": [-9.5, 4, -17],
							"size": [19, 18, 33],
							"uv": {
								"north": {"uv": [8, 0], "uv_size": [1, 1]},
								"east": {"uv": [33, 46], "uv_size": [-33, 18]},
								"south": {"uv": [8, 0], "uv_size": [1, 1]},
								"west": {"uv": [0, 46], "uv_size": [33, 18]},
								"up": {"uv": [9, 1], "uv_size": [-1, -1]},
								"down": {"uv": [9, 1], "uv_size": [-1, -1]}
							}
						},
						{
							"origin": [-10, 7, -15],
							"size": [20, 6, 1],
							"uv": {
								"north": {"uv": [33, 57], "uv_size": [20, 7]},
								"east": {"uv": [8, 0], "uv_size": [1, 1]},
								"south": {"uv": [8, 0], "uv_size": [1, 1]},
								"west": {"uv": [8, 0], "uv_size": [1, 1]},
								"up": {"uv": [53, 64], "uv_size": [-20, -1]},
								"down": {"uv": [53, 64], "uv_size": [-20, -1]}
							}
						},
						{
							"origin": [-10, 9, 14],
							"size": [20, 4, 1],
							"uv": {
								"north": {"uv": [8, 0], "uv_size": [1, 1]},
								"east": {"uv": [8, 0], "uv_size": [1, 1]},
								"south": {"uv": [33, 58], "uv_size": [20, 5]},
								"west": {"uv": [8, 0], "uv_size": [1, 1]},
								"up": {"uv": [53, 63], "uv_size": [-20, -1]},
								"down": {"uv": [53, 63], "uv_size": [-20, -1]}
							}
						},
						{
							"origin": [-10, 7, 13],
							"size": [20, 2, 1],
							"uv": {
								"north": {"uv": [8, 0], "uv_size": [1, 1]},
								"east": {"uv": [8, 0], "uv_size": [1, 1]},
								"south": {"uv": [33, 57], "uv_size": [20, 2]},
								"west": {"uv": [8, 0], "uv_size": [1, 1]},
								"up": {"uv": [9, 1], "uv_size": [-1, -1]},
								"down": {"uv": [53, 62], "uv_size": [-20, -1]}
							}
						},
						{
							"origin": [-10, 6, 12],
							"size": [20, 1, 1],
							"uv": {
								"north": {"uv": [8, 0], "uv_size": [1, 1]},
								"east": {"uv": [8, 0], "uv_size": [1, 1]},
								"south": {"uv": [33, 58], "uv_size": [20, 1]},
								"west": {"uv": [8, 0], "uv_size": [1, 1]},
								"up": {"uv": [9, 1], "uv_size": [-1, -1]},
								"down": {"uv": [53, 62], "uv_size": [-20, -1]}
							}
						},
						{
							"origin": [-10, 5, 10],
							"size": [20, 1, 2],
							"uv": {
								"north": {"uv": [8, 0], "uv_size": [1, 1]},
								"east": {"uv": [8, 0], "uv_size": [1, 1]},
								"south": {"uv": [33, 58], "uv_size": [20, 1]},
								"west": {"uv": [8, 0], "uv_size": [1, 1]},
								"up": {"uv": [9, 1], "uv_size": [-1, -1]},
								"down": {"uv": [53, 61], "uv_size": [-20, -2]}
							}
						},
						{
							"origin": [-10, 13, 13],
							"size": [20, 2, 1],
							"uv": {
								"north": {"uv": [8, 0], "uv_size": [1, 1]},
								"east": {"uv": [8, 0], "uv_size": [1, 1]},
								"south": {"uv": [33, 62], "uv_size": [20, 2]},
								"west": {"uv": [8, 0], "uv_size": [1, 1]},
								"up": {"uv": [53, 61], "uv_size": [-20, -1]},
								"down": {"uv": [9, 1], "uv_size": [-1, -1]}
							}
						},
						{
							"origin": [-10, 13, 12],
							"size": [20, 5, 1],
							"uv": {
								"north": {"uv": [33, 58], "uv_size": [20, 5]},
								"east": {"uv": [8, 0], "uv_size": [1, 1]},
								"south": {"uv": [33, 58], "uv_size": [20, 5]},
								"west": {"uv": [8, 0], "uv_size": [1, 1]},
								"up": {"uv": [53, 61], "uv_size": [-20, -1]},
								"down": {"uv": [9, 1], "uv_size": [-1, -1]}
							}
						},
						{
							"origin": [-10, 8, 11],
							"size": [20, 5, 1],
							"uv": {
								"north": {"uv": [33, 58], "uv_size": [20, 5]},
								"east": {"uv": [8, 0], "uv_size": [1, 1]},
								"south": {"uv": [33, 58], "uv_size": [20, 5]},
								"west": {"uv": [8, 0], "uv_size": [1, 1]},
								"up": {"uv": [53, 61], "uv_size": [-20, -1]},
								"down": {"uv": [9, 1], "uv_size": [-1, -1]}
							}
						},
						{
							"origin": [-10, 6, -14],
							"size": [20, 1, 1],
							"uv": {
								"north": {"uv": [33, 62], "uv_size": [20, 1]},
								"east": {"uv": [8, 0], "uv_size": [1, 1]},
								"south": {"uv": [8, 0], "uv_size": [1, 1]},
								"west": {"uv": [8, 0], "uv_size": [1, 1]},
								"up": {"uv": [9, 1], "uv_size": [-1, -1]},
								"down": {"uv": [53, 63], "uv_size": [-20, -1]}
							}
						},
						{
							"origin": [-10, 4, -10],
							"size": [20, 1, 6],
							"uv": {
								"north": {"uv": [33, 63], "uv_size": [20, 1]},
								"east": {"uv": [8, 0], "uv_size": [1, 1]},
								"south": {"uv": [8, 0], "uv_size": [1, 1]},
								"west": {"uv": [8, 0], "uv_size": [1, 1]},
								"up": {"uv": [9, 1], "uv_size": [-1, -1]},
								"down": {"uv": [53, 64], "uv_size": [-20, -6]}
							}
						},
						{
							"origin": [-10, 4, 4],
							"size": [20, 1, 6],
							"uv": {
								"north": {"uv": [8, 0], "uv_size": [1, 1]},
								"east": {"uv": [8, 0], "uv_size": [1, 1]},
								"south": {"uv": [33, 63], "uv_size": [20, 1]},
								"west": {"uv": [8, 0], "uv_size": [1, 1]},
								"up": {"uv": [9, 1], "uv_size": [-1, -1]},
								"down": {"uv": [53, 63], "uv_size": [-20, -6]}
							}
						},
						{
							"origin": [-10, 4, -4],
							"size": [20, 1, 8],
							"uv": {
								"north": {"uv": [8, 0], "uv_size": [1, 1]},
								"east": {"uv": [8, 0], "uv_size": [1, 1]},
								"south": {"uv": [8, 0], "uv_size": [1, 1]},
								"west": {"uv": [8, 0], "uv_size": [1, 1]},
								"up": {"uv": [9, 1], "uv_size": [-1, -1]},
								"down": {"uv": [53, 63], "uv_size": [-20, -5]}
							}
						},
						{
							"origin": [-10, 8, -11],
							"size": [20, 1, 25],
							"uv": {
								"north": {"uv": [8, 0], "uv_size": [1, 1]},
								"east": {"uv": [8, 0], "uv_size": [1, 1]},
								"south": {"uv": [8, 0], "uv_size": [1, 1]},
								"west": {"uv": [8, 0], "uv_size": [1, 1]},
								"up": {"uv": [9, 1], "uv_size": [-1, -1]},
								"down": {"uv": [53, 63], "uv_size": [-20, -5]}
							}
						},
						{
							"origin": [-10, 5, -13],
							"size": [20, 1, 3],
							"uv": {
								"north": {"uv": [33, 61], "uv_size": [20, 1]},
								"east": {"uv": [8, 0], "uv_size": [1, 1]},
								"south": {"uv": [8, 0], "uv_size": [1, 1]},
								"west": {"uv": [8, 0], "uv_size": [1, 1]},
								"up": {"uv": [9, 1], "uv_size": [-1, -1]},
								"down": {"uv": [53, 63], "uv_size": [-20, -3]}
							}
						},
						{
							"origin": [-10, 10, -14],
							"size": [20, 5, 3],
							"uv": {
								"north": {"uv": [33, 58], "uv_size": [20, 5]},
								"east": {"uv": [8, 0], "uv_size": [1, 1]},
								"south": {"uv": [33, 58], "uv_size": [20, 5]},
								"west": {"uv": [8, 0], "uv_size": [1, 1]},
								"up": {"uv": [53, 61], "uv_size": [-20, 2]},
								"down": {"uv": [9, 1], "uv_size": [-1, -1]}
							}
						},
						{
							"origin": [-10, 6, -13],
							"size": [20, 5, 3],
							"uv": {
								"north": {"uv": [33, 58], "uv_size": [20, 5]},
								"east": {"uv": [8, 0], "uv_size": [1, 1]},
								"south": {"uv": [33, 58], "uv_size": [20, 5]},
								"west": {"uv": [8, 0], "uv_size": [1, 1]},
								"up": {"uv": [53, 61], "uv_size": [-20, 2]},
								"down": {"uv": [9, 1], "uv_size": [-1, -1]}
							}
						}
					]
				},
				{
					"name": "SkidR",
					"parent": "Sleigh",
					"pivot": [-9, 4, -10],
					"cubes": [
						{
							"origin": [-9, 0, -12],
							"size": [0, 4, 12],
							"uv": {
								"north": {"uv": [8, 0], "uv_size": [1, 1]},
								"east": {"uv": [45, 53], "uv_size": [-12, 4]},
								"south": {"uv": [8, 0], "uv_size": [1, 1]},
								"west": {"uv": [8, 0], "uv_size": [1, 1]},
								"up": {"uv": [9, 1], "uv_size": [-1, -1]},
								"down": {"uv": [9, 1], "uv_size": [-1, -1]}
							}
						},
						{
							"origin": [-9, 0, -20],
							"size": [0, 7, 8],
							"uv": {
								"north": {"uv": [8, 0], "uv_size": [1, 1]},
								"east": {"uv": [26, 39], "uv_size": [-8, 7]},
								"south": {"uv": [8, 0], "uv_size": [1, 1]},
								"west": {"uv": [8, 0], "uv_size": [1, 1]},
								"up": {"uv": [9, 1], "uv_size": [-1, -1]},
								"down": {"uv": [9, 1], "uv_size": [-1, -1]}
							}
						},
						{
							"origin": [-9, 0, 12],
							"size": [0, 3, 7],
							"uv": {
								"north": {"uv": [8, 0], "uv_size": [1, 1]},
								"east": {"uv": [19, 43], "uv_size": [7, 3]},
								"south": {"uv": [8, 0], "uv_size": [1, 1]},
								"west": {"uv": [8, 0], "uv_size": [1, 1]},
								"up": {"uv": [9, 1], "uv_size": [-1, -1]},
								"down": {"uv": [9, 1], "uv_size": [-1, -1]}
							}
						},
						{
							"origin": [-9, 0, 0],
							"size": [0, 4, 12],
							"uv": {
								"north": {"uv": [8, 0], "uv_size": [1, 1]},
								"east": {"uv": [33, 53], "uv_size": [12, 4]},
								"south": {"uv": [8, 0], "uv_size": [1, 1]},
								"west": {"uv": [8, 0], "uv_size": [1, 1]},
								"up": {"uv": [9, 1], "uv_size": [-1, -1]},
								"down": {"uv": [9, 1], "uv_size": [-1, -1]}
							}
						}
					]
				},
				{
					"name": "SkidL",
					"parent": "Sleigh",
					"pivot": [9, 4, -10],
					"cubes": [
						{
							"origin": [9, 0, -12],
							"size": [0, 4, 12],
							"uv": {
								"north": {"uv": [8, 0], "uv_size": [1, 1]},
								"east": {"uv": [45, 53], "uv_size": [-12, 4]},
								"south": {"uv": [8, 0], "uv_size": [1, 1]},
								"west": {"uv": [8, 0], "uv_size": [1, 1]},
								"up": {"uv": [9, 1], "uv_size": [-1, -1]},
								"down": {"uv": [9, 1], "uv_size": [-1, -1]}
							}
						},
						{
							"origin": [9, 0, -20],
							"size": [0, 7, 8],
							"uv": {
								"north": {"uv": [8, 0], "uv_size": [1, 1]},
								"east": {"uv": [26, 39], "uv_size": [-8, 7]},
								"south": {"uv": [8, 0], "uv_size": [1, 1]},
								"west": {"uv": [8, 0], "uv_size": [1, 1]},
								"up": {"uv": [9, 1], "uv_size": [-1, -1]},
								"down": {"uv": [9, 1], "uv_size": [-1, -1]}
							}
						},
						{
							"origin": [9, 0, 12],
							"size": [0, 3, 7],
							"uv": {
								"north": {"uv": [8, 0], "uv_size": [1, 1]},
								"east": {"uv": [19, 43], "uv_size": [7, 3]},
								"south": {"uv": [8, 0], "uv_size": [1, 1]},
								"west": {"uv": [8, 0], "uv_size": [1, 1]},
								"up": {"uv": [9, 1], "uv_size": [-1, -1]},
								"down": {"uv": [9, 1], "uv_size": [-1, -1]}
							}
						},
						{
							"origin": [9, 0, 0],
							"size": [0, 4, 12],
							"uv": {
								"north": {"uv": [8, 0], "uv_size": [1, 1]},
								"east": {"uv": [33, 53], "uv_size": [12, 4]},
								"south": {"uv": [8, 0], "uv_size": [1, 1]},
								"west": {"uv": [8, 0], "uv_size": [1, 1]},
								"up": {"uv": [9, 1], "uv_size": [-1, -1]},
								"down": {"uv": [9, 1], "uv_size": [-1, -1]}
							}
						}
					]
				},
				{
					"name": "presents",
					"parent": "Sleigh",
					"pivot": [0, 9, -1]
				},
				{
					"name": "Gift0",
					"parent": "presents",
					"pivot": [-6, 9, 6],
					"rotation": [0, -7.5, 0],
					"cubes": [
						{
							"origin": [-9.5, 9, 2],
							"size": [8, 8, 8],
							"uv": {
								"north": {"uv": [14, 21], "uv_size": [8, 8]},
								"east": {"uv": [14, 21], "uv_size": [8, 8]},
								"south": {"uv": [14, 21], "uv_size": [8, 8]},
								"west": {"uv": [14, 21], "uv_size": [8, 8]},
								"up": {"uv": [14, 29], "uv_size": [-8, -8]},
								"down": {"uv": [14, 29], "uv_size": [-8, -8]}
							}
						},
						{
							"origin": [-8.5, 17, 6],
							"size": [5, 3, 0],
							"uv": {
								"north": {"uv": [22, 19], "uv_size": [5, 3]},
								"east": {"uv": [22, 19], "uv_size": [5, 3]},
								"south": {"uv": [8, 0], "uv_size": [1, 1]},
								"west": {"uv": [22, 19], "uv_size": [5, 3]},
								"up": {"uv": [9, 1], "uv_size": [-1, -1]},
								"down": {"uv": [9, 1], "uv_size": [-1, -1]}
							}
						},
						{
							"origin": [-6, 17, 3.5],
							"size": [0, 3, 5],
							"uv": {
								"north": {"uv": [8, 0], "uv_size": [1, 1]},
								"east": {"uv": [8, 0], "uv_size": [1, 1]},
								"south": {"uv": [8, 0], "uv_size": [1, 1]},
								"west": {"uv": [22, 19], "uv_size": [5, 3]},
								"up": {"uv": [9, 1], "uv_size": [-1, -1]},
								"down": {"uv": [9, 1], "uv_size": [-1, -1]}
							}
						}
					]
				},
				{
					"name": "Gift1",
					"parent": "presents",
					"pivot": [4, 9, 5],
					"rotation": [0, 22.5, 0],
					"cubes": [
						{
							"origin": [0, 9, 1],
							"size": [8, 8, 8],
							"uv": {
								"north": {"uv": [14, 21], "uv_size": [8, 8]},
								"east": {"uv": [14, 21], "uv_size": [8, 8]},
								"south": {"uv": [14, 21], "uv_size": [8, 8]},
								"west": {"uv": [14, 21], "uv_size": [8, 8]},
								"up": {"uv": [14, 29], "uv_size": [-8, -8]},
								"down": {"uv": [14, 29], "uv_size": [-8, -8]}
							}
						},
						{
							"origin": [1.5, 17, 5],
							"size": [5, 3, 0],
							"uv": {
								"north": {"uv": [22, 19], "uv_size": [5, 3]},
								"east": {"uv": [22, 19], "uv_size": [5, 3]},
								"south": {"uv": [8, 0], "uv_size": [1, 1]},
								"west": {"uv": [22, 19], "uv_size": [5, 3]},
								"up": {"uv": [9, 1], "uv_size": [-1, -1]},
								"down": {"uv": [9, 1], "uv_size": [-1, -1]}
							}
						},
						{
							"origin": [4, 17, 2.5],
							"size": [0, 3, 5],
							"uv": {
								"north": {"uv": [8, 0], "uv_size": [1, 1]},
								"east": {"uv": [8, 0], "uv_size": [1, 1]},
								"south": {"uv": [8, 0], "uv_size": [1, 1]},
								"west": {"uv": [22, 19], "uv_size": [5, 3]},
								"up": {"uv": [9, 1], "uv_size": [-1, -1]},
								"down": {"uv": [9, 1], "uv_size": [-1, -1]}
							}
						}
					]
				},
				{
					"name": "Gift2",
					"parent": "presents",
					"pivot": [0, 7, 0],
					"rotation": [0, 10, 0],
					"cubes": [
						{
							"origin": [-4, 7, -4],
							"size": [8, 8, 8],
							"uv": {
								"north": {"uv": [14, 21], "uv_size": [8, 8]},
								"east": {"uv": [14, 21], "uv_size": [8, 8]},
								"south": {"uv": [14, 21], "uv_size": [8, 8]},
								"west": {"uv": [14, 21], "uv_size": [8, 8]},
								"up": {"uv": [14, 29], "uv_size": [-8, -8]},
								"down": {"uv": [14, 29], "uv_size": [-8, -8]}
							}
						},
						{
							"origin": [-2.5, 15, 0],
							"size": [5, 3, 0],
							"uv": {
								"north": {"uv": [22, 19], "uv_size": [5, 3]},
								"east": {"uv": [22, 19], "uv_size": [5, 3]},
								"south": {"uv": [8, 0], "uv_size": [1, 1]},
								"west": {"uv": [22, 19], "uv_size": [5, 3]},
								"up": {"uv": [9, 1], "uv_size": [-1, -1]},
								"down": {"uv": [9, 1], "uv_size": [-1, -1]}
							}
						},
						{
							"origin": [0, 15, -2.5],
							"size": [0, 3, 5],
							"uv": {
								"north": {"uv": [8, 0], "uv_size": [1, 1]},
								"east": {"uv": [8, 0], "uv_size": [1, 1]},
								"south": {"uv": [8, 0], "uv_size": [1, 1]},
								"west": {"uv": [22, 19], "uv_size": [5, 3]},
								"up": {"uv": [9, 1], "uv_size": [-1, -1]},
								"down": {"uv": [9, 1], "uv_size": [-1, -1]}
							}
						}
					]
				},
				{
					"name": "Gift3",
					"parent": "presents",
					"pivot": [0, 17, 8],
					"rotation": [0, 7.5, 0],
					"cubes": [
						{
							"origin": [-4, 16.75, 4],
							"size": [8, 8.25, 8],
							"uv": {
								"north": {"uv": [14, 21], "uv_size": [8, 8]},
								"east": {"uv": [14, 21], "uv_size": [8, 8]},
								"south": {"uv": [14, 21], "uv_size": [8, 8]},
								"west": {"uv": [14, 21], "uv_size": [8, 8]},
								"up": {"uv": [14, 29], "uv_size": [-8, -8]},
								"down": {"uv": [14, 29], "uv_size": [-8, -8]}
							}
						},
						{
							"origin": [-2.5, 25, 8],
							"size": [5, 3, 0],
							"uv": {
								"north": {"uv": [22, 19], "uv_size": [5, 3]},
								"east": {"uv": [22, 19], "uv_size": [5, 3]},
								"south": {"uv": [8, 0], "uv_size": [1, 1]},
								"west": {"uv": [22, 19], "uv_size": [5, 3]},
								"up": {"uv": [9, 1], "uv_size": [-1, -1]},
								"down": {"uv": [9, 1], "uv_size": [-1, -1]}
							}
						},
						{
							"origin": [0, 25, 5.5],
							"size": [0, 3, 5],
							"uv": {
								"north": {"uv": [8, 0], "uv_size": [1, 1]},
								"east": {"uv": [8, 0], "uv_size": [1, 1]},
								"south": {"uv": [8, 0], "uv_size": [1, 1]},
								"west": {"uv": [22, 19], "uv_size": [5, 3]},
								"up": {"uv": [9, 1], "uv_size": [-1, -1]},
								"down": {"uv": [9, 1], "uv_size": [-1, -1]}
							}
						}
					]
				},
				{
					"name": "Gift4",
					"parent": "presents",
					"pivot": [-5.75, 5, -6.75],
					"rotation": [0, 25, 0],
					"cubes": [
						{
							"origin": [-8.25, 8, -9.25],
							"size": [5, 5, 5],
							"uv": {
								"north": {"uv": [22, 22], "uv_size": [5, 5]},
								"east": {"uv": [22, 22], "uv_size": [5, 5]},
								"south": {"uv": [22, 22], "uv_size": [5, 5]},
								"west": {"uv": [22, 22], "uv_size": [5, 5]},
								"up": {"uv": [27, 32], "uv_size": [-5, -5]},
								"down": {"uv": [27, 32], "uv_size": [-5, -5]}
							}
						},
						{
							"origin": [-7.25, 13, -6.75],
							"size": [3, 1, 0],
							"uv": {
								"north": {"uv": [19, 20], "uv_size": [3, 1]},
								"east": {"uv": [19, 20], "uv_size": [3, 1]},
								"south": {"uv": [8, 0], "uv_size": [1, 1]},
								"west": {"uv": [19, 20], "uv_size": [2, 1]},
								"up": {"uv": [9, 1], "uv_size": [-1, -1]},
								"down": {"uv": [9, 1], "uv_size": [-1, -1]}
							}
						},
						{
							"origin": [-5.75, 13, -8.25],
							"size": [0, 1, 3],
							"uv": {
								"north": {"uv": [8, 0], "uv_size": [1, 1]},
								"east": {"uv": [8, 0], "uv_size": [1, 1]},
								"south": {"uv": [8, 0], "uv_size": [1, 1]},
								"west": {"uv": [19, 20], "uv_size": [3, 1]},
								"up": {"uv": [9, 1], "uv_size": [-1, -1]},
								"down": {"uv": [9, 1], "uv_size": [-1, -1]}
							}
						}
					]
				},
				{
					"name": "Gift5",
					"parent": "presents",
					"pivot": [6.75, 14, 8.25],
					"rotation": [0, 2.5, 0],
					"cubes": [
						{
							"origin": [4.25, 17, 5.75],
							"size": [5, 5, 5],
							"uv": {
								"north": {"uv": [22, 22], "uv_size": [5, 5]},
								"east": {"uv": [22, 22], "uv_size": [5, 5]},
								"south": {"uv": [22, 22], "uv_size": [5, 5]},
								"west": {"uv": [22, 22], "uv_size": [5, 5]},
								"up": {"uv": [27, 32], "uv_size": [-5, -5]},
								"down": {"uv": [27, 32], "uv_size": [-5, -5]}
							}
						},
						{
							"origin": [5.25, 22, 8.25],
							"size": [3, 1, 0],
							"uv": {
								"north": {"uv": [19, 20], "uv_size": [3, 1]},
								"east": {"uv": [19, 20], "uv_size": [3, 1]},
								"south": {"uv": [8, 0], "uv_size": [1, 1]},
								"west": {"uv": [19, 20], "uv_size": [2, 1]},
								"up": {"uv": [9, 1], "uv_size": [-1, -1]},
								"down": {"uv": [9, 1], "uv_size": [-1, -1]}
							}
						},
						{
							"origin": [6.75, 22, 6.75],
							"size": [0, 1, 3],
							"uv": {
								"north": {"uv": [8, 0], "uv_size": [1, 1]},
								"east": {"uv": [8, 0], "uv_size": [1, 1]},
								"south": {"uv": [8, 0], "uv_size": [1, 1]},
								"west": {"uv": [19, 20], "uv_size": [3, 1]},
								"up": {"uv": [9, 1], "uv_size": [-1, -1]},
								"down": {"uv": [9, 1], "uv_size": [-1, -1]}
							}
						}
					]
				},
				{
					"name": "Gift6",
					"parent": "presents",
					"pivot": [-6.75, 14, 9.25],
					"rotation": [0, 2.5, 0],
					"cubes": [
						{
							"origin": [-9.25, 17, 6.75],
							"size": [5, 5, 5],
							"uv": {
								"north": {"uv": [27, 19], "uv_size": [5, 5]},
								"east": {"uv": [27, 19], "uv_size": [5, 5]},
								"south": {"uv": [27, 19], "uv_size": [5, 5]},
								"west": {"uv": [27, 19], "uv_size": [5, 5]},
								"up": {"uv": [32, 29], "uv_size": [-5, -5]},
								"down": {"uv": [32, 29], "uv_size": [-5, -5]}
							}
						},
						{
							"origin": [-8.25, 22, 9.25],
							"size": [3, 1, 0],
							"uv": {
								"north": {"uv": [19, 20], "uv_size": [3, 1]},
								"east": {"uv": [19, 20], "uv_size": [3, 1]},
								"south": {"uv": [8, 0], "uv_size": [1, 1]},
								"west": {"uv": [19, 20], "uv_size": [2, 1]},
								"up": {"uv": [9, 1], "uv_size": [-1, -1]},
								"down": {"uv": [9, 1], "uv_size": [-1, -1]}
							}
						},
						{
							"origin": [-6.75, 22, 7.75],
							"size": [0, 1, 3],
							"uv": {
								"north": {"uv": [8, 0], "uv_size": [1, 1]},
								"east": {"uv": [8, 0], "uv_size": [1, 1]},
								"south": {"uv": [8, 0], "uv_size": [1, 1]},
								"west": {"uv": [19, 20], "uv_size": [3, 1]},
								"up": {"uv": [9, 1], "uv_size": [-1, -1]},
								"down": {"uv": [9, 1], "uv_size": [-1, -1]}
							}
						}
					]
				},
				{
					"name": "Gift7",
					"parent": "presents",
					"pivot": [-6.75, 14, 9.25],
					"rotation": [0, 2.5, 0],
					"cubes": [
						{
							"origin": [4.75, 8, -5.25],
							"size": [5, 5, 5],
							"uv": {
								"north": {"uv": [27, 19], "uv_size": [5, 5]},
								"east": {"uv": [27, 19], "uv_size": [5, 5]},
								"south": {"uv": [27, 19], "uv_size": [5, 5]},
								"west": {"uv": [27, 19], "uv_size": [5, 5]},
								"up": {"uv": [32, 29], "uv_size": [-5, -5]},
								"down": {"uv": [32, 29], "uv_size": [-5, -5]}
							}
						},
						{
							"origin": [5.75, 13, -2.75],
							"size": [3, 1, 0],
							"uv": {
								"north": {"uv": [19, 20], "uv_size": [3, 1]},
								"east": {"uv": [19, 20], "uv_size": [3, 1]},
								"south": {"uv": [8, 0], "uv_size": [1, 1]},
								"west": {"uv": [19, 20], "uv_size": [2, 1]},
								"up": {"uv": [9, 1], "uv_size": [-1, -1]},
								"down": {"uv": [9, 1], "uv_size": [-1, -1]}
							}
						},
						{
							"origin": [7.25, 13, -4.25],
							"size": [0, 1, 3],
							"uv": {
								"north": {"uv": [8, 0], "uv_size": [1, 1]},
								"east": {"uv": [8, 0], "uv_size": [1, 1]},
								"south": {"uv": [8, 0], "uv_size": [1, 1]},
								"west": {"uv": [19, 20], "uv_size": [3, 1]},
								"up": {"uv": [9, 1], "uv_size": [-1, -1]},
								"down": {"uv": [9, 1], "uv_size": [-1, -1]}
							}
						}
					]
				}
			]
		}
	]
}