{
	"format_version": "1.12.0",
	"minecraft:geometry": [
		{
			"description": {
				"identifier": "geometry.toy.train",
				"texture_width": 64,
				"texture_height": 64,
				"visible_bounds_width": 5,
				"visible_bounds_height": 2.125,
				"visible_bounds_offset": [0, 0.9375, 0]
			},
			"bones": [
				{
					"name": "body",
					"pivot": [0, 19, 1]
				},
				{
					"name": "head",
					"parent": "body",
					"pivot": [0, 8, 0]
				},
				{
					"name": "idle",
					"parent": "head",
					"pivot": [0, 8, 0],
					"cubes": [
						{
							"origin": [-4.5, 6, -4.5],
							"size": [9, 9, 9],
							"uv": {
								"north": {"uv": [9, 9], "uv_size": [9, 9]},
								"east": {"uv": [0, 9], "uv_size": [9, 9]},
								"south": {"uv": [27, 9], "uv_size": [9, 9]},
								"west": {"uv": [18, 9], "uv_size": [9, 9]},
								"up": {"uv": [9, 0], "uv_size": [9, 9]},
								"down": {"uv": [9, 9], "uv_size": [9, -9]}
							}
						},
						{
							"origin": [-4.5, 3, -4.5],
							"size": [9, 3, 0],
							"uv": {
								"north": {"uv": [18, 18], "uv_size": [9, 3]},
								"east": {"uv": [18, 18], "uv_size": [9, 3]},
								"south": {"uv": [18, 18], "uv_size": [9, 3]},
								"west": {"uv": [18, 18], "uv_size": [9, 3]},
								"up": {"uv": [9, 0], "uv_size": [9, 9]},
								"down": {"uv": [18, 9], "uv_size": [9, -9]}
							}
						},
						{
							"origin": [-4.5, 3, 4.5],
							"size": [9, 3, 0],
							"uv": {
								"north": {"uv": [18, 18], "uv_size": [9, 3]},
								"east": {"uv": [18, 18], "uv_size": [9, 3]},
								"south": {"uv": [18, 18], "uv_size": [9, 3]},
								"west": {"uv": [18, 18], "uv_size": [9, 3]},
								"up": {"uv": [9, 0], "uv_size": [9, 9]},
								"down": {"uv": [18, 9], "uv_size": [9, -9]}
							}
						},
						{
							"origin": [-1.5, 2, 4.5],
							"size": [2, 1, 0],
							"uv": {
								"north": {"uv": [20, 20], "uv_size": [2, 1]},
								"east": {"uv": [18, 18], "uv_size": [9, 3]},
								"south": {"uv": [20, 20], "uv_size": [2, 1]},
								"west": {"uv": [18, 18], "uv_size": [9, 3]},
								"up": {"uv": [9, 0], "uv_size": [9, 9]},
								"down": {"uv": [18, 9], "uv_size": [9, -9]}
							}
						},
						{
							"origin": [2.5, 2, 4.5],
							"size": [2, 1, 0],
							"uv": {
								"north": {"uv": [20, 20], "uv_size": [2, 1]},
								"east": {"uv": [18, 18], "uv_size": [9, 3]},
								"south": {"uv": [20, 20], "uv_size": [2, 1]},
								"west": {"uv": [18, 18], "uv_size": [9, 3]},
								"up": {"uv": [9, 0], "uv_size": [9, 9]},
								"down": {"uv": [18, 9], "uv_size": [9, -9]}
							}
						},
						{
							"origin": [-4.5, 2, 4.5],
							"size": [2, 1, 0],
							"uv": {
								"north": {"uv": [20, 20], "uv_size": [2, 1]},
								"east": {"uv": [18, 18], "uv_size": [9, 3]},
								"south": {"uv": [20, 20], "uv_size": [2, 1]},
								"west": {"uv": [18, 18], "uv_size": [9, 3]},
								"up": {"uv": [9, 0], "uv_size": [9, 9]},
								"down": {"uv": [18, 9], "uv_size": [9, -9]}
							}
						},
						{
							"origin": [-0.5, 2, -4.5],
							"size": [2, 1, 0],
							"uv": {
								"north": {"uv": [20, 20], "uv_size": [2, 1]},
								"east": {"uv": [18, 18], "uv_size": [9, 3]},
								"south": {"uv": [20, 20], "uv_size": [2, 1]},
								"west": {"uv": [18, 18], "uv_size": [9, 3]},
								"up": {"uv": [9, 0], "uv_size": [9, 9]},
								"down": {"uv": [18, 9], "uv_size": [9, -9]}
							}
						},
						{
							"origin": [2.5, 2, -4.5],
							"size": [2, 1, 0],
							"uv": {
								"north": {"uv": [20, 20], "uv_size": [2, 1]},
								"east": {"uv": [18, 18], "uv_size": [9, 3]},
								"south": {"uv": [20, 20], "uv_size": [2, 1]},
								"west": {"uv": [18, 18], "uv_size": [9, 3]},
								"up": {"uv": [9, 0], "uv_size": [9, 9]},
								"down": {"uv": [18, 9], "uv_size": [9, -9]}
							}
						},
						{
							"origin": [-4.5, 2, -4.5],
							"size": [2, 1, 0],
							"uv": {
								"north": {"uv": [20, 20], "uv_size": [2, 1]},
								"east": {"uv": [18, 18], "uv_size": [9, 3]},
								"south": {"uv": [20, 20], "uv_size": [2, 1]},
								"west": {"uv": [18, 18], "uv_size": [9, 3]},
								"up": {"uv": [9, 0], "uv_size": [9, 9]},
								"down": {"uv": [18, 9], "uv_size": [9, -9]}
							}
						}
					]
				},
				{
					"name": "idle2",
					"parent": "idle",
					"pivot": [0, 8, 0],
					"rotation": [0, -90, 0],
					"cubes": [
						{
							"origin": [-4.5, 3, -4.5],
							"size": [9, 3, 0],
							"uv": {
								"north": {"uv": [18, 18], "uv_size": [9, 3]},
								"east": {"uv": [18, 18], "uv_size": [9, 3]},
								"south": {"uv": [18, 18], "uv_size": [9, 3]},
								"west": {"uv": [18, 18], "uv_size": [9, 3]},
								"up": {"uv": [9, 0], "uv_size": [9, 9]},
								"down": {"uv": [18, 9], "uv_size": [9, -9]}
							}
						},
						{
							"origin": [-4.5, 3, 4.5],
							"size": [9, 3, 0],
							"uv": {
								"north": {"uv": [18, 18], "uv_size": [9, 3]},
								"east": {"uv": [18, 18], "uv_size": [9, 3]},
								"south": {"uv": [18, 18], "uv_size": [9, 3]},
								"west": {"uv": [18, 18], "uv_size": [9, 3]},
								"up": {"uv": [9, 0], "uv_size": [9, 9]},
								"down": {"uv": [18, 9], "uv_size": [9, -9]}
							}
						},
						{
							"origin": [-1.5, 2, 4.5],
							"size": [2, 1, 0],
							"uv": {
								"north": {"uv": [20, 20], "uv_size": [2, 1]},
								"east": {"uv": [18, 18], "uv_size": [9, 3]},
								"south": {"uv": [20, 20], "uv_size": [2, 1]},
								"west": {"uv": [18, 18], "uv_size": [9, 3]},
								"up": {"uv": [9, 0], "uv_size": [9, 9]},
								"down": {"uv": [18, 9], "uv_size": [9, -9]}
							}
						},
						{
							"origin": [2.5, 2, 4.5],
							"size": [2, 1, 0],
							"uv": {
								"north": {"uv": [20, 20], "uv_size": [2, 1]},
								"east": {"uv": [18, 18], "uv_size": [9, 3]},
								"south": {"uv": [20, 20], "uv_size": [2, 1]},
								"west": {"uv": [18, 18], "uv_size": [9, 3]},
								"up": {"uv": [9, 0], "uv_size": [9, 9]},
								"down": {"uv": [18, 9], "uv_size": [9, -9]}
							}
						},
						{
							"origin": [-4.5, 2, 4.5],
							"size": [2, 1, 0],
							"uv": {
								"north": {"uv": [20, 20], "uv_size": [2, 1]},
								"east": {"uv": [18, 18], "uv_size": [9, 3]},
								"south": {"uv": [20, 20], "uv_size": [2, 1]},
								"west": {"uv": [18, 18], "uv_size": [9, 3]},
								"up": {"uv": [9, 0], "uv_size": [9, 9]},
								"down": {"uv": [18, 9], "uv_size": [9, -9]}
							}
						},
						{
							"origin": [-0.5, 2, -4.5],
							"size": [2, 1, 0],
							"uv": {
								"north": {"uv": [20, 20], "uv_size": [2, 1]},
								"east": {"uv": [18, 18], "uv_size": [9, 3]},
								"south": {"uv": [20, 20], "uv_size": [2, 1]},
								"west": {"uv": [18, 18], "uv_size": [9, 3]},
								"up": {"uv": [9, 0], "uv_size": [9, 9]},
								"down": {"uv": [18, 9], "uv_size": [9, -9]}
							}
						},
						{
							"origin": [2.5, 2, -4.5],
							"size": [2, 1, 0],
							"uv": {
								"north": {"uv": [20, 20], "uv_size": [2, 1]},
								"east": {"uv": [18, 18], "uv_size": [9, 3]},
								"south": {"uv": [20, 20], "uv_size": [2, 1]},
								"west": {"uv": [18, 18], "uv_size": [9, 3]},
								"up": {"uv": [9, 0], "uv_size": [9, 9]},
								"down": {"uv": [18, 9], "uv_size": [9, -9]}
							}
						},
						{
							"origin": [-4.5, 2, -4.5],
							"size": [2, 1, 0],
							"uv": {
								"north": {"uv": [20, 20], "uv_size": [2, 1]},
								"east": {"uv": [18, 18], "uv_size": [9, 3]},
								"south": {"uv": [20, 20], "uv_size": [2, 1]},
								"west": {"uv": [18, 18], "uv_size": [9, 3]},
								"up": {"uv": [9, 0], "uv_size": [9, 9]},
								"down": {"uv": [18, 9], "uv_size": [9, -9]}
							}
						}
					]
				}
			]
		}
	]
}