{
	"format_version": "1.12.0",
	"minecraft:geometry": [
		{
			"description": {
				"identifier": "geometry.trader.valentine",
				"texture_width": 64,
				"texture_height": 64,
				"visible_bounds_width": 4,
				"visible_bounds_height": 4,
				"visible_bounds_offset": [0, 2, 0]
			},
			"bones": [
				{
					"name": "body",
					"pivot": [0, 0, 0],
					"cubes": [
						{
							"origin": [-4, 12, -3],
							"size": [8, 12, 6],
							"uv": {
								"north": {"uv": [10, 24], "uv_size": [8, 12]},
								"east": {"uv": [4, 24], "uv_size": [6, 12]},
								"south": {"uv": [18, 24], "uv_size": [8, 12]},
								"west": {"uv": [10, 24], "uv_size": [-6, 12]},
								"up": {"uv": [8, 18], "uv_size": [8, 6]},
								"down": {"uv": [16, 24], "uv_size": [8, -6]}
							}
						},
						{
							"origin": [-4.5, 7, -3.5],
							"size": [9, 7, 7],
							"inflate": -0.1,
							"uv": {
								"north": {"uv": [14, 57], "uv_size": [9, 7]},
								"east": {"uv": [23, 57], "uv_size": [7, 7]},
								"south": {"uv": [14, 57], "uv_size": [9, 7]},
								"west": {"uv": [23, 57], "uv_size": [7, 7]},
								"up": {"uv": [64, 0], "uv_size": [0, 0]},
								"down": {"uv": [64, 0], "uv_size": [0, 0]}
							}
						}
					],
					"locators": {
						"lead_hold": [0, 40, 0]
					}
				},
				{
					"name": "head",
					"parent": "body",
					"pivot": [0, 24, 0],
					"cubes": [
						{
							"origin": [-4, 24, -4],
							"size": [8, 10, 8],
							"uv": {
								"north": {"uv": [8, 8], "uv_size": [8, 10]},
								"east": {"uv": [0, 8], "uv_size": [8, 10]},
								"south": {"uv": [16, 8], "uv_size": [8, 10]},
								"west": {"uv": [8, 8], "uv_size": [-8, 10]},
								"up": {"uv": [0, 0], "uv_size": [8, 8]},
								"down": {"uv": [8, 8], "uv_size": [8, -8]}
							}
						},
						{
							"origin": [-4, 30.75, -4],
							"size": [8, 2, 8],
							"inflate": 0.2,
							"uv": {
								"north": {"uv": [13, 59], "uv_size": [-8, 2]},
								"east": {"uv": [13, 59], "uv_size": [-8, 2]},
								"south": {"uv": [13, 59], "uv_size": [-8, 2]},
								"west": {"uv": [13, 59], "uv_size": [-8, 2]},
								"up": {"uv": [64, 64], "uv_size": [0, 0]},
								"down": {"uv": [64, 64], "uv_size": [0, 0]}
							}
						},
						{
							"origin": [-4.5, 31.75, -4.5],
							"size": [9, 3, 9],
							"uv": {
								"north": {"uv": [9, 64], "uv_size": [-9, -3]},
								"east": {"uv": [9, 64], "uv_size": [-9, -3]},
								"south": {"uv": [9, 64], "uv_size": [-9, -3]},
								"west": {"uv": [9, 64], "uv_size": [-9, -3]},
								"up": {"uv": [64, 64], "uv_size": [0, 0]},
								"down": {"uv": [64, 64], "uv_size": [0, 0]}
							}
						},
						{
							"origin": [-2.5, 28.75, 2.25],
							"size": [5, 4, 0],
							"uv": {
								"north": {"uv": [5, 61], "uv_size": [-5, -4]},
								"east": {"uv": [9, 64], "uv_size": [-9, -3]},
								"south": {"uv": [64, 64], "uv_size": [0, 0]},
								"west": {"uv": [9, 64], "uv_size": [-9, -3]},
								"up": {"uv": [64, 64], "uv_size": [0, 0]},
								"down": {"uv": [64, 64], "uv_size": [0, 0]}
							}
						}
					]
				},
				{
					"name": "helmet",
					"parent": "head",
					"pivot": [0, 24, 0]
				},
				{
					"name": "nose",
					"parent": "head",
					"pivot": [0, 26, 0],
					"cubes": [
						{
							"origin": [-1, 23, -6],
							"size": [2, 4, 2],
							"uv": {
								"north": {"uv": [16, 0], "uv_size": [1, 1]},
								"east": {"uv": [16, 1], "uv_size": [1, 1]},
								"south": {"uv": [16, 0], "uv_size": [1, 1]},
								"west": {"uv": [16, 1], "uv_size": [1, 1]},
								"up": {"uv": [17, 1], "uv_size": [-1, -1]},
								"down": {"uv": [17, 2], "uv_size": [-1, -1]}
							}
						}
					]
				},
				{
					"name": "head_heart",
					"parent": "head",
					"pivot": [-2.5, 33, 0],
					"rotation": [0, 30, 0],
					"cubes": [
						{
							"origin": [-5, 29.75, 0.25],
							"size": [5, 4, 0],
							"uv": {
								"north": {"uv": [5, 61], "uv_size": [-5, -4]},
								"east": {"uv": [9, 64], "uv_size": [-9, -3]},
								"south": {"uv": [64, 64], "uv_size": [0, 0]},
								"west": {"uv": [9, 64], "uv_size": [-9, -3]},
								"up": {"uv": [64, 64], "uv_size": [0, 0]},
								"down": {"uv": [64, 64], "uv_size": [0, 0]}
							}
						}
					]
				},
				{
					"name": "head_heart2",
					"parent": "head",
					"pivot": [2.5, 33, 0],
					"rotation": [0, -30, 0],
					"cubes": [
						{
							"origin": [0, 29.75, 0.25],
							"size": [5, 4, 0],
							"uv": {
								"north": {"uv": [5, 61], "uv_size": [-5, -4]},
								"east": {"uv": [9, 64], "uv_size": [-9, -3]},
								"south": {"uv": [64, 64], "uv_size": [0, 0]},
								"west": {"uv": [9, 64], "uv_size": [-9, -3]},
								"up": {"uv": [64, 64], "uv_size": [0, 0]},
								"down": {"uv": [64, 64], "uv_size": [0, 0]}
							}
						}
					]
				},
				{
					"name": "arms",
					"parent": "body",
					"pivot": [0, 22, 0],
					"rotation": [-50, 0, 0],
					"cubes": [
						{
							"origin": [-4, 16, -2],
							"size": [8, 4, 4],
							"uv": {
								"north": {"uv": [4, 40], "uv_size": [8, 4]},
								"east": {"uv": [0, 40], "uv_size": [4, 4]},
								"south": {"uv": [16, 40], "uv_size": [8, 4]},
								"west": {"uv": [12, 40], "uv_size": [4, 4]},
								"up": {"uv": [4, 36], "uv_size": [8, 4]},
								"down": {"uv": [12, 40], "uv_size": [8, -4]}
							}
						},
						{
							"origin": [-8, 16, -2],
							"size": [4, 8, 4],
							"uv": {
								"north": {"uv": [4, 48], "uv_size": [4, 8]},
								"east": {"uv": [0, 48], "uv_size": [4, 8]},
								"south": {"uv": [12, 48], "uv_size": [4, 8]},
								"west": {"uv": [8, 48], "uv_size": [4, 8]},
								"up": {"uv": [4, 44], "uv_size": [4, 4]},
								"down": {"uv": [8, 48], "uv_size": [4, -4]}
							}
						},
						{
							"origin": [4, 16, -2],
							"size": [4, 8, 4],
							"uv": {
								"north": {"uv": [8, 48], "uv_size": [-4, 8]},
								"east": {"uv": [12, 48], "uv_size": [-4, 8]},
								"south": {"uv": [16, 48], "uv_size": [-4, 8]},
								"west": {"uv": [4, 48], "uv_size": [-4, 8]},
								"up": {"uv": [8, 44], "uv_size": [-4, 4]},
								"down": {"uv": [12, 48], "uv_size": [-4, -4]}
							}
						}
					]
				},
				{
					"name": "held_item",
					"parent": "arms",
					"pivot": [0, 0, 0]
				},
				{
					"name": "leg0",
					"parent": "body",
					"pivot": [-2, 12, 0],
					"cubes": [
						{
							"origin": [-4, 0, -2],
							"size": [4, 12, 4],
							"uv": {
								"north": {"uv": [0, 22], "uv_size": [4, 12]},
								"east": {"uv": [0, 22], "uv_size": [4, 12]},
								"south": {"uv": [0, 22], "uv_size": [4, 12]},
								"west": {"uv": [0, 22], "uv_size": [4, 12]},
								"up": {"uv": [0, 18], "uv_size": [4, 4]},
								"down": {"uv": [4, 22], "uv_size": [4, -4]}
							}
						}
					]
				},
				{
					"name": "leg1",
					"parent": "body",
					"pivot": [2, 12, 0],
					"cubes": [
						{
							"origin": [0, 0, -2],
							"size": [4, 12, 4],
							"uv": {
								"north": {"uv": [4, 22], "uv_size": [-4, 12]},
								"east": {"uv": [4, 22], "uv_size": [-4, 12]},
								"south": {"uv": [4, 22], "uv_size": [-4, 12]},
								"west": {"uv": [4, 22], "uv_size": [-4, 12]},
								"up": {"uv": [4, 18], "uv_size": [-4, 4]},
								"down": {"uv": [8, 22], "uv_size": [-4, -4]}
							}
						}
					]
				}
			]
		}
	]
}