{
  "format_version":"1.16.100",
  "animation_controllers":{
    "controller.animation.law2":{
      "states":{
        "default":{
          "transitions":[
            {"k":"query.variant == 27000"},
            {"kurouzu":"query.variant == 270"},
            {"1":"!query.is_in_water && query.has_target"}
          ]
        },
        "1":{
          "transitions":[
            {"default":"v.time = (v.time ?? 0);v.time = v.time < 200 ? v.time + 1:0;return v.time == 0;"}
          ],
          "on_entry":[
            "/tell @a[r=16] shambles",
            "/tp @s ^^^5"
          ]
        },
        "kurouzu":{
          "transitions":[
            {"default":"query.variant == 0"}
          ]
        },
        "k":{}
      }
    }
  }
}