{
	"format_version": "1.17",
	"minecraft:npc_dialogue": {
		"scenes": [
		    {
				"scene_tag": "goru_craft",
				"npc_name": "Goru Goru craft",
				"text": "Press each button to craft",
				"buttons": [
					{
						"name": "goru_arm",
						"commands": [
							"execute @initiator ~~~ function akumanomi/gorugoru/goru_craft_arm"
						]
					},
					{
						"name": "goru_armor",
						"commands": [
							"execute @initiator ~~~ function akumanomi/gorugoru/goru_craft_armor"
						]
					},
					{
						"name": "goru_golden",
						"commands": [
							"execute @initiator ~~~ function akumanomi/gorugoru/goru_craft_goru_golden"
						]
					}
				],
				"on_close_commands": [
					"event entity @s op_asa:despawn"
				]
			},
			{
				"scene_tag": "jiki_craft",
				"npc_name": "Jiki Jiki craft",
				"text": "Press each button to craft",
				"buttons": [
					{
						"name": "jiki1",
						"commands": [
							"execute @initiator ~~~ function akumanomi/jikijiki/jiki_craft_jiki1"
						]
					},
					{
						"name": "jiki2",
						"commands": [
							"execute @initiator ~~~ function akumanomi/jikijiki/jiki_craft_jiki2"
						]
					}
				],
				"on_close_commands": [
					"event entity @s op_asa:despawn"
				]
			}
		]
	}
}