{
	"file_path": "C:\\Users\\fiddy\\AppData\\Local\\Packages\\Microsoft.MinecraftUWP_8wekyb3d8bbwe\\LocalState\\games\\com.mojang\\development_behavior_packs\\H_DecorB\\blocks\\disguised_blocks\\tombstone_square.json",
	"file_type": "block",
	"format_version": 1,
	"file_uuid": "d5465ab8_40dd_465f_aba7_0f6fbe637ff5",
	"file_version": 53,
	"cache_content": {
		"children": [
			{
				"data": "1.17.0",
				"key": "format_version"
			},
			{
				"open": {
					"format_version": "1.17.0",
					"minecraft:block": {
						"description": {
							"identifier": "boi:tombstone_square",
							"properties": {
								"minecraft:direction": {},
								"boi:pose": [
									0,
									1,
									2,
									3
								]
							}
						},
						"components": {
							"minecraft:destroy_time": 0.3,
							"minecraft:on_player_placing": {
								"event": "on_placed"
							},
							"minecraft:geometry": "geometry.tombstone.square",
							"minecraft:block_light_absorption": 0,
							"minecraft:breathability": "air",
							"minecraft:pick_collision": {
								"origin": [
									-6,
									0,
									-6
								],
								"size": [
									12,
									16,
									12
								]
							},
							"minecraft:entity_collision": {
								"origin": [
									-6,
									0,
									-6
								],
								"size": [
									12,
									16,
									12
								]
							},
							"minecraft:placement_filter": {
								"conditions": [
									{
										"allowed_faces": [
											"up",
											"side"
										]
									}
								]
							}
						},
						"permutations": [
							{
								"condition": "q.block_property('minecraft:direction') == 0",
								"components": {
									"minecraft:rotation": [
										0,
										0,
										0
									]
								}
							},
							{
								"condition": "q.block_property('minecraft:direction') == 1",
								"components": {
									"minecraft:rotation": [
										0,
										180,
										0
									]
								}
							},
							{
								"condition": "q.block_property('minecraft:direction') == 2",
								"components": {
									"minecraft:rotation": [
										0,
										90,
										0
									]
								}
							},
							{
								"condition": "q.block_property('minecraft:direction') == 3",
								"components": {
									"minecraft:rotation": [
										0,
										270,
										0
									]
								}
							},
							{
								"condition": "q.block_property('boi:pose') == 0",
								"components": {
									"minecraft:material_instances": {
										"*": {
											"texture": "tombstone0",
											"ambient_occlusion": false,
											"face_dimming": true,
											"render_method": "opaque"
										}
									}
								}
							},
							{
								"condition": "q.block_property('boi:pose') == 1",
								"components": {
									"minecraft:material_instances": {
										"*": {
											"texture": "tombstone0",
											"ambient_occlusion": false,
											"face_dimming": true,
											"render_method": "opaque"
										}
									}
								}
							},
							{
								"condition": "q.block_property('boi:pose') == 2",
								"components": {
									"minecraft:material_instances": {
										"*": {
											"texture": "tombstone1",
											"ambient_occlusion": false,
											"face_dimming": true,
											"render_method": "opaque"
										}
									}
								}
							},
							{
								"condition": "q.block_property('boi:pose') == 3",
								"components": {
									"minecraft:material_instances": {
										"*": {
											"texture": "tombstone2",
											"ambient_occlusion": false,
											"face_dimming": true,
											"render_method": "opaque"
										}
									}
								}
							}
						],
						"events": {
							"on_placed": {
								"sequence": [
									{
										"set_block_property": {
											"minecraft:direction": "query.cardinal_facing_2d - 2"
										}
									},
									{
										"randomize": [
											{
												"weight": 100,
												"set_block_property": {
													"boi:pose": 1
												}
											},
											{
												"weight": 100,
												"set_block_property": {
													"boi:pose": 2
												}
											},
											{
												"weight": 100,
												"set_block_property": {
													"boi:pose": 3
												}
											}
										]
									}
								]
							}
						}
					}
				},
				"key": "minecraft:block",
				"children": [
					{
						"open": {
							"description": {
								"identifier": "boi:tombstone_square",
								"properties": {
									"minecraft:direction": {},
									"boi:pose": [
										0,
										1,
										2,
										3
									]
								}
							},
							"components": {
								"minecraft:destroy_time": 0.3,
								"minecraft:on_player_placing": {
									"event": "on_placed"
								},
								"minecraft:geometry": "geometry.tombstone.square",
								"minecraft:block_light_absorption": 0,
								"minecraft:breathability": "air",
								"minecraft:pick_collision": {
									"origin": [
										-6,
										0,
										-6
									],
									"size": [
										12,
										16,
										12
									]
								},
								"minecraft:entity_collision": {
									"origin": [
										-6,
										0,
										-6
									],
									"size": [
										12,
										16,
										12
									]
								},
								"minecraft:placement_filter": {
									"conditions": [
										{
											"allowed_faces": [
												"up",
												"side"
											]
										}
									]
								}
							},
							"permutations": [
								{
									"condition": "q.block_property('minecraft:direction') == 0",
									"components": {
										"minecraft:rotation": [
											0,
											0,
											0
										]
									}
								},
								{
									"condition": "q.block_property('minecraft:direction') == 1",
									"components": {
										"minecraft:rotation": [
											0,
											180,
											0
										]
									}
								},
								{
									"condition": "q.block_property('minecraft:direction') == 2",
									"components": {
										"minecraft:rotation": [
											0,
											90,
											0
										]
									}
								},
								{
									"condition": "q.block_property('minecraft:direction') == 3",
									"components": {
										"minecraft:rotation": [
											0,
											270,
											0
										]
									}
								},
								{
									"condition": "q.block_property('boi:pose') == 0",
									"components": {
										"minecraft:material_instances": {
											"*": {
												"texture": "tombstone0",
												"ambient_occlusion": false,
												"face_dimming": true,
												"render_method": "opaque"
											}
										}
									}
								},
								{
									"condition": "q.block_property('boi:pose') == 1",
									"components": {
										"minecraft:material_instances": {
											"*": {
												"texture": "tombstone0",
												"ambient_occlusion": false,
												"face_dimming": true,
												"render_method": "opaque"
											}
										}
									}
								},
								{
									"condition": "q.block_property('boi:pose') == 2",
									"components": {
										"minecraft:material_instances": {
											"*": {
												"texture": "tombstone1",
												"ambient_occlusion": false,
												"face_dimming": true,
												"render_method": "opaque"
											}
										}
									}
								},
								{
									"condition": "q.block_property('boi:pose') == 3",
									"components": {
										"minecraft:material_instances": {
											"*": {
												"texture": "tombstone2",
												"ambient_occlusion": false,
												"face_dimming": true,
												"render_method": "opaque"
											}
										}
									}
								}
							],
							"events": {
								"on_placed": {
									"sequence": [
										{
											"set_block_property": {
												"minecraft:direction": "query.cardinal_facing_2d - 2"
											}
										},
										{
											"randomize": [
												{
													"weight": 100,
													"set_block_property": {
														"boi:pose": 1
													}
												},
												{
													"weight": 100,
													"set_block_property": {
														"boi:pose": 2
													}
												},
												{
													"weight": 100,
													"set_block_property": {
														"boi:pose": 3
													}
												}
											]
										}
									]
								}
							}
						},
						"key": "description",
						"children": [
							{
								"open": {
									"identifier": "boi:tombstone_square",
									"properties": {
										"minecraft:direction": {},
										"boi:pose": [
											0,
											1,
											2,
											3
										]
									}
								},
								"data": "boi:tombstone_square",
								"key": "identifier"
							},
							{
								"open": {
									"identifier": "boi:tombstone_square",
									"properties": {
										"minecraft:direction": {},
										"boi:pose": [
											0,
											1,
											2,
											3
										]
									}
								},
								"key": "properties",
								"children": [
									{
										"key": "minecraft:direction",
										"is_minified": true,
										"children": {}
									},
									{
										"open": {
											"minecraft:direction": {},
											"boi:pose": [
												0,
												1,
												2,
												3
											]
										},
										"key": "boi:pose",
										"is_minified": true,
										"children": [
											0,
											1,
											2,
											3
										]
									}
								]
							}
						]
					},
					{
						"open": {
							"description": {
								"identifier": "boi:tombstone_square",
								"properties": {
									"minecraft:direction": {},
									"boi:pose": [
										0,
										1,
										2,
										3
									]
								}
							},
							"components": {
								"minecraft:destroy_time": 0.3,
								"minecraft:on_player_placing": {
									"event": "on_placed"
								},
								"minecraft:geometry": "geometry.tombstone.square",
								"minecraft:block_light_absorption": 0,
								"minecraft:breathability": "air",
								"minecraft:pick_collision": {
									"origin": [
										-6,
										0,
										-6
									],
									"size": [
										12,
										16,
										12
									]
								},
								"minecraft:entity_collision": {
									"origin": [
										-6,
										0,
										-6
									],
									"size": [
										12,
										16,
										12
									]
								},
								"minecraft:placement_filter": {
									"conditions": [
										{
											"allowed_faces": [
												"up",
												"side"
											]
										}
									]
								}
							},
							"permutations": [
								{
									"condition": "q.block_property('minecraft:direction') == 0",
									"components": {
										"minecraft:rotation": [
											0,
											0,
											0
										]
									}
								},
								{
									"condition": "q.block_property('minecraft:direction') == 1",
									"components": {
										"minecraft:rotation": [
											0,
											180,
											0
										]
									}
								},
								{
									"condition": "q.block_property('minecraft:direction') == 2",
									"components": {
										"minecraft:rotation": [
											0,
											90,
											0
										]
									}
								},
								{
									"condition": "q.block_property('minecraft:direction') == 3",
									"components": {
										"minecraft:rotation": [
											0,
											270,
											0
										]
									}
								},
								{
									"condition": "q.block_property('boi:pose') == 0",
									"components": {
										"minecraft:material_instances": {
											"*": {
												"texture": "tombstone0",
												"ambient_occlusion": false,
												"face_dimming": true,
												"render_method": "opaque"
											}
										}
									}
								},
								{
									"condition": "q.block_property('boi:pose') == 1",
									"components": {
										"minecraft:material_instances": {
											"*": {
												"texture": "tombstone0",
												"ambient_occlusion": false,
												"face_dimming": true,
												"render_method": "opaque"
											}
										}
									}
								},
								{
									"condition": "q.block_property('boi:pose') == 2",
									"components": {
										"minecraft:material_instances": {
											"*": {
												"texture": "tombstone1",
												"ambient_occlusion": false,
												"face_dimming": true,
												"render_method": "opaque"
											}
										}
									}
								},
								{
									"condition": "q.block_property('boi:pose') == 3",
									"components": {
										"minecraft:material_instances": {
											"*": {
												"texture": "tombstone2",
												"ambient_occlusion": false,
												"face_dimming": true,
												"render_method": "opaque"
											}
										}
									}
								}
							],
							"events": {
								"on_placed": {
									"sequence": [
										{
											"set_block_property": {
												"minecraft:direction": "query.cardinal_facing_2d - 2"
											}
										},
										{
											"randomize": [
												{
													"weight": 100,
													"set_block_property": {
														"boi:pose": 1
													}
												},
												{
													"weight": 100,
													"set_block_property": {
														"boi:pose": 2
													}
												},
												{
													"weight": 100,
													"set_block_property": {
														"boi:pose": 3
													}
												}
											]
										}
									]
								}
							}
						},
						"key": "components",
						"children": [
							{
								"data": "0.3",
								"key": "minecraft:destroy_time"
							},
							{
								"key": "minecraft:on_player_placing",
								"is_minified": true,
								"children": {
									"event": "on_placed"
								}
							},
							{
								"data": "geometry.tombstone.square",
								"key": "minecraft:geometry"
							},
							{
								"data": "0.0",
								"key": "minecraft:block_light_absorption"
							},
							{
								"data": "air",
								"key": "minecraft:breathability"
							},
							{
								"open": {
									"minecraft:destroy_time": 0.3,
									"minecraft:on_player_placing": {
										"event": "on_placed"
									},
									"minecraft:geometry": "geometry.tombstone.square",
									"minecraft:block_light_absorption": 0,
									"minecraft:breathability": "air",
									"minecraft:pick_collision": {
										"origin": [
											-6,
											0,
											-6
										],
										"size": [
											12,
											16,
											12
										]
									},
									"minecraft:entity_collision": {
										"origin": [
											-6,
											0,
											-6
										],
										"size": [
											12,
											16,
											12
										]
									},
									"minecraft:placement_filter": {
										"conditions": [
											{
												"allowed_faces": [
													"up",
													"side"
												]
											}
										]
									}
								},
								"key": "minecraft:pick_collision",
								"is_minified": true,
								"children": {
									"origin": [
										-6,
										0,
										-6
									],
									"size": [
										12,
										16,
										12
									]
								}
							},
							{
								"open": {
									"minecraft:destroy_time": 0.3,
									"minecraft:on_player_placing": {
										"event": "on_placed"
									},
									"minecraft:geometry": "geometry.tombstone.square",
									"minecraft:block_light_absorption": 0,
									"minecraft:breathability": "air",
									"minecraft:pick_collision": {
										"origin": [
											-6,
											0,
											-6
										],
										"size": [
											12,
											16,
											12
										]
									},
									"minecraft:entity_collision": {
										"origin": [
											-6,
											0,
											-6
										],
										"size": [
											12,
											16,
											12
										]
									},
									"minecraft:placement_filter": {
										"conditions": [
											{
												"allowed_faces": [
													"up",
													"side"
												]
											}
										]
									}
								},
								"key": "minecraft:entity_collision",
								"is_minified": true,
								"children": {
									"origin": [
										-6,
										0,
										-6
									],
									"size": [
										12,
										16,
										12
									]
								}
							},
							{
								"key": "minecraft:placement_filter",
								"children": [
									{
										"key": "conditions",
										"children": [
											{
												"open": [
													{
														"allowed_faces": [
															"up",
															"side"
														]
													}
												],
												"children": [
													{
														"open": {
															"allowed_faces": [
																"up",
																"side"
															]
														},
														"key": "allowed_faces",
														"is_minified": true,
														"children": [
															"up",
															"side"
														]
													}
												]
											}
										]
									}
								]
							}
						]
					},
					{
						"open": {
							"description": {
								"identifier": "boi:tombstone_square",
								"properties": {
									"minecraft:direction": {},
									"boi:pose": [
										0,
										1,
										2,
										3
									]
								}
							},
							"components": {
								"minecraft:destroy_time": 0.3,
								"minecraft:on_player_placing": {
									"event": "on_placed"
								},
								"minecraft:geometry": "geometry.tombstone.square",
								"minecraft:block_light_absorption": 0,
								"minecraft:breathability": "air",
								"minecraft:pick_collision": {
									"origin": [
										-6,
										0,
										-6
									],
									"size": [
										12,
										16,
										12
									]
								},
								"minecraft:entity_collision": {
									"origin": [
										-6,
										0,
										-6
									],
									"size": [
										12,
										16,
										12
									]
								},
								"minecraft:placement_filter": {
									"conditions": [
										{
											"allowed_faces": [
												"up",
												"side"
											]
										}
									]
								}
							},
							"permutations": [
								{
									"condition": "q.block_property('minecraft:direction') == 0",
									"components": {
										"minecraft:rotation": [
											0,
											0,
											0
										]
									}
								},
								{
									"condition": "q.block_property('minecraft:direction') == 1",
									"components": {
										"minecraft:rotation": [
											0,
											180,
											0
										]
									}
								},
								{
									"condition": "q.block_property('minecraft:direction') == 2",
									"components": {
										"minecraft:rotation": [
											0,
											90,
											0
										]
									}
								},
								{
									"condition": "q.block_property('minecraft:direction') == 3",
									"components": {
										"minecraft:rotation": [
											0,
											270,
											0
										]
									}
								},
								{
									"condition": "q.block_property('boi:pose') == 0",
									"components": {
										"minecraft:material_instances": {
											"*": {
												"texture": "tombstone0",
												"ambient_occlusion": false,
												"face_dimming": true,
												"render_method": "opaque"
											}
										}
									}
								},
								{
									"condition": "q.block_property('boi:pose') == 1",
									"components": {
										"minecraft:material_instances": {
											"*": {
												"texture": "tombstone0",
												"ambient_occlusion": false,
												"face_dimming": true,
												"render_method": "opaque"
											}
										}
									}
								},
								{
									"condition": "q.block_property('boi:pose') == 2",
									"components": {
										"minecraft:material_instances": {
											"*": {
												"texture": "tombstone1",
												"ambient_occlusion": false,
												"face_dimming": true,
												"render_method": "opaque"
											}
										}
									}
								},
								{
									"condition": "q.block_property('boi:pose') == 3",
									"components": {
										"minecraft:material_instances": {
											"*": {
												"texture": "tombstone2",
												"ambient_occlusion": false,
												"face_dimming": true,
												"render_method": "opaque"
											}
										}
									}
								}
							],
							"events": {
								"on_placed": {
									"sequence": [
										{
											"set_block_property": {
												"minecraft:direction": "query.cardinal_facing_2d - 2"
											}
										},
										{
											"randomize": [
												{
													"weight": 100,
													"set_block_property": {
														"boi:pose": 1
													}
												},
												{
													"weight": 100,
													"set_block_property": {
														"boi:pose": 2
													}
												},
												{
													"weight": 100,
													"set_block_property": {
														"boi:pose": 3
													}
												}
											]
										}
									]
								}
							}
						},
						"key": "permutations",
						"children": [
							{
								"children": [
									{
										"data": "q.block_property('minecraft:direction') == 0",
										"key": "condition"
									},
									{
										"open": {
											"condition": "q.block_property('minecraft:direction') == 0",
											"components": {
												"minecraft:rotation": [
													0,
													0,
													0
												]
											}
										},
										"key": "components",
										"children": [
											{
												"open": {
													"minecraft:rotation": [
														0,
														0,
														0
													]
												},
												"key": "minecraft:rotation",
												"is_minified": true,
												"children": [
													0,
													0,
													0
												]
											}
										]
									}
								]
							},
							{
								"children": [
									{
										"data": "q.block_property('minecraft:direction') == 1",
										"key": "condition"
									},
									{
										"open": {
											"condition": "q.block_property('minecraft:direction') == 1",
											"components": {
												"minecraft:rotation": [
													0,
													180,
													0
												]
											}
										},
										"key": "components",
										"children": [
											{
												"open": {
													"minecraft:rotation": [
														0,
														180,
														0
													]
												},
												"key": "minecraft:rotation",
												"is_minified": true,
												"children": [
													0,
													180,
													0
												]
											}
										]
									}
								]
							},
							{
								"children": [
									{
										"open": {
											"condition": "q.block_property('minecraft:direction') == 2",
											"components": {
												"minecraft:rotation": [
													0,
													90,
													0
												]
											}
										},
										"data": "q.block_property('minecraft:direction') == 2",
										"key": "condition"
									},
									{
										"open": {
											"condition": "q.block_property('minecraft:direction') == 2",
											"components": {
												"minecraft:rotation": [
													0,
													90,
													0
												]
											}
										},
										"key": "components",
										"children": [
											{
												"open": {
													"minecraft:rotation": [
														0,
														90,
														0
													]
												},
												"key": "minecraft:rotation",
												"is_minified": true,
												"children": [
													0,
													90,
													0
												]
											}
										]
									}
								]
							},
							{
								"children": [
									{
										"data": "q.block_property('minecraft:direction') == 3",
										"key": "condition"
									},
									{
										"open": {
											"condition": "q.block_property('minecraft:direction') == 3",
											"components": {
												"minecraft:rotation": [
													0,
													270,
													0
												]
											}
										},
										"key": "components",
										"children": [
											{
												"open": {
													"minecraft:rotation": [
														0,
														270,
														0
													]
												},
												"key": "minecraft:rotation",
												"is_minified": true,
												"children": [
													0,
													270,
													0
												]
											}
										]
									}
								]
							},
							{
								"open": [
									{
										"condition": "q.block_property('minecraft:direction') == 0",
										"components": {
											"minecraft:rotation": [
												0,
												0,
												0
											]
										}
									},
									{
										"condition": "q.block_property('minecraft:direction') == 1",
										"components": {
											"minecraft:rotation": [
												0,
												180,
												0
											]
										}
									},
									{
										"condition": "q.block_property('minecraft:direction') == 2",
										"components": {
											"minecraft:rotation": [
												0,
												90,
												0
											]
										}
									},
									{
										"condition": "q.block_property('minecraft:direction') == 3",
										"components": {
											"minecraft:rotation": [
												0,
												270,
												0
											]
										}
									},
									{
										"condition": "q.block_property('boi:pose') == 0",
										"components": {
											"minecraft:material_instances": {
												"*": {
													"texture": "tombstone0",
													"ambient_occlusion": false,
													"face_dimming": true,
													"render_method": "opaque"
												}
											}
										}
									},
									{
										"condition": "q.block_property('boi:pose') == 1",
										"components": {
											"minecraft:material_instances": {
												"*": {
													"texture": "tombstone0",
													"ambient_occlusion": false,
													"face_dimming": true,
													"render_method": "opaque"
												}
											}
										}
									},
									{
										"condition": "q.block_property('boi:pose') == 2",
										"components": {
											"minecraft:material_instances": {
												"*": {
													"texture": "tombstone1",
													"ambient_occlusion": false,
													"face_dimming": true,
													"render_method": "opaque"
												}
											}
										}
									},
									{
										"condition": "q.block_property('boi:pose') == 3",
										"components": {
											"minecraft:material_instances": {
												"*": {
													"texture": "tombstone2",
													"ambient_occlusion": false,
													"face_dimming": true,
													"render_method": "opaque"
												}
											}
										}
									}
								],
								"children": [
									{
										"open": {
											"condition": "q.block_property('boi:pose') == 0",
											"components": {
												"minecraft:material_instances": {
													"*": {
														"texture": "tombstone0",
														"ambient_occlusion": false,
														"face_dimming": true,
														"render_method": "opaque"
													}
												}
											}
										},
										"data": "q.block_property('boi:pose') == 0",
										"key": "condition"
									},
									{
										"open": {
											"condition": "q.block_property('boi:pose') == 0",
											"components": {
												"minecraft:material_instances": {
													"*": {
														"texture": "tombstone0",
														"ambient_occlusion": false,
														"face_dimming": true,
														"render_method": "opaque"
													}
												}
											}
										},
										"key": "components",
										"children": [
											{
												"open": {
													"minecraft:material_instances": {
														"*": {
															"texture": "tombstone0",
															"ambient_occlusion": false,
															"face_dimming": true,
															"render_method": "opaque"
														}
													}
												},
												"key": "minecraft:material_instances",
												"children": [
													{
														"open": {
															"*": {
																"texture": "tombstone0",
																"ambient_occlusion": false,
																"face_dimming": true,
																"render_method": "opaque"
															}
														},
														"key": "*",
														"is_minified": true,
														"children": {
															"texture": "tombstone0",
															"ambient_occlusion": false,
															"face_dimming": true,
															"render_method": "opaque"
														}
													}
												]
											}
										]
									}
								]
							},
							{
								"open": [
									{
										"condition": "q.block_property('minecraft:direction') == 0",
										"components": {
											"minecraft:rotation": [
												0,
												0,
												0
											]
										}
									},
									{
										"condition": "q.block_property('minecraft:direction') == 1",
										"components": {
											"minecraft:rotation": [
												0,
												180,
												0
											]
										}
									},
									{
										"condition": "q.block_property('minecraft:direction') == 2",
										"components": {
											"minecraft:rotation": [
												0,
												90,
												0
											]
										}
									},
									{
										"condition": "q.block_property('minecraft:direction') == 3",
										"components": {
											"minecraft:rotation": [
												0,
												270,
												0
											]
										}
									},
									{
										"condition": "q.block_property('boi:pose') == 0",
										"components": {
											"minecraft:material_instances": {
												"*": {
													"texture": "tombstone0",
													"ambient_occlusion": false,
													"face_dimming": true,
													"render_method": "opaque"
												}
											}
										}
									},
									{
										"condition": "q.block_property('boi:pose') == 1",
										"components": {
											"minecraft:material_instances": {
												"*": {
													"texture": "tombstone0",
													"ambient_occlusion": false,
													"face_dimming": true,
													"render_method": "opaque"
												}
											}
										}
									},
									{
										"condition": "q.block_property('boi:pose') == 2",
										"components": {
											"minecraft:material_instances": {
												"*": {
													"texture": "tombstone1",
													"ambient_occlusion": false,
													"face_dimming": true,
													"render_method": "opaque"
												}
											}
										}
									},
									{
										"condition": "q.block_property('boi:pose') == 3",
										"components": {
											"minecraft:material_instances": {
												"*": {
													"texture": "tombstone2",
													"ambient_occlusion": false,
													"face_dimming": true,
													"render_method": "opaque"
												}
											}
										}
									}
								],
								"children": [
									{
										"open": {
											"condition": "q.block_property('boi:pose') == 1",
											"components": {
												"minecraft:material_instances": {
													"*": {
														"texture": "tombstone0",
														"ambient_occlusion": false,
														"face_dimming": true,
														"render_method": "opaque"
													}
												}
											}
										},
										"data": "q.block_property('boi:pose') == 1",
										"key": "condition"
									},
									{
										"open": {
											"condition": "q.block_property('boi:pose') == 1",
											"components": {
												"minecraft:material_instances": {
													"*": {
														"texture": "tombstone0",
														"ambient_occlusion": false,
														"face_dimming": true,
														"render_method": "opaque"
													}
												}
											}
										},
										"key": "components",
										"children": [
											{
												"open": {
													"minecraft:material_instances": {
														"*": {
															"texture": "tombstone0",
															"ambient_occlusion": false,
															"face_dimming": true,
															"render_method": "opaque"
														}
													}
												},
												"key": "minecraft:material_instances",
												"children": [
													{
														"open": {
															"*": {
																"texture": "tombstone0",
																"ambient_occlusion": false,
																"face_dimming": true,
																"render_method": "opaque"
															}
														},
														"key": "*",
														"is_minified": true,
														"children": {
															"texture": "tombstone0",
															"ambient_occlusion": false,
															"face_dimming": true,
															"render_method": "opaque"
														}
													}
												]
											}
										]
									}
								]
							},
							{
								"open": [
									{
										"condition": "q.block_property('minecraft:direction') == 0",
										"components": {
											"minecraft:rotation": [
												0,
												0,
												0
											]
										}
									},
									{
										"condition": "q.block_property('minecraft:direction') == 1",
										"components": {
											"minecraft:rotation": [
												0,
												180,
												0
											]
										}
									},
									{
										"condition": "q.block_property('minecraft:direction') == 2",
										"components": {
											"minecraft:rotation": [
												0,
												90,
												0
											]
										}
									},
									{
										"condition": "q.block_property('minecraft:direction') == 3",
										"components": {
											"minecraft:rotation": [
												0,
												270,
												0
											]
										}
									},
									{
										"condition": "q.block_property('boi:pose') == 0",
										"components": {
											"minecraft:material_instances": {
												"*": {
													"texture": "tombstone0",
													"ambient_occlusion": false,
													"face_dimming": true,
													"render_method": "opaque"
												}
											}
										}
									},
									{
										"condition": "q.block_property('boi:pose') == 1",
										"components": {
											"minecraft:material_instances": {
												"*": {
													"texture": "tombstone0",
													"ambient_occlusion": false,
													"face_dimming": true,
													"render_method": "opaque"
												}
											}
										}
									},
									{
										"condition": "q.block_property('boi:pose') == 2",
										"components": {
											"minecraft:material_instances": {
												"*": {
													"texture": "tombstone1",
													"ambient_occlusion": false,
													"face_dimming": true,
													"render_method": "opaque"
												}
											}
										}
									},
									{
										"condition": "q.block_property('boi:pose') == 3",
										"components": {
											"minecraft:material_instances": {
												"*": {
													"texture": "tombstone2",
													"ambient_occlusion": false,
													"face_dimming": true,
													"render_method": "opaque"
												}
											}
										}
									}
								],
								"children": [
									{
										"open": {
											"condition": "q.block_property('boi:pose') == 2",
											"components": {
												"minecraft:material_instances": {
													"*": {
														"texture": "tombstone1",
														"ambient_occlusion": false,
														"face_dimming": true,
														"render_method": "opaque"
													}
												}
											}
										},
										"data": "q.block_property('boi:pose') == 2",
										"key": "condition"
									},
									{
										"open": {
											"condition": "q.block_property('boi:pose') == 2",
											"components": {
												"minecraft:material_instances": {
													"*": {
														"texture": "tombstone1",
														"ambient_occlusion": false,
														"face_dimming": true,
														"render_method": "opaque"
													}
												}
											}
										},
										"key": "components",
										"children": [
											{
												"open": {
													"minecraft:material_instances": {
														"*": {
															"texture": "tombstone1",
															"ambient_occlusion": false,
															"face_dimming": true,
															"render_method": "opaque"
														}
													}
												},
												"key": "minecraft:material_instances",
												"children": [
													{
														"open": {
															"*": {
																"texture": "tombstone1",
																"ambient_occlusion": false,
																"face_dimming": true,
																"render_method": "opaque"
															}
														},
														"key": "*",
														"is_minified": true,
														"children": {
															"texture": "tombstone1",
															"ambient_occlusion": false,
															"face_dimming": true,
															"render_method": "opaque"
														}
													}
												]
											}
										]
									}
								]
							},
							{
								"open": [
									{
										"condition": "q.block_property('minecraft:direction') == 0",
										"components": {
											"minecraft:rotation": [
												0,
												0,
												0
											]
										}
									},
									{
										"condition": "q.block_property('minecraft:direction') == 1",
										"components": {
											"minecraft:rotation": [
												0,
												180,
												0
											]
										}
									},
									{
										"condition": "q.block_property('minecraft:direction') == 2",
										"components": {
											"minecraft:rotation": [
												0,
												90,
												0
											]
										}
									},
									{
										"condition": "q.block_property('minecraft:direction') == 3",
										"components": {
											"minecraft:rotation": [
												0,
												270,
												0
											]
										}
									},
									{
										"condition": "q.block_property('boi:pose') == 0",
										"components": {
											"minecraft:material_instances": {
												"*": {
													"texture": "tombstone0",
													"ambient_occlusion": false,
													"face_dimming": true,
													"render_method": "opaque"
												}
											}
										}
									},
									{
										"condition": "q.block_property('boi:pose') == 1",
										"components": {
											"minecraft:material_instances": {
												"*": {
													"texture": "tombstone0",
													"ambient_occlusion": false,
													"face_dimming": true,
													"render_method": "opaque"
												}
											}
										}
									},
									{
										"condition": "q.block_property('boi:pose') == 2",
										"components": {
											"minecraft:material_instances": {
												"*": {
													"texture": "tombstone1",
													"ambient_occlusion": false,
													"face_dimming": true,
													"render_method": "opaque"
												}
											}
										}
									},
									{
										"condition": "q.block_property('boi:pose') == 3",
										"components": {
											"minecraft:material_instances": {
												"*": {
													"texture": "tombstone2",
													"ambient_occlusion": false,
													"face_dimming": true,
													"render_method": "opaque"
												}
											}
										}
									}
								],
								"children": [
									{
										"open": {
											"condition": "q.block_property('boi:pose') == 3",
											"components": {
												"minecraft:material_instances": {
													"*": {
														"texture": "tombstone2",
														"ambient_occlusion": false,
														"face_dimming": true,
														"render_method": "opaque"
													}
												}
											}
										},
										"data": "q.block_property('boi:pose') == 3",
										"key": "condition"
									},
									{
										"open": {
											"condition": "q.block_property('boi:pose') == 3",
											"components": {
												"minecraft:material_instances": {
													"*": {
														"texture": "tombstone2",
														"ambient_occlusion": false,
														"face_dimming": true,
														"render_method": "opaque"
													}
												}
											}
										},
										"key": "components",
										"children": [
											{
												"open": {
													"minecraft:material_instances": {
														"*": {
															"texture": "tombstone2",
															"ambient_occlusion": false,
															"face_dimming": true,
															"render_method": "opaque"
														}
													}
												},
												"key": "minecraft:material_instances",
												"children": [
													{
														"open": {
															"*": {
																"texture": "tombstone2",
																"ambient_occlusion": false,
																"face_dimming": true,
																"render_method": "opaque"
															}
														},
														"key": "*",
														"is_minified": true,
														"children": {
															"texture": "tombstone2",
															"ambient_occlusion": false,
															"face_dimming": true,
															"render_method": "opaque"
														}
													}
												]
											}
										]
									}
								]
							}
						]
					},
					{
						"open": {
							"description": {
								"identifier": "boi:tombstone_square",
								"properties": {
									"minecraft:direction": {},
									"boi:pose": [
										0,
										1,
										2,
										3
									]
								}
							},
							"components": {
								"minecraft:destroy_time": 0.3,
								"minecraft:on_player_placing": {
									"event": "on_placed"
								},
								"minecraft:geometry": "geometry.tombstone.square",
								"minecraft:block_light_absorption": 0,
								"minecraft:breathability": "air",
								"minecraft:pick_collision": {
									"origin": [
										-6,
										0,
										-6
									],
									"size": [
										12,
										16,
										12
									]
								},
								"minecraft:entity_collision": {
									"origin": [
										-6,
										0,
										-6
									],
									"size": [
										12,
										16,
										12
									]
								},
								"minecraft:placement_filter": {
									"conditions": [
										{
											"allowed_faces": [
												"up",
												"side"
											]
										}
									]
								}
							},
							"permutations": [
								{
									"condition": "q.block_property('minecraft:direction') == 0",
									"components": {
										"minecraft:rotation": [
											0,
											0,
											0
										]
									}
								},
								{
									"condition": "q.block_property('minecraft:direction') == 1",
									"components": {
										"minecraft:rotation": [
											0,
											180,
											0
										]
									}
								},
								{
									"condition": "q.block_property('minecraft:direction') == 2",
									"components": {
										"minecraft:rotation": [
											0,
											90,
											0
										]
									}
								},
								{
									"condition": "q.block_property('minecraft:direction') == 3",
									"components": {
										"minecraft:rotation": [
											0,
											270,
											0
										]
									}
								},
								{
									"condition": "q.block_property('boi:pose') == 0",
									"components": {
										"minecraft:material_instances": {
											"*": {
												"texture": "tombstone0",
												"ambient_occlusion": false,
												"face_dimming": true,
												"render_method": "opaque"
											}
										}
									}
								},
								{
									"condition": "q.block_property('boi:pose') == 1",
									"components": {
										"minecraft:material_instances": {
											"*": {
												"texture": "tombstone0",
												"ambient_occlusion": false,
												"face_dimming": true,
												"render_method": "opaque"
											}
										}
									}
								},
								{
									"condition": "q.block_property('boi:pose') == 2",
									"components": {
										"minecraft:material_instances": {
											"*": {
												"texture": "tombstone1",
												"ambient_occlusion": false,
												"face_dimming": true,
												"render_method": "opaque"
											}
										}
									}
								},
								{
									"condition": "q.block_property('boi:pose') == 3",
									"components": {
										"minecraft:material_instances": {
											"*": {
												"texture": "tombstone2",
												"ambient_occlusion": false,
												"face_dimming": true,
												"render_method": "opaque"
											}
										}
									}
								}
							],
							"events": {
								"on_placed": {
									"sequence": [
										{
											"set_block_property": {
												"minecraft:direction": "query.cardinal_facing_2d - 2"
											}
										},
										{
											"randomize": [
												{
													"weight": 100,
													"set_block_property": {
														"boi:pose": 1
													}
												},
												{
													"weight": 100,
													"set_block_property": {
														"boi:pose": 2
													}
												},
												{
													"weight": 100,
													"set_block_property": {
														"boi:pose": 3
													}
												}
											]
										}
									]
								}
							}
						},
						"key": "events",
						"children": [
							{
								"open": {
									"on_placed": {
										"sequence": [
											{
												"set_block_property": {
													"minecraft:direction": "query.cardinal_facing_2d - 2"
												}
											},
											{
												"randomize": [
													{
														"weight": 100,
														"set_block_property": {
															"boi:pose": 1
														}
													},
													{
														"weight": 100,
														"set_block_property": {
															"boi:pose": 2
														}
													},
													{
														"weight": 100,
														"set_block_property": {
															"boi:pose": 3
														}
													}
												]
											}
										]
									}
								},
								"key": "on_placed",
								"children": [
									{
										"open": {
											"sequence": [
												{
													"set_block_property": {
														"minecraft:direction": "query.cardinal_facing_2d - 2"
													}
												},
												{
													"randomize": [
														{
															"weight": 100,
															"set_block_property": {
																"boi:pose": 1
															}
														},
														{
															"weight": 100,
															"set_block_property": {
																"boi:pose": 2
															}
														},
														{
															"weight": 100,
															"set_block_property": {
																"boi:pose": 3
															}
														}
													]
												}
											]
										},
										"key": "sequence",
										"children": [
											{
												"open": [
													{
														"set_block_property": {
															"minecraft:direction": "query.cardinal_facing_2d - 2"
														}
													},
													{
														"randomize": [
															{
																"weight": 100,
																"set_block_property": {
																	"boi:pose": 1
																}
															},
															{
																"weight": 100,
																"set_block_property": {
																	"boi:pose": 2
																}
															},
															{
																"weight": 100,
																"set_block_property": {
																	"boi:pose": 3
																}
															}
														]
													}
												],
												"is_minified": true,
												"children": {
													"set_block_property": {
														"minecraft:direction": "query.cardinal_facing_2d - 2"
													}
												}
											},
											{
												"open": [
													{
														"set_block_property": {
															"minecraft:direction": "query.cardinal_facing_2d - 2"
														}
													},
													{
														"randomize": [
															{
																"weight": 100,
																"set_block_property": {
																	"boi:pose": 1
																}
															},
															{
																"weight": 100,
																"set_block_property": {
																	"boi:pose": 2
																}
															},
															{
																"weight": 100,
																"set_block_property": {
																	"boi:pose": 3
																}
															}
														]
													}
												],
												"children": [
													{
														"key": "randomize",
														"children": [
															{
																"open": [
																	{
																		"weight": 100,
																		"set_block_property": {
																			"boi:pose": 1
																		}
																	},
																	{
																		"weight": 100,
																		"set_block_property": {
																			"boi:pose": 2
																		}
																	},
																	{
																		"weight": 100,
																		"set_block_property": {
																			"boi:pose": 3
																		}
																	}
																],
																"children": [
																	{
																		"data": "100",
																		"key": "weight"
																	},
																	{
																		"open": {
																			"weight": 100,
																			"set_block_property": {
																				"boi:pose": 1
																			}
																		},
																		"key": "set_block_property",
																		"is_minified": true,
																		"children": {
																			"boi:pose": 1
																		}
																	}
																]
															},
															{
																"open": [
																	{
																		"weight": 100,
																		"set_block_property": {
																			"boi:pose": 1
																		}
																	},
																	{
																		"weight": 100,
																		"set_block_property": {
																			"boi:pose": 2
																		}
																	},
																	{
																		"weight": 100,
																		"set_block_property": {
																			"boi:pose": 3
																		}
																	}
																],
																"children": [
																	{
																		"data": "100",
																		"key": "weight"
																	},
																	{
																		"open": {
																			"weight": 100,
																			"set_block_property": {
																				"boi:pose": 2
																			}
																		},
																		"key": "set_block_property",
																		"is_minified": true,
																		"children": {
																			"boi:pose": 2
																		}
																	}
																]
															},
															{
																"open": [
																	{
																		"weight": 100,
																		"set_block_property": {
																			"boi:pose": 1
																		}
																	},
																	{
																		"weight": 100,
																		"set_block_property": {
																			"boi:pose": 2
																		}
																	},
																	{
																		"weight": 100,
																		"set_block_property": {
																			"boi:pose": 3
																		}
																	}
																],
																"children": [
																	{
																		"data": "100",
																		"key": "weight"
																	},
																	{
																		"open": {
																			"weight": 100,
																			"set_block_property": {
																				"boi:pose": 3
																			}
																		},
																		"key": "set_block_property",
																		"is_minified": true,
																		"children": {
																			"boi:pose": 3
																		}
																	}
																]
															}
														]
													}
												]
											}
										]
									}
								]
							}
						]
					}
				]
			}
		]
	}
}