{
  "format_version": "1.12.0",
  "minecraft:entity": {
    "description": {
      "identifier": "op_asa:raki_coin_p_6",
      "is_spawnable": false,
      "is_summonable": true,
      "is_experimental": false,
      "runtime_identifier": "minecraft:snowball"
    },
    "component_groups": {
      "op_asa:despawn":{
        "minecraft:instant_despawn": {}
      }
    },

    "components": {
      "minecraft:timer": {
        "looping": false,
        "randomInterval": false,
        "time": 3,
        "time_down_event": {
         "event": "op_asa:event1",
         "target": "self"
        }
      },
      "minecraft:collision_box": {
        "width": 0,
        "height": 0
      },
      "minecraft:projectile": {
        "on_hit": {
          "impact_damage": {
            "damage": 1,
            "knockback": false,
            "destroy_on_hit": true,
            "power_multiplier": 1
          },
          "definition_event": {
            "affectProjectile": true,
            "eventTrigger": {
              "event": "op_asa:event1",
              "target": "self"
            }
          },
          "stick_in_ground": {}
        },
        "power": 1.5,
        "gravity": 0.025,
        "angle_offset": 0.0,
        "inertia": 1,
        "knockback":false,
        "liquid_inertia": 1
      },
	    "minecraft:physics": {
      },
      "minecraft:pushable": {
        "is_pushable": false,
        "is_pushable_by_piston": false
      },
      "minecraft:conditional_bandwidth_optimization": {
        "default_values": {
          "max_optimized_distance": 80.0,
          "max_dropped_ticks": 10,
          "use_motion_prediction_hints": true
        }
      }
    },

    "events": {
      "op_asa:event1":{
        "sequence":[
          {
            "run_command":{
              "command":"tag @s add rakiraki"
            }
          },
          {
            "randomize":[
              {
                "run_command":{
                  "command":[
                    "execute @e[c=1,tag=!rakiraki,type=!item,type=!xp_orb,r=16] ~~~ damage @s 4 projectile entity @p[tag=rakiraki]",
                    "execute @e[c=1,tag=!rakiraki,type=!item,type=!xp_orb,r=16] ~~~ scoreboard players remove @p[tag=rakiraki] rakipower 1"
                  ]
                }
              },
              {
                "run_command":{
                  "command":[
                    "execute @e[c=1,tag=!rakiraki,type=!item,type=!xp_orb,r=16] ~~~ summon op_asa:raki_ex_min",
                    "execute @e[c=1,tag=!rakiraki,type=!item,type=!xp_orb,r=16] ~~~ scoreboard players remove @p[tag=rakiraki] rakipower 2"
                  ]
                }
              },
              {
                "run_command":{
                  "command":[
                    "execute @e[c=1,tag=!rakiraki,type=!item,type=!xp_orb,r=16] ~~~ fill ~1~3~1 ~-1~3~-1 water 0 replace air",
                    "execute @e[c=1,tag=!rakiraki,type=!item,type=!xp_orb,r=16] ~~~ scoreboard players remove @p[tag=rakiraki] rakipower 3"
                  ]
                }
              },
              {
                "run_command":{
                  "command":[
                    "execute @e[c=1,tag=!rakiraki,type=!item,type=!xp_orb,r=16] ~~~ fill ~1~~1 ~-1~~-1 fire 0 replace air",
                    "execute @e[c=1,tag=!rakiraki,type=!item,type=!xp_orb,r=16] ~~~ scoreboard players remove @p[tag=rakiraki] rakipower 4"
                  ]
                }
              },
              {
                "run_command":{
                  "command":[
                    "execute @e[c=1,tag=!rakiraki,type=!item,type=!xp_orb,r=16] ~~~ damage @s 19 projectile entity @p[tag=rakiraki]",
                    "execute @e[c=1,tag=!rakiraki,type=!item,type=!xp_orb,r=16] ~~~ scoreboard players remove @p[tag=rakiraki] rakipower 5"
                  ]
                }
              },
              {
                "run_command":{
                  "command":[
                    "execute @e[c=1,tag=!rakiraki,type=!item,type=!xp_orb,r=16] ~~~ summon op_asa:raki_ex_max",
                    "execute @e[c=1,tag=!rakiraki,type=!item,type=!xp_orb,r=16] ~~~ scoreboard players remove @p[tag=rakiraki] rakipower 6"
                  ]
                }
              }
            ]
          },
          {
            "add":{
              "component_groups":["op_asa:despawn"]
            }
          }
        ]
      }
    }
  }
}