{
  "format_version": "1.13.0",
  "minecraft:entity": {    
    "description": {
      "identifier": "op_asa:raki_ex_min",
      "is_spawnable": false,
      "is_summonable": true,
      "is_experimental": false
    },
    "component_groups": {
      "op_asa:despawn":{
        "minecraft:instant_despawn": {}
      }
    },
    "components": {
      "minecraft:timer": {
        "looping": false,
        "randomInterval": false,
        "time": 0.3,
        "time_down_event": {
         "event": "op_asa:event1",
         "target": "self"
        }
      },
      "minecraft:collision_box": {
        "width": 0.0,
        "height": 0.0
      },
      "minecraft:explode": {
        "fuseLength": 0,
        "fuseLit": true,
        "power": 2,
        "causesFire": false,
        "fireAffectedByGriefing": true,
        "destroyAffectedByGriefing": true
      },
      "minecraft:damage_sensor": {
        "triggers": {
            "on_damage": {"filters": {}},
            "deals_damage": false
        }
      }
    },
    "events": {
      "op_asa:event1":{
        "add":{
          "component_groups":["op_asa:despawn"]
        }
      }
    }
  }
}