{
  "format_version": "1.12.0",
  "minecraft:entity": {
    "description": {
      "identifier": "op_asa:raki_coin_big",
      "is_spawnable": false,
      "is_summonable": true,
      "is_experimental": false,
      "runtime_identifier": "minecraft:snowball"
    },
    "component_groups": {
      "op_asa:event1":{
        "minecraft:timer": {
          "looping": false,
          "randomInterval": false,
          "time": 0.1,
          "time_down_event": {
           "event": "op_asa:event1",
           "target": "self"
          }
        }
      },
      "op_asa:despawn":{
        "minecraft:explode": {
          "fuseLength": 0,
          "fuseLit": true,
          "power": 3,
          "causesFire": false,
          "fireAffectedByGriefing": true,
          "destroyAffectedByGriefing": true
        }
      }
    },

    "components": {
      "minecraft:collision_box": {
        "width": 0,
        "height": 0
      },
      "minecraft:projectile": {
        "on_hit": {
          "impact_damage": {
            "damage": 20,
            "knockback": true,
            "destroy_on_hit": false,
            "power_multiplier": 1
          },
          "definition_event": {
            "affectProjectile": true,
            "eventTrigger": {
              "event": "op_asa:pre_event1",
              "target": "self"
            }
          },
          "stick_in_ground": {}
        },
        "power": 0,
        "gravity": 0.5,
        "angle_offset": 0.0,
        "inertia": 1,
        "knockback":false,
        "liquid_inertia": 1
      },
	    "minecraft:physics": {
      },
      "minecraft:pushable": {
        "is_pushable": false,
        "is_pushable_by_piston": false
      },
      "minecraft:conditional_bandwidth_optimization": {
        "default_values": {
          "max_optimized_distance": 80.0,
          "max_dropped_ticks": 10,
          "use_motion_prediction_hints": true
        }
      }
    },

    "events": {
      "op_asa:pre_event1":{
        "add":{
          "component_groups":["op_asa:event1"]
        }
      },
      "op_asa:event1":{
        "sequence":[
          {
            "run_command":{
              "command":[
                "damage @e[r=5,type=!item,type=!xp_orb] 20 projectile entity @p[tag=rakiraki]"
              ]
            }
          },
          {
            "add":{
              "component_groups":["op_asa:despawn"]
            }
          }
        ]
      }
    }
  }
}