{
  "format_version":"1.16.100",
  "animation_controllers":{
    "controller.animation.spidernet_e":{
      "states":{
        "default":{
          "transitions":[
            {"1":"(1.0)"}
          ]
        },
        "1":{
          "transitions":[
            {"default":"(1.0)"}
          ],
          "on_entry":[
            "/effect @e[dx=4,dy=3,dz=4] slow_falling 1 0 true",
            "/effect @e[dx=-4,dy=3,dz=4] slow_falling 1 0 true",
            "/effect @e[dx=4,dy=3,dz=-4] slow_falling 1 0 true",
            "/effect @e[dx=-4,dy=3,dz=-4] slow_falling 1 0 true"
          ]
        }
      }
    }
  }
}