{
	"format_version": "1.8.0",
	"animations": {
		"animation.costume.demon_wings.idle": {
			"loop": true,
			"animation_length": 5,
			"override_previous_animation": true,
			"bones": {
				"Wing_r": {
					"rotation": {
						"0.0": [0, 0, 0],
						"2.5": [0, 2.5, 0],
						"4.9583": [0, 0, 0]
					}
				},
				"Wing_r2": {
					"rotation": {
						"0.5417": [0, 0, 0],
						"2.8333": [0, -5, 0],
						"4.9583": [0, 0, 0]
					}
				},
				"Wing_l": {
					"rotation": {
						"0.0": [0, 0, 0],
						"2.5": [0, -2.5, 0],
						"4.9583": [0, 0, 0]
					}
				},
				"Wing_l2": {
					"rotation": {
						"0.5": [0, 0, 0],
						"2.875": [0, 5, 0],
						"4.9583": [0, 0, 0]
					}
				}
			}
		}
	}
}