{
	"format_version": "1.8.0",
	"animations": {
		"animation.ghost.pet.sit": {
			"loop": true,
			"animation_length": 0.08333,
			"override_previous_animation": true,
			"bones": {
				"head": {
					"scale": [1.1, 0.9, 1.1]
				}
			}
		},
		"animation.ghost.pet.float": {
			"loop": true,
			"animation_length": 2,
			"bones": {
				"head": {
					"position": {
						"0.0": [0, 0, 0],
						"0.125": [0, -0.08, 0],
						"0.25": [0, -0.25, 0],
						"0.5": [0, -1, 0],
						"0.7917": [0, -1.75, 0],
						"0.9167": [0, -1.92, 0],
						"1.0417": [0, -2, 0],
						"1.125": [0, -1.94, 0],
						"1.2083": [0, -1.87, 0],
						"1.3333": [0, -1.58, 0],
						"1.5": [0, -1, 0],
						"1.75": [0, -0.25, 0],
						"1.875": [0, -0.08, 0],
						"2.0": [0, 0, 0]
					}
				},
				"idle": {
					"rotation": {
						"0.0": [0, 0, 0],
						"0.5": [2.5, 0, 2.5],
						"1.5": [-2.5, 0, -4.17],
						"2.0": [0, 0, 0]
					}
				}
			}
		}
	}
}