{
	"format_version": "1.8.0",
	"animations": {
		"animation.ghost_cat.float": {
			"loop": true,
			"animation_length": 3,
			"bones": {
				"body": {
					"rotation": {
						"0.0": [0, 0, 0],
						"0.75": [2.5, 0, 2.5],
						"2.2083": [-1.62, 0, -4.12],
						"3.0": [0, 0, 0]
					},
					"position": {
						"0.0": [0, 0, 0],
						"0.125": [0, -0.03, 0],
						"0.2083": [0, -0.08, 0],
						"0.3333": [0, -0.27, 0],
						"0.5417": [0, -0.56, 0],
						"0.75": [0, -1.06, 0],
						"1.0417": [0, -1.56, 0],
						"1.4583": [0, -1.75, 0],
						"1.9167": [0, -1.56, 0],
						"2.1667": [0, -1.06, 0],
						"2.375": [0, -0.56, 0],
						"2.625": [0, -0.27, 0],
						"2.8333": [0, -0.09, 0],
						"3.0": [0, 0, 0]
					}
				}
			}
		}
	}
}