{"format_version":"1.16.100","minecraft:block":{"description":{"identifier":"mobvote:egg_sniffer_life"},"components":{"minecraft:ticking":{"looping":true,"range":[60,120],"on_tick":{"event":"egg_sniffer_cracked"}},"minecraft:destroy_time":0.7,"minecraft:map_color":"#610413","minecraft:explosion_resistance":0,"minecraft:block_light_absorption":1,"minecraft:block_light_emission":0,"minecraft:material_instances":{"side":{"texture":"egg_sniffer_cracked","render_method":"opaque"},"down":"side","up":"side","north":"side","south":"side","west":"side","east":"side"},"minecraft:entity_collision":{"origin":[-8,0,-8],"size":[16,16,16]},"minecraft:pick_collision":{"origin":[-8,0,-8],"size":[16,16,16]},"minecraft:geometry":"geometry.egg_sniffer_life"},"events":{"egg_sniffer_cracked":{"run_command":{"command":["summon mobvote:sniffer ~~~ minecraft:entity_born","setblock ~~~ air"]}}}}}