{
  "format_version": "1.12.0",
  "minecraft:entity": {
    "description": {
      "identifier": "op_asa:murakumokiri_p",
      "is_spawnable": false,
      "is_summonable": false,
      "is_experimental": false,
      "runtime_identifier": "minecraft:snowball"
    },
    "component_groups": {
      "op_asa:barriered":{
        "minecraft:instant_despawn": {}
      }
    },

    "components": {
      "minecraft:timer": {
        "looping": false,
        "randomInterval": false,
        "time": 1.6,
        "time_down_event": {
         "event": "op_asa:timer_event",
         "target": "self"
        }
      },
      "minecraft:type_family": {
        "family": [ "guragura" ]
      },
      "minecraft:collision_box": {
        "width": 2,
        "height": 1
      },
      "minecraft:projectile": {
        "on_hit":{
          "definition_event": {
            "affectProjectile": true,
            "eventTrigger": {
                  "event": "op_asa:event1",
                  "target": "self"
            }
          }
        },
        "power": 5,
        "gravity": 0,
        "angle_offset": 0.0,
        "inertia": 1,
        "knockback":false,
        "liquid_inertia": 1
      },
	    "minecraft:physics": {
      },
      "minecraft:pushable": {
        "is_pushable": true,
        "is_pushable_by_piston": true
      },
      "minecraft:conditional_bandwidth_optimization": {
        "default_values": {
          "max_optimized_distance": 80.0,
          "max_dropped_ticks": 10,
          "use_motion_prediction_hints": true
        }
      }
    },

    "events": {
      "op_asa:barriered":{
        "add":{
          "component_groups":[
            "op_asa:barriered"
          ]
        }
      },
      "op_asa:timer_event":{
        "add":{
          "component_groups":[
            "op_asa:barriered"
          ]
        }
      },
      "op_asa:event1":{
        "sequence":[
          {
            "run_command":{
              "command":[
                "damage @e[r=3,tag=!guragura,family=!guragura,type=!item,type=!xp_orb] 30 entity_attack entity @p[tag=guragura,hasitem={item=op_asa:murakumokiri,location=slot.weapon.mainhand}]",
                "summon op_asa:guragura_ex ~~~",
                "summon op_asa:guragura_ex ^2^^",
                "summon op_asa:guragura_ex ^-2^^"
              ]
            }
          },
          {
            "run_command":{
              "command":[
                "summon op_asa:guragura_ex ^4^^",
                "summon op_asa:guragura_ex ^-4^^"
              ]
            }
          },
          {
            "run_command":{
              "command":[
                "summon op_asa:guragura_ex ^6^^",
                "summon op_asa:guragura_ex ^-6^^"
              ]
            }
          },
          {
            "add":{
              "component_groups":[
                "op_asa:barriered"
              ]
            }
          }
        ]
      }
    }
  }
}