{                                                                     
  "format_version": "1.16.100",
  "minecraft:item": {
    "description": {
      "identifier": "stk:katana2",
      "category" : "items"
    },
    "components": {
      "minecraft:icon": {
        "texture": "katana2"
      },
		"minecraft:render_offsets": {
			"main_hand": {
			  "first_person": { 
				"scale": [0.000,0.000,0.000]
			  },
			  "third_person": { 
				"scale": [0.000,0.000,0.000]
			  }
			},
			"off_hand": {
			  "first_person": { 
				"scale": [0.000,0.000,0.000]
			  },
			  "third_person": { 
				"scale": [0.000,0.000,0.000]
			  }
			}
		  },
      "minecraft:cooldown": {
        "category": "l",
        "duration": 5
      },
        "minecraft:display_name": {
        "value": "§l§edouble katana \nrarity: rare \n§cDamage: 10 \n§7(skill)"},
      "minecraft:stacked_by_data": false,
      "minecraft:max_stack_size": 1,
      "minecraft:foil": false,
      "minecraft:damage": 10,
      "minecraft:hand_equipped": true,
      "minecraft:on_use": {
        "on_use": {
          "event": "7",
          "target": "self"
        }
      }
    },
    "events": {
      "7": {
        "run_command": {
          "command": [ "summon stk:slash","execute @s ~~~ tp @e[type=stk:slash] ~~~ facing ^^^100","execute @e[r=7,rm=2] ~~~ damage @s 25 entity_attack","playanimation @s animation.player.slash2" ],
          "target": "self"
        }
      }
    }
  }
}
