{
	"file_path": "C:\\Users\\fiddy\\AppData\\Local\\Packages\\Microsoft.MinecraftUWP_8wekyb3d8bbwe\\LocalState\\games\\com.mojang\\development_behavior_packs\\Seasonal_decor_BP\\entities\\ChristmasEntities\\reindeer2.json",
	"file_type": "entity",
	"format_version": 1,
	"file_uuid": "85f3bdd9_644e_4e0e_ba46_326c96f30b94",
	"file_version": 121,
	"cache_content": {
		"children": [
			{
				"data": "1.17.0",
				"key": "format_version"
			},
			{
				"open": {
					"format_version": "1.17.0",
					"minecraft:entity": {
						"description": {
							"identifier": "boi:reindeerBC",
							"is_spawnable": false,
							"is_summonable": true,
							"is_experimental": false,
							"runtime_identifier": "minecraft:chicken",
							"properties": {
								"boi:head_angle": {
									"values": {
										"min": -360,
										"max": 360
									}
								}
							}
						},
						"component_groups": {
							"minecraft:skeleton_horse_r5_upgrade": {
								"minecraft:rideable": {}
							},
							"minecraft:skeleton_horse_adult": {
								"minecraft:experience_reward": {
									"on_death": "query.last_hit_by_player ? Math.Random(1,3) : 0"
								},
								"minecraft:loot": {
									"table": "loot_tables/entities/reindeer.json"
								},
								"minecraft:collision_box": {
									"width": 0.5,
									"height": 1
								}
							},
							"no_sleigh": {
								"minecraft:variant": {
									"value": 0
								}
							},
							"has_sleigh": {
								"minecraft:variant": {
									"value": 1
								}
							}
						},
						"components": {
							"minecraft:rideable": {
								"seat_count": 2,
								"family_types": [
									"player",
									"sleigh"
								],
								"interact_text": "action.interact.ride.horse",
								"seats": [
									{
										"position": [
											0,
											1.15,
											0
										],
										"min_rider_count": 2
									},
									{
										"position": [
											0,
											0,
											-2.5
										]
									}
								],
								"controlling_seat": 0
							},
							"minecraft:health": {
								"value": 20,
								"max": 20
							},
							"minecraft:underwater_movement": {
								"value": 0.08
							},
							"minecraft:navigation.walk": {
								"is_amphibious": true,
								"avoid_water": true
							},
							"minecraft:movement.basic": {},
							"minecraft:jump.static": {},
							"minecraft:horse.jump_strength": {
								"value": {
									"range_min": 0.4,
									"range_max": 1
								}
							},
							"minecraft:leashable": {
								"soft_distance": 4,
								"hard_distance": 6,
								"max_distance": 10
							},
							"minecraft:can_power_jump": {},
							"minecraft:balloonable": {},
							"minecraft:is_tamed": {},
							"minecraft:physics": {},
							"minecraft:pushable": {
								"is_pushable": true,
								"is_pushable_by_piston": true
							},
							"minecraft:conditional_bandwidth_optimization": {},
							"minecraft:breathable": {
								"total_supply": 15,
								"suffocate_time": 0,
								"breathes_water": true
							},
							"minecraft:damage_sensor": {
								"triggers": [
									{
										"cause": "fall",
										"deals_damage": false
									}
								]
							},
							"minecraft:movement": {
								"value": 0.2
							},
							"minecraft:behavior.random_look_around": {
								"priority": 7
							},
							"minecraft:behavior.look_at_player": {
								"priority": 8,
								"look_distance": 6,
								"probability": 0.02
							},
							"minecraft:behavior.random_stroll": {
								"priority": 9,
								"speed_multiplier": 0.8
							},
							"minecraft:inventory": {
								"inventory_size": 2,
								"container_type": "horse"
							},
							"minecraft:equippable": {
								"slots": [
									{
										"slot": 0,
										"item": "boi:sleigh_summon",
										"on_equip": {
											"event": "add_sleigh"
										},
										"on_unequip": {
											"event": "remove_sleigh"
										},
										"accepted_items": [
											"boi:sleigh_summon"
										]
									}
								]
							},
							"minecraft:addrider": {
								"entity_type": "boi:reindeer_sleigh"
							}
						},
						"events": {
							"minecraft:entity_spawned": {
								"add": {
									"component_groups": [
										"minecraft:skeleton_horse_adult"
									]
								},
								"run_command": {
									"command": [
										"playsound mob.evocation_illager.cast_spell @a ~~~",
										"particle minecraft:egg_destroy_emitter ~~~"
									]
								}
							},
							"fly_command": {
								"sequence": [
									{
										"run_command": {
											"command": [
												"execute @p[rxm=-90,rx=-15] ~~~ effect @e[type=boi:reindeer,r=1] levitation 1 5 true",
												"execute @p[rxm=-15,rx=-10] ~~~ effect @e[type=boi:reindeer,r=1] levitation 1 2 true",
												"execute @p[rxm=-10,rx=-5] ~~~ effect @e[type=boi:reindeer,r=1] levitation 1 1 true",
												"execute @p[rxm=-5,rx=20] ~~~ effect @e[type=boi:reindeer,r=1] slow_falling 1 1 true",
												"execute @p[rxm=90,rx=90] ~~~ event entity @e[type=boi:reindeer,r=1,c=1] transform"
											]
										},
										"filters": {
											"all_of": [
												{
													"test": "is_altitude",
													"value": 320,
													"operator": "<="
												}
											]
										}
									}
								]
							},
							"speed_command": {
								"trigger": "fly_command",
								"run_command": {
									"command": [
										"effect @s speed 1 10 true"
									]
								}
							},
							"flying_sound": {
								"run_command": {
									"command": [
										"playsound boi.broom.wind @p[r=2] ~~~ 0.02"
									]
								}
							},
							"add_sleigh": {
								"add": {
									"component_groups": [
										"has_sleigh"
									]
								},
								"run_command": {
									"command": [
										"execute @s ^-0.7^^ event entity @e[r=5,c=1,type=boi:reindeer_sleigh] grow"
									]
								},
								"remove": {
									"component_groups": [
										"no_sleigh"
									]
								}
							},
							"remove_sleigh": {
								"remove": {
									"component_groups": [
										"has_sleigh"
									]
								},
								"run_command": {
									"command": [
										"execute @s ^-0.7^^ event entity @e[r=5,c=1,type=boi:reindeer_sleigh] shrink"
									]
								},
								"add": {
									"component_groups": [
										"no_sleigh"
									]
								}
							}
						},
						"permutations": [
							{
								"condition": "query.is_on_ground==0",
								"components": {
									"minecraft:timer": {
										"looping": true,
										"time": 1,
										"time_down_event": {
											"event": "flying_sound"
										}
									},
									"minecraft:environment_sensor": {
										"triggers": [
											{
												"event": "speed_command",
												"filters": {
													"test": "on_ground",
													"value": false
												}
											}
										]
									}
								}
							},
							{
								"condition": "query.is_on_ground==1",
								"components": {
									"minecraft:movement": {
										"value": 0.2
									}
								}
							},
							{
								"condition": "query.has_player_rider==1",
								"components": {
									"minecraft:behavior.mount_pathing": {
										"priority": 2,
										"speed_multiplier": 1,
										"target_dist": 4,
										"track_target": true
									},
									"minecraft:behavior.player_ride_tamed": {},
									"minecraft:input_ground_controlled": {}
								}
							}
						]
					}
				},
				"key": "minecraft:entity",
				"children": [
					{
						"open": {
							"description": {
								"identifier": "boi:reindeerBC",
								"is_spawnable": false,
								"is_summonable": true,
								"is_experimental": false,
								"runtime_identifier": "minecraft:chicken",
								"properties": {
									"boi:head_angle": {
										"values": {
											"min": -360,
											"max": 360
										}
									}
								}
							},
							"component_groups": {
								"minecraft:skeleton_horse_r5_upgrade": {
									"minecraft:rideable": {}
								},
								"minecraft:skeleton_horse_adult": {
									"minecraft:experience_reward": {
										"on_death": "query.last_hit_by_player ? Math.Random(1,3) : 0"
									},
									"minecraft:loot": {
										"table": "loot_tables/entities/reindeer.json"
									},
									"minecraft:collision_box": {
										"width": 0.5,
										"height": 1
									}
								},
								"no_sleigh": {
									"minecraft:variant": {
										"value": 0
									}
								},
								"has_sleigh": {
									"minecraft:variant": {
										"value": 1
									}
								}
							},
							"components": {
								"minecraft:rideable": {
									"seat_count": 2,
									"family_types": [
										"player",
										"sleigh"
									],
									"interact_text": "action.interact.ride.horse",
									"seats": [
										{
											"position": [
												0,
												1.15,
												0
											],
											"min_rider_count": 2
										},
										{
											"position": [
												0,
												0,
												-2.5
											]
										}
									],
									"controlling_seat": 0
								},
								"minecraft:health": {
									"value": 20,
									"max": 20
								},
								"minecraft:underwater_movement": {
									"value": 0.08
								},
								"minecraft:navigation.walk": {
									"is_amphibious": true,
									"avoid_water": true
								},
								"minecraft:movement.basic": {},
								"minecraft:jump.static": {},
								"minecraft:horse.jump_strength": {
									"value": {
										"range_min": 0.4,
										"range_max": 1
									}
								},
								"minecraft:leashable": {
									"soft_distance": 4,
									"hard_distance": 6,
									"max_distance": 10
								},
								"minecraft:can_power_jump": {},
								"minecraft:balloonable": {},
								"minecraft:is_tamed": {},
								"minecraft:physics": {},
								"minecraft:pushable": {
									"is_pushable": true,
									"is_pushable_by_piston": true
								},
								"minecraft:conditional_bandwidth_optimization": {},
								"minecraft:breathable": {
									"total_supply": 15,
									"suffocate_time": 0,
									"breathes_water": true
								},
								"minecraft:damage_sensor": {
									"triggers": [
										{
											"cause": "fall",
											"deals_damage": false
										}
									]
								},
								"minecraft:movement": {
									"value": 0.2
								},
								"minecraft:behavior.random_look_around": {
									"priority": 7
								},
								"minecraft:behavior.look_at_player": {
									"priority": 8,
									"look_distance": 6,
									"probability": 0.02
								},
								"minecraft:behavior.random_stroll": {
									"priority": 9,
									"speed_multiplier": 0.8
								},
								"minecraft:inventory": {
									"inventory_size": 2,
									"container_type": "horse"
								},
								"minecraft:equippable": {
									"slots": [
										{
											"slot": 0,
											"item": "boi:sleigh_summon",
											"on_equip": {
												"event": "add_sleigh"
											},
											"on_unequip": {
												"event": "remove_sleigh"
											},
											"accepted_items": [
												"boi:sleigh_summon"
											]
										}
									]
								},
								"minecraft:addrider": {
									"entity_type": "boi:reindeer_sleigh"
								}
							},
							"events": {
								"minecraft:entity_spawned": {
									"add": {
										"component_groups": [
											"minecraft:skeleton_horse_adult"
										]
									},
									"run_command": {
										"command": [
											"playsound mob.evocation_illager.cast_spell @a ~~~",
											"particle minecraft:egg_destroy_emitter ~~~"
										]
									}
								},
								"fly_command": {
									"sequence": [
										{
											"run_command": {
												"command": [
													"execute @p[rxm=-90,rx=-15] ~~~ effect @e[type=boi:reindeer,r=1] levitation 1 5 true",
													"execute @p[rxm=-15,rx=-10] ~~~ effect @e[type=boi:reindeer,r=1] levitation 1 2 true",
													"execute @p[rxm=-10,rx=-5] ~~~ effect @e[type=boi:reindeer,r=1] levitation 1 1 true",
													"execute @p[rxm=-5,rx=20] ~~~ effect @e[type=boi:reindeer,r=1] slow_falling 1 1 true",
													"execute @p[rxm=90,rx=90] ~~~ event entity @e[type=boi:reindeer,r=1,c=1] transform"
												]
											},
											"filters": {
												"all_of": [
													{
														"test": "is_altitude",
														"value": 320,
														"operator": "<="
													}
												]
											}
										}
									]
								},
								"speed_command": {
									"trigger": "fly_command",
									"run_command": {
										"command": [
											"effect @s speed 1 10 true"
										]
									}
								},
								"flying_sound": {
									"run_command": {
										"command": [
											"playsound boi.broom.wind @p[r=2] ~~~ 0.02"
										]
									}
								},
								"add_sleigh": {
									"add": {
										"component_groups": [
											"has_sleigh"
										]
									},
									"run_command": {
										"command": [
											"execute @s ^-0.7^^ event entity @e[r=5,c=1,type=boi:reindeer_sleigh] grow"
										]
									},
									"remove": {
										"component_groups": [
											"no_sleigh"
										]
									}
								},
								"remove_sleigh": {
									"remove": {
										"component_groups": [
											"has_sleigh"
										]
									},
									"run_command": {
										"command": [
											"execute @s ^-0.7^^ event entity @e[r=5,c=1,type=boi:reindeer_sleigh] shrink"
										]
									},
									"add": {
										"component_groups": [
											"no_sleigh"
										]
									}
								}
							},
							"permutations": [
								{
									"condition": "query.is_on_ground==0",
									"components": {
										"minecraft:timer": {
											"looping": true,
											"time": 1,
											"time_down_event": {
												"event": "flying_sound"
											}
										},
										"minecraft:environment_sensor": {
											"triggers": [
												{
													"event": "speed_command",
													"filters": {
														"test": "on_ground",
														"value": false
													}
												}
											]
										}
									}
								},
								{
									"condition": "query.is_on_ground==1",
									"components": {
										"minecraft:movement": {
											"value": 0.2
										}
									}
								},
								{
									"condition": "query.has_player_rider==1",
									"components": {
										"minecraft:behavior.mount_pathing": {
											"priority": 2,
											"speed_multiplier": 1,
											"target_dist": 4,
											"track_target": true
										},
										"minecraft:behavior.player_ride_tamed": {},
										"minecraft:input_ground_controlled": {}
									}
								}
							]
						},
						"key": "description",
						"is_minified": true,
						"children": {
							"identifier": "boi:reindeerBC",
							"is_spawnable": false,
							"is_summonable": true,
							"is_experimental": false,
							"runtime_identifier": "minecraft:chicken",
							"properties": {
								"boi:head_angle": {
									"values": {
										"min": -360,
										"max": 360
									}
								}
							}
						}
					},
					{
						"open": {
							"description": {
								"identifier": "boi:reindeerBC",
								"is_spawnable": false,
								"is_summonable": true,
								"is_experimental": false,
								"runtime_identifier": "minecraft:chicken",
								"properties": {
									"boi:head_angle": {
										"values": {
											"min": -360,
											"max": 360
										}
									}
								}
							},
							"component_groups": {
								"minecraft:skeleton_horse_r5_upgrade": {
									"minecraft:rideable": {}
								},
								"minecraft:skeleton_horse_adult": {
									"minecraft:experience_reward": {
										"on_death": "query.last_hit_by_player ? Math.Random(1,3) : 0"
									},
									"minecraft:loot": {
										"table": "loot_tables/entities/reindeer.json"
									},
									"minecraft:collision_box": {
										"width": 0.5,
										"height": 1
									}
								},
								"no_sleigh": {
									"minecraft:variant": {
										"value": 0
									}
								},
								"has_sleigh": {
									"minecraft:variant": {
										"value": 1
									}
								}
							},
							"components": {
								"minecraft:rideable": {
									"seat_count": 2,
									"family_types": [
										"player",
										"sleigh"
									],
									"interact_text": "action.interact.ride.horse",
									"seats": [
										{
											"position": [
												0,
												1.15,
												0
											],
											"min_rider_count": 2
										},
										{
											"position": [
												0,
												0,
												-2.5
											]
										}
									],
									"controlling_seat": 0
								},
								"minecraft:health": {
									"value": 20,
									"max": 20
								},
								"minecraft:underwater_movement": {
									"value": 0.08
								},
								"minecraft:navigation.walk": {
									"is_amphibious": true,
									"avoid_water": true
								},
								"minecraft:movement.basic": {},
								"minecraft:jump.static": {},
								"minecraft:horse.jump_strength": {
									"value": {
										"range_min": 0.4,
										"range_max": 1
									}
								},
								"minecraft:leashable": {
									"soft_distance": 4,
									"hard_distance": 6,
									"max_distance": 10
								},
								"minecraft:can_power_jump": {},
								"minecraft:balloonable": {},
								"minecraft:is_tamed": {},
								"minecraft:physics": {},
								"minecraft:pushable": {
									"is_pushable": true,
									"is_pushable_by_piston": true
								},
								"minecraft:conditional_bandwidth_optimization": {},
								"minecraft:breathable": {
									"total_supply": 15,
									"suffocate_time": 0,
									"breathes_water": true
								},
								"minecraft:damage_sensor": {
									"triggers": [
										{
											"cause": "fall",
											"deals_damage": false
										}
									]
								},
								"minecraft:movement": {
									"value": 0.2
								},
								"minecraft:behavior.random_look_around": {
									"priority": 7
								},
								"minecraft:behavior.look_at_player": {
									"priority": 8,
									"look_distance": 6,
									"probability": 0.02
								},
								"minecraft:behavior.random_stroll": {
									"priority": 9,
									"speed_multiplier": 0.8
								},
								"minecraft:inventory": {
									"inventory_size": 2,
									"container_type": "horse"
								},
								"minecraft:equippable": {
									"slots": [
										{
											"slot": 0,
											"item": "boi:sleigh_summon",
											"on_equip": {
												"event": "add_sleigh"
											},
											"on_unequip": {
												"event": "remove_sleigh"
											},
											"accepted_items": [
												"boi:sleigh_summon"
											]
										}
									]
								},
								"minecraft:addrider": {
									"entity_type": "boi:reindeer_sleigh"
								}
							},
							"events": {
								"minecraft:entity_spawned": {
									"add": {
										"component_groups": [
											"minecraft:skeleton_horse_adult"
										]
									},
									"run_command": {
										"command": [
											"playsound mob.evocation_illager.cast_spell @a ~~~",
											"particle minecraft:egg_destroy_emitter ~~~"
										]
									}
								},
								"fly_command": {
									"sequence": [
										{
											"run_command": {
												"command": [
													"execute @p[rxm=-90,rx=-15] ~~~ effect @e[type=boi:reindeer,r=1] levitation 1 5 true",
													"execute @p[rxm=-15,rx=-10] ~~~ effect @e[type=boi:reindeer,r=1] levitation 1 2 true",
													"execute @p[rxm=-10,rx=-5] ~~~ effect @e[type=boi:reindeer,r=1] levitation 1 1 true",
													"execute @p[rxm=-5,rx=20] ~~~ effect @e[type=boi:reindeer,r=1] slow_falling 1 1 true",
													"execute @p[rxm=90,rx=90] ~~~ event entity @e[type=boi:reindeer,r=1,c=1] transform"
												]
											},
											"filters": {
												"all_of": [
													{
														"test": "is_altitude",
														"value": 320,
														"operator": "<="
													}
												]
											}
										}
									]
								},
								"speed_command": {
									"trigger": "fly_command",
									"run_command": {
										"command": [
											"effect @s speed 1 10 true"
										]
									}
								},
								"flying_sound": {
									"run_command": {
										"command": [
											"playsound boi.broom.wind @p[r=2] ~~~ 0.02"
										]
									}
								},
								"add_sleigh": {
									"add": {
										"component_groups": [
											"has_sleigh"
										]
									},
									"run_command": {
										"command": [
											"execute @s ^-0.7^^ event entity @e[r=5,c=1,type=boi:reindeer_sleigh] grow"
										]
									},
									"remove": {
										"component_groups": [
											"no_sleigh"
										]
									}
								},
								"remove_sleigh": {
									"remove": {
										"component_groups": [
											"has_sleigh"
										]
									},
									"run_command": {
										"command": [
											"execute @s ^-0.7^^ event entity @e[r=5,c=1,type=boi:reindeer_sleigh] shrink"
										]
									},
									"add": {
										"component_groups": [
											"no_sleigh"
										]
									}
								}
							},
							"permutations": [
								{
									"condition": "query.is_on_ground==0",
									"components": {
										"minecraft:timer": {
											"looping": true,
											"time": 1,
											"time_down_event": {
												"event": "flying_sound"
											}
										},
										"minecraft:environment_sensor": {
											"triggers": [
												{
													"event": "speed_command",
													"filters": {
														"test": "on_ground",
														"value": false
													}
												}
											]
										}
									}
								},
								{
									"condition": "query.is_on_ground==1",
									"components": {
										"minecraft:movement": {
											"value": 0.2
										}
									}
								},
								{
									"condition": "query.has_player_rider==1",
									"components": {
										"minecraft:behavior.mount_pathing": {
											"priority": 2,
											"speed_multiplier": 1,
											"target_dist": 4,
											"track_target": true
										},
										"minecraft:behavior.player_ride_tamed": {},
										"minecraft:input_ground_controlled": {}
									}
								}
							]
						},
						"key": "component_groups",
						"is_minified": true,
						"children": {
							"minecraft:skeleton_horse_r5_upgrade": {
								"minecraft:rideable": {}
							},
							"minecraft:skeleton_horse_adult": {
								"minecraft:experience_reward": {
									"on_death": "query.last_hit_by_player ? Math.Random(1,3) : 0"
								},
								"minecraft:loot": {
									"table": "loot_tables/entities/reindeer.json"
								},
								"minecraft:collision_box": {
									"width": 0.5,
									"height": 1
								}
							},
							"no_sleigh": {
								"minecraft:variant": {
									"value": 0
								}
							},
							"has_sleigh": {
								"minecraft:variant": {
									"value": 1
								}
							}
						}
					},
					{
						"key": "components",
						"is_minified": true,
						"children": {
							"minecraft:rideable": {
								"seat_count": 2,
								"family_types": [
									"player",
									"sleigh"
								],
								"interact_text": "action.interact.ride.horse",
								"seats": [
									{
										"position": [
											0,
											1.15,
											0
										],
										"min_rider_count": 2
									},
									{
										"position": [
											0,
											0,
											-2.5
										]
									}
								],
								"controlling_seat": 0
							},
							"minecraft:health": {
								"value": 20,
								"max": 20
							},
							"minecraft:underwater_movement": {
								"value": 0.08
							},
							"minecraft:navigation.walk": {
								"is_amphibious": true,
								"avoid_water": true
							},
							"minecraft:movement.basic": {},
							"minecraft:jump.static": {},
							"minecraft:horse.jump_strength": {
								"value": {
									"range_min": 0.4,
									"range_max": 1
								}
							},
							"minecraft:leashable": {
								"soft_distance": 4,
								"hard_distance": 6,
								"max_distance": 10
							},
							"minecraft:can_power_jump": {},
							"minecraft:balloonable": {},
							"minecraft:is_tamed": {},
							"minecraft:physics": {},
							"minecraft:pushable": {
								"is_pushable": true,
								"is_pushable_by_piston": true
							},
							"minecraft:conditional_bandwidth_optimization": {},
							"minecraft:breathable": {
								"total_supply": 15,
								"suffocate_time": 0,
								"breathes_water": true
							},
							"minecraft:damage_sensor": {
								"triggers": [
									{
										"cause": "fall",
										"deals_damage": false
									}
								]
							},
							"minecraft:movement": {
								"value": 0.2
							},
							"minecraft:behavior.random_look_around": {
								"priority": 7
							},
							"minecraft:behavior.look_at_player": {
								"priority": 8,
								"look_distance": 6,
								"probability": 0.02
							},
							"minecraft:behavior.random_stroll": {
								"priority": 9,
								"speed_multiplier": 0.8
							},
							"minecraft:inventory": {
								"inventory_size": 2,
								"container_type": "horse"
							},
							"minecraft:equippable": {
								"slots": [
									{
										"slot": 0,
										"item": "boi:sleigh_summon",
										"on_equip": {
											"event": "add_sleigh"
										},
										"on_unequip": {
											"event": "remove_sleigh"
										},
										"accepted_items": [
											"boi:sleigh_summon"
										]
									}
								]
							},
							"minecraft:addrider": {
								"entity_type": "boi:reindeer_sleigh"
							}
						}
					},
					{
						"key": "events",
						"is_minified": true,
						"children": {
							"minecraft:entity_spawned": {
								"add": {
									"component_groups": [
										"minecraft:skeleton_horse_adult"
									]
								},
								"run_command": {
									"command": [
										"playsound mob.evocation_illager.cast_spell @a ~~~",
										"particle minecraft:egg_destroy_emitter ~~~"
									]
								}
							},
							"fly_command": {
								"sequence": [
									{
										"run_command": {
											"command": [
												"execute @p[rxm=-90,rx=-15] ~~~ effect @e[type=boi:reindeer,r=1] levitation 1 5 true",
												"execute @p[rxm=-15,rx=-10] ~~~ effect @e[type=boi:reindeer,r=1] levitation 1 2 true",
												"execute @p[rxm=-10,rx=-5] ~~~ effect @e[type=boi:reindeer,r=1] levitation 1 1 true",
												"execute @p[rxm=-5,rx=20] ~~~ effect @e[type=boi:reindeer,r=1] slow_falling 1 1 true",
												"execute @p[rxm=90,rx=90] ~~~ event entity @e[type=boi:reindeer,r=1,c=1] transform"
											]
										},
										"filters": {
											"all_of": [
												{
													"test": "is_altitude",
													"value": 320,
													"operator": "<="
												}
											]
										}
									}
								]
							},
							"speed_command": {
								"trigger": "fly_command",
								"run_command": {
									"command": [
										"effect @s speed 1 10 true"
									]
								}
							},
							"flying_sound": {
								"run_command": {
									"command": [
										"playsound boi.broom.wind @p[r=2] ~~~ 0.02"
									]
								}
							},
							"add_sleigh": {
								"add": {
									"component_groups": [
										"has_sleigh"
									]
								},
								"run_command": {
									"command": [
										"execute @s ^-0.7^^ event entity @e[r=5,c=1,type=boi:reindeer_sleigh] grow"
									]
								},
								"remove": {
									"component_groups": [
										"no_sleigh"
									]
								}
							},
							"remove_sleigh": {
								"remove": {
									"component_groups": [
										"has_sleigh"
									]
								},
								"run_command": {
									"command": [
										"execute @s ^-0.7^^ event entity @e[r=5,c=1,type=boi:reindeer_sleigh] shrink"
									]
								},
								"add": {
									"component_groups": [
										"no_sleigh"
									]
								}
							}
						}
					},
					{
						"key": "permutations",
						"is_minified": true,
						"children": [
							{
								"condition": "query.is_on_ground==0",
								"components": {
									"minecraft:timer": {
										"looping": true,
										"time": 1,
										"time_down_event": {
											"event": "flying_sound"
										}
									},
									"minecraft:environment_sensor": {
										"triggers": [
											{
												"event": "speed_command",
												"filters": {
													"test": "on_ground",
													"value": false
												}
											}
										]
									}
								}
							},
							{
								"condition": "query.is_on_ground==1",
								"components": {
									"minecraft:movement": {
										"value": 0.2
									}
								}
							},
							{
								"condition": "query.has_player_rider==1",
								"components": {
									"minecraft:behavior.mount_pathing": {
										"priority": 2,
										"speed_multiplier": 1,
										"target_dist": 4,
										"track_target": true
									},
									"minecraft:behavior.player_ride_tamed": {},
									"minecraft:input_ground_controlled": {}
								}
							}
						]
					}
				]
			}
		]
	}
}