{
	"file_path": "C:\\Users\\fiddy\\AppData\\Local\\Packages\\Microsoft.MinecraftUWP_8wekyb3d8bbwe\\LocalState\\games\\com.mojang\\development_behavior_packs\\Seasonal_decor_BP\\entities\\ChristmasEntities\\reindeer.json",
	"file_type": "entity",
	"format_version": 1,
	"file_uuid": "eab34f12_abe8_4077_9371_6a822d945ac4",
	"file_version": 124,
	"cache_content": {
		"children": [
			{
				"data": "1.17.0",
				"key": "format_version"
			},
			{
				"open": {
					"format_version": "1.17.0",
					"minecraft:entity": {
						"description": {
							"identifier": "boi:reindeer",
							"is_spawnable": false,
							"is_summonable": true,
							"is_experimental": false,
							"runtime_identifier": "minecraft:chicken",
							"properties": {
								"boi:head_angle": {
									"values": {
										"min": -360,
										"max": 360
									}
								}
							}
						},
						"component_groups": {
							"minecraft:skeleton_horse_r5_upgrade": {
								"minecraft:rideable": {}
							},
							"minecraft:skeleton_horse_adult": {
								"minecraft:experience_reward": {
									"on_death": "query.last_hit_by_player ? Math.Random(1,3) : 0"
								},
								"minecraft:loot": {
									"table": "loot_tables/entities/reindeer.json"
								},
								"minecraft:collision_box": {
									"width": 0.5,
									"height": 1
								}
							},
							"no_sleigh": {
								"minecraft:variant": {
									"value": 0
								}
							},
							"has_sleigh": {
								"minecraft:variant": {
									"value": 1
								}
							}
						},
						"components": {
							"minecraft:rideable": {
								"seat_count": 2,
								"family_types": [
									"player",
									"sleigh"
								],
								"interact_text": "action.interact.ride.horse",
								"seats": [
									{
										"position": [
											0,
											1.15,
											0
										],
										"min_rider_count": 2
									},
									{
										"position": [
											0,
											0,
											-2.5
										]
									}
								],
								"controlling_seat": 0
							},
							"minecraft:health": {
								"value": 20,
								"max": 20
							},
							"minecraft:underwater_movement": {
								"value": 0.08
							},
							"minecraft:navigation.walk": {
								"is_amphibious": true,
								"avoid_water": true
							},
							"minecraft:movement.basic": {},
							"minecraft:jump.static": {},
							"minecraft:horse.jump_strength": {
								"value": {
									"range_min": 0.4,
									"range_max": 1
								}
							},
							"minecraft:leashable": {
								"soft_distance": 4,
								"hard_distance": 6,
								"max_distance": 10
							},
							"minecraft:can_power_jump": {},
							"minecraft:balloonable": {},
							"minecraft:is_tamed": {},
							"minecraft:physics": {},
							"minecraft:pushable": {
								"is_pushable": true,
								"is_pushable_by_piston": true
							},
							"minecraft:conditional_bandwidth_optimization": {},
							"minecraft:breathable": {
								"total_supply": 15,
								"suffocate_time": 0,
								"breathes_water": true
							},
							"minecraft:damage_sensor": {
								"triggers": [
									{
										"cause": "fall",
										"deals_damage": false
									}
								]
							},
							"minecraft:movement": {
								"value": 0.2
							},
							"minecraft:behavior.random_look_around": {
								"priority": 7
							},
							"minecraft:behavior.look_at_player": {
								"priority": 8,
								"look_distance": 6,
								"probability": 0.02
							},
							"minecraft:behavior.random_stroll": {
								"priority": 9,
								"speed_multiplier": 0.8
							},
							"minecraft:inventory": {
								"inventory_size": 2,
								"container_type": "horse"
							},
							"minecraft:equippable": {
								"slots": [
									{
										"slot": 0,
										"item": "boi:sleigh_summon",
										"on_equip": {
											"event": "add_sleigh"
										},
										"on_unequip": {
											"event": "remove_sleigh"
										},
										"accepted_items": [
											"boi:sleigh_summon"
										]
									}
								]
							},
							"minecraft:addrider": {
								"entity_type": "boi:reindeer_sleigh"
							},
							"minecraft:behavior.mount_pathing": {
								"priority": 2,
								"speed_multiplier": 1,
								"target_dist": 4,
								"track_target": true
							},
							"minecraft:behavior.player_ride_tamed": {},
							"minecraft:input_ground_controlled": {},
							"minecraft:timer": {
								"looping": true,
								"time": 0.5,
								"time_down_event": {
									"event": "fly_command"
								}
							}
						},
						"events": {
							"minecraft:entity_spawned": {
								"add": {
									"component_groups": [
										"minecraft:skeleton_horse_adult"
									]
								},
								"run_command": {
									"command": [
										"playsound mob.evocation_illager.cast_spell @a ~~~",
										"particle minecraft:egg_destroy_emitter ~~~"
									]
								}
							},
							"fly_command": {
								"sequence": [
									{
										"run_command": {
											"command": [
												"execute @p[rxm=-90,rx=-15] ~~~ effect @e[type=boi:reindeer,r=1] levitation 1 5 true",
												"execute @p[rxm=-15,rx=-10] ~~~ effect @e[type=boi:reindeer,r=1] levitation 1 2 true",
												"execute @p[rxm=-10,rx=-5] ~~~ effect @e[type=boi:reindeer,r=1] levitation 1 1 true",
												"execute @p[rxm=-5,rx=20] ~~~ effect @e[type=boi:reindeer,r=1] slow_falling 1 1 true",
												"execute @p[rxm=90,rx=90] ~~~ event entity @e[type=boi:reindeer,r=1,c=1] transform"
											]
										},
										"filters": {
											"all_of": [
												{
													"test": "is_altitude",
													"value": 320,
													"operator": "<="
												}
											]
										}
									},
									{
										"run_command": {
											"command": [
												"effect @s speed 1 15 true",
												"playsound boi.broom.wind @p[r=2] ~~~ 0.02"
											]
										},
										"filters": {
											"test": "on_ground",
											"value": false
										}
									},
									{
										"run_command": {
											"command": [
												"effect @s clear"
											]
										},
										"filters": {
											"test": "on_ground",
											"value": true
										}
									}
								]
							},
							"speed_command": {
								"trigger": "fly_command",
								"run_command": {
									"command": [
										"effect @s speed 1 10 true"
									]
								}
							},
							"flying_sound": {
								"run_command": {
									"command": [
										"playsound boi.broom.wind @p[r=2] ~~~ 0.02"
									]
								}
							},
							"add_sleigh": {
								"add": {
									"component_groups": [
										"has_sleigh"
									]
								},
								"run_command": {
									"command": [
										"execute @s ^-0.7^^ event entity @e[r=5,c=1,type=boi:reindeer_sleigh] grow"
									]
								},
								"remove": {
									"component_groups": [
										"no_sleigh"
									]
								}
							},
							"remove_sleigh": {
								"remove": {
									"component_groups": [
										"has_sleigh"
									]
								},
								"run_command": {
									"command": [
										"execute @s ^-0.7^^ event entity @e[r=5,c=1,type=boi:reindeer_sleigh] shrink"
									]
								},
								"add": {
									"component_groups": [
										"no_sleigh"
									]
								}
							}
						},
						"permutations": [
							{
								"condition": "query.is_on_ground==0",
								"components": {
									"minecraft:timer": {
										"looping": true,
										"time": 1,
										"time_down_event": {
											"event": "flying_sound"
										}
									},
									"minecraft:environment_sensor": {
										"triggers": [
											{
												"event": "speed_command",
												"filters": {
													"test": "on_ground",
													"value": false
												}
											}
										]
									}
								}
							},
							{
								"condition": "query.is_on_ground==1",
								"components": {
									"minecraft:movement": {
										"value": 0.2
									}
								}
							},
							{
								"condition": "query.has_player_rider==1",
								"components": {
									"minecraft:behavior.mount_pathing": {
										"priority": 2,
										"speed_multiplier": 1,
										"target_dist": 4,
										"track_target": true
									},
									"minecraft:behavior.player_ride_tamed": {},
									"minecraft:input_ground_controlled": {}
								}
							}
						]
					}
				},
				"key": "minecraft:entity",
				"children": [
					{
						"key": "description",
						"is_minified": true,
						"children": {
							"identifier": "boi:reindeer",
							"is_spawnable": false,
							"is_summonable": true,
							"is_experimental": false,
							"runtime_identifier": "minecraft:chicken",
							"properties": {
								"boi:head_angle": {
									"values": {
										"min": -360,
										"max": 360
									}
								}
							}
						}
					},
					{
						"key": "component_groups",
						"is_minified": true,
						"children": {
							"minecraft:skeleton_horse_r5_upgrade": {
								"minecraft:rideable": {}
							},
							"minecraft:skeleton_horse_adult": {
								"minecraft:experience_reward": {
									"on_death": "query.last_hit_by_player ? Math.Random(1,3) : 0"
								},
								"minecraft:loot": {
									"table": "loot_tables/entities/reindeer.json"
								},
								"minecraft:collision_box": {
									"width": 0.5,
									"height": 1
								}
							},
							"no_sleigh": {
								"minecraft:variant": {
									"value": 0
								}
							},
							"has_sleigh": {
								"minecraft:variant": {
									"value": 1
								}
							}
						}
					},
					{
						"open": {
							"description": {
								"identifier": "boi:reindeer",
								"is_spawnable": false,
								"is_summonable": true,
								"is_experimental": false,
								"runtime_identifier": "minecraft:chicken",
								"properties": {
									"boi:head_angle": {
										"values": {
											"min": -360,
											"max": 360
										}
									}
								}
							},
							"component_groups": {
								"minecraft:skeleton_horse_r5_upgrade": {
									"minecraft:rideable": {}
								},
								"minecraft:skeleton_horse_adult": {
									"minecraft:experience_reward": {
										"on_death": "query.last_hit_by_player ? Math.Random(1,3) : 0"
									},
									"minecraft:loot": {
										"table": "loot_tables/entities/reindeer.json"
									},
									"minecraft:collision_box": {
										"width": 0.5,
										"height": 1
									}
								},
								"no_sleigh": {
									"minecraft:variant": {
										"value": 0
									}
								},
								"has_sleigh": {
									"minecraft:variant": {
										"value": 1
									}
								}
							},
							"components": {
								"minecraft:rideable": {
									"seat_count": 2,
									"family_types": [
										"player",
										"sleigh"
									],
									"interact_text": "action.interact.ride.horse",
									"seats": [
										{
											"position": [
												0,
												1.15,
												0
											],
											"min_rider_count": 2
										},
										{
											"position": [
												0,
												0,
												-2.5
											]
										}
									],
									"controlling_seat": 0
								},
								"minecraft:health": {
									"value": 20,
									"max": 20
								},
								"minecraft:underwater_movement": {
									"value": 0.08
								},
								"minecraft:navigation.walk": {
									"is_amphibious": true,
									"avoid_water": true
								},
								"minecraft:movement.basic": {},
								"minecraft:jump.static": {},
								"minecraft:horse.jump_strength": {
									"value": {
										"range_min": 0.4,
										"range_max": 1
									}
								},
								"minecraft:leashable": {
									"soft_distance": 4,
									"hard_distance": 6,
									"max_distance": 10
								},
								"minecraft:can_power_jump": {},
								"minecraft:balloonable": {},
								"minecraft:is_tamed": {},
								"minecraft:physics": {},
								"minecraft:pushable": {
									"is_pushable": true,
									"is_pushable_by_piston": true
								},
								"minecraft:conditional_bandwidth_optimization": {},
								"minecraft:breathable": {
									"total_supply": 15,
									"suffocate_time": 0,
									"breathes_water": true
								},
								"minecraft:damage_sensor": {
									"triggers": [
										{
											"cause": "fall",
											"deals_damage": false
										}
									]
								},
								"minecraft:movement": {
									"value": 0.2
								},
								"minecraft:behavior.random_look_around": {
									"priority": 7
								},
								"minecraft:behavior.look_at_player": {
									"priority": 8,
									"look_distance": 6,
									"probability": 0.02
								},
								"minecraft:behavior.random_stroll": {
									"priority": 9,
									"speed_multiplier": 0.8
								},
								"minecraft:inventory": {
									"inventory_size": 2,
									"container_type": "horse"
								},
								"minecraft:equippable": {
									"slots": [
										{
											"slot": 0,
											"item": "boi:sleigh_summon",
											"on_equip": {
												"event": "add_sleigh"
											},
											"on_unequip": {
												"event": "remove_sleigh"
											},
											"accepted_items": [
												"boi:sleigh_summon"
											]
										}
									]
								},
								"minecraft:addrider": {
									"entity_type": "boi:reindeer_sleigh"
								},
								"minecraft:behavior.mount_pathing": {
									"priority": 2,
									"speed_multiplier": 1,
									"target_dist": 4,
									"track_target": true
								},
								"minecraft:behavior.player_ride_tamed": {},
								"minecraft:input_ground_controlled": {},
								"minecraft:timer": {
									"looping": true,
									"time": 0.5,
									"time_down_event": {
										"event": "fly_command"
									}
								}
							},
							"events": {
								"minecraft:entity_spawned": {
									"add": {
										"component_groups": [
											"minecraft:skeleton_horse_adult"
										]
									},
									"run_command": {
										"command": [
											"playsound mob.evocation_illager.cast_spell @a ~~~",
											"particle minecraft:egg_destroy_emitter ~~~"
										]
									}
								},
								"fly_command": {
									"sequence": [
										{
											"run_command": {
												"command": [
													"execute @p[rxm=-90,rx=-15] ~~~ effect @e[type=boi:reindeer,r=1] levitation 1 5 true",
													"execute @p[rxm=-15,rx=-10] ~~~ effect @e[type=boi:reindeer,r=1] levitation 1 2 true",
													"execute @p[rxm=-10,rx=-5] ~~~ effect @e[type=boi:reindeer,r=1] levitation 1 1 true",
													"execute @p[rxm=-5,rx=20] ~~~ effect @e[type=boi:reindeer,r=1] slow_falling 1 1 true",
													"execute @p[rxm=90,rx=90] ~~~ event entity @e[type=boi:reindeer,r=1,c=1] transform"
												]
											},
											"filters": {
												"all_of": [
													{
														"test": "is_altitude",
														"value": 320,
														"operator": "<="
													}
												]
											}
										},
										{
											"run_command": {
												"command": [
													"effect @s speed 1 15 true",
													"playsound boi.broom.wind @p[r=2] ~~~ 0.02"
												]
											},
											"filters": {
												"test": "on_ground",
												"value": false
											}
										},
										{
											"run_command": {
												"command": [
													"effect @s clear"
												]
											},
											"filters": {
												"test": "on_ground",
												"value": true
											}
										}
									]
								},
								"speed_command": {
									"trigger": "fly_command",
									"run_command": {
										"command": [
											"effect @s speed 1 10 true"
										]
									}
								},
								"flying_sound": {
									"run_command": {
										"command": [
											"playsound boi.broom.wind @p[r=2] ~~~ 0.02"
										]
									}
								},
								"add_sleigh": {
									"add": {
										"component_groups": [
											"has_sleigh"
										]
									},
									"run_command": {
										"command": [
											"execute @s ^-0.7^^ event entity @e[r=5,c=1,type=boi:reindeer_sleigh] grow"
										]
									},
									"remove": {
										"component_groups": [
											"no_sleigh"
										]
									}
								},
								"remove_sleigh": {
									"remove": {
										"component_groups": [
											"has_sleigh"
										]
									},
									"run_command": {
										"command": [
											"execute @s ^-0.7^^ event entity @e[r=5,c=1,type=boi:reindeer_sleigh] shrink"
										]
									},
									"add": {
										"component_groups": [
											"no_sleigh"
										]
									}
								}
							},
							"permutations": [
								{
									"condition": "query.is_on_ground==0",
									"components": {
										"minecraft:timer": {
											"looping": true,
											"time": 1,
											"time_down_event": {
												"event": "flying_sound"
											}
										},
										"minecraft:environment_sensor": {
											"triggers": [
												{
													"event": "speed_command",
													"filters": {
														"test": "on_ground",
														"value": false
													}
												}
											]
										}
									}
								},
								{
									"condition": "query.is_on_ground==1",
									"components": {
										"minecraft:movement": {
											"value": 0.2
										}
									}
								},
								{
									"condition": "query.has_player_rider==1",
									"components": {
										"minecraft:behavior.mount_pathing": {
											"priority": 2,
											"speed_multiplier": 1,
											"target_dist": 4,
											"track_target": true
										},
										"minecraft:behavior.player_ride_tamed": {},
										"minecraft:input_ground_controlled": {}
									}
								}
							]
						},
						"key": "components",
						"children": [
							{
								"key": "minecraft:rideable",
								"is_minified": true,
								"children": {
									"seat_count": 2,
									"family_types": [
										"player",
										"sleigh"
									],
									"interact_text": "action.interact.ride.horse",
									"seats": [
										{
											"position": [
												0,
												1.15,
												0
											],
											"min_rider_count": 2
										},
										{
											"position": [
												0,
												0,
												-2.5
											]
										}
									],
									"controlling_seat": 0
								}
							},
							{
								"key": "minecraft:health",
								"is_minified": true,
								"children": {
									"value": 20,
									"max": 20
								}
							},
							{
								"key": "minecraft:underwater_movement",
								"is_minified": true,
								"children": {
									"value": 0.08
								}
							},
							{
								"key": "minecraft:navigation.walk",
								"is_minified": true,
								"children": {
									"is_amphibious": true,
									"avoid_water": true
								}
							},
							{
								"key": "minecraft:movement.basic",
								"is_minified": true,
								"children": {}
							},
							{
								"key": "minecraft:jump.static",
								"is_minified": true,
								"children": {}
							},
							{
								"key": "minecraft:horse.jump_strength",
								"is_minified": true,
								"children": {
									"value": {
										"range_min": 0.4,
										"range_max": 1
									}
								}
							},
							{
								"key": "minecraft:leashable",
								"is_minified": true,
								"children": {
									"soft_distance": 4,
									"hard_distance": 6,
									"max_distance": 10
								}
							},
							{
								"key": "minecraft:can_power_jump",
								"is_minified": true,
								"children": {}
							},
							{
								"key": "minecraft:balloonable",
								"is_minified": true,
								"children": {}
							},
							{
								"key": "minecraft:is_tamed",
								"is_minified": true,
								"children": {}
							},
							{
								"key": "minecraft:physics",
								"is_minified": true,
								"children": {}
							},
							{
								"key": "minecraft:pushable",
								"is_minified": true,
								"children": {
									"is_pushable": true,
									"is_pushable_by_piston": true
								}
							},
							{
								"key": "minecraft:conditional_bandwidth_optimization",
								"is_minified": true,
								"children": {}
							},
							{
								"key": "minecraft:breathable",
								"is_minified": true,
								"children": {
									"total_supply": 15,
									"suffocate_time": 0,
									"breathes_water": true
								}
							},
							{
								"key": "minecraft:damage_sensor",
								"is_minified": true,
								"children": {
									"triggers": [
										{
											"cause": "fall",
											"deals_damage": false
										}
									]
								}
							},
							{
								"key": "minecraft:movement",
								"is_minified": true,
								"children": {
									"value": 0.2
								}
							},
							{
								"key": "minecraft:behavior.random_look_around",
								"is_minified": true,
								"children": {
									"priority": 7
								}
							},
							{
								"key": "minecraft:behavior.look_at_player",
								"is_minified": true,
								"children": {
									"priority": 8,
									"look_distance": 6,
									"probability": 0.02
								}
							},
							{
								"key": "minecraft:behavior.random_stroll",
								"is_minified": true,
								"children": {
									"priority": 9,
									"speed_multiplier": 0.8
								}
							},
							{
								"key": "minecraft:inventory",
								"is_minified": true,
								"children": {
									"inventory_size": 2,
									"container_type": "horse"
								}
							},
							{
								"key": "minecraft:equippable",
								"is_minified": true,
								"children": {
									"slots": [
										{
											"slot": 0,
											"item": "boi:sleigh_summon",
											"on_equip": {
												"event": "add_sleigh"
											},
											"on_unequip": {
												"event": "remove_sleigh"
											},
											"accepted_items": [
												"boi:sleigh_summon"
											]
										}
									]
								}
							},
							{
								"key": "minecraft:addrider",
								"is_minified": true,
								"children": {
									"entity_type": "boi:reindeer_sleigh"
								}
							},
							{
								"key": "minecraft:behavior.mount_pathing",
								"is_minified": true,
								"children": {
									"priority": 2,
									"speed_multiplier": 1,
									"target_dist": 4,
									"track_target": true
								}
							},
							{
								"key": "minecraft:behavior.player_ride_tamed",
								"is_minified": true,
								"children": {}
							},
							{
								"key": "minecraft:input_ground_controlled",
								"is_minified": true,
								"children": {}
							},
							{
								"open": {
									"minecraft:rideable": {
										"seat_count": 2,
										"family_types": [
											"player",
											"sleigh"
										],
										"interact_text": "action.interact.ride.horse",
										"seats": [
											{
												"position": [
													0,
													1.15,
													0
												],
												"min_rider_count": 2
											},
											{
												"position": [
													0,
													0,
													-2.5
												]
											}
										],
										"controlling_seat": 0
									},
									"minecraft:health": {
										"value": 20,
										"max": 20
									},
									"minecraft:underwater_movement": {
										"value": 0.08
									},
									"minecraft:navigation.walk": {
										"is_amphibious": true,
										"avoid_water": true
									},
									"minecraft:movement.basic": {},
									"minecraft:jump.static": {},
									"minecraft:horse.jump_strength": {
										"value": {
											"range_min": 0.4,
											"range_max": 1
										}
									},
									"minecraft:leashable": {
										"soft_distance": 4,
										"hard_distance": 6,
										"max_distance": 10
									},
									"minecraft:can_power_jump": {},
									"minecraft:balloonable": {},
									"minecraft:is_tamed": {},
									"minecraft:physics": {},
									"minecraft:pushable": {
										"is_pushable": true,
										"is_pushable_by_piston": true
									},
									"minecraft:conditional_bandwidth_optimization": {},
									"minecraft:breathable": {
										"total_supply": 15,
										"suffocate_time": 0,
										"breathes_water": true
									},
									"minecraft:damage_sensor": {
										"triggers": [
											{
												"cause": "fall",
												"deals_damage": false
											}
										]
									},
									"minecraft:movement": {
										"value": 0.2
									},
									"minecraft:behavior.random_look_around": {
										"priority": 7
									},
									"minecraft:behavior.look_at_player": {
										"priority": 8,
										"look_distance": 6,
										"probability": 0.02
									},
									"minecraft:behavior.random_stroll": {
										"priority": 9,
										"speed_multiplier": 0.8
									},
									"minecraft:inventory": {
										"inventory_size": 2,
										"container_type": "horse"
									},
									"minecraft:equippable": {
										"slots": [
											{
												"slot": 0,
												"item": "boi:sleigh_summon",
												"on_equip": {
													"event": "add_sleigh"
												},
												"on_unequip": {
													"event": "remove_sleigh"
												},
												"accepted_items": [
													"boi:sleigh_summon"
												]
											}
										]
									},
									"minecraft:addrider": {
										"entity_type": "boi:reindeer_sleigh"
									},
									"minecraft:behavior.mount_pathing": {
										"priority": 2,
										"speed_multiplier": 1,
										"target_dist": 4,
										"track_target": true
									},
									"minecraft:behavior.player_ride_tamed": {},
									"minecraft:input_ground_controlled": {},
									"minecraft:timer": {
										"looping": true,
										"time": 0.5,
										"time_down_event": {
											"event": "fly_command"
										}
									}
								},
								"key": "minecraft:timer",
								"children": [
									{
										"data": "true",
										"key": "looping"
									},
									{
										"open": {
											"looping": true,
											"time": 0.5,
											"time_down_event": {
												"event": "fly_command"
											}
										},
										"data": "0.5",
										"key": "time"
									},
									{
										"open": {
											"looping": true,
											"time": 0.5,
											"time_down_event": {
												"event": "fly_command"
											}
										},
										"key": "time_down_event",
										"is_minified": true,
										"children": {
											"event": "fly_command"
										}
									}
								]
							}
						]
					},
					{
						"open": {
							"description": {
								"identifier": "boi:reindeer",
								"is_spawnable": false,
								"is_summonable": true,
								"is_experimental": false,
								"runtime_identifier": "minecraft:chicken",
								"properties": {
									"boi:head_angle": {
										"values": {
											"min": -360,
											"max": 360
										}
									}
								}
							},
							"component_groups": {
								"minecraft:skeleton_horse_r5_upgrade": {
									"minecraft:rideable": {}
								},
								"minecraft:skeleton_horse_adult": {
									"minecraft:experience_reward": {
										"on_death": "query.last_hit_by_player ? Math.Random(1,3) : 0"
									},
									"minecraft:loot": {
										"table": "loot_tables/entities/reindeer.json"
									},
									"minecraft:collision_box": {
										"width": 0.5,
										"height": 1
									}
								},
								"no_sleigh": {
									"minecraft:variant": {
										"value": 0
									}
								},
								"has_sleigh": {
									"minecraft:variant": {
										"value": 1
									}
								}
							},
							"components": {
								"minecraft:rideable": {
									"seat_count": 2,
									"family_types": [
										"player",
										"sleigh"
									],
									"interact_text": "action.interact.ride.horse",
									"seats": [
										{
											"position": [
												0,
												1.15,
												0
											],
											"min_rider_count": 2
										},
										{
											"position": [
												0,
												0,
												-2.5
											]
										}
									],
									"controlling_seat": 0
								},
								"minecraft:health": {
									"value": 20,
									"max": 20
								},
								"minecraft:underwater_movement": {
									"value": 0.08
								},
								"minecraft:navigation.walk": {
									"is_amphibious": true,
									"avoid_water": true
								},
								"minecraft:movement.basic": {},
								"minecraft:jump.static": {},
								"minecraft:horse.jump_strength": {
									"value": {
										"range_min": 0.4,
										"range_max": 1
									}
								},
								"minecraft:leashable": {
									"soft_distance": 4,
									"hard_distance": 6,
									"max_distance": 10
								},
								"minecraft:can_power_jump": {},
								"minecraft:balloonable": {},
								"minecraft:is_tamed": {},
								"minecraft:physics": {},
								"minecraft:pushable": {
									"is_pushable": true,
									"is_pushable_by_piston": true
								},
								"minecraft:conditional_bandwidth_optimization": {},
								"minecraft:breathable": {
									"total_supply": 15,
									"suffocate_time": 0,
									"breathes_water": true
								},
								"minecraft:damage_sensor": {
									"triggers": [
										{
											"cause": "fall",
											"deals_damage": false
										}
									]
								},
								"minecraft:movement": {
									"value": 0.2
								},
								"minecraft:behavior.random_look_around": {
									"priority": 7
								},
								"minecraft:behavior.look_at_player": {
									"priority": 8,
									"look_distance": 6,
									"probability": 0.02
								},
								"minecraft:behavior.random_stroll": {
									"priority": 9,
									"speed_multiplier": 0.8
								},
								"minecraft:inventory": {
									"inventory_size": 2,
									"container_type": "horse"
								},
								"minecraft:equippable": {
									"slots": [
										{
											"slot": 0,
											"item": "boi:sleigh_summon",
											"on_equip": {
												"event": "add_sleigh"
											},
											"on_unequip": {
												"event": "remove_sleigh"
											},
											"accepted_items": [
												"boi:sleigh_summon"
											]
										}
									]
								},
								"minecraft:addrider": {
									"entity_type": "boi:reindeer_sleigh"
								},
								"minecraft:behavior.mount_pathing": {
									"priority": 2,
									"speed_multiplier": 1,
									"target_dist": 4,
									"track_target": true
								},
								"minecraft:behavior.player_ride_tamed": {},
								"minecraft:input_ground_controlled": {},
								"minecraft:timer": {
									"looping": true,
									"time": 0.5,
									"time_down_event": {
										"event": "fly_command"
									}
								}
							},
							"events": {
								"minecraft:entity_spawned": {
									"add": {
										"component_groups": [
											"minecraft:skeleton_horse_adult"
										]
									},
									"run_command": {
										"command": [
											"playsound mob.evocation_illager.cast_spell @a ~~~",
											"particle minecraft:egg_destroy_emitter ~~~"
										]
									}
								},
								"fly_command": {
									"sequence": [
										{
											"run_command": {
												"command": [
													"execute @p[rxm=-90,rx=-15] ~~~ effect @e[type=boi:reindeer,r=1] levitation 1 5 true",
													"execute @p[rxm=-15,rx=-10] ~~~ effect @e[type=boi:reindeer,r=1] levitation 1 2 true",
													"execute @p[rxm=-10,rx=-5] ~~~ effect @e[type=boi:reindeer,r=1] levitation 1 1 true",
													"execute @p[rxm=-5,rx=20] ~~~ effect @e[type=boi:reindeer,r=1] slow_falling 1 1 true",
													"execute @p[rxm=90,rx=90] ~~~ event entity @e[type=boi:reindeer,r=1,c=1] transform"
												]
											},
											"filters": {
												"all_of": [
													{
														"test": "is_altitude",
														"value": 320,
														"operator": "<="
													}
												]
											}
										},
										{
											"run_command": {
												"command": [
													"effect @s speed 1 15 true",
													"playsound boi.broom.wind @p[r=2] ~~~ 0.02"
												]
											},
											"filters": {
												"test": "on_ground",
												"value": false
											}
										},
										{
											"run_command": {
												"command": [
													"effect @s clear"
												]
											},
											"filters": {
												"test": "on_ground",
												"value": true
											}
										}
									]
								},
								"speed_command": {
									"trigger": "fly_command",
									"run_command": {
										"command": [
											"effect @s speed 1 10 true"
										]
									}
								},
								"flying_sound": {
									"run_command": {
										"command": [
											"playsound boi.broom.wind @p[r=2] ~~~ 0.02"
										]
									}
								},
								"add_sleigh": {
									"add": {
										"component_groups": [
											"has_sleigh"
										]
									},
									"run_command": {
										"command": [
											"execute @s ^-0.7^^ event entity @e[r=5,c=1,type=boi:reindeer_sleigh] grow"
										]
									},
									"remove": {
										"component_groups": [
											"no_sleigh"
										]
									}
								},
								"remove_sleigh": {
									"remove": {
										"component_groups": [
											"has_sleigh"
										]
									},
									"run_command": {
										"command": [
											"execute @s ^-0.7^^ event entity @e[r=5,c=1,type=boi:reindeer_sleigh] shrink"
										]
									},
									"add": {
										"component_groups": [
											"no_sleigh"
										]
									}
								}
							},
							"permutations": [
								{
									"condition": "query.is_on_ground==0",
									"components": {
										"minecraft:timer": {
											"looping": true,
											"time": 1,
											"time_down_event": {
												"event": "flying_sound"
											}
										},
										"minecraft:environment_sensor": {
											"triggers": [
												{
													"event": "speed_command",
													"filters": {
														"test": "on_ground",
														"value": false
													}
												}
											]
										}
									}
								},
								{
									"condition": "query.is_on_ground==1",
									"components": {
										"minecraft:movement": {
											"value": 0.2
										}
									}
								},
								{
									"condition": "query.has_player_rider==1",
									"components": {
										"minecraft:behavior.mount_pathing": {
											"priority": 2,
											"speed_multiplier": 1,
											"target_dist": 4,
											"track_target": true
										},
										"minecraft:behavior.player_ride_tamed": {},
										"minecraft:input_ground_controlled": {}
									}
								}
							]
						},
						"key": "events",
						"children": [
							{
								"key": "minecraft:entity_spawned",
								"is_minified": true,
								"children": {
									"add": {
										"component_groups": [
											"minecraft:skeleton_horse_adult"
										]
									},
									"run_command": {
										"command": [
											"playsound mob.evocation_illager.cast_spell @a ~~~",
											"particle minecraft:egg_destroy_emitter ~~~"
										]
									}
								}
							},
							{
								"open": {
									"minecraft:entity_spawned": {
										"add": {
											"component_groups": [
												"minecraft:skeleton_horse_adult"
											]
										},
										"run_command": {
											"command": [
												"playsound mob.evocation_illager.cast_spell @a ~~~",
												"particle minecraft:egg_destroy_emitter ~~~"
											]
										}
									},
									"fly_command": {
										"sequence": [
											{
												"run_command": {
													"command": [
														"execute @p[rxm=-90,rx=-15] ~~~ effect @e[type=boi:reindeer,r=1] levitation 1 5 true",
														"execute @p[rxm=-15,rx=-10] ~~~ effect @e[type=boi:reindeer,r=1] levitation 1 2 true",
														"execute @p[rxm=-10,rx=-5] ~~~ effect @e[type=boi:reindeer,r=1] levitation 1 1 true",
														"execute @p[rxm=-5,rx=20] ~~~ effect @e[type=boi:reindeer,r=1] slow_falling 1 1 true",
														"execute @p[rxm=90,rx=90] ~~~ event entity @e[type=boi:reindeer,r=1,c=1] transform"
													]
												},
												"filters": {
													"all_of": [
														{
															"test": "is_altitude",
															"value": 320,
															"operator": "<="
														}
													]
												}
											},
											{
												"run_command": {
													"command": [
														"effect @s speed 1 15 true",
														"playsound boi.broom.wind @p[r=2] ~~~ 0.02"
													]
												},
												"filters": {
													"test": "on_ground",
													"value": false
												}
											},
											{
												"run_command": {
													"command": [
														"effect @s clear"
													]
												},
												"filters": {
													"test": "on_ground",
													"value": true
												}
											}
										]
									},
									"speed_command": {
										"trigger": "fly_command",
										"run_command": {
											"command": [
												"effect @s speed 1 10 true"
											]
										}
									},
									"flying_sound": {
										"run_command": {
											"command": [
												"playsound boi.broom.wind @p[r=2] ~~~ 0.02"
											]
										}
									},
									"add_sleigh": {
										"add": {
											"component_groups": [
												"has_sleigh"
											]
										},
										"run_command": {
											"command": [
												"execute @s ^-0.7^^ event entity @e[r=5,c=1,type=boi:reindeer_sleigh] grow"
											]
										},
										"remove": {
											"component_groups": [
												"no_sleigh"
											]
										}
									},
									"remove_sleigh": {
										"remove": {
											"component_groups": [
												"has_sleigh"
											]
										},
										"run_command": {
											"command": [
												"execute @s ^-0.7^^ event entity @e[r=5,c=1,type=boi:reindeer_sleigh] shrink"
											]
										},
										"add": {
											"component_groups": [
												"no_sleigh"
											]
										}
									}
								},
								"key": "fly_command",
								"children": [
									{
										"open": {
											"sequence": [
												{
													"run_command": {
														"command": [
															"execute @p[rxm=-90,rx=-15] ~~~ effect @e[type=boi:reindeer,r=1] levitation 1 5 true",
															"execute @p[rxm=-15,rx=-10] ~~~ effect @e[type=boi:reindeer,r=1] levitation 1 2 true",
															"execute @p[rxm=-10,rx=-5] ~~~ effect @e[type=boi:reindeer,r=1] levitation 1 1 true",
															"execute @p[rxm=-5,rx=20] ~~~ effect @e[type=boi:reindeer,r=1] slow_falling 1 1 true",
															"execute @p[rxm=90,rx=90] ~~~ event entity @e[type=boi:reindeer,r=1,c=1] transform"
														]
													},
													"filters": {
														"all_of": [
															{
																"test": "is_altitude",
																"value": 320,
																"operator": "<="
															}
														]
													}
												},
												{
													"run_command": {
														"command": [
															"effect @s speed 1 15 true",
															"playsound boi.broom.wind @p[r=2] ~~~ 0.02"
														]
													},
													"filters": {
														"test": "on_ground",
														"value": false
													}
												},
												{
													"run_command": {
														"command": [
															"effect @s clear"
														]
													},
													"filters": {
														"test": "on_ground",
														"value": true
													}
												}
											]
										},
										"key": "sequence",
										"children": [
											{
												"open": [
													{
														"run_command": {
															"command": [
																"execute @p[rxm=-90,rx=-15] ~~~ effect @e[type=boi:reindeer,r=1] levitation 1 5 true",
																"execute @p[rxm=-15,rx=-10] ~~~ effect @e[type=boi:reindeer,r=1] levitation 1 2 true",
																"execute @p[rxm=-10,rx=-5] ~~~ effect @e[type=boi:reindeer,r=1] levitation 1 1 true",
																"execute @p[rxm=-5,rx=20] ~~~ effect @e[type=boi:reindeer,r=1] slow_falling 1 1 true",
																"execute @p[rxm=90,rx=90] ~~~ event entity @e[type=boi:reindeer,r=1,c=1] transform"
															]
														},
														"filters": {
															"all_of": [
																{
																	"test": "is_altitude",
																	"value": 320,
																	"operator": "<="
																}
															]
														}
													},
													{
														"run_command": {
															"command": [
																"effect @s speed 1 15 true",
																"playsound boi.broom.wind @p[r=2] ~~~ 0.02"
															]
														},
														"filters": {
															"test": "on_ground",
															"value": false
														}
													},
													{
														"run_command": {
															"command": [
																"effect @s clear"
															]
														},
														"filters": {
															"test": "on_ground",
															"value": true
														}
													}
												],
												"children": [
													{
														"key": "run_command",
														"children": [
															{
																"open": {
																	"command": [
																		"execute @p[rxm=-90,rx=-15] ~~~ effect @e[type=boi:reindeer,r=1] levitation 1 5 true",
																		"execute @p[rxm=-15,rx=-10] ~~~ effect @e[type=boi:reindeer,r=1] levitation 1 2 true",
																		"execute @p[rxm=-10,rx=-5] ~~~ effect @e[type=boi:reindeer,r=1] levitation 1 1 true",
																		"execute @p[rxm=-5,rx=20] ~~~ effect @e[type=boi:reindeer,r=1] slow_falling 1 1 true",
																		"execute @p[rxm=90,rx=90] ~~~ event entity @e[type=boi:reindeer,r=1,c=1] transform"
																	]
																},
																"key": "command",
																"is_minified": true,
																"children": [
																	"execute @p[rxm=-90,rx=-15] ~~~ effect @e[type=boi:reindeer,r=1] levitation 1 5 true",
																	"execute @p[rxm=-15,rx=-10] ~~~ effect @e[type=boi:reindeer,r=1] levitation 1 2 true",
																	"execute @p[rxm=-10,rx=-5] ~~~ effect @e[type=boi:reindeer,r=1] levitation 1 1 true",
																	"execute @p[rxm=-5,rx=20] ~~~ effect @e[type=boi:reindeer,r=1] slow_falling 1 1 true",
																	"execute @p[rxm=90,rx=90] ~~~ event entity @e[type=boi:reindeer,r=1,c=1] transform"
																]
															}
														]
													},
													{
														"key": "filters",
														"children": [
															{
																"open": {
																	"all_of": [
																		{
																			"test": "is_altitude",
																			"value": 320,
																			"operator": "<="
																		}
																	]
																},
																"key": "all_of",
																"is_minified": true,
																"children": [
																	{
																		"test": "is_altitude",
																		"value": 320,
																		"operator": "<="
																	}
																]
															}
														]
													}
												]
											},
											{
												"is_minified": true,
												"children": {
													"run_command": {
														"command": [
															"effect @s speed 1 15 true",
															"playsound boi.broom.wind @p[r=2] ~~~ 0.02"
														]
													},
													"filters": {
														"test": "on_ground",
														"value": false
													}
												}
											},
											{
												"is_minified": true,
												"children": {
													"run_command": {
														"command": [
															"effect @s clear"
														]
													},
													"filters": {
														"test": "on_ground",
														"value": true
													}
												}
											}
										]
									}
								]
							},
							{
								"key": "speed_command",
								"is_minified": true,
								"children": {
									"trigger": "fly_command",
									"run_command": {
										"command": [
											"effect @s speed 1 10 true"
										]
									}
								}
							},
							{
								"key": "flying_sound",
								"is_minified": true,
								"children": {
									"run_command": {
										"command": [
											"playsound boi.broom.wind @p[r=2] ~~~ 0.02"
										]
									}
								}
							},
							{
								"key": "add_sleigh",
								"is_minified": true,
								"children": {
									"add": {
										"component_groups": [
											"has_sleigh"
										]
									},
									"run_command": {
										"command": [
											"execute @s ^-0.7^^ event entity @e[r=5,c=1,type=boi:reindeer_sleigh] grow"
										]
									},
									"remove": {
										"component_groups": [
											"no_sleigh"
										]
									}
								}
							},
							{
								"key": "remove_sleigh",
								"is_minified": true,
								"children": {
									"remove": {
										"component_groups": [
											"has_sleigh"
										]
									},
									"run_command": {
										"command": [
											"execute @s ^-0.7^^ event entity @e[r=5,c=1,type=boi:reindeer_sleigh] shrink"
										]
									},
									"add": {
										"component_groups": [
											"no_sleigh"
										]
									}
								}
							}
						]
					},
					{
						"open": {
							"description": {
								"identifier": "boi:reindeer",
								"is_spawnable": false,
								"is_summonable": true,
								"is_experimental": false,
								"runtime_identifier": "minecraft:chicken",
								"properties": {
									"boi:head_angle": {
										"values": {
											"min": -360,
											"max": 360
										}
									}
								}
							},
							"component_groups": {
								"minecraft:skeleton_horse_r5_upgrade": {
									"minecraft:rideable": {}
								},
								"minecraft:skeleton_horse_adult": {
									"minecraft:experience_reward": {
										"on_death": "query.last_hit_by_player ? Math.Random(1,3) : 0"
									},
									"minecraft:loot": {
										"table": "loot_tables/entities/reindeer.json"
									},
									"minecraft:collision_box": {
										"width": 0.5,
										"height": 1
									}
								},
								"no_sleigh": {
									"minecraft:variant": {
										"value": 0
									}
								},
								"has_sleigh": {
									"minecraft:variant": {
										"value": 1
									}
								}
							},
							"components": {
								"minecraft:rideable": {
									"seat_count": 2,
									"family_types": [
										"player",
										"sleigh"
									],
									"interact_text": "action.interact.ride.horse",
									"seats": [
										{
											"position": [
												0,
												1.15,
												0
											],
											"min_rider_count": 2
										},
										{
											"position": [
												0,
												0,
												-2.5
											]
										}
									],
									"controlling_seat": 0
								},
								"minecraft:health": {
									"value": 20,
									"max": 20
								},
								"minecraft:underwater_movement": {
									"value": 0.08
								},
								"minecraft:navigation.walk": {
									"is_amphibious": true,
									"avoid_water": true
								},
								"minecraft:movement.basic": {},
								"minecraft:jump.static": {},
								"minecraft:horse.jump_strength": {
									"value": {
										"range_min": 0.4,
										"range_max": 1
									}
								},
								"minecraft:leashable": {
									"soft_distance": 4,
									"hard_distance": 6,
									"max_distance": 10
								},
								"minecraft:can_power_jump": {},
								"minecraft:balloonable": {},
								"minecraft:is_tamed": {},
								"minecraft:physics": {},
								"minecraft:pushable": {
									"is_pushable": true,
									"is_pushable_by_piston": true
								},
								"minecraft:conditional_bandwidth_optimization": {},
								"minecraft:breathable": {
									"total_supply": 15,
									"suffocate_time": 0,
									"breathes_water": true
								},
								"minecraft:damage_sensor": {
									"triggers": [
										{
											"cause": "fall",
											"deals_damage": false
										}
									]
								},
								"minecraft:movement": {
									"value": 0.2
								},
								"minecraft:behavior.random_look_around": {
									"priority": 7
								},
								"minecraft:behavior.look_at_player": {
									"priority": 8,
									"look_distance": 6,
									"probability": 0.02
								},
								"minecraft:behavior.random_stroll": {
									"priority": 9,
									"speed_multiplier": 0.8
								},
								"minecraft:inventory": {
									"inventory_size": 2,
									"container_type": "horse"
								},
								"minecraft:equippable": {
									"slots": [
										{
											"slot": 0,
											"item": "boi:sleigh_summon",
											"on_equip": {
												"event": "add_sleigh"
											},
											"on_unequip": {
												"event": "remove_sleigh"
											},
											"accepted_items": [
												"boi:sleigh_summon"
											]
										}
									]
								},
								"minecraft:addrider": {
									"entity_type": "boi:reindeer_sleigh"
								},
								"minecraft:behavior.mount_pathing": {
									"priority": 2,
									"speed_multiplier": 1,
									"target_dist": 4,
									"track_target": true
								},
								"minecraft:behavior.player_ride_tamed": {},
								"minecraft:input_ground_controlled": {},
								"minecraft:timer": {
									"looping": true,
									"time": 0.5,
									"time_down_event": {
										"event": "fly_command"
									}
								}
							},
							"events": {
								"minecraft:entity_spawned": {
									"add": {
										"component_groups": [
											"minecraft:skeleton_horse_adult"
										]
									},
									"run_command": {
										"command": [
											"playsound mob.evocation_illager.cast_spell @a ~~~",
											"particle minecraft:egg_destroy_emitter ~~~"
										]
									}
								},
								"fly_command": {
									"sequence": [
										{
											"run_command": {
												"command": [
													"execute @p[rxm=-90,rx=-15] ~~~ effect @e[type=boi:reindeer,r=1] levitation 1 5 true",
													"execute @p[rxm=-15,rx=-10] ~~~ effect @e[type=boi:reindeer,r=1] levitation 1 2 true",
													"execute @p[rxm=-10,rx=-5] ~~~ effect @e[type=boi:reindeer,r=1] levitation 1 1 true",
													"execute @p[rxm=-5,rx=20] ~~~ effect @e[type=boi:reindeer,r=1] slow_falling 1 1 true",
													"execute @p[rxm=90,rx=90] ~~~ event entity @e[type=boi:reindeer,r=1,c=1] transform"
												]
											},
											"filters": {
												"all_of": [
													{
														"test": "is_altitude",
														"value": 320,
														"operator": "<="
													}
												]
											}
										},
										{
											"run_command": {
												"command": [
													"effect @s speed 1 15 true",
													"playsound boi.broom.wind @p[r=2] ~~~ 0.02"
												]
											},
											"filters": {
												"test": "on_ground",
												"value": false
											}
										},
										{
											"run_command": {
												"command": [
													"effect @s clear"
												]
											},
											"filters": {
												"test": "on_ground",
												"value": true
											}
										}
									]
								},
								"speed_command": {
									"trigger": "fly_command",
									"run_command": {
										"command": [
											"effect @s speed 1 10 true"
										]
									}
								},
								"flying_sound": {
									"run_command": {
										"command": [
											"playsound boi.broom.wind @p[r=2] ~~~ 0.02"
										]
									}
								},
								"add_sleigh": {
									"add": {
										"component_groups": [
											"has_sleigh"
										]
									},
									"run_command": {
										"command": [
											"execute @s ^-0.7^^ event entity @e[r=5,c=1,type=boi:reindeer_sleigh] grow"
										]
									},
									"remove": {
										"component_groups": [
											"no_sleigh"
										]
									}
								},
								"remove_sleigh": {
									"remove": {
										"component_groups": [
											"has_sleigh"
										]
									},
									"run_command": {
										"command": [
											"execute @s ^-0.7^^ event entity @e[r=5,c=1,type=boi:reindeer_sleigh] shrink"
										]
									},
									"add": {
										"component_groups": [
											"no_sleigh"
										]
									}
								}
							},
							"permutations": [
								{
									"condition": "query.is_on_ground==0",
									"components": {
										"minecraft:timer": {
											"looping": true,
											"time": 1,
											"time_down_event": {
												"event": "flying_sound"
											}
										},
										"minecraft:environment_sensor": {
											"triggers": [
												{
													"event": "speed_command",
													"filters": {
														"test": "on_ground",
														"value": false
													}
												}
											]
										}
									}
								},
								{
									"condition": "query.is_on_ground==1",
									"components": {
										"minecraft:movement": {
											"value": 0.2
										}
									}
								},
								{
									"condition": "query.has_player_rider==1",
									"components": {
										"minecraft:behavior.mount_pathing": {
											"priority": 2,
											"speed_multiplier": 1,
											"target_dist": 4,
											"track_target": true
										},
										"minecraft:behavior.player_ride_tamed": {},
										"minecraft:input_ground_controlled": {}
									}
								}
							]
						},
						"key": "permutations",
						"children": [
							{
								"open": [
									{
										"condition": "query.is_on_ground==0",
										"components": {
											"minecraft:timer": {
												"looping": true,
												"time": 1,
												"time_down_event": {
													"event": "flying_sound"
												}
											},
											"minecraft:environment_sensor": {
												"triggers": [
													{
														"event": "speed_command",
														"filters": {
															"test": "on_ground",
															"value": false
														}
													}
												]
											}
										}
									},
									{
										"condition": "query.is_on_ground==1",
										"components": {
											"minecraft:movement": {
												"value": 0.2
											}
										}
									},
									{
										"condition": "query.has_player_rider==1",
										"components": {
											"minecraft:behavior.mount_pathing": {
												"priority": 2,
												"speed_multiplier": 1,
												"target_dist": 4,
												"track_target": true
											},
											"minecraft:behavior.player_ride_tamed": {},
											"minecraft:input_ground_controlled": {}
										}
									}
								],
								"children": [
									{
										"data": "query.is_on_ground==0",
										"key": "condition"
									},
									{
										"open": {
											"condition": "query.is_on_ground==0",
											"components": {
												"minecraft:timer": {
													"looping": true,
													"time": 1,
													"time_down_event": {
														"event": "flying_sound"
													}
												},
												"minecraft:environment_sensor": {
													"triggers": [
														{
															"event": "speed_command",
															"filters": {
																"test": "on_ground",
																"value": false
															}
														}
													]
												}
											}
										},
										"key": "components",
										"is_minified": true,
										"children": {
											"minecraft:timer": {
												"looping": true,
												"time": 1,
												"time_down_event": {
													"event": "flying_sound"
												}
											},
											"minecraft:environment_sensor": {
												"triggers": [
													{
														"event": "speed_command",
														"filters": {
															"test": "on_ground",
															"value": false
														}
													}
												]
											}
										}
									}
								]
							},
							{
								"children": [
									{
										"data": "query.is_on_ground==1",
										"key": "condition"
									},
									{
										"open": {
											"condition": "query.is_on_ground==1",
											"components": {
												"minecraft:movement": {
													"value": 0.2
												}
											}
										},
										"key": "components",
										"is_minified": true,
										"children": {
											"minecraft:movement": {
												"value": 0.2
											}
										}
									}
								]
							},
							{
								"children": [
									{
										"data": "query.has_player_rider==1",
										"key": "condition"
									},
									{
										"open": {
											"condition": "query.has_player_rider==1",
											"components": {
												"minecraft:behavior.mount_pathing": {
													"priority": 2,
													"speed_multiplier": 1,
													"target_dist": 4,
													"track_target": true
												},
												"minecraft:behavior.player_ride_tamed": {},
												"minecraft:input_ground_controlled": {}
											}
										},
										"key": "components",
										"is_minified": true,
										"children": {
											"minecraft:behavior.mount_pathing": {
												"priority": 2,
												"speed_multiplier": 1,
												"target_dist": 4,
												"track_target": true
											},
											"minecraft:behavior.player_ride_tamed": {},
											"minecraft:input_ground_controlled": {}
										}
									}
								]
							}
						]
					}
				]
			}
		]
	}
}