{
  "format_version":"1.16.100",
  "animation_controllers":{
    "controller.animation.ursus_shock_e":{
      "states":{
        "default":{
          "transitions":[
            {"1":"(1.0)"}
          ]
        },
        "1":{
          "transitions":[
            {"2":"(1.0)"}
          ],
          "on_entry":[
            "/particle op_asa:ursus_shock_particle0 ~~~",
            "/particle op_asa:ursus_shock_particle1 ~~~",
            "/particle op_asa:ursus_shock_particle2 ~~~",
            "/particle op_asa:ursus_shock_particle3 ~~~",
            "/particle op_asa:ursus_shock_particle4 ~~~"
          ]
        },
        "2":{
          "transitions":[
            {"3":"v.time = (v.time ?? 0);v.time = v.time < 2 ? v.time + 1:0;return v.time == 0;"}
          ],
          "on_entry":[
            "/damage @e[r=10,tag=!nikyunikyu,family=!nikyunikyu,type=!item,type=!xp_orb] 21 entity_attack entity @p[tag=nikyunikyu]"
          ]
        },
        "3":{
          "transitions":[
            {"4":"v.time = (v.time ?? 0);v.time = v.time < 2 ? v.time + 1:0;return v.time == 0;"}
          ],
          "on_entry":[
            "/damage @e[r=10,tag=!nikyunikyu,family=!nikyunikyu,type=!item,type=!xp_orb] 5 suicide"
          ]
        },
        "4":{
          "transitions":[
            {"5":"v.time = (v.time ?? 0);v.time = v.time < 2 ? v.time + 1:0;return v.time == 0;"}
          ],
          "on_entry":[
            "/damage @e[r=10,tag=!nikyunikyu,family=!nikyunikyu,type=!item,type=!xp_orb] 5 suicide"
          ]
        },
        "5":{
          "transitions":[
            {"6":"v.time = (v.time ?? 0);v.time = v.time < 2 ? v.time + 1:0;return v.time == 0;"}
          ],
          "on_entry":[
            "/damage @e[r=10,tag=!nikyunikyu,family=!nikyunikyu,type=!item,type=!xp_orb] 5 suicide"
          ]
        },
        "6":{
          "transitions":[
            {"7":"(1.0)"}
          ],
          "on_entry":[
            "/damage @e[r=10,tag=!nikyunikyu,family=!nikyunikyu,type=!item,type=!xp_orb] 4 suicide"
          ]
        },
        "7":{
          "on_entry":[
            "/event entity @s op_asa:despawn"
          ]
        }
      }
    }
  }
}