{
	"format_version": "1.16.0",
	"minecraft:entity": {
		"description": {
			"identifier": "sc:huggy_fake_statue",
			"is_spawnable": false,
			"is_summonable": true,
			"is_experimental": false
		},
		"component_groups": {},
		"components": {
			"minecraft:is_hidden_when_invisible": {},
			"minecraft:nameable": {},
			"minecraft:type_family": {
				"family": [
					"toy",
					"huggy_statue",
					"monster",
					"mob",
					"huggy"
				]
			},
			"minecraft:collision_box": {
				"width": 0.7,
				"height": 3.3
			},
			"minecraft:scale": {
				"value": 1.17
			},
			"minecraft:health": {
				"value": 120,
				"max": 120
			},
			"minecraft:physics": {},
			"minecraft:pushable": {
				"is_pushable": false,
				"is_pushable_by_piston": false
			},
			"minecraft:knockback_resistance": {
				"value": 10
			},
			"minecraft:interact": {
				"interactions": [
					{
						"interact_text": "Remove Statue",
						"on_interact": {
							"filters": {
								"all_of": [
									{
										"test": "is_family",
										"subject": "other",
										"value": "huggy_player"
									}
								]
							},
							"event": "minecraft:remove",
							"target": "self"
						},
						"swing": false,
						"use_item": false
					}
				]
			},
			"minecraft:damage_sensor": {
				"triggers": [
					{
						"deals_damage": false,
						"on_damage": {
							"filters": {
								"all_of": [
									{
										"test": "is_family",
										"subject": "other",
										"value": "huggy_player"
									}
								]
							}
						}
					}
				]
			}
		},
		"events": {
			"minecraft:remove": {
				"run_command": {
					"command": [
						"title @a[tag=huggy,r=5] actionbar §lStatue Removed",
						"particle minecraft:egg_destroy_emitter ~~1~",
						"effect @s invisibility 20 1 true",
						"kill @s"
					],
					"target": "self"
				}
			}
		}
	}
}